sample_id,protein_id,mutation_label,position,median_ddg,wt_repr_path,mut_repr_path,wt_repr_shape,mut_repr_shape,feature_dim
1YYX_A__M33A,1YYX_A,M33A,33,3.500000,results/af2/single-repr-full/outputs/1YYX_A/single_repr_model_1_pred_0.npy,results/af2/single-repr-full/outputs/1YYX_A__M33A/single_repr_model_1_pred_0.npy,"(106, 384)","(106, 384)",1152
1YYX_A__A36G,1YYX_A,A36G,36,2.700000,results/af2/single-repr-full/outputs/1YYX_A/single_repr_model_1_pred_0.npy,results/af2/single-repr-full/outputs/1YYX_A__A36G/single_repr_model_1_pred_0.npy,"(106, 384)","(106, 384)",1152
1YYX_A__L48A,1YYX_A,L48A,48,4.200000,results/af2/single-repr-full/outputs/1YYX_A/single_repr_model_1_pred_0.npy,results/af2/single-repr-full/outputs/1YYX_A__L48A/single_repr_model_1_pred_0.npy,"(106, 384)","(106, 384)",1152
1YYX_A__M58A,1YYX_A,M58A,58,3.600000,results/af2/single-repr-full/outputs/1YYX_A/single_repr_model_1_pred_0.npy,results/af2/single-repr-full/outputs/1YYX_A__M58A/single_repr_model_1_pred_0.npy,"(106, 384)","(106, 384)",1152
1YYX_A__F61A,1YYX_A,F61A,61,5.500000,results/af2/single-repr-full/outputs/1YYX_A/single_repr_model_1_pred_0.npy,results/af2/single-repr-full/outputs/1YYX_A__F61A/single_repr_model_1_pred_0.npy,"(106, 384)","(106, 384)",1152
1YYX_A__F65A,1YYX_A,F65A,65,2.500000,results/af2/single-repr-full/outputs/1YYX_A/single_repr_model_1_pred_0.npy,results/af2/single-repr-full/outputs/1YYX_A__F65A/single_repr_model_1_pred_0.npy,"(106, 384)","(106, 384)",1152
1YYX_A__L68A,1YYX_A,L68A,68,4.000000,results/af2/single-repr-full/outputs/1YYX_A/single_repr_model_1_pred_0.npy,results/af2/single-repr-full/outputs/1YYX_A__L68A/single_repr_model_1_pred_0.npy,"(106, 384)","(106, 384)",1152
1YYX_A__I72A,1YYX_A,I72A,72,4.700000,results/af2/single-repr-full/outputs/1YYX_A/single_repr_model_1_pred_0.npy,results/af2/single-repr-full/outputs/1YYX_A__I72A/single_repr_model_1_pred_0.npy,"(106, 384)","(106, 384)",1152
1YYX_A__L76A,1YYX_A,L76A,76,3.400000,results/af2/single-repr-full/outputs/1YYX_A/single_repr_model_1_pred_0.npy,results/af2/single-repr-full/outputs/1YYX_A__L76A/single_repr_model_1_pred_0.npy,"(106, 384)","(106, 384)",1152
1YYX_A__V84A,1YYX_A,V84A,84,3.900000,results/af2/single-repr-full/outputs/1YYX_A/single_repr_model_1_pred_0.npy,results/af2/single-repr-full/outputs/1YYX_A__V84A/single_repr_model_1_pred_0.npy,"(106, 384)","(106, 384)",1152
1YYX_A__A87G,1YYX_A,A87G,87,3.000000,results/af2/single-repr-full/outputs/1YYX_A/single_repr_model_1_pred_0.npy,results/af2/single-repr-full/outputs/1YYX_A__A87G/single_repr_model_1_pred_0.npy,"(106, 384)","(106, 384)",1152
1YYX_A__A90G,1YYX_A,A90G,90,2.900000,results/af2/single-repr-full/outputs/1YYX_A/single_repr_model_1_pred_0.npy,results/af2/single-repr-full/outputs/1YYX_A__A90G/single_repr_model_1_pred_0.npy,"(106, 384)","(106, 384)",1152
1YYX_A__L94A,1YYX_A,L94A,94,1.700000,results/af2/single-repr-full/outputs/1YYX_A/single_repr_model_1_pred_0.npy,results/af2/single-repr-full/outputs/1YYX_A__L94A/single_repr_model_1_pred_0.npy,"(106, 384)","(106, 384)",1152
1YYX_A__I98A,1YYX_A,I98A,98,3.800000,results/af2/single-repr-full/outputs/1YYX_A/single_repr_model_1_pred_0.npy,results/af2/single-repr-full/outputs/1YYX_A__I98A/single_repr_model_1_pred_0.npy,"(106, 384)","(106, 384)",1152
2IMM_A__A15L,2IMM_A,A15L,15,-1.400000,results/af2/single-repr-full/outputs/2IMM_A/single_repr_model_1_pred_0.npy,results/af2/single-repr-full/outputs/2IMM_A__A15L/single_repr_model_1_pred_0.npy,"(114, 384)","(114, 384)",1152
2IMM_A__M21I,2IMM_A,M21I,21,-0.200000,results/af2/single-repr-full/outputs/2IMM_A/single_repr_model_1_pred_0.npy,results/af2/single-repr-full/outputs/2IMM_A__M21I/single_repr_model_1_pred_0.npy,"(114, 384)","(114, 384)",1152
2IMM_A__M21L,2IMM_A,M21L,21,0.300000,results/af2/single-repr-full/outputs/2IMM_A/single_repr_model_1_pred_0.npy,results/af2/single-repr-full/outputs/2IMM_A__M21L/single_repr_model_1_pred_0.npy,"(114, 384)","(114, 384)",1152
2IMM_A__K24R,2IMM_A,K24R,24,0.200000,results/af2/single-repr-full/outputs/2IMM_A/single_repr_model_1_pred_0.npy,results/af2/single-repr-full/outputs/2IMM_A__K24R/single_repr_model_1_pred_0.npy,"(114, 384)","(114, 384)",1152
2IMM_A__F38Y,2IMM_A,F38Y,38,-0.400000,results/af2/single-repr-full/outputs/2IMM_A/single_repr_model_1_pred_0.npy,results/af2/single-repr-full/outputs/2IMM_A__F38Y/single_repr_model_1_pred_0.npy,"(114, 384)","(114, 384)",1152
2IMM_A__P49S,2IMM_A,P49S,49,0.200000,results/af2/single-repr-full/outputs/2IMM_A/single_repr_model_1_pred_0.npy,results/af2/single-repr-full/outputs/2IMM_A__P49S/single_repr_model_1_pred_0.npy,"(114, 384)","(114, 384)",1152
2IMM_A__T69S,2IMM_A,T69S,69,-0.300000,results/af2/single-repr-full/outputs/2IMM_A/single_repr_model_1_pred_0.npy,results/af2/single-repr-full/outputs/2IMM_A__T69S/single_repr_model_1_pred_0.npy,"(114, 384)","(114, 384)",1152
2IMM_A__Q85E,2IMM_A,Q85E,85,0.400000,results/af2/single-repr-full/outputs/2IMM_A/single_repr_model_1_pred_0.npy,results/af2/single-repr-full/outputs/2IMM_A__Q85E/single_repr_model_1_pred_0.npy,"(114, 384)","(114, 384)",1152
2IMM_A__N96Q,2IMM_A,N96Q,96,-1.100000,results/af2/single-repr-full/outputs/2IMM_A/single_repr_model_1_pred_0.npy,results/af2/single-repr-full/outputs/2IMM_A__N96Q/single_repr_model_1_pred_0.npy,"(114, 384)","(114, 384)",1152
2IMM_A__A106G,2IMM_A,A106G,106,0.000000,results/af2/single-repr-full/outputs/2IMM_A/single_repr_model_1_pred_0.npy,results/af2/single-repr-full/outputs/2IMM_A__A106G/single_repr_model_1_pred_0.npy,"(114, 384)","(114, 384)",1152
2IMM_A__L112I,2IMM_A,L112I,112,-0.400000,results/af2/single-repr-full/outputs/2IMM_A/single_repr_model_1_pred_0.npy,results/af2/single-repr-full/outputs/2IMM_A__L112I/single_repr_model_1_pred_0.npy,"(114, 384)","(114, 384)",1152
3PG0_A__D49N,3PG0_A,D49N,49,-0.200000,results/af2/single-repr-full/outputs/3PG0_A/single_repr_model_1_pred_0.npy,results/af2/single-repr-full/outputs/3PG0_A__D49N/single_repr_model_1_pred_0.npy,"(165, 384)","(165, 384)",1152
3PG0_A__K77V,3PG0_A,K77V,77,-0.800000,results/af2/single-repr-full/outputs/3PG0_A/single_repr_model_1_pred_0.npy,results/af2/single-repr-full/outputs/3PG0_A__K77V/single_repr_model_1_pred_0.npy,"(165, 384)","(165, 384)",1152
3PG0_A__A86V,3PG0_A,A86V,86,-0.500000,results/af2/single-repr-full/outputs/3PG0_A/single_repr_model_1_pred_0.npy,results/af2/single-repr-full/outputs/3PG0_A__A86V/single_repr_model_1_pred_0.npy,"(165, 384)","(165, 384)",1152
3PG0_A__E90L,3PG0_A,E90L,90,0.900000,results/af2/single-repr-full/outputs/3PG0_A/single_repr_model_1_pred_0.npy,results/af2/single-repr-full/outputs/3PG0_A__E90L/single_repr_model_1_pred_0.npy,"(165, 384)","(165, 384)",1152
3PG0_A__E90Y,3PG0_A,E90Y,90,0.600000,results/af2/single-repr-full/outputs/3PG0_A/single_repr_model_1_pred_0.npy,results/af2/single-repr-full/outputs/3PG0_A__E90Y/single_repr_model_1_pred_0.npy,"(165, 384)","(165, 384)",1152
3PG0_A__A92G,3PG0_A,A92G,92,0.000000,results/af2/single-repr-full/outputs/3PG0_A/single_repr_model_1_pred_0.npy,results/af2/single-repr-full/outputs/3PG0_A__A92G/single_repr_model_1_pred_0.npy,"(165, 384)","(165, 384)",1152
3PG0_A__Q102I,3PG0_A,Q102I,102,2.700000,results/af2/single-repr-full/outputs/3PG0_A/single_repr_model_1_pred_0.npy,results/af2/single-repr-full/outputs/3PG0_A__Q102I/single_repr_model_1_pred_0.npy,"(165, 384)","(165, 384)",1152
3PG0_A__D109P,3PG0_A,D109P,109,-0.200000,results/af2/single-repr-full/outputs/3PG0_A/single_repr_model_1_pred_0.npy,results/af2/single-repr-full/outputs/3PG0_A__D109P/single_repr_model_1_pred_0.npy,"(165, 384)","(165, 384)",1152
3PG0_A__R114L,3PG0_A,R114L,114,0.000000,results/af2/single-repr-full/outputs/3PG0_A/single_repr_model_1_pred_0.npy,results/af2/single-repr-full/outputs/3PG0_A__R114L/single_repr_model_1_pred_0.npy,"(165, 384)","(165, 384)",1152
3PG0_A__D117P,3PG0_A,D117P,117,0.000000,results/af2/single-repr-full/outputs/3PG0_A/single_repr_model_1_pred_0.npy,results/af2/single-repr-full/outputs/3PG0_A__D117P/single_repr_model_1_pred_0.npy,"(165, 384)","(165, 384)",1152
O74035__I6A,O74035,I6A,6,2.710000,results/af2/single-repr-full/outputs/O74035/single_repr_model_1_pred_0.npy,results/af2/single-repr-full/outputs/O74035__I6A/single_repr_model_1_pred_0.npy,"(228, 384)","(228, 384)",1152
O74035__D7N,O74035,D7N,7,-1.400000,results/af2/single-repr-full/outputs/O74035/single_repr_model_1_pred_0.npy,results/af2/single-repr-full/outputs/O74035__D7N/single_repr_model_1_pred_0.npy,"(228, 384)","(228, 384)",1152
O74035__E8A,O74035,E8A,8,-2.450000,results/af2/single-repr-full/outputs/O74035/single_repr_model_1_pred_0.npy,results/af2/single-repr-full/outputs/O74035__E8A/single_repr_model_1_pred_0.npy,"(228, 384)","(228, 384)",1152
O74035__E8Q,O74035,E8Q,8,-0.600000,results/af2/single-repr-full/outputs/O74035/single_repr_model_1_pred_0.npy,results/af2/single-repr-full/outputs/O74035__E8Q/single_repr_model_1_pred_0.npy,"(228, 384)","(228, 384)",1152
O74035__I15A,O74035,I15A,15,1.965000,results/af2/single-repr-full/outputs/O74035/single_repr_model_1_pred_0.npy,results/af2/single-repr-full/outputs/O74035__I15A/single_repr_model_1_pred_0.npy,"(228, 384)","(228, 384)",1152
O74035__I20A,O74035,I20A,20,4.110000,results/af2/single-repr-full/outputs/O74035/single_repr_model_1_pred_0.npy,results/af2/single-repr-full/outputs/O74035__I20A/single_repr_model_1_pred_0.npy,"(228, 384)","(228, 384)",1152
O74035__L33A,O74035,L33A,33,4.220000,results/af2/single-repr-full/outputs/O74035/single_repr_model_1_pred_0.npy,results/af2/single-repr-full/outputs/O74035__L33A/single_repr_model_1_pred_0.npy,"(228, 384)","(228, 384)",1152
O74035__I56A,O74035,I56A,56,3.685000,results/af2/single-repr-full/outputs/O74035/single_repr_model_1_pred_0.npy,results/af2/single-repr-full/outputs/O74035__I56A/single_repr_model_1_pred_0.npy,"(228, 384)","(228, 384)",1152
O74035__L92A,O74035,L92A,92,2.635000,results/af2/single-repr-full/outputs/O74035/single_repr_model_1_pred_0.npy,results/af2/single-repr-full/outputs/O74035__L92A/single_repr_model_1_pred_0.npy,"(228, 384)","(228, 384)",1152
O74035__I102A,O74035,I102A,102,3.720000,results/af2/single-repr-full/outputs/O74035/single_repr_model_1_pred_0.npy,results/af2/single-repr-full/outputs/O74035__I102A/single_repr_model_1_pred_0.npy,"(228, 384)","(228, 384)",1152
O74035__D105A,O74035,D105A,105,-1.580000,results/af2/single-repr-full/outputs/O74035/single_repr_model_1_pred_0.npy,results/af2/single-repr-full/outputs/O74035__D105A/single_repr_model_1_pred_0.npy,"(228, 384)","(228, 384)",1152
O74035__L118A,O74035,L118A,118,4.880000,results/af2/single-repr-full/outputs/O74035/single_repr_model_1_pred_0.npy,results/af2/single-repr-full/outputs/O74035__L118A/single_repr_model_1_pred_0.npy,"(228, 384)","(228, 384)",1152
O74035__D135A,O74035,D135A,135,-2.200000,results/af2/single-repr-full/outputs/O74035/single_repr_model_1_pred_0.npy,results/af2/single-repr-full/outputs/O74035__D135A/single_repr_model_1_pred_0.npy,"(228, 384)","(228, 384)",1152
O74035__L147A,O74035,L147A,147,2.405000,results/af2/single-repr-full/outputs/O74035/single_repr_model_1_pred_0.npy,results/af2/single-repr-full/outputs/O74035__L147A/single_repr_model_1_pred_0.npy,"(228, 384)","(228, 384)",1152
P00004__H27V,P00004,H27V,27,3.800000,results/af2/single-repr-full/outputs/P00004/single_repr_model_1_pred_0.npy,results/af2/single-repr-full/outputs/P00004__H27V/single_repr_model_1_pred_0.npy,"(105, 384)","(105, 384)",1152
P00004__P31A,P00004,P31A,31,5.600000,results/af2/single-repr-full/outputs/P00004/single_repr_model_1_pred_0.npy,results/af2/single-repr-full/outputs/P00004__P31A/single_repr_model_1_pred_0.npy,"(105, 384)","(105, 384)",1152
P00004__P31V,P00004,P31V,31,5.000000,results/af2/single-repr-full/outputs/P00004/single_repr_model_1_pred_0.npy,results/af2/single-repr-full/outputs/P00004__P31V/single_repr_model_1_pred_0.npy,"(105, 384)","(105, 384)",1152
P00004__H34F,P00004,H34F,34,-0.700000,results/af2/single-repr-full/outputs/P00004/single_repr_model_1_pred_0.npy,results/af2/single-repr-full/outputs/P00004__H34F/single_repr_model_1_pred_0.npy,"(105, 384)","(105, 384)",1152
P00004__H34N,P00004,H34N,34,-1.000000,results/af2/single-repr-full/outputs/P00004/single_repr_model_1_pred_0.npy,results/af2/single-repr-full/outputs/P00004__H34N/single_repr_model_1_pred_0.npy,"(105, 384)","(105, 384)",1152
P00004__N53I,P00004,N53I,53,3.100000,results/af2/single-repr-full/outputs/P00004/single_repr_model_1_pred_0.npy,results/af2/single-repr-full/outputs/P00004__N53I/single_repr_model_1_pred_0.npy,"(105, 384)","(105, 384)",1152
P00004__Y68F,P00004,Y68F,68,2.200000,results/af2/single-repr-full/outputs/P00004/single_repr_model_1_pred_0.npy,results/af2/single-repr-full/outputs/P00004__Y68F/single_repr_model_1_pred_0.npy,"(105, 384)","(105, 384)",1152
P00004__L95A,P00004,L95A,95,3.500000,results/af2/single-repr-full/outputs/P00004/single_repr_model_1_pred_0.npy,results/af2/single-repr-full/outputs/P00004__L95A/single_repr_model_1_pred_0.npy,"(105, 384)","(105, 384)",1152
P00004__L95I,P00004,L95I,95,-0.200000,results/af2/single-repr-full/outputs/P00004/single_repr_model_1_pred_0.npy,results/af2/single-repr-full/outputs/P00004__L95I/single_repr_model_1_pred_0.npy,"(105, 384)","(105, 384)",1152
P00004__L95V,P00004,L95V,95,1.000000,results/af2/single-repr-full/outputs/P00004/single_repr_model_1_pred_0.npy,results/af2/single-repr-full/outputs/P00004__L95V/single_repr_model_1_pred_0.npy,"(105, 384)","(105, 384)",1152
P00025__K74F,P00025,K74F,74,1.150000,results/af2/single-repr-full/outputs/P00025/single_repr_model_1_pred_0.npy,results/af2/single-repr-full/outputs/P00025__K74F/single_repr_model_1_pred_0.npy,"(104, 384)","(104, 384)",1152
P00025__K74M,P00025,K74M,74,1.000000,results/af2/single-repr-full/outputs/P00025/single_repr_model_1_pred_0.npy,results/af2/single-repr-full/outputs/P00025__K74M/single_repr_model_1_pred_0.npy,"(104, 384)","(104, 384)",1152
P00025__K74W,P00025,K74W,74,1.430000,results/af2/single-repr-full/outputs/P00025/single_repr_model_1_pred_0.npy,results/af2/single-repr-full/outputs/P00025__K74W/single_repr_model_1_pred_0.npy,"(104, 384)","(104, 384)",1152
P00025__K74Y,P00025,K74Y,74,1.050000,results/af2/single-repr-full/outputs/P00025/single_repr_model_1_pred_0.npy,results/af2/single-repr-full/outputs/P00025__K74Y/single_repr_model_1_pred_0.npy,"(104, 384)","(104, 384)",1152
P00044__G7A,P00044,G7A,7,1.300000,results/af2/single-repr-full/outputs/P00044/single_repr_model_1_pred_0.npy,results/af2/single-repr-full/outputs/P00044__G7A/single_repr_model_1_pred_0.npy,"(109, 384)","(109, 384)",1152
P00044__G12A,P00044,G12A,12,3.500000,results/af2/single-repr-full/outputs/P00044/single_repr_model_1_pred_0.npy,results/af2/single-repr-full/outputs/P00044__G12A/single_repr_model_1_pred_0.npy,"(109, 384)","(109, 384)",1152
P00044__A13L,P00044,A13L,13,-0.300000,results/af2/single-repr-full/outputs/P00044/single_repr_model_1_pred_0.npy,results/af2/single-repr-full/outputs/P00044__A13L/single_repr_model_1_pred_0.npy,"(109, 384)","(109, 384)",1152
P00044__A13Y,P00044,A13Y,13,-0.300000,results/af2/single-repr-full/outputs/P00044/single_repr_model_1_pred_0.npy,results/af2/single-repr-full/outputs/P00044__A13Y/single_repr_model_1_pred_0.npy,"(109, 384)","(109, 384)",1152
P00044__F16I,P00044,F16I,16,0.900000,results/af2/single-repr-full/outputs/P00044/single_repr_model_1_pred_0.npy,results/af2/single-repr-full/outputs/P00044__F16I/single_repr_model_1_pred_0.npy,"(109, 384)","(109, 384)",1152
P00044__F16M,P00044,F16M,16,3.300000,results/af2/single-repr-full/outputs/P00044/single_repr_model_1_pred_0.npy,results/af2/single-repr-full/outputs/P00044__F16M/single_repr_model_1_pred_0.npy,"(109, 384)","(109, 384)",1152
P00044__F16W,P00044,F16W,16,1.300000,results/af2/single-repr-full/outputs/P00044/single_repr_model_1_pred_0.npy,results/af2/single-repr-full/outputs/P00044__F16W/single_repr_model_1_pred_0.npy,"(109, 384)","(109, 384)",1152
P00044__F16Y,P00044,F16Y,16,0.700000,results/af2/single-repr-full/outputs/P00044/single_repr_model_1_pred_0.npy,results/af2/single-repr-full/outputs/P00044__F16Y/single_repr_model_1_pred_0.npy,"(109, 384)","(109, 384)",1152
P00044__V26C,P00044,V26C,26,1.100000,results/af2/single-repr-full/outputs/P00044/single_repr_model_1_pred_0.npy,results/af2/single-repr-full/outputs/P00044__V26C/single_repr_model_1_pred_0.npy,"(109, 384)","(109, 384)",1152
P00044__G29S,P00044,G29S,29,1.500000,results/af2/single-repr-full/outputs/P00044/single_repr_model_1_pred_0.npy,results/af2/single-repr-full/outputs/P00044__G29S/single_repr_model_1_pred_0.npy,"(109, 384)","(109, 384)",1152
P00044__H32Y,P00044,H32Y,32,2.000000,results/af2/single-repr-full/outputs/P00044/single_repr_model_1_pred_0.npy,results/af2/single-repr-full/outputs/P00044__H32Y/single_repr_model_1_pred_0.npy,"(109, 384)","(109, 384)",1152
P00044__H39P,P00044,H39P,39,0.800000,results/af2/single-repr-full/outputs/P00044/single_repr_model_1_pred_0.npy,results/af2/single-repr-full/outputs/P00044__H39P/single_repr_model_1_pred_0.npy,"(109, 384)","(109, 384)",1152
P00044__H39Y,P00044,H39Y,39,0.450000,results/af2/single-repr-full/outputs/P00044/single_repr_model_1_pred_0.npy,results/af2/single-repr-full/outputs/P00044__H39Y/single_repr_model_1_pred_0.npy,"(109, 384)","(109, 384)",1152
P00044__N58A,P00044,N58A,58,-2.485000,results/af2/single-repr-full/outputs/P00044/single_repr_model_1_pred_0.npy,results/af2/single-repr-full/outputs/P00044__N58A/single_repr_model_1_pred_0.npy,"(109, 384)","(109, 384)",1152
P00044__N58F,P00044,N58F,58,0.060000,results/af2/single-repr-full/outputs/P00044/single_repr_model_1_pred_0.npy,results/af2/single-repr-full/outputs/P00044__N58F/single_repr_model_1_pred_0.npy,"(109, 384)","(109, 384)",1152
P00044__N58G,P00044,N58G,58,-0.900000,results/af2/single-repr-full/outputs/P00044/single_repr_model_1_pred_0.npy,results/af2/single-repr-full/outputs/P00044__N58G/single_repr_model_1_pred_0.npy,"(109, 384)","(109, 384)",1152
P00044__N58H,P00044,N58H,58,1.600000,results/af2/single-repr-full/outputs/P00044/single_repr_model_1_pred_0.npy,results/af2/single-repr-full/outputs/P00044__N58H/single_repr_model_1_pred_0.npy,"(109, 384)","(109, 384)",1152
P00044__N58I,P00044,N58I,58,-3.000000,results/af2/single-repr-full/outputs/P00044/single_repr_model_1_pred_0.npy,results/af2/single-repr-full/outputs/P00044__N58I/single_repr_model_1_pred_0.npy,"(109, 384)","(109, 384)",1152
P00044__N58L,P00044,N58L,58,-4.265000,results/af2/single-repr-full/outputs/P00044/single_repr_model_1_pred_0.npy,results/af2/single-repr-full/outputs/P00044__N58L/single_repr_model_1_pred_0.npy,"(109, 384)","(109, 384)",1152
P00044__N58M,P00044,N58M,58,-2.900000,results/af2/single-repr-full/outputs/P00044/single_repr_model_1_pred_0.npy,results/af2/single-repr-full/outputs/P00044__N58M/single_repr_model_1_pred_0.npy,"(109, 384)","(109, 384)",1152
P00044__N58Q,P00044,N58Q,58,0.670000,results/af2/single-repr-full/outputs/P00044/single_repr_model_1_pred_0.npy,results/af2/single-repr-full/outputs/P00044__N58Q/single_repr_model_1_pred_0.npy,"(109, 384)","(109, 384)",1152
P00044__N58S,P00044,N58S,58,0.300000,results/af2/single-repr-full/outputs/P00044/single_repr_model_1_pred_0.npy,results/af2/single-repr-full/outputs/P00044__N58S/single_repr_model_1_pred_0.npy,"(109, 384)","(109, 384)",1152
P00044__N58T,P00044,N58T,58,-1.350000,results/af2/single-repr-full/outputs/P00044/single_repr_model_1_pred_0.npy,results/af2/single-repr-full/outputs/P00044__N58T/single_repr_model_1_pred_0.npy,"(109, 384)","(109, 384)",1152
P00044__N58V,P00044,N58V,58,-1.860000,results/af2/single-repr-full/outputs/P00044/single_repr_model_1_pred_0.npy,results/af2/single-repr-full/outputs/P00044__N58V/single_repr_model_1_pred_0.npy,"(109, 384)","(109, 384)",1152
P00044__T75E,P00044,T75E,75,-1.400000,results/af2/single-repr-full/outputs/P00044/single_repr_model_1_pred_0.npy,results/af2/single-repr-full/outputs/P00044__T75E/single_repr_model_1_pred_0.npy,"(109, 384)","(109, 384)",1152
P00044__P77I,P00044,P77I,77,1.700000,results/af2/single-repr-full/outputs/P00044/single_repr_model_1_pred_0.npy,results/af2/single-repr-full/outputs/P00044__P77I/single_repr_model_1_pred_0.npy,"(109, 384)","(109, 384)",1152
P00044__P77T,P00044,P77T,77,1.700000,results/af2/single-repr-full/outputs/P00044/single_repr_model_1_pred_0.npy,results/af2/single-repr-full/outputs/P00044__P77T/single_repr_model_1_pred_0.npy,"(109, 384)","(109, 384)",1152
P00044__P77V,P00044,P77V,77,1.000000,results/af2/single-repr-full/outputs/P00044/single_repr_model_1_pred_0.npy,results/af2/single-repr-full/outputs/P00044__P77V/single_repr_model_1_pred_0.npy,"(109, 384)","(109, 384)",1152
P00044__K79A,P00044,K79A,79,0.450000,results/af2/single-repr-full/outputs/P00044/single_repr_model_1_pred_0.npy,results/af2/single-repr-full/outputs/P00044__K79A/single_repr_model_1_pred_0.npy,"(109, 384)","(109, 384)",1152
P00044__K79G,P00044,K79G,79,0.740000,results/af2/single-repr-full/outputs/P00044/single_repr_model_1_pred_0.npy,results/af2/single-repr-full/outputs/P00044__K79G/single_repr_model_1_pred_0.npy,"(109, 384)","(109, 384)",1152
P00044__K79H,P00044,K79H,79,1.425000,results/af2/single-repr-full/outputs/P00044/single_repr_model_1_pred_0.npy,results/af2/single-repr-full/outputs/P00044__K79H/single_repr_model_1_pred_0.npy,"(109, 384)","(109, 384)",1152
P00044__K79I,P00044,K79I,79,1.095000,results/af2/single-repr-full/outputs/P00044/single_repr_model_1_pred_0.npy,results/af2/single-repr-full/outputs/P00044__K79I/single_repr_model_1_pred_0.npy,"(109, 384)","(109, 384)",1152
P00044__K79L,P00044,K79L,79,0.030000,results/af2/single-repr-full/outputs/P00044/single_repr_model_1_pred_0.npy,results/af2/single-repr-full/outputs/P00044__K79L/single_repr_model_1_pred_0.npy,"(109, 384)","(109, 384)",1152
P00044__K79R,P00044,K79R,79,0.030000,results/af2/single-repr-full/outputs/P00044/single_repr_model_1_pred_0.npy,results/af2/single-repr-full/outputs/P00044__K79R/single_repr_model_1_pred_0.npy,"(109, 384)","(109, 384)",1152
P00044__K79V,P00044,K79V,79,0.640000,results/af2/single-repr-full/outputs/P00044/single_repr_model_1_pred_0.npy,results/af2/single-repr-full/outputs/P00044__K79V/single_repr_model_1_pred_0.npy,"(109, 384)","(109, 384)",1152
P00044__K79W,P00044,K79W,79,1.500000,results/af2/single-repr-full/outputs/P00044/single_repr_model_1_pred_0.npy,results/af2/single-repr-full/outputs/P00044__K79W/single_repr_model_1_pred_0.npy,"(109, 384)","(109, 384)",1152
P00044__F88Y,P00044,F88Y,88,0.700000,results/af2/single-repr-full/outputs/P00044/single_repr_model_1_pred_0.npy,results/af2/single-repr-full/outputs/P00044__F88Y/single_repr_model_1_pred_0.npy,"(109, 384)","(109, 384)",1152
P00044__L91A,P00044,L91A,91,2.800000,results/af2/single-repr-full/outputs/P00044/single_repr_model_1_pred_0.npy,results/af2/single-repr-full/outputs/P00044__L91A/single_repr_model_1_pred_0.npy,"(109, 384)","(109, 384)",1152
P00044__L100A,P00044,L100A,100,3.800000,results/af2/single-repr-full/outputs/P00044/single_repr_model_1_pred_0.npy,results/af2/single-repr-full/outputs/P00044__L100A/single_repr_model_1_pred_0.npy,"(109, 384)","(109, 384)",1152
P00044__L100I,P00044,L100I,100,0.000000,results/af2/single-repr-full/outputs/P00044/single_repr_model_1_pred_0.npy,results/af2/single-repr-full/outputs/P00044__L100I/single_repr_model_1_pred_0.npy,"(109, 384)","(109, 384)",1152
P00044__L100T,P00044,L100T,100,3.300000,results/af2/single-repr-full/outputs/P00044/single_repr_model_1_pred_0.npy,results/af2/single-repr-full/outputs/P00044__L100T/single_repr_model_1_pred_0.npy,"(109, 384)","(109, 384)",1152
P00044__L100V,P00044,L100V,100,0.700000,results/af2/single-repr-full/outputs/P00044/single_repr_model_1_pred_0.npy,results/af2/single-repr-full/outputs/P00044__L100V/single_repr_model_1_pred_0.npy,"(109, 384)","(109, 384)",1152
P00044__T102A,P00044,T102A,102,-0.900000,results/af2/single-repr-full/outputs/P00044/single_repr_model_1_pred_0.npy,results/af2/single-repr-full/outputs/P00044__T102A/single_repr_model_1_pred_0.npy,"(109, 384)","(109, 384)",1152
P00044__Y103F,P00044,Y103F,103,-0.100000,results/af2/single-repr-full/outputs/P00044/single_repr_model_1_pred_0.npy,results/af2/single-repr-full/outputs/P00044__Y103F/single_repr_model_1_pred_0.npy,"(109, 384)","(109, 384)",1152
P00044__C108A,P00044,C108A,108,-2.900000,results/af2/single-repr-full/outputs/P00044/single_repr_model_1_pred_0.npy,results/af2/single-repr-full/outputs/P00044__C108A/single_repr_model_1_pred_0.npy,"(109, 384)","(109, 384)",1152
P00044__C108S,P00044,C108S,108,-2.800000,results/af2/single-repr-full/outputs/P00044/single_repr_model_1_pred_0.npy,results/af2/single-repr-full/outputs/P00044__C108S/single_repr_model_1_pred_0.npy,"(109, 384)","(109, 384)",1152
P00044__C108T,P00044,C108T,108,-3.100000,results/af2/single-repr-full/outputs/P00044/single_repr_model_1_pred_0.npy,results/af2/single-repr-full/outputs/P00044__C108T/single_repr_model_1_pred_0.npy,"(109, 384)","(109, 384)",1152
P00045__N62I,P00045,N62I,62,-2.400000,results/af2/single-repr-full/outputs/P00045/single_repr_model_1_pred_0.npy,results/af2/single-repr-full/outputs/P00045__N62I/single_repr_model_1_pred_0.npy,"(113, 384)","(113, 384)",1152
P00045__P81T,P00045,P81T,81,0.800000,results/af2/single-repr-full/outputs/P00045/single_repr_model_1_pred_0.npy,results/af2/single-repr-full/outputs/P00045__P81T/single_repr_model_1_pred_0.npy,"(113, 384)","(113, 384)",1152
P00045__P86G,P00045,P86G,86,1.200000,results/af2/single-repr-full/outputs/P00045/single_repr_model_1_pred_0.npy,results/af2/single-repr-full/outputs/P00045__P86G/single_repr_model_1_pred_0.npy,"(113, 384)","(113, 384)",1152
P00094__K33D,P00094,K33D,33,1.200000,results/af2/single-repr-full/outputs/P00094/single_repr_model_1_pred_0.npy,results/af2/single-repr-full/outputs/P00094__K33D/single_repr_model_1_pred_0.npy,"(137, 384)","(137, 384)",1152
P00094__K35E,P00094,K35E,35,1.100000,results/af2/single-repr-full/outputs/P00094/single_repr_model_1_pred_0.npy,results/af2/single-repr-full/outputs/P00094__K35E/single_repr_model_1_pred_0.npy,"(137, 384)","(137, 384)",1152
P00094__K53E,P00094,K53E,53,-0.300000,results/af2/single-repr-full/outputs/P00094/single_repr_model_1_pred_0.npy,results/af2/single-repr-full/outputs/P00094__K53E/single_repr_model_1_pred_0.npy,"(137, 384)","(137, 384)",1152
P00094__G55S,P00094,G55S,55,2.200000,results/af2/single-repr-full/outputs/P00094/single_repr_model_1_pred_0.npy,results/af2/single-repr-full/outputs/P00094__G55S/single_repr_model_1_pred_0.npy,"(137, 384)","(137, 384)",1152
P00094__P56A,P00094,P56A,56,2.000000,results/af2/single-repr-full/outputs/P00094/single_repr_model_1_pred_0.npy,results/af2/single-repr-full/outputs/P00094__P56A/single_repr_model_1_pred_0.npy,"(137, 384)","(137, 384)",1152
P00094__Y96C,P00094,Y96C,96,1.500000,results/af2/single-repr-full/outputs/P00094/single_repr_model_1_pred_0.npy,results/af2/single-repr-full/outputs/P00094__Y96C/single_repr_model_1_pred_0.npy,"(137, 384)","(137, 384)",1152
P00094__Y96F,P00094,Y96F,96,-0.710000,results/af2/single-repr-full/outputs/P00094/single_repr_model_1_pred_0.npy,results/af2/single-repr-full/outputs/P00094__Y96F/single_repr_model_1_pred_0.npy,"(137, 384)","(137, 384)",1152
P00099__F29A,P00099,F29A,29,-1.100000,results/af2/single-repr-full/outputs/P00099/single_repr_model_1_pred_0.npy,results/af2/single-repr-full/outputs/P00099__F29A/single_repr_model_1_pred_0.npy,"(104, 384)","(104, 384)",1152
P00099__V35M,P00099,V35M,35,-0.400000,results/af2/single-repr-full/outputs/P00099/single_repr_model_1_pred_0.npy,results/af2/single-repr-full/outputs/P00099__V35M/single_repr_model_1_pred_0.npy,"(104, 384)","(104, 384)",1152
P00099__F56Y,P00099,F56Y,56,-1.330000,results/af2/single-repr-full/outputs/P00099/single_repr_model_1_pred_0.npy,results/af2/single-repr-full/outputs/P00099__F56Y/single_repr_model_1_pred_0.npy,"(104, 384)","(104, 384)",1152
P00099__Q59R,P00099,Q59R,59,-0.500000,results/af2/single-repr-full/outputs/P00099/single_repr_model_1_pred_0.npy,results/af2/single-repr-full/outputs/P00099__Q59R/single_repr_model_1_pred_0.npy,"(104, 384)","(104, 384)",1152
P00099__E65Y,P00099,E65Y,65,-0.650000,results/af2/single-repr-full/outputs/P00099/single_repr_model_1_pred_0.npy,results/af2/single-repr-full/outputs/P00099__E65Y/single_repr_model_1_pred_0.npy,"(104, 384)","(104, 384)",1152
P00099__W78F,P00099,W78F,78,1.900000,results/af2/single-repr-full/outputs/P00099/single_repr_model_1_pred_0.npy,results/af2/single-repr-full/outputs/P00099__W78F/single_repr_model_1_pred_0.npy,"(104, 384)","(104, 384)",1152
P00099__E92Q,P00099,E92Q,92,-0.200000,results/af2/single-repr-full/outputs/P00099/single_repr_model_1_pred_0.npy,results/af2/single-repr-full/outputs/P00099__E92Q/single_repr_model_1_pred_0.npy,"(104, 384)","(104, 384)",1152
P00099__E92V,P00099,E92V,92,1.100000,results/af2/single-repr-full/outputs/P00099/single_repr_model_1_pred_0.npy,results/af2/single-repr-full/outputs/P00099__E92V/single_repr_model_1_pred_0.npy,"(104, 384)","(104, 384)",1152
P00099__W99F,P00099,W99F,99,1.200000,results/af2/single-repr-full/outputs/P00099/single_repr_model_1_pred_0.npy,results/af2/single-repr-full/outputs/P00099__W99F/single_repr_model_1_pred_0.npy,"(104, 384)","(104, 384)",1152
P00099__V100I,P00099,V100I,100,-1.025000,results/af2/single-repr-full/outputs/P00099/single_repr_model_1_pred_0.npy,results/af2/single-repr-full/outputs/P00099__V100I/single_repr_model_1_pred_0.npy,"(104, 384)","(104, 384)",1152
P00171__F40H,P00171,F40H,40,3.110000,results/af2/single-repr-full/outputs/P00171/single_repr_model_1_pred_0.npy,results/af2/single-repr-full/outputs/P00171__F40H/single_repr_model_1_pred_0.npy,"(134, 384)","(134, 384)",1152
P00171__F40L,P00171,F40L,40,1.870000,results/af2/single-repr-full/outputs/P00171/single_repr_model_1_pred_0.npy,results/af2/single-repr-full/outputs/P00171__F40L/single_repr_model_1_pred_0.npy,"(134, 384)","(134, 384)",1152
P00171__F40Y,P00171,F40Y,40,-0.790000,results/af2/single-repr-full/outputs/P00171/single_repr_model_1_pred_0.npy,results/af2/single-repr-full/outputs/P00171__F40Y/single_repr_model_1_pred_0.npy,"(134, 384)","(134, 384)",1152
P00171__V50E,P00171,V50E,50,2.400000,results/af2/single-repr-full/outputs/P00171/single_repr_model_1_pred_0.npy,results/af2/single-repr-full/outputs/P00171__V50E/single_repr_model_1_pred_0.npy,"(134, 384)","(134, 384)",1152
P00171__V50G,P00171,V50G,50,1.900000,results/af2/single-repr-full/outputs/P00171/single_repr_model_1_pred_0.npy,results/af2/single-repr-full/outputs/P00171__V50G/single_repr_model_1_pred_0.npy,"(134, 384)","(134, 384)",1152
P00171__V50H,P00171,V50H,50,1.445000,results/af2/single-repr-full/outputs/P00171/single_repr_model_1_pred_0.npy,results/af2/single-repr-full/outputs/P00171__V50H/single_repr_model_1_pred_0.npy,"(134, 384)","(134, 384)",1152
P00171__V50T,P00171,V50T,50,1.000000,results/af2/single-repr-full/outputs/P00171/single_repr_model_1_pred_0.npy,results/af2/single-repr-full/outputs/P00171__V50T/single_repr_model_1_pred_0.npy,"(134, 384)","(134, 384)",1152
P00171__V50Y,P00171,V50Y,50,1.540000,results/af2/single-repr-full/outputs/P00171/single_repr_model_1_pred_0.npy,results/af2/single-repr-full/outputs/P00171__V50Y/single_repr_model_1_pred_0.npy,"(134, 384)","(134, 384)",1152
P00171__V66E,P00171,V66E,66,1.075000,results/af2/single-repr-full/outputs/P00171/single_repr_model_1_pred_0.npy,results/af2/single-repr-full/outputs/P00171__V66E/single_repr_model_1_pred_0.npy,"(134, 384)","(134, 384)",1152
P00171__V66H,P00171,V66H,66,1.615000,results/af2/single-repr-full/outputs/P00171/single_repr_model_1_pred_0.npy,results/af2/single-repr-full/outputs/P00171__V66H/single_repr_model_1_pred_0.npy,"(134, 384)","(134, 384)",1152
P00171__V66K,P00171,V66K,66,2.365000,results/af2/single-repr-full/outputs/P00171/single_repr_model_1_pred_0.npy,results/af2/single-repr-full/outputs/P00171__V66K/single_repr_model_1_pred_0.npy,"(134, 384)","(134, 384)",1152
P00171__V66Y,P00171,V66Y,66,1.315000,results/af2/single-repr-full/outputs/P00171/single_repr_model_1_pred_0.npy,results/af2/single-repr-full/outputs/P00171__V66Y/single_repr_model_1_pred_0.npy,"(134, 384)","(134, 384)",1152
P00171__S76L,P00171,S76L,76,-0.800000,results/af2/single-repr-full/outputs/P00171/single_repr_model_1_pred_0.npy,results/af2/single-repr-full/outputs/P00171__S76L/single_repr_model_1_pred_0.npy,"(134, 384)","(134, 384)",1152
P00173__D65R,P00173,D65R,65,-0.100000,results/af2/single-repr-full/outputs/P00173/single_repr_model_1_pred_0.npy,results/af2/single-repr-full/outputs/P00173__D65R/single_repr_model_1_pred_0.npy,"(134, 384)","(134, 384)",1152
P00257__D73E,P00257,D73E,73,-0.500000,results/af2/single-repr-full/outputs/P00257/single_repr_model_1_pred_0.npy,results/af2/single-repr-full/outputs/P00257__D73E/single_repr_model_1_pred_0.npy,"(186, 384)","(186, 384)",1152
P00257__T112A,P00257,T112A,112,1.310000,results/af2/single-repr-full/outputs/P00257/single_repr_model_1_pred_0.npy,results/af2/single-repr-full/outputs/P00257__T112A/single_repr_model_1_pred_0.npy,"(186, 384)","(186, 384)",1152
P00257__T112S,P00257,T112S,112,-0.100000,results/af2/single-repr-full/outputs/P00257/single_repr_model_1_pred_0.npy,results/af2/single-repr-full/outputs/P00257__T112S/single_repr_model_1_pred_0.npy,"(186, 384)","(186, 384)",1152
P00257__H114Q,P00257,H114Q,114,1.700000,results/af2/single-repr-full/outputs/P00257/single_repr_model_1_pred_0.npy,results/af2/single-repr-full/outputs/P00257__H114Q/single_repr_model_1_pred_0.npy,"(186, 384)","(186, 384)",1152
P00257__H114R,P00257,H114R,114,1.200000,results/af2/single-repr-full/outputs/P00257/single_repr_model_1_pred_0.npy,results/af2/single-repr-full/outputs/P00257__H114R/single_repr_model_1_pred_0.npy,"(186, 384)","(186, 384)",1152
P00257__H114T,P00257,H114T,114,1.200000,results/af2/single-repr-full/outputs/P00257/single_repr_model_1_pred_0.npy,results/af2/single-repr-full/outputs/P00257__H114T/single_repr_model_1_pred_0.npy,"(186, 384)","(186, 384)",1152
P00257__D134E,P00257,D134E,134,-0.450000,results/af2/single-repr-full/outputs/P00257/single_repr_model_1_pred_0.npy,results/af2/single-repr-full/outputs/P00257__D134E/single_repr_model_1_pred_0.npy,"(186, 384)","(186, 384)",1152
P00257__Y140F,P00257,Y140F,140,0.010000,results/af2/single-repr-full/outputs/P00257/single_repr_model_1_pred_0.npy,results/af2/single-repr-full/outputs/P00257__Y140F/single_repr_model_1_pred_0.npy,"(186, 384)","(186, 384)",1152
P00257__Y140L,P00257,Y140L,140,0.400000,results/af2/single-repr-full/outputs/P00257/single_repr_model_1_pred_0.npy,results/af2/single-repr-full/outputs/P00257__Y140L/single_repr_model_1_pred_0.npy,"(186, 384)","(186, 384)",1152
P00257__Y140S,P00257,Y140S,140,0.330000,results/af2/single-repr-full/outputs/P00257/single_repr_model_1_pred_0.npy,results/af2/single-repr-full/outputs/P00257__Y140S/single_repr_model_1_pred_0.npy,"(186, 384)","(186, 384)",1152
P00257__Y140W,P00257,Y140W,140,0.205000,results/af2/single-repr-full/outputs/P00257/single_repr_model_1_pred_0.npy,results/af2/single-repr-full/outputs/P00257__Y140W/single_repr_model_1_pred_0.npy,"(186, 384)","(186, 384)",1152
P00257__C153S,P00257,C153S,153,-0.960000,results/af2/single-repr-full/outputs/P00257/single_repr_model_1_pred_0.npy,results/af2/single-repr-full/outputs/P00257__C153S/single_repr_model_1_pred_0.npy,"(186, 384)","(186, 384)",1152
P00268__V24I,P00268,V24I,24,-0.360000,results/af2/single-repr-full/outputs/P00268/single_repr_model_1_pred_0.npy,results/af2/single-repr-full/outputs/P00268__V24I/single_repr_model_1_pred_0.npy,"(54, 384)","(54, 384)",1152
P00268__I33L,P00268,I33L,33,-0.760000,results/af2/single-repr-full/outputs/P00268/single_repr_model_1_pred_0.npy,results/af2/single-repr-full/outputs/P00268__I33L/single_repr_model_1_pred_0.npy,"(54, 384)","(54, 384)",1152
P00282__V25A,P00282,V25A,25,0.730000,results/af2/single-repr-full/outputs/P00282/single_repr_model_1_pred_0.npy,results/af2/single-repr-full/outputs/P00282__V25A/single_repr_model_1_pred_0.npy,"(148, 384)","(148, 384)",1152
P00282__I27A,P00282,I27A,27,3.275000,results/af2/single-repr-full/outputs/P00282/single_repr_model_1_pred_0.npy,results/af2/single-repr-full/outputs/P00282__I27A/single_repr_model_1_pred_0.npy,"(148, 384)","(148, 384)",1152
P00282__I27S,P00282,I27S,27,3.900000,results/af2/single-repr-full/outputs/P00282/single_repr_model_1_pred_0.npy,results/af2/single-repr-full/outputs/P00282__I27S/single_repr_model_1_pred_0.npy,"(148, 384)","(148, 384)",1152
P00282__I40A,P00282,I40A,40,1.800000,results/af2/single-repr-full/outputs/P00282/single_repr_model_1_pred_0.npy,results/af2/single-repr-full/outputs/P00282__I40A/single_repr_model_1_pred_0.npy,"(148, 384)","(148, 384)",1152
P00282__I40T,P00282,I40T,40,2.100000,results/af2/single-repr-full/outputs/P00282/single_repr_model_1_pred_0.npy,results/af2/single-repr-full/outputs/P00282__I40T/single_repr_model_1_pred_0.npy,"(148, 384)","(148, 384)",1152
P00282__I40V,P00282,I40V,40,0.380000,results/af2/single-repr-full/outputs/P00282/single_repr_model_1_pred_0.npy,results/af2/single-repr-full/outputs/P00282__I40V/single_repr_model_1_pred_0.npy,"(148, 384)","(148, 384)",1152
P00282__V42A,P00282,V42A,42,1.500000,results/af2/single-repr-full/outputs/P00282/single_repr_model_1_pred_0.npy,results/af2/single-repr-full/outputs/P00282__V42A/single_repr_model_1_pred_0.npy,"(148, 384)","(148, 384)",1152
P00282__V42T,P00282,V42T,42,2.600000,results/af2/single-repr-full/outputs/P00282/single_repr_model_1_pred_0.npy,results/af2/single-repr-full/outputs/P00282__V42T/single_repr_model_1_pred_0.npy,"(148, 384)","(148, 384)",1152
P00282__V51A,P00282,V51A,51,1.670000,results/af2/single-repr-full/outputs/P00282/single_repr_model_1_pred_0.npy,results/af2/single-repr-full/outputs/P00282__V51A/single_repr_model_1_pred_0.npy,"(148, 384)","(148, 384)",1152
P00282__V51T,P00282,V51T,51,2.600000,results/af2/single-repr-full/outputs/P00282/single_repr_model_1_pred_0.npy,results/af2/single-repr-full/outputs/P00282__V51T/single_repr_model_1_pred_0.npy,"(148, 384)","(148, 384)",1152
P00282__L53A,P00282,L53A,53,1.670000,results/af2/single-repr-full/outputs/P00282/single_repr_model_1_pred_0.npy,results/af2/single-repr-full/outputs/P00282__L53A/single_repr_model_1_pred_0.npy,"(148, 384)","(148, 384)",1152
P00282__H66G,P00282,H66G,66,10.900000,results/af2/single-repr-full/outputs/P00282/single_repr_model_1_pred_0.npy,results/af2/single-repr-full/outputs/P00282__H66G/single_repr_model_1_pred_0.npy,"(148, 384)","(148, 384)",1152
P00282__W68A,P00282,W68A,68,3.375000,results/af2/single-repr-full/outputs/P00282/single_repr_model_1_pred_0.npy,results/af2/single-repr-full/outputs/P00282__W68A/single_repr_model_1_pred_0.npy,"(148, 384)","(148, 384)",1152
P00282__L70A,P00282,L70A,70,1.790000,results/af2/single-repr-full/outputs/P00282/single_repr_model_1_pred_0.npy,results/af2/single-repr-full/outputs/P00282__L70A/single_repr_model_1_pred_0.npy,"(148, 384)","(148, 384)",1152
P00282__L70T,P00282,L70T,70,2.245000,results/af2/single-repr-full/outputs/P00282/single_repr_model_1_pred_0.npy,results/af2/single-repr-full/outputs/P00282__L70T/single_repr_model_1_pred_0.npy,"(148, 384)","(148, 384)",1152
P00282__L70V,P00282,L70V,70,0.300000,results/af2/single-repr-full/outputs/P00282/single_repr_model_1_pred_0.npy,results/af2/single-repr-full/outputs/P00282__L70V/single_repr_model_1_pred_0.npy,"(148, 384)","(148, 384)",1152
P00282__V80G,P00282,V80G,80,3.110000,results/af2/single-repr-full/outputs/P00282/single_repr_model_1_pred_0.npy,results/af2/single-repr-full/outputs/P00282__V80G/single_repr_model_1_pred_0.npy,"(148, 384)","(148, 384)",1152
P00282__I101A,P00282,I101A,101,2.100000,results/af2/single-repr-full/outputs/P00282/single_repr_model_1_pred_0.npy,results/af2/single-repr-full/outputs/P00282__I101A/single_repr_model_1_pred_0.npy,"(148, 384)","(148, 384)",1152
P00282__I101T,P00282,I101T,101,2.900000,results/af2/single-repr-full/outputs/P00282/single_repr_model_1_pred_0.npy,results/af2/single-repr-full/outputs/P00282__I101T/single_repr_model_1_pred_0.npy,"(148, 384)","(148, 384)",1152
P00282__I101V,P00282,I101V,101,0.155000,results/af2/single-repr-full/outputs/P00282/single_repr_model_1_pred_0.npy,results/af2/single-repr-full/outputs/P00282__I101V/single_repr_model_1_pred_0.npy,"(148, 384)","(148, 384)",1152
P00282__A102G,P00282,A102G,102,2.035000,results/af2/single-repr-full/outputs/P00282/single_repr_model_1_pred_0.npy,results/af2/single-repr-full/outputs/P00282__A102G/single_repr_model_1_pred_0.npy,"(148, 384)","(148, 384)",1152
P00282__V115A,P00282,V115A,115,0.960000,results/af2/single-repr-full/outputs/P00282/single_repr_model_1_pred_0.npy,results/af2/single-repr-full/outputs/P00282__V115A/single_repr_model_1_pred_0.npy,"(148, 384)","(148, 384)",1152
P00282__V115T,P00282,V115T,115,0.120000,results/af2/single-repr-full/outputs/P00282/single_repr_model_1_pred_0.npy,results/af2/single-repr-full/outputs/P00282__V115T/single_repr_model_1_pred_0.npy,"(148, 384)","(148, 384)",1152
P00282__F117A,P00282,F117A,117,2.630000,results/af2/single-repr-full/outputs/P00282/single_repr_model_1_pred_0.npy,results/af2/single-repr-full/outputs/P00282__F117A/single_repr_model_1_pred_0.npy,"(148, 384)","(148, 384)",1152
P00282__Y128A,P00282,Y128A,128,3.590000,results/af2/single-repr-full/outputs/P00282/single_repr_model_1_pred_0.npy,results/af2/single-repr-full/outputs/P00282__Y128A/single_repr_model_1_pred_0.npy,"(148, 384)","(148, 384)",1152
P00282__F130A,P00282,F130A,130,5.020000,results/af2/single-repr-full/outputs/P00282/single_repr_model_1_pred_0.npy,results/af2/single-repr-full/outputs/P00282__F130A/single_repr_model_1_pred_0.npy,"(148, 384)","(148, 384)",1152
P00282__F130S,P00282,F130S,130,4.750000,results/af2/single-repr-full/outputs/P00282/single_repr_model_1_pred_0.npy,results/af2/single-repr-full/outputs/P00282__F130S/single_repr_model_1_pred_0.npy,"(148, 384)","(148, 384)",1152
P00282__C132S,P00282,C132S,132,-1.570000,results/af2/single-repr-full/outputs/P00282/single_repr_model_1_pred_0.npy,results/af2/single-repr-full/outputs/P00282__C132S/single_repr_model_1_pred_0.npy,"(148, 384)","(148, 384)",1152
P00282__H137G,P00282,H137G,137,9.900000,results/af2/single-repr-full/outputs/P00282/single_repr_model_1_pred_0.npy,results/af2/single-repr-full/outputs/P00282__H137G/single_repr_model_1_pred_0.npy,"(148, 384)","(148, 384)",1152
P00282__M141A,P00282,M141A,141,2.870000,results/af2/single-repr-full/outputs/P00282/single_repr_model_1_pred_0.npy,results/af2/single-repr-full/outputs/P00282__M141A/single_repr_model_1_pred_0.npy,"(148, 384)","(148, 384)",1152
P00282__L145A,P00282,L145A,145,1.435000,results/af2/single-repr-full/outputs/P00282/single_repr_model_1_pred_0.npy,results/af2/single-repr-full/outputs/P00282__L145A/single_repr_model_1_pred_0.npy,"(148, 384)","(148, 384)",1152
P00509__F2A,P00509,F2A,2,7.350000,results/af2/single-repr-full/outputs/P00509/single_repr_model_1_pred_0.npy,results/af2/single-repr-full/outputs/P00509__F2A/single_repr_model_1_pred_0.npy,"(396, 384)","(396, 384)",1152
P00509__E3A,P00509,E3A,3,3.400000,results/af2/single-repr-full/outputs/P00509/single_repr_model_1_pred_0.npy,results/af2/single-repr-full/outputs/P00509__E3A/single_repr_model_1_pred_0.npy,"(396, 384)","(396, 384)",1152
P00509__I5A,P00509,I5A,5,5.000000,results/af2/single-repr-full/outputs/P00509/single_repr_model_1_pred_0.npy,results/af2/single-repr-full/outputs/P00509__I5A/single_repr_model_1_pred_0.npy,"(396, 384)","(396, 384)",1152
P00509__T6A,P00509,T6A,6,1.300000,results/af2/single-repr-full/outputs/P00509/single_repr_model_1_pred_0.npy,results/af2/single-repr-full/outputs/P00509__T6A/single_repr_model_1_pred_0.npy,"(396, 384)","(396, 384)",1152
P00509__D11A,P00509,D11A,11,5.700000,results/af2/single-repr-full/outputs/P00509/single_repr_model_1_pred_0.npy,results/af2/single-repr-full/outputs/P00509__D11A/single_repr_model_1_pred_0.npy,"(396, 384)","(396, 384)",1152
P00509__K63E,P00509,K63E,63,4.800000,results/af2/single-repr-full/outputs/P00509/single_repr_model_1_pred_0.npy,results/af2/single-repr-full/outputs/P00509__K63E/single_repr_model_1_pred_0.npy,"(396, 384)","(396, 384)",1152
P00509__K63M,P00509,K63M,63,5.000000,results/af2/single-repr-full/outputs/P00509/single_repr_model_1_pred_0.npy,results/af2/single-repr-full/outputs/P00509__K63M/single_repr_model_1_pred_0.npy,"(396, 384)","(396, 384)",1152
P00509__C77A,P00509,C77A,77,0.500000,results/af2/single-repr-full/outputs/P00509/single_repr_model_1_pred_0.npy,results/af2/single-repr-full/outputs/P00509__C77A/single_repr_model_1_pred_0.npy,"(396, 384)","(396, 384)",1152
P00509__C77S,P00509,C77S,77,2.400000,results/af2/single-repr-full/outputs/P00509/single_repr_model_1_pred_0.npy,results/af2/single-repr-full/outputs/P00509__C77S/single_repr_model_1_pred_0.npy,"(396, 384)","(396, 384)",1152
P00509__C180A,P00509,C180A,180,1.100000,results/af2/single-repr-full/outputs/P00509/single_repr_model_1_pred_0.npy,results/af2/single-repr-full/outputs/P00509__C180A/single_repr_model_1_pred_0.npy,"(396, 384)","(396, 384)",1152
P00509__C180F,P00509,C180F,180,0.900000,results/af2/single-repr-full/outputs/P00509/single_repr_model_1_pred_0.npy,results/af2/single-repr-full/outputs/P00509__C180F/single_repr_model_1_pred_0.npy,"(396, 384)","(396, 384)",1152
P00509__C180G,P00509,C180G,180,0.000000,results/af2/single-repr-full/outputs/P00509/single_repr_model_1_pred_0.npy,results/af2/single-repr-full/outputs/P00509__C180G/single_repr_model_1_pred_0.npy,"(396, 384)","(396, 384)",1152
P00509__C180R,P00509,C180R,180,1.700000,results/af2/single-repr-full/outputs/P00509/single_repr_model_1_pred_0.npy,results/af2/single-repr-full/outputs/P00509__C180R/single_repr_model_1_pred_0.npy,"(396, 384)","(396, 384)",1152
P00509__C180S,P00509,C180S,180,1.400000,results/af2/single-repr-full/outputs/P00509/single_repr_model_1_pred_0.npy,results/af2/single-repr-full/outputs/P00509__C180S/single_repr_model_1_pred_0.npy,"(396, 384)","(396, 384)",1152
P00509__C180W,P00509,C180W,180,2.200000,results/af2/single-repr-full/outputs/P00509/single_repr_model_1_pred_0.npy,results/af2/single-repr-full/outputs/P00509__C180W/single_repr_model_1_pred_0.npy,"(396, 384)","(396, 384)",1152
P00509__C180Y,P00509,C180Y,180,1.100000,results/af2/single-repr-full/outputs/P00509/single_repr_model_1_pred_0.npy,results/af2/single-repr-full/outputs/P00509__C180Y/single_repr_model_1_pred_0.npy,"(396, 384)","(396, 384)",1152
P00509__C181A,P00509,C181A,181,1.200000,results/af2/single-repr-full/outputs/P00509/single_repr_model_1_pred_0.npy,results/af2/single-repr-full/outputs/P00509__C181A/single_repr_model_1_pred_0.npy,"(396, 384)","(396, 384)",1152
P00509__C181S,P00509,C181S,181,1.000000,results/af2/single-repr-full/outputs/P00509/single_repr_model_1_pred_0.npy,results/af2/single-repr-full/outputs/P00509__C181S/single_repr_model_1_pred_0.npy,"(396, 384)","(396, 384)",1152
P00509__E253K,P00509,E253K,253,7.300000,results/af2/single-repr-full/outputs/P00509/single_repr_model_1_pred_0.npy,results/af2/single-repr-full/outputs/P00509__E253K/single_repr_model_1_pred_0.npy,"(396, 384)","(396, 384)",1152
P00509__E253Q,P00509,E253Q,253,5.800000,results/af2/single-repr-full/outputs/P00509/single_repr_model_1_pred_0.npy,results/af2/single-repr-full/outputs/P00509__E253Q/single_repr_model_1_pred_0.npy,"(396, 384)","(396, 384)",1152
P00509__R254K,P00509,R254K,254,6.300000,results/af2/single-repr-full/outputs/P00509/single_repr_model_1_pred_0.npy,results/af2/single-repr-full/outputs/P00509__R254K/single_repr_model_1_pred_0.npy,"(396, 384)","(396, 384)",1152
P00509__R254M,P00509,R254M,254,3.600000,results/af2/single-repr-full/outputs/P00509/single_repr_model_1_pred_0.npy,results/af2/single-repr-full/outputs/P00509__R254M/single_repr_model_1_pred_0.npy,"(396, 384)","(396, 384)",1152
P00509__C258A,P00509,C258A,258,1.700000,results/af2/single-repr-full/outputs/P00509/single_repr_model_1_pred_0.npy,results/af2/single-repr-full/outputs/P00509__C258A/single_repr_model_1_pred_0.npy,"(396, 384)","(396, 384)",1152
P00509__N282D,P00509,N282D,282,-0.600000,results/af2/single-repr-full/outputs/P00509/single_repr_model_1_pred_0.npy,results/af2/single-repr-full/outputs/P00509__N282D/single_repr_model_1_pred_0.npy,"(396, 384)","(396, 384)",1152
P00509__N282R,P00509,N282R,282,2.600000,results/af2/single-repr-full/outputs/P00509/single_repr_model_1_pred_0.npy,results/af2/single-repr-full/outputs/P00509__N282R/single_repr_model_1_pred_0.npy,"(396, 384)","(396, 384)",1152
P00509__N285R,P00509,N285R,285,5.200000,results/af2/single-repr-full/outputs/P00509/single_repr_model_1_pred_0.npy,results/af2/single-repr-full/outputs/P00509__N285R/single_repr_model_1_pred_0.npy,"(396, 384)","(396, 384)",1152
P00509__C389A,P00509,C389A,389,-2.150000,results/af2/single-repr-full/outputs/P00509/single_repr_model_1_pred_0.npy,results/af2/single-repr-full/outputs/P00509__C389A/single_repr_model_1_pred_0.npy,"(396, 384)","(396, 384)",1152
P00509__C389S,P00509,C389S,389,1.800000,results/af2/single-repr-full/outputs/P00509/single_repr_model_1_pred_0.npy,results/af2/single-repr-full/outputs/P00509__C389S/single_repr_model_1_pred_0.npy,"(396, 384)","(396, 384)",1152
P00560__Y49W,P00560,Y49W,49,1.685000,results/af2/single-repr-full/outputs/P00560/single_repr_model_1_pred_0.npy,results/af2/single-repr-full/outputs/P00560__Y49W/single_repr_model_1_pred_0.npy,"(416, 384)","(416, 384)",1152
P00560__Y123W,P00560,Y123W,123,2.100000,results/af2/single-repr-full/outputs/P00560/single_repr_model_1_pred_0.npy,results/af2/single-repr-full/outputs/P00560__Y123W/single_repr_model_1_pred_0.npy,"(416, 384)","(416, 384)",1152
P00560__F195W,P00560,F195W,195,-0.920000,results/af2/single-repr-full/outputs/P00560/single_repr_model_1_pred_0.npy,results/af2/single-repr-full/outputs/P00560__F195W/single_repr_model_1_pred_0.npy,"(416, 384)","(416, 384)",1152
P00560__W309F,P00560,W309F,309,3.630000,results/af2/single-repr-full/outputs/P00560/single_repr_model_1_pred_0.npy,results/af2/single-repr-full/outputs/P00560__W309F/single_repr_model_1_pred_0.npy,"(416, 384)","(416, 384)",1152
P00560__W309Y,P00560,W309Y,309,1.365000,results/af2/single-repr-full/outputs/P00560/single_repr_model_1_pred_0.npy,results/af2/single-repr-full/outputs/P00560__W309Y/single_repr_model_1_pred_0.npy,"(416, 384)","(416, 384)",1152
P00560__W334F,P00560,W334F,334,1.015000,results/af2/single-repr-full/outputs/P00560/single_repr_model_1_pred_0.npy,results/af2/single-repr-full/outputs/P00560__W334F/single_repr_model_1_pred_0.npy,"(416, 384)","(416, 384)",1152
P00560__W334Y,P00560,W334Y,334,-1.100000,results/af2/single-repr-full/outputs/P00560/single_repr_model_1_pred_0.npy,results/af2/single-repr-full/outputs/P00560__W334Y/single_repr_model_1_pred_0.npy,"(416, 384)","(416, 384)",1152
P00560__H389Q,P00560,H389Q,389,0.840000,results/af2/single-repr-full/outputs/P00560/single_repr_model_1_pred_0.npy,results/af2/single-repr-full/outputs/P00560__H389Q/single_repr_model_1_pred_0.npy,"(416, 384)","(416, 384)",1152
P00560__L400W,P00560,L400W,400,3.000000,results/af2/single-repr-full/outputs/P00560/single_repr_model_1_pred_0.npy,results/af2/single-repr-full/outputs/P00560__L400W/single_repr_model_1_pred_0.npy,"(416, 384)","(416, 384)",1152
P00563__D122A,P00563,D122A,122,1.240000,results/af2/single-repr-full/outputs/P00563/single_repr_model_1_pred_0.npy,results/af2/single-repr-full/outputs/P00563__D122A/single_repr_model_1_pred_0.npy,"(381, 384)","(381, 384)",1152
P00563__D122N,P00563,D122N,122,1.190000,results/af2/single-repr-full/outputs/P00563/single_repr_model_1_pred_0.npy,results/af2/single-repr-full/outputs/P00563__D122N/single_repr_model_1_pred_0.npy,"(381, 384)","(381, 384)",1152
P00592__H70K,P00592,H70K,70,2.655000,results/af2/single-repr-full/outputs/P00592/single_repr_model_1_pred_0.npy,results/af2/single-repr-full/outputs/P00592__H70K/single_repr_model_1_pred_0.npy,"(146, 384)","(146, 384)",1152
P00592__H70N,P00592,H70N,70,1.990000,results/af2/single-repr-full/outputs/P00592/single_repr_model_1_pred_0.npy,results/af2/single-repr-full/outputs/P00592__H70N/single_repr_model_1_pred_0.npy,"(146, 384)","(146, 384)",1152
P00592__H70Q,P00592,H70Q,70,0.815000,results/af2/single-repr-full/outputs/P00592/single_repr_model_1_pred_0.npy,results/af2/single-repr-full/outputs/P00592__H70Q/single_repr_model_1_pred_0.npy,"(146, 384)","(146, 384)",1152
P00593__F44A,P00593,F44A,44,-0.350000,results/af2/single-repr-full/outputs/P00593/single_repr_model_1_pred_0.npy,results/af2/single-repr-full/outputs/P00593__F44A/single_repr_model_1_pred_0.npy,"(145, 384)","(145, 384)",1152
P00593__F44I,P00593,F44I,44,-2.050000,results/af2/single-repr-full/outputs/P00593/single_repr_model_1_pred_0.npy,results/af2/single-repr-full/outputs/P00593__F44I/single_repr_model_1_pred_0.npy,"(145, 384)","(145, 384)",1152
P00593__F44Y,P00593,F44Y,44,-1.150000,results/af2/single-repr-full/outputs/P00593/single_repr_model_1_pred_0.npy,results/af2/single-repr-full/outputs/P00593__F44Y/single_repr_model_1_pred_0.npy,"(145, 384)","(145, 384)",1152
P00593__H70A,P00593,H70A,70,1.900000,results/af2/single-repr-full/outputs/P00593/single_repr_model_1_pred_0.npy,results/af2/single-repr-full/outputs/P00593__H70A/single_repr_model_1_pred_0.npy,"(145, 384)","(145, 384)",1152
P00593__H70N,P00593,H70N,70,2.400000,results/af2/single-repr-full/outputs/P00593/single_repr_model_1_pred_0.npy,results/af2/single-repr-full/outputs/P00593__H70N/single_repr_model_1_pred_0.npy,"(145, 384)","(145, 384)",1152
P00593__H70Q,P00593,H70Q,70,0.500000,results/af2/single-repr-full/outputs/P00593/single_repr_model_1_pred_0.npy,results/af2/single-repr-full/outputs/P00593__H70Q/single_repr_model_1_pred_0.npy,"(145, 384)","(145, 384)",1152
P00593__F128A,P00593,F128A,128,1.050000,results/af2/single-repr-full/outputs/P00593/single_repr_model_1_pred_0.npy,results/af2/single-repr-full/outputs/P00593__F128A/single_repr_model_1_pred_0.npy,"(145, 384)","(145, 384)",1152
P00593__F128I,P00593,F128I,128,-1.400000,results/af2/single-repr-full/outputs/P00593/single_repr_model_1_pred_0.npy,results/af2/single-repr-full/outputs/P00593__F128I/single_repr_model_1_pred_0.npy,"(145, 384)","(145, 384)",1152
P00593__F128Y,P00593,F128Y,128,-0.350000,results/af2/single-repr-full/outputs/P00593/single_repr_model_1_pred_0.npy,results/af2/single-repr-full/outputs/P00593__F128Y/single_repr_model_1_pred_0.npy,"(145, 384)","(145, 384)",1152
P00644__T86A,P00644,T86A,86,0.200000,results/af2/single-repr-full/outputs/P00644/single_repr_model_1_pred_0.npy,results/af2/single-repr-full/outputs/P00644__T86A/single_repr_model_1_pred_0.npy,"(231, 384)","(231, 384)",1152
P00644__T86G,P00644,T86G,86,0.200000,results/af2/single-repr-full/outputs/P00644/single_repr_model_1_pred_0.npy,results/af2/single-repr-full/outputs/P00644__T86G/single_repr_model_1_pred_0.npy,"(231, 384)","(231, 384)",1152
P00644__K87A,P00644,K87A,87,-0.300000,results/af2/single-repr-full/outputs/P00644/single_repr_model_1_pred_0.npy,results/af2/single-repr-full/outputs/P00644__K87A/single_repr_model_1_pred_0.npy,"(231, 384)","(231, 384)",1152
P00644__K87G,P00644,K87G,87,-0.300000,results/af2/single-repr-full/outputs/P00644/single_repr_model_1_pred_0.npy,results/af2/single-repr-full/outputs/P00644__K87G/single_repr_model_1_pred_0.npy,"(231, 384)","(231, 384)",1152
P00644__K88A,P00644,K88A,88,-0.250000,results/af2/single-repr-full/outputs/P00644/single_repr_model_1_pred_0.npy,results/af2/single-repr-full/outputs/P00644__K88A/single_repr_model_1_pred_0.npy,"(231, 384)","(231, 384)",1152
P00644__K88G,P00644,K88G,88,-0.250000,results/af2/single-repr-full/outputs/P00644/single_repr_model_1_pred_0.npy,results/af2/single-repr-full/outputs/P00644__K88G/single_repr_model_1_pred_0.npy,"(231, 384)","(231, 384)",1152
P00644__L89A,P00644,L89A,89,1.600000,results/af2/single-repr-full/outputs/P00644/single_repr_model_1_pred_0.npy,results/af2/single-repr-full/outputs/P00644__L89A/single_repr_model_1_pred_0.npy,"(231, 384)","(231, 384)",1152
P00644__L89F,P00644,L89F,89,1.200000,results/af2/single-repr-full/outputs/P00644/single_repr_model_1_pred_0.npy,results/af2/single-repr-full/outputs/P00644__L89F/single_repr_model_1_pred_0.npy,"(231, 384)","(231, 384)",1152
P00644__L89G,P00644,L89G,89,1.500000,results/af2/single-repr-full/outputs/P00644/single_repr_model_1_pred_0.npy,results/af2/single-repr-full/outputs/P00644__L89G/single_repr_model_1_pred_0.npy,"(231, 384)","(231, 384)",1152
P00644__L89I,P00644,L89I,89,0.900000,results/af2/single-repr-full/outputs/P00644/single_repr_model_1_pred_0.npy,results/af2/single-repr-full/outputs/P00644__L89I/single_repr_model_1_pred_0.npy,"(231, 384)","(231, 384)",1152
P00644__L89V,P00644,L89V,89,1.200000,results/af2/single-repr-full/outputs/P00644/single_repr_model_1_pred_0.npy,results/af2/single-repr-full/outputs/P00644__L89V/single_repr_model_1_pred_0.npy,"(231, 384)","(231, 384)",1152
P00644__H90A,P00644,H90A,90,0.400000,results/af2/single-repr-full/outputs/P00644/single_repr_model_1_pred_0.npy,results/af2/single-repr-full/outputs/P00644__H90A/single_repr_model_1_pred_0.npy,"(231, 384)","(231, 384)",1152
P00644__H90G,P00644,H90G,90,0.800000,results/af2/single-repr-full/outputs/P00644/single_repr_model_1_pred_0.npy,results/af2/single-repr-full/outputs/P00644__H90G/single_repr_model_1_pred_0.npy,"(231, 384)","(231, 384)",1152
P00644__K91A,P00644,K91A,91,1.400000,results/af2/single-repr-full/outputs/P00644/single_repr_model_1_pred_0.npy,results/af2/single-repr-full/outputs/P00644__K91A/single_repr_model_1_pred_0.npy,"(231, 384)","(231, 384)",1152
P00644__K91F,P00644,K91F,91,1.000000,results/af2/single-repr-full/outputs/P00644/single_repr_model_1_pred_0.npy,results/af2/single-repr-full/outputs/P00644__K91F/single_repr_model_1_pred_0.npy,"(231, 384)","(231, 384)",1152
P00644__K91G,P00644,K91G,91,1.900000,results/af2/single-repr-full/outputs/P00644/single_repr_model_1_pred_0.npy,results/af2/single-repr-full/outputs/P00644__K91G/single_repr_model_1_pred_0.npy,"(231, 384)","(231, 384)",1152
P00644__E92A,P00644,E92A,92,1.300000,results/af2/single-repr-full/outputs/P00644/single_repr_model_1_pred_0.npy,results/af2/single-repr-full/outputs/P00644__E92A/single_repr_model_1_pred_0.npy,"(231, 384)","(231, 384)",1152
P00644__E92G,P00644,E92G,92,1.800000,results/af2/single-repr-full/outputs/P00644/single_repr_model_1_pred_0.npy,results/af2/single-repr-full/outputs/P00644__E92G/single_repr_model_1_pred_0.npy,"(231, 384)","(231, 384)",1152
P00644__E92K,P00644,E92K,92,2.000000,results/af2/single-repr-full/outputs/P00644/single_repr_model_1_pred_0.npy,results/af2/single-repr-full/outputs/P00644__E92K/single_repr_model_1_pred_0.npy,"(231, 384)","(231, 384)",1152
P00644__E92Q,P00644,E92Q,92,1.100000,results/af2/single-repr-full/outputs/P00644/single_repr_model_1_pred_0.npy,results/af2/single-repr-full/outputs/P00644__E92Q/single_repr_model_1_pred_0.npy,"(231, 384)","(231, 384)",1152
P00644__P93A,P00644,P93A,93,0.350000,results/af2/single-repr-full/outputs/P00644/single_repr_model_1_pred_0.npy,results/af2/single-repr-full/outputs/P00644__P93A/single_repr_model_1_pred_0.npy,"(231, 384)","(231, 384)",1152
P00644__P93F,P00644,P93F,93,0.550000,results/af2/single-repr-full/outputs/P00644/single_repr_model_1_pred_0.npy,results/af2/single-repr-full/outputs/P00644__P93F/single_repr_model_1_pred_0.npy,"(231, 384)","(231, 384)",1152
P00644__P93G,P00644,P93G,93,0.950000,results/af2/single-repr-full/outputs/P00644/single_repr_model_1_pred_0.npy,results/af2/single-repr-full/outputs/P00644__P93G/single_repr_model_1_pred_0.npy,"(231, 384)","(231, 384)",1152
P00644__A94G,P00644,A94G,94,2.400000,results/af2/single-repr-full/outputs/P00644/single_repr_model_1_pred_0.npy,results/af2/single-repr-full/outputs/P00644__A94G/single_repr_model_1_pred_0.npy,"(231, 384)","(231, 384)",1152
P00644__A94V,P00644,A94V,94,1.100000,results/af2/single-repr-full/outputs/P00644/single_repr_model_1_pred_0.npy,results/af2/single-repr-full/outputs/P00644__A94V/single_repr_model_1_pred_0.npy,"(231, 384)","(231, 384)",1152
P00644__T95A,P00644,T95A,95,0.700000,results/af2/single-repr-full/outputs/P00644/single_repr_model_1_pred_0.npy,results/af2/single-repr-full/outputs/P00644__T95A/single_repr_model_1_pred_0.npy,"(231, 384)","(231, 384)",1152
P00644__T95C,P00644,T95C,95,1.300000,results/af2/single-repr-full/outputs/P00644/single_repr_model_1_pred_0.npy,results/af2/single-repr-full/outputs/P00644__T95C/single_repr_model_1_pred_0.npy,"(231, 384)","(231, 384)",1152
P00644__T95G,P00644,T95G,95,1.100000,results/af2/single-repr-full/outputs/P00644/single_repr_model_1_pred_0.npy,results/af2/single-repr-full/outputs/P00644__T95G/single_repr_model_1_pred_0.npy,"(231, 384)","(231, 384)",1152
P00644__T95I,P00644,T95I,95,0.100000,results/af2/single-repr-full/outputs/P00644/single_repr_model_1_pred_0.npy,results/af2/single-repr-full/outputs/P00644__T95I/single_repr_model_1_pred_0.npy,"(231, 384)","(231, 384)",1152
P00644__T95S,P00644,T95S,95,0.300000,results/af2/single-repr-full/outputs/P00644/single_repr_model_1_pred_0.npy,results/af2/single-repr-full/outputs/P00644__T95S/single_repr_model_1_pred_0.npy,"(231, 384)","(231, 384)",1152
P00644__T95V,P00644,T95V,95,0.350000,results/af2/single-repr-full/outputs/P00644/single_repr_model_1_pred_0.npy,results/af2/single-repr-full/outputs/P00644__T95V/single_repr_model_1_pred_0.npy,"(231, 384)","(231, 384)",1152
P00644__L96A,P00644,L96A,96,2.300000,results/af2/single-repr-full/outputs/P00644/single_repr_model_1_pred_0.npy,results/af2/single-repr-full/outputs/P00644__L96A/single_repr_model_1_pred_0.npy,"(231, 384)","(231, 384)",1152
P00644__L96G,P00644,L96G,96,3.700000,results/af2/single-repr-full/outputs/P00644/single_repr_model_1_pred_0.npy,results/af2/single-repr-full/outputs/P00644__L96G/single_repr_model_1_pred_0.npy,"(231, 384)","(231, 384)",1152
P00644__L96I,P00644,L96I,96,1.500000,results/af2/single-repr-full/outputs/P00644/single_repr_model_1_pred_0.npy,results/af2/single-repr-full/outputs/P00644__L96I/single_repr_model_1_pred_0.npy,"(231, 384)","(231, 384)",1152
P00644__L96V,P00644,L96V,96,1.500000,results/af2/single-repr-full/outputs/P00644/single_repr_model_1_pred_0.npy,results/af2/single-repr-full/outputs/P00644__L96V/single_repr_model_1_pred_0.npy,"(231, 384)","(231, 384)",1152
P00644__I97A,P00644,I97A,97,2.650000,results/af2/single-repr-full/outputs/P00644/single_repr_model_1_pred_0.npy,results/af2/single-repr-full/outputs/P00644__I97A/single_repr_model_1_pred_0.npy,"(231, 384)","(231, 384)",1152
P00644__I97G,P00644,I97G,97,3.300000,results/af2/single-repr-full/outputs/P00644/single_repr_model_1_pred_0.npy,results/af2/single-repr-full/outputs/P00644__I97G/single_repr_model_1_pred_0.npy,"(231, 384)","(231, 384)",1152
P00644__I97L,P00644,I97L,97,0.600000,results/af2/single-repr-full/outputs/P00644/single_repr_model_1_pred_0.npy,results/af2/single-repr-full/outputs/P00644__I97L/single_repr_model_1_pred_0.npy,"(231, 384)","(231, 384)",1152
P00644__I97M,P00644,I97M,97,0.200000,results/af2/single-repr-full/outputs/P00644/single_repr_model_1_pred_0.npy,results/af2/single-repr-full/outputs/P00644__I97M/single_repr_model_1_pred_0.npy,"(231, 384)","(231, 384)",1152
P00644__I97V,P00644,I97V,97,0.800000,results/af2/single-repr-full/outputs/P00644/single_repr_model_1_pred_0.npy,results/af2/single-repr-full/outputs/P00644__I97V/single_repr_model_1_pred_0.npy,"(231, 384)","(231, 384)",1152
P00644__K98A,P00644,K98A,98,0.200000,results/af2/single-repr-full/outputs/P00644/single_repr_model_1_pred_0.npy,results/af2/single-repr-full/outputs/P00644__K98A/single_repr_model_1_pred_0.npy,"(231, 384)","(231, 384)",1152
P00644__K98F,P00644,K98F,98,0.400000,results/af2/single-repr-full/outputs/P00644/single_repr_model_1_pred_0.npy,results/af2/single-repr-full/outputs/P00644__K98F/single_repr_model_1_pred_0.npy,"(231, 384)","(231, 384)",1152
P00644__K98G,P00644,K98G,98,0.700000,results/af2/single-repr-full/outputs/P00644/single_repr_model_1_pred_0.npy,results/af2/single-repr-full/outputs/P00644__K98G/single_repr_model_1_pred_0.npy,"(231, 384)","(231, 384)",1152
P00644__A99G,P00644,A99G,99,0.250000,results/af2/single-repr-full/outputs/P00644/single_repr_model_1_pred_0.npy,results/af2/single-repr-full/outputs/P00644__A99G/single_repr_model_1_pred_0.npy,"(231, 384)","(231, 384)",1152
P00644__A99V,P00644,A99V,99,1.900000,results/af2/single-repr-full/outputs/P00644/single_repr_model_1_pred_0.npy,results/af2/single-repr-full/outputs/P00644__A99V/single_repr_model_1_pred_0.npy,"(231, 384)","(231, 384)",1152
P00644__I100A,P00644,I100A,100,2.500000,results/af2/single-repr-full/outputs/P00644/single_repr_model_1_pred_0.npy,results/af2/single-repr-full/outputs/P00644__I100A/single_repr_model_1_pred_0.npy,"(231, 384)","(231, 384)",1152
P00644__I100G,P00644,I100G,100,2.550000,results/af2/single-repr-full/outputs/P00644/single_repr_model_1_pred_0.npy,results/af2/single-repr-full/outputs/P00644__I100G/single_repr_model_1_pred_0.npy,"(231, 384)","(231, 384)",1152
P00644__I100L,P00644,I100L,100,0.150000,results/af2/single-repr-full/outputs/P00644/single_repr_model_1_pred_0.npy,results/af2/single-repr-full/outputs/P00644__I100L/single_repr_model_1_pred_0.npy,"(231, 384)","(231, 384)",1152
P00644__I100M,P00644,I100M,100,0.600000,results/af2/single-repr-full/outputs/P00644/single_repr_model_1_pred_0.npy,results/af2/single-repr-full/outputs/P00644__I100M/single_repr_model_1_pred_0.npy,"(231, 384)","(231, 384)",1152
P00644__I100V,P00644,I100V,100,1.000000,results/af2/single-repr-full/outputs/P00644/single_repr_model_1_pred_0.npy,results/af2/single-repr-full/outputs/P00644__I100V/single_repr_model_1_pred_0.npy,"(231, 384)","(231, 384)",1152
P00644__D101A,P00644,D101A,101,0.100000,results/af2/single-repr-full/outputs/P00644/single_repr_model_1_pred_0.npy,results/af2/single-repr-full/outputs/P00644__D101A/single_repr_model_1_pred_0.npy,"(231, 384)","(231, 384)",1152
P00644__D101F,P00644,D101F,101,1.300000,results/af2/single-repr-full/outputs/P00644/single_repr_model_1_pred_0.npy,results/af2/single-repr-full/outputs/P00644__D101F/single_repr_model_1_pred_0.npy,"(231, 384)","(231, 384)",1152
P00644__D101G,P00644,D101G,101,0.400000,results/af2/single-repr-full/outputs/P00644/single_repr_model_1_pred_0.npy,results/af2/single-repr-full/outputs/P00644__D101G/single_repr_model_1_pred_0.npy,"(231, 384)","(231, 384)",1152
P00644__D101K,P00644,D101K,101,0.350000,results/af2/single-repr-full/outputs/P00644/single_repr_model_1_pred_0.npy,results/af2/single-repr-full/outputs/P00644__D101K/single_repr_model_1_pred_0.npy,"(231, 384)","(231, 384)",1152
P00644__D101N,P00644,D101N,101,0.150000,results/af2/single-repr-full/outputs/P00644/single_repr_model_1_pred_0.npy,results/af2/single-repr-full/outputs/P00644__D101N/single_repr_model_1_pred_0.npy,"(231, 384)","(231, 384)",1152
P00644__G102A,P00644,G102A,102,0.200000,results/af2/single-repr-full/outputs/P00644/single_repr_model_1_pred_0.npy,results/af2/single-repr-full/outputs/P00644__G102A/single_repr_model_1_pred_0.npy,"(231, 384)","(231, 384)",1152
P00644__G102E,P00644,G102E,102,3.700000,results/af2/single-repr-full/outputs/P00644/single_repr_model_1_pred_0.npy,results/af2/single-repr-full/outputs/P00644__G102E/single_repr_model_1_pred_0.npy,"(231, 384)","(231, 384)",1152
P00644__G102V,P00644,G102V,102,2.200000,results/af2/single-repr-full/outputs/P00644/single_repr_model_1_pred_0.npy,results/af2/single-repr-full/outputs/P00644__G102V/single_repr_model_1_pred_0.npy,"(231, 384)","(231, 384)",1152
P00644__D103A,P00644,D103A,103,-0.700000,results/af2/single-repr-full/outputs/P00644/single_repr_model_1_pred_0.npy,results/af2/single-repr-full/outputs/P00644__D103A/single_repr_model_1_pred_0.npy,"(231, 384)","(231, 384)",1152
P00644__D103G,P00644,D103G,103,-0.300000,results/af2/single-repr-full/outputs/P00644/single_repr_model_1_pred_0.npy,results/af2/single-repr-full/outputs/P00644__D103G/single_repr_model_1_pred_0.npy,"(231, 384)","(231, 384)",1152
P00644__D103K,P00644,D103K,103,-1.000000,results/af2/single-repr-full/outputs/P00644/single_repr_model_1_pred_0.npy,results/af2/single-repr-full/outputs/P00644__D103K/single_repr_model_1_pred_0.npy,"(231, 384)","(231, 384)",1152
P00644__D103N,P00644,D103N,103,-1.400000,results/af2/single-repr-full/outputs/P00644/single_repr_model_1_pred_0.npy,results/af2/single-repr-full/outputs/P00644__D103N/single_repr_model_1_pred_0.npy,"(231, 384)","(231, 384)",1152
P00644__T104A,P00644,T104A,104,1.600000,results/af2/single-repr-full/outputs/P00644/single_repr_model_1_pred_0.npy,results/af2/single-repr-full/outputs/P00644__T104A/single_repr_model_1_pred_0.npy,"(231, 384)","(231, 384)",1152
P00644__T104C,P00644,T104C,104,0.900000,results/af2/single-repr-full/outputs/P00644/single_repr_model_1_pred_0.npy,results/af2/single-repr-full/outputs/P00644__T104C/single_repr_model_1_pred_0.npy,"(231, 384)","(231, 384)",1152
P00644__T104G,P00644,T104G,104,2.400000,results/af2/single-repr-full/outputs/P00644/single_repr_model_1_pred_0.npy,results/af2/single-repr-full/outputs/P00644__T104G/single_repr_model_1_pred_0.npy,"(231, 384)","(231, 384)",1152
P00644__T104I,P00644,T104I,104,0.600000,results/af2/single-repr-full/outputs/P00644/single_repr_model_1_pred_0.npy,results/af2/single-repr-full/outputs/P00644__T104I/single_repr_model_1_pred_0.npy,"(231, 384)","(231, 384)",1152
P00644__T104S,P00644,T104S,104,0.600000,results/af2/single-repr-full/outputs/P00644/single_repr_model_1_pred_0.npy,results/af2/single-repr-full/outputs/P00644__T104S/single_repr_model_1_pred_0.npy,"(231, 384)","(231, 384)",1152
P00644__T104V,P00644,T104V,104,0.850000,results/af2/single-repr-full/outputs/P00644/single_repr_model_1_pred_0.npy,results/af2/single-repr-full/outputs/P00644__T104V/single_repr_model_1_pred_0.npy,"(231, 384)","(231, 384)",1152
P00644__V105A,P00644,V105A,105,2.600000,results/af2/single-repr-full/outputs/P00644/single_repr_model_1_pred_0.npy,results/af2/single-repr-full/outputs/P00644__V105A/single_repr_model_1_pred_0.npy,"(231, 384)","(231, 384)",1152
P00644__V105E,P00644,V105E,105,6.000000,results/af2/single-repr-full/outputs/P00644/single_repr_model_1_pred_0.npy,results/af2/single-repr-full/outputs/P00644__V105E/single_repr_model_1_pred_0.npy,"(231, 384)","(231, 384)",1152
P00644__V105F,P00644,V105F,105,1.900000,results/af2/single-repr-full/outputs/P00644/single_repr_model_1_pred_0.npy,results/af2/single-repr-full/outputs/P00644__V105F/single_repr_model_1_pred_0.npy,"(231, 384)","(231, 384)",1152
P00644__V105G,P00644,V105G,105,5.200000,results/af2/single-repr-full/outputs/P00644/single_repr_model_1_pred_0.npy,results/af2/single-repr-full/outputs/P00644__V105G/single_repr_model_1_pred_0.npy,"(231, 384)","(231, 384)",1152
P00644__V105I,P00644,V105I,105,0.100000,results/af2/single-repr-full/outputs/P00644/single_repr_model_1_pred_0.npy,results/af2/single-repr-full/outputs/P00644__V105I/single_repr_model_1_pred_0.npy,"(231, 384)","(231, 384)",1152
P00644__V105L,P00644,V105L,105,0.050000,results/af2/single-repr-full/outputs/P00644/single_repr_model_1_pred_0.npy,results/af2/single-repr-full/outputs/P00644__V105L/single_repr_model_1_pred_0.npy,"(231, 384)","(231, 384)",1152
P00644__V105S,P00644,V105S,105,4.700000,results/af2/single-repr-full/outputs/P00644/single_repr_model_1_pred_0.npy,results/af2/single-repr-full/outputs/P00644__V105S/single_repr_model_1_pred_0.npy,"(231, 384)","(231, 384)",1152
P00644__V105T,P00644,V105T,105,3.200000,results/af2/single-repr-full/outputs/P00644/single_repr_model_1_pred_0.npy,results/af2/single-repr-full/outputs/P00644__V105T/single_repr_model_1_pred_0.npy,"(231, 384)","(231, 384)",1152
P00644__K106A,P00644,K106A,106,0.250000,results/af2/single-repr-full/outputs/P00644/single_repr_model_1_pred_0.npy,results/af2/single-repr-full/outputs/P00644__K106A/single_repr_model_1_pred_0.npy,"(231, 384)","(231, 384)",1152
P00644__K106F,P00644,K106F,106,0.500000,results/af2/single-repr-full/outputs/P00644/single_repr_model_1_pred_0.npy,results/af2/single-repr-full/outputs/P00644__K106F/single_repr_model_1_pred_0.npy,"(231, 384)","(231, 384)",1152
P00644__K106G,P00644,K106G,106,1.100000,results/af2/single-repr-full/outputs/P00644/single_repr_model_1_pred_0.npy,results/af2/single-repr-full/outputs/P00644__K106G/single_repr_model_1_pred_0.npy,"(231, 384)","(231, 384)",1152
P00644__L107A,P00644,L107A,107,2.650000,results/af2/single-repr-full/outputs/P00644/single_repr_model_1_pred_0.npy,results/af2/single-repr-full/outputs/P00644__L107A/single_repr_model_1_pred_0.npy,"(231, 384)","(231, 384)",1152
P00644__L107E,P00644,L107E,107,7.800000,results/af2/single-repr-full/outputs/P00644/single_repr_model_1_pred_0.npy,results/af2/single-repr-full/outputs/P00644__L107E/single_repr_model_1_pred_0.npy,"(231, 384)","(231, 384)",1152
P00644__L107G,P00644,L107G,107,4.500000,results/af2/single-repr-full/outputs/P00644/single_repr_model_1_pred_0.npy,results/af2/single-repr-full/outputs/P00644__L107G/single_repr_model_1_pred_0.npy,"(231, 384)","(231, 384)",1152
P00644__L107I,P00644,L107I,107,1.700000,results/af2/single-repr-full/outputs/P00644/single_repr_model_1_pred_0.npy,results/af2/single-repr-full/outputs/P00644__L107I/single_repr_model_1_pred_0.npy,"(231, 384)","(231, 384)",1152
P00644__L107V,P00644,L107V,107,1.800000,results/af2/single-repr-full/outputs/P00644/single_repr_model_1_pred_0.npy,results/af2/single-repr-full/outputs/P00644__L107V/single_repr_model_1_pred_0.npy,"(231, 384)","(231, 384)",1152
P00644__M108A,P00644,M108A,108,1.500000,results/af2/single-repr-full/outputs/P00644/single_repr_model_1_pred_0.npy,results/af2/single-repr-full/outputs/P00644__M108A/single_repr_model_1_pred_0.npy,"(231, 384)","(231, 384)",1152
P00644__M108G,P00644,M108G,108,1.900000,results/af2/single-repr-full/outputs/P00644/single_repr_model_1_pred_0.npy,results/af2/single-repr-full/outputs/P00644__M108G/single_repr_model_1_pred_0.npy,"(231, 384)","(231, 384)",1152
P00644__M108I,P00644,M108I,108,0.800000,results/af2/single-repr-full/outputs/P00644/single_repr_model_1_pred_0.npy,results/af2/single-repr-full/outputs/P00644__M108I/single_repr_model_1_pred_0.npy,"(231, 384)","(231, 384)",1152
P00644__M108L,P00644,M108L,108,0.400000,results/af2/single-repr-full/outputs/P00644/single_repr_model_1_pred_0.npy,results/af2/single-repr-full/outputs/P00644__M108L/single_repr_model_1_pred_0.npy,"(231, 384)","(231, 384)",1152
P00644__Y109A,P00644,Y109A,109,3.500000,results/af2/single-repr-full/outputs/P00644/single_repr_model_1_pred_0.npy,results/af2/single-repr-full/outputs/P00644__Y109A/single_repr_model_1_pred_0.npy,"(231, 384)","(231, 384)",1152
P00644__Y109C,P00644,Y109C,109,2.700000,results/af2/single-repr-full/outputs/P00644/single_repr_model_1_pred_0.npy,results/af2/single-repr-full/outputs/P00644__Y109C/single_repr_model_1_pred_0.npy,"(231, 384)","(231, 384)",1152
P00644__Y109D,P00644,Y109D,109,5.000000,results/af2/single-repr-full/outputs/P00644/single_repr_model_1_pred_0.npy,results/af2/single-repr-full/outputs/P00644__Y109D/single_repr_model_1_pred_0.npy,"(231, 384)","(231, 384)",1152
P00644__Y109E,P00644,Y109E,109,4.650000,results/af2/single-repr-full/outputs/P00644/single_repr_model_1_pred_0.npy,results/af2/single-repr-full/outputs/P00644__Y109E/single_repr_model_1_pred_0.npy,"(231, 384)","(231, 384)",1152
P00644__Y109F,P00644,Y109F,109,0.400000,results/af2/single-repr-full/outputs/P00644/single_repr_model_1_pred_0.npy,results/af2/single-repr-full/outputs/P00644__Y109F/single_repr_model_1_pred_0.npy,"(231, 384)","(231, 384)",1152
P00644__Y109G,P00644,Y109G,109,5.300000,results/af2/single-repr-full/outputs/P00644/single_repr_model_1_pred_0.npy,results/af2/single-repr-full/outputs/P00644__Y109G/single_repr_model_1_pred_0.npy,"(231, 384)","(231, 384)",1152
P00644__Y109H,P00644,Y109H,109,1.600000,results/af2/single-repr-full/outputs/P00644/single_repr_model_1_pred_0.npy,results/af2/single-repr-full/outputs/P00644__Y109H/single_repr_model_1_pred_0.npy,"(231, 384)","(231, 384)",1152
P00644__Y109I,P00644,Y109I,109,2.300000,results/af2/single-repr-full/outputs/P00644/single_repr_model_1_pred_0.npy,results/af2/single-repr-full/outputs/P00644__Y109I/single_repr_model_1_pred_0.npy,"(231, 384)","(231, 384)",1152
P00644__Y109K,P00644,Y109K,109,3.800000,results/af2/single-repr-full/outputs/P00644/single_repr_model_1_pred_0.npy,results/af2/single-repr-full/outputs/P00644__Y109K/single_repr_model_1_pred_0.npy,"(231, 384)","(231, 384)",1152
P00644__Y109L,P00644,Y109L,109,1.500000,results/af2/single-repr-full/outputs/P00644/single_repr_model_1_pred_0.npy,results/af2/single-repr-full/outputs/P00644__Y109L/single_repr_model_1_pred_0.npy,"(231, 384)","(231, 384)",1152
P00644__Y109M,P00644,Y109M,109,1.900000,results/af2/single-repr-full/outputs/P00644/single_repr_model_1_pred_0.npy,results/af2/single-repr-full/outputs/P00644__Y109M/single_repr_model_1_pred_0.npy,"(231, 384)","(231, 384)",1152
P00644__Y109N,P00644,Y109N,109,3.800000,results/af2/single-repr-full/outputs/P00644/single_repr_model_1_pred_0.npy,results/af2/single-repr-full/outputs/P00644__Y109N/single_repr_model_1_pred_0.npy,"(231, 384)","(231, 384)",1152
P00644__Y109P,P00644,Y109P,109,5.650000,results/af2/single-repr-full/outputs/P00644/single_repr_model_1_pred_0.npy,results/af2/single-repr-full/outputs/P00644__Y109P/single_repr_model_1_pred_0.npy,"(231, 384)","(231, 384)",1152
P00644__Y109Q,P00644,Y109Q,109,3.200000,results/af2/single-repr-full/outputs/P00644/single_repr_model_1_pred_0.npy,results/af2/single-repr-full/outputs/P00644__Y109Q/single_repr_model_1_pred_0.npy,"(231, 384)","(231, 384)",1152
P00644__Y109R,P00644,Y109R,109,2.900000,results/af2/single-repr-full/outputs/P00644/single_repr_model_1_pred_0.npy,results/af2/single-repr-full/outputs/P00644__Y109R/single_repr_model_1_pred_0.npy,"(231, 384)","(231, 384)",1152
P00644__Y109S,P00644,Y109S,109,3.000000,results/af2/single-repr-full/outputs/P00644/single_repr_model_1_pred_0.npy,results/af2/single-repr-full/outputs/P00644__Y109S/single_repr_model_1_pred_0.npy,"(231, 384)","(231, 384)",1152
P00644__Y109T,P00644,Y109T,109,3.200000,results/af2/single-repr-full/outputs/P00644/single_repr_model_1_pred_0.npy,results/af2/single-repr-full/outputs/P00644__Y109T/single_repr_model_1_pred_0.npy,"(231, 384)","(231, 384)",1152
P00644__Y109V,P00644,Y109V,109,2.600000,results/af2/single-repr-full/outputs/P00644/single_repr_model_1_pred_0.npy,results/af2/single-repr-full/outputs/P00644__Y109V/single_repr_model_1_pred_0.npy,"(231, 384)","(231, 384)",1152
P00644__Y109W,P00644,Y109W,109,0.600000,results/af2/single-repr-full/outputs/P00644/single_repr_model_1_pred_0.npy,results/af2/single-repr-full/outputs/P00644__Y109W/single_repr_model_1_pred_0.npy,"(231, 384)","(231, 384)",1152
P00644__K110A,P00644,K110A,110,0.700000,results/af2/single-repr-full/outputs/P00644/single_repr_model_1_pred_0.npy,results/af2/single-repr-full/outputs/P00644__K110A/single_repr_model_1_pred_0.npy,"(231, 384)","(231, 384)",1152
P00644__K110E,P00644,K110E,110,0.800000,results/af2/single-repr-full/outputs/P00644/single_repr_model_1_pred_0.npy,results/af2/single-repr-full/outputs/P00644__K110E/single_repr_model_1_pred_0.npy,"(231, 384)","(231, 384)",1152
P00644__K110F,P00644,K110F,110,0.800000,results/af2/single-repr-full/outputs/P00644/single_repr_model_1_pred_0.npy,results/af2/single-repr-full/outputs/P00644__K110F/single_repr_model_1_pred_0.npy,"(231, 384)","(231, 384)",1152
P00644__K110G,P00644,K110G,110,0.750000,results/af2/single-repr-full/outputs/P00644/single_repr_model_1_pred_0.npy,results/af2/single-repr-full/outputs/P00644__K110G/single_repr_model_1_pred_0.npy,"(231, 384)","(231, 384)",1152
P00644__K110Q,P00644,K110Q,110,0.300000,results/af2/single-repr-full/outputs/P00644/single_repr_model_1_pred_0.npy,results/af2/single-repr-full/outputs/P00644__K110Q/single_repr_model_1_pred_0.npy,"(231, 384)","(231, 384)",1152
P00644__G111A,P00644,G111A,111,1.250000,results/af2/single-repr-full/outputs/P00644/single_repr_model_1_pred_0.npy,results/af2/single-repr-full/outputs/P00644__G111A/single_repr_model_1_pred_0.npy,"(231, 384)","(231, 384)",1152
P00644__G111C,P00644,G111C,111,1.100000,results/af2/single-repr-full/outputs/P00644/single_repr_model_1_pred_0.npy,results/af2/single-repr-full/outputs/P00644__G111C/single_repr_model_1_pred_0.npy,"(231, 384)","(231, 384)",1152
P00644__G111F,P00644,G111F,111,1.200000,results/af2/single-repr-full/outputs/P00644/single_repr_model_1_pred_0.npy,results/af2/single-repr-full/outputs/P00644__G111F/single_repr_model_1_pred_0.npy,"(231, 384)","(231, 384)",1152
P00644__G111V,P00644,G111V,111,3.000000,results/af2/single-repr-full/outputs/P00644/single_repr_model_1_pred_0.npy,results/af2/single-repr-full/outputs/P00644__G111V/single_repr_model_1_pred_0.npy,"(231, 384)","(231, 384)",1152
P00644__Q112A,P00644,Q112A,112,0.250000,results/af2/single-repr-full/outputs/P00644/single_repr_model_1_pred_0.npy,results/af2/single-repr-full/outputs/P00644__Q112A/single_repr_model_1_pred_0.npy,"(231, 384)","(231, 384)",1152
P00644__Q112G,P00644,Q112G,112,0.900000,results/af2/single-repr-full/outputs/P00644/single_repr_model_1_pred_0.npy,results/af2/single-repr-full/outputs/P00644__Q112G/single_repr_model_1_pred_0.npy,"(231, 384)","(231, 384)",1152
P00644__P113A,P00644,P113A,113,0.550000,results/af2/single-repr-full/outputs/P00644/single_repr_model_1_pred_0.npy,results/af2/single-repr-full/outputs/P00644__P113A/single_repr_model_1_pred_0.npy,"(231, 384)","(231, 384)",1152
P00644__P113G,P00644,P113G,113,1.500000,results/af2/single-repr-full/outputs/P00644/single_repr_model_1_pred_0.npy,results/af2/single-repr-full/outputs/P00644__P113G/single_repr_model_1_pred_0.npy,"(231, 384)","(231, 384)",1152
P00644__M114A,P00644,M114A,114,1.700000,results/af2/single-repr-full/outputs/P00644/single_repr_model_1_pred_0.npy,results/af2/single-repr-full/outputs/P00644__M114A/single_repr_model_1_pred_0.npy,"(231, 384)","(231, 384)",1152
P00644__M114G,P00644,M114G,114,2.400000,results/af2/single-repr-full/outputs/P00644/single_repr_model_1_pred_0.npy,results/af2/single-repr-full/outputs/P00644__M114G/single_repr_model_1_pred_0.npy,"(231, 384)","(231, 384)",1152
P00644__M114I,P00644,M114I,114,0.600000,results/af2/single-repr-full/outputs/P00644/single_repr_model_1_pred_0.npy,results/af2/single-repr-full/outputs/P00644__M114I/single_repr_model_1_pred_0.npy,"(231, 384)","(231, 384)",1152
P00644__M114L,P00644,M114L,114,0.800000,results/af2/single-repr-full/outputs/P00644/single_repr_model_1_pred_0.npy,results/af2/single-repr-full/outputs/P00644__M114L/single_repr_model_1_pred_0.npy,"(231, 384)","(231, 384)",1152
P00644__T115A,P00644,T115A,115,1.400000,results/af2/single-repr-full/outputs/P00644/single_repr_model_1_pred_0.npy,results/af2/single-repr-full/outputs/P00644__T115A/single_repr_model_1_pred_0.npy,"(231, 384)","(231, 384)",1152
P00644__T115C,P00644,T115C,115,1.100000,results/af2/single-repr-full/outputs/P00644/single_repr_model_1_pred_0.npy,results/af2/single-repr-full/outputs/P00644__T115C/single_repr_model_1_pred_0.npy,"(231, 384)","(231, 384)",1152
P00644__T115G,P00644,T115G,115,2.500000,results/af2/single-repr-full/outputs/P00644/single_repr_model_1_pred_0.npy,results/af2/single-repr-full/outputs/P00644__T115G/single_repr_model_1_pred_0.npy,"(231, 384)","(231, 384)",1152
P00644__T115I,P00644,T115I,115,-0.600000,results/af2/single-repr-full/outputs/P00644/single_repr_model_1_pred_0.npy,results/af2/single-repr-full/outputs/P00644__T115I/single_repr_model_1_pred_0.npy,"(231, 384)","(231, 384)",1152
P00644__T115S,P00644,T115S,115,1.300000,results/af2/single-repr-full/outputs/P00644/single_repr_model_1_pred_0.npy,results/af2/single-repr-full/outputs/P00644__T115S/single_repr_model_1_pred_0.npy,"(231, 384)","(231, 384)",1152
P00644__T115V,P00644,T115V,115,-0.400000,results/af2/single-repr-full/outputs/P00644/single_repr_model_1_pred_0.npy,results/af2/single-repr-full/outputs/P00644__T115V/single_repr_model_1_pred_0.npy,"(231, 384)","(231, 384)",1152
P00644__F116A,P00644,F116A,116,3.700000,results/af2/single-repr-full/outputs/P00644/single_repr_model_1_pred_0.npy,results/af2/single-repr-full/outputs/P00644__F116A/single_repr_model_1_pred_0.npy,"(231, 384)","(231, 384)",1152
P00644__F116C,P00644,F116C,116,2.800000,results/af2/single-repr-full/outputs/P00644/single_repr_model_1_pred_0.npy,results/af2/single-repr-full/outputs/P00644__F116C/single_repr_model_1_pred_0.npy,"(231, 384)","(231, 384)",1152
P00644__F116E,P00644,F116E,116,6.500000,results/af2/single-repr-full/outputs/P00644/single_repr_model_1_pred_0.npy,results/af2/single-repr-full/outputs/P00644__F116E/single_repr_model_1_pred_0.npy,"(231, 384)","(231, 384)",1152
P00644__F116G,P00644,F116G,116,5.750000,results/af2/single-repr-full/outputs/P00644/single_repr_model_1_pred_0.npy,results/af2/single-repr-full/outputs/P00644__F116G/single_repr_model_1_pred_0.npy,"(231, 384)","(231, 384)",1152
P00644__R117A,P00644,R117A,117,1.400000,results/af2/single-repr-full/outputs/P00644/single_repr_model_1_pred_0.npy,results/af2/single-repr-full/outputs/P00644__R117A/single_repr_model_1_pred_0.npy,"(231, 384)","(231, 384)",1152
P00644__R117G,P00644,R117G,117,2.200000,results/af2/single-repr-full/outputs/P00644/single_repr_model_1_pred_0.npy,results/af2/single-repr-full/outputs/P00644__R117G/single_repr_model_1_pred_0.npy,"(231, 384)","(231, 384)",1152
P00644__L118A,P00644,L118A,118,3.550000,results/af2/single-repr-full/outputs/P00644/single_repr_model_1_pred_0.npy,results/af2/single-repr-full/outputs/P00644__L118A/single_repr_model_1_pred_0.npy,"(231, 384)","(231, 384)",1152
P00644__L118C,P00644,L118C,118,2.900000,results/af2/single-repr-full/outputs/P00644/single_repr_model_1_pred_0.npy,results/af2/single-repr-full/outputs/P00644__L118C/single_repr_model_1_pred_0.npy,"(231, 384)","(231, 384)",1152
P00644__L118E,P00644,L118E,118,5.850000,results/af2/single-repr-full/outputs/P00644/single_repr_model_1_pred_0.npy,results/af2/single-repr-full/outputs/P00644__L118E/single_repr_model_1_pred_0.npy,"(231, 384)","(231, 384)",1152
P00644__L118G,P00644,L118G,118,5.300000,results/af2/single-repr-full/outputs/P00644/single_repr_model_1_pred_0.npy,results/af2/single-repr-full/outputs/P00644__L118G/single_repr_model_1_pred_0.npy,"(231, 384)","(231, 384)",1152
P00644__L118I,P00644,L118I,118,3.100000,results/af2/single-repr-full/outputs/P00644/single_repr_model_1_pred_0.npy,results/af2/single-repr-full/outputs/P00644__L118I/single_repr_model_1_pred_0.npy,"(231, 384)","(231, 384)",1152
P00644__L118V,P00644,L118V,118,3.500000,results/af2/single-repr-full/outputs/P00644/single_repr_model_1_pred_0.npy,results/af2/single-repr-full/outputs/P00644__L118V/single_repr_model_1_pred_0.npy,"(231, 384)","(231, 384)",1152
P00644__L119A,P00644,L119A,119,1.600000,results/af2/single-repr-full/outputs/P00644/single_repr_model_1_pred_0.npy,results/af2/single-repr-full/outputs/P00644__L119A/single_repr_model_1_pred_0.npy,"(231, 384)","(231, 384)",1152
P00644__L119E,P00644,L119E,119,2.900000,results/af2/single-repr-full/outputs/P00644/single_repr_model_1_pred_0.npy,results/af2/single-repr-full/outputs/P00644__L119E/single_repr_model_1_pred_0.npy,"(231, 384)","(231, 384)",1152
P00644__L119G,P00644,L119G,119,3.800000,results/af2/single-repr-full/outputs/P00644/single_repr_model_1_pred_0.npy,results/af2/single-repr-full/outputs/P00644__L119G/single_repr_model_1_pred_0.npy,"(231, 384)","(231, 384)",1152
P00644__L119I,P00644,L119I,119,1.800000,results/af2/single-repr-full/outputs/P00644/single_repr_model_1_pred_0.npy,results/af2/single-repr-full/outputs/P00644__L119I/single_repr_model_1_pred_0.npy,"(231, 384)","(231, 384)",1152
P00644__L119V,P00644,L119V,119,2.800000,results/af2/single-repr-full/outputs/P00644/single_repr_model_1_pred_0.npy,results/af2/single-repr-full/outputs/P00644__L119V/single_repr_model_1_pred_0.npy,"(231, 384)","(231, 384)",1152
P00644__L120A,P00644,L120A,120,1.550000,results/af2/single-repr-full/outputs/P00644/single_repr_model_1_pred_0.npy,results/af2/single-repr-full/outputs/P00644__L120A/single_repr_model_1_pred_0.npy,"(231, 384)","(231, 384)",1152
P00644__L120E,P00644,L120E,120,3.300000,results/af2/single-repr-full/outputs/P00644/single_repr_model_1_pred_0.npy,results/af2/single-repr-full/outputs/P00644__L120E/single_repr_model_1_pred_0.npy,"(231, 384)","(231, 384)",1152
P00644__L120G,P00644,L120G,120,0.500000,results/af2/single-repr-full/outputs/P00644/single_repr_model_1_pred_0.npy,results/af2/single-repr-full/outputs/P00644__L120G/single_repr_model_1_pred_0.npy,"(231, 384)","(231, 384)",1152
P00644__L120I,P00644,L120I,120,2.100000,results/af2/single-repr-full/outputs/P00644/single_repr_model_1_pred_0.npy,results/af2/single-repr-full/outputs/P00644__L120I/single_repr_model_1_pred_0.npy,"(231, 384)","(231, 384)",1152
P00644__L120V,P00644,L120V,120,0.150000,results/af2/single-repr-full/outputs/P00644/single_repr_model_1_pred_0.npy,results/af2/single-repr-full/outputs/P00644__L120V/single_repr_model_1_pred_0.npy,"(231, 384)","(231, 384)",1152
P00644__V121A,P00644,V121A,121,2.200000,results/af2/single-repr-full/outputs/P00644/single_repr_model_1_pred_0.npy,results/af2/single-repr-full/outputs/P00644__V121A/single_repr_model_1_pred_0.npy,"(231, 384)","(231, 384)",1152
P00644__V121E,P00644,V121E,121,4.950000,results/af2/single-repr-full/outputs/P00644/single_repr_model_1_pred_0.npy,results/af2/single-repr-full/outputs/P00644__V121E/single_repr_model_1_pred_0.npy,"(231, 384)","(231, 384)",1152
P00644__V121G,P00644,V121G,121,4.600000,results/af2/single-repr-full/outputs/P00644/single_repr_model_1_pred_0.npy,results/af2/single-repr-full/outputs/P00644__V121G/single_repr_model_1_pred_0.npy,"(231, 384)","(231, 384)",1152
P00644__V121I,P00644,V121I,121,-0.100000,results/af2/single-repr-full/outputs/P00644/single_repr_model_1_pred_0.npy,results/af2/single-repr-full/outputs/P00644__V121I/single_repr_model_1_pred_0.npy,"(231, 384)","(231, 384)",1152
P00644__V121L,P00644,V121L,121,0.900000,results/af2/single-repr-full/outputs/P00644/single_repr_model_1_pred_0.npy,results/af2/single-repr-full/outputs/P00644__V121L/single_repr_model_1_pred_0.npy,"(231, 384)","(231, 384)",1152
P00644__V121S,P00644,V121S,121,2.400000,results/af2/single-repr-full/outputs/P00644/single_repr_model_1_pred_0.npy,results/af2/single-repr-full/outputs/P00644__V121S/single_repr_model_1_pred_0.npy,"(231, 384)","(231, 384)",1152
P00644__V121T,P00644,V121T,121,1.300000,results/af2/single-repr-full/outputs/P00644/single_repr_model_1_pred_0.npy,results/af2/single-repr-full/outputs/P00644__V121T/single_repr_model_1_pred_0.npy,"(231, 384)","(231, 384)",1152
P00644__D122A,P00644,D122A,122,-0.300000,results/af2/single-repr-full/outputs/P00644/single_repr_model_1_pred_0.npy,results/af2/single-repr-full/outputs/P00644__D122A/single_repr_model_1_pred_0.npy,"(231, 384)","(231, 384)",1152
P00644__D122G,P00644,D122G,122,0.400000,results/af2/single-repr-full/outputs/P00644/single_repr_model_1_pred_0.npy,results/af2/single-repr-full/outputs/P00644__D122G/single_repr_model_1_pred_0.npy,"(231, 384)","(231, 384)",1152
P00644__T123A,P00644,T123A,123,0.000000,results/af2/single-repr-full/outputs/P00644/single_repr_model_1_pred_0.npy,results/af2/single-repr-full/outputs/P00644__T123A/single_repr_model_1_pred_0.npy,"(231, 384)","(231, 384)",1152
P00644__T123C,P00644,T123C,123,-0.600000,results/af2/single-repr-full/outputs/P00644/single_repr_model_1_pred_0.npy,results/af2/single-repr-full/outputs/P00644__T123C/single_repr_model_1_pred_0.npy,"(231, 384)","(231, 384)",1152
P00644__T123E,P00644,T123E,123,3.300000,results/af2/single-repr-full/outputs/P00644/single_repr_model_1_pred_0.npy,results/af2/single-repr-full/outputs/P00644__T123E/single_repr_model_1_pred_0.npy,"(231, 384)","(231, 384)",1152
P00644__T123G,P00644,T123G,123,1.800000,results/af2/single-repr-full/outputs/P00644/single_repr_model_1_pred_0.npy,results/af2/single-repr-full/outputs/P00644__T123G/single_repr_model_1_pred_0.npy,"(231, 384)","(231, 384)",1152
P00644__T123I,P00644,T123I,123,-0.700000,results/af2/single-repr-full/outputs/P00644/single_repr_model_1_pred_0.npy,results/af2/single-repr-full/outputs/P00644__T123I/single_repr_model_1_pred_0.npy,"(231, 384)","(231, 384)",1152
P00644__T123S,P00644,T123S,123,1.000000,results/af2/single-repr-full/outputs/P00644/single_repr_model_1_pred_0.npy,results/af2/single-repr-full/outputs/P00644__T123S/single_repr_model_1_pred_0.npy,"(231, 384)","(231, 384)",1152
P00644__T123V,P00644,T123V,123,-0.800000,results/af2/single-repr-full/outputs/P00644/single_repr_model_1_pred_0.npy,results/af2/single-repr-full/outputs/P00644__T123V/single_repr_model_1_pred_0.npy,"(231, 384)","(231, 384)",1152
P00644__P124A,P00644,P124A,124,-0.100000,results/af2/single-repr-full/outputs/P00644/single_repr_model_1_pred_0.npy,results/af2/single-repr-full/outputs/P00644__P124A/single_repr_model_1_pred_0.npy,"(231, 384)","(231, 384)",1152
P00644__P124G,P00644,P124G,124,0.350000,results/af2/single-repr-full/outputs/P00644/single_repr_model_1_pred_0.npy,results/af2/single-repr-full/outputs/P00644__P124G/single_repr_model_1_pred_0.npy,"(231, 384)","(231, 384)",1152
P00644__E125A,P00644,E125A,125,-0.300000,results/af2/single-repr-full/outputs/P00644/single_repr_model_1_pred_0.npy,results/af2/single-repr-full/outputs/P00644__E125A/single_repr_model_1_pred_0.npy,"(231, 384)","(231, 384)",1152
P00644__E125D,P00644,E125D,125,-0.200000,results/af2/single-repr-full/outputs/P00644/single_repr_model_1_pred_0.npy,results/af2/single-repr-full/outputs/P00644__E125D/single_repr_model_1_pred_0.npy,"(231, 384)","(231, 384)",1152
P00644__E125G,P00644,E125G,125,-0.500000,results/af2/single-repr-full/outputs/P00644/single_repr_model_1_pred_0.npy,results/af2/single-repr-full/outputs/P00644__E125G/single_repr_model_1_pred_0.npy,"(231, 384)","(231, 384)",1152
P00644__T126A,P00644,T126A,126,0.300000,results/af2/single-repr-full/outputs/P00644/single_repr_model_1_pred_0.npy,results/af2/single-repr-full/outputs/P00644__T126A/single_repr_model_1_pred_0.npy,"(231, 384)","(231, 384)",1152
P00644__T126C,P00644,T126C,126,0.200000,results/af2/single-repr-full/outputs/P00644/single_repr_model_1_pred_0.npy,results/af2/single-repr-full/outputs/P00644__T126C/single_repr_model_1_pred_0.npy,"(231, 384)","(231, 384)",1152
P00644__T126G,P00644,T126G,126,0.500000,results/af2/single-repr-full/outputs/P00644/single_repr_model_1_pred_0.npy,results/af2/single-repr-full/outputs/P00644__T126G/single_repr_model_1_pred_0.npy,"(231, 384)","(231, 384)",1152
P00644__T126I,P00644,T126I,126,0.600000,results/af2/single-repr-full/outputs/P00644/single_repr_model_1_pred_0.npy,results/af2/single-repr-full/outputs/P00644__T126I/single_repr_model_1_pred_0.npy,"(231, 384)","(231, 384)",1152
P00644__T126S,P00644,T126S,126,0.000000,results/af2/single-repr-full/outputs/P00644/single_repr_model_1_pred_0.npy,results/af2/single-repr-full/outputs/P00644__T126S/single_repr_model_1_pred_0.npy,"(231, 384)","(231, 384)",1152
P00644__T126V,P00644,T126V,126,-0.100000,results/af2/single-repr-full/outputs/P00644/single_repr_model_1_pred_0.npy,results/af2/single-repr-full/outputs/P00644__T126V/single_repr_model_1_pred_0.npy,"(231, 384)","(231, 384)",1152
P00644__K127A,P00644,K127A,127,-0.250000,results/af2/single-repr-full/outputs/P00644/single_repr_model_1_pred_0.npy,results/af2/single-repr-full/outputs/P00644__K127A/single_repr_model_1_pred_0.npy,"(231, 384)","(231, 384)",1152
P00644__K127E,P00644,K127E,127,-0.050000,results/af2/single-repr-full/outputs/P00644/single_repr_model_1_pred_0.npy,results/af2/single-repr-full/outputs/P00644__K127E/single_repr_model_1_pred_0.npy,"(231, 384)","(231, 384)",1152
P00644__K127F,P00644,K127F,127,0.200000,results/af2/single-repr-full/outputs/P00644/single_repr_model_1_pred_0.npy,results/af2/single-repr-full/outputs/P00644__K127F/single_repr_model_1_pred_0.npy,"(231, 384)","(231, 384)",1152
P00644__K127G,P00644,K127G,127,-0.200000,results/af2/single-repr-full/outputs/P00644/single_repr_model_1_pred_0.npy,results/af2/single-repr-full/outputs/P00644__K127G/single_repr_model_1_pred_0.npy,"(231, 384)","(231, 384)",1152
P00644__K127Q,P00644,K127Q,127,-0.050000,results/af2/single-repr-full/outputs/P00644/single_repr_model_1_pred_0.npy,results/af2/single-repr-full/outputs/P00644__K127Q/single_repr_model_1_pred_0.npy,"(231, 384)","(231, 384)",1152
P00644__H128A,P00644,H128A,128,0.500000,results/af2/single-repr-full/outputs/P00644/single_repr_model_1_pred_0.npy,results/af2/single-repr-full/outputs/P00644__H128A/single_repr_model_1_pred_0.npy,"(231, 384)","(231, 384)",1152
P00644__H128G,P00644,H128G,128,0.300000,results/af2/single-repr-full/outputs/P00644/single_repr_model_1_pred_0.npy,results/af2/single-repr-full/outputs/P00644__H128G/single_repr_model_1_pred_0.npy,"(231, 384)","(231, 384)",1152
P00644__H128Y,P00644,H128Y,128,0.000000,results/af2/single-repr-full/outputs/P00644/single_repr_model_1_pred_0.npy,results/af2/single-repr-full/outputs/P00644__H128Y/single_repr_model_1_pred_0.npy,"(231, 384)","(231, 384)",1152
P00644__P129A,P00644,P129A,129,0.550000,results/af2/single-repr-full/outputs/P00644/single_repr_model_1_pred_0.npy,results/af2/single-repr-full/outputs/P00644__P129A/single_repr_model_1_pred_0.npy,"(231, 384)","(231, 384)",1152
P00644__P129F,P00644,P129F,129,0.300000,results/af2/single-repr-full/outputs/P00644/single_repr_model_1_pred_0.npy,results/af2/single-repr-full/outputs/P00644__P129F/single_repr_model_1_pred_0.npy,"(231, 384)","(231, 384)",1152
P00644__P129G,P00644,P129G,129,0.100000,results/af2/single-repr-full/outputs/P00644/single_repr_model_1_pred_0.npy,results/af2/single-repr-full/outputs/P00644__P129G/single_repr_model_1_pred_0.npy,"(231, 384)","(231, 384)",1152
P00644__K130A,P00644,K130A,130,-0.100000,results/af2/single-repr-full/outputs/P00644/single_repr_model_1_pred_0.npy,results/af2/single-repr-full/outputs/P00644__K130A/single_repr_model_1_pred_0.npy,"(231, 384)","(231, 384)",1152
P00644__K130E,P00644,K130E,130,-0.050000,results/af2/single-repr-full/outputs/P00644/single_repr_model_1_pred_0.npy,results/af2/single-repr-full/outputs/P00644__K130E/single_repr_model_1_pred_0.npy,"(231, 384)","(231, 384)",1152
P00644__K130F,P00644,K130F,130,0.400000,results/af2/single-repr-full/outputs/P00644/single_repr_model_1_pred_0.npy,results/af2/single-repr-full/outputs/P00644__K130F/single_repr_model_1_pred_0.npy,"(231, 384)","(231, 384)",1152
P00644__K130G,P00644,K130G,130,-0.200000,results/af2/single-repr-full/outputs/P00644/single_repr_model_1_pred_0.npy,results/af2/single-repr-full/outputs/P00644__K130G/single_repr_model_1_pred_0.npy,"(231, 384)","(231, 384)",1152
P00644__K130Q,P00644,K130Q,130,0.050000,results/af2/single-repr-full/outputs/P00644/single_repr_model_1_pred_0.npy,results/af2/single-repr-full/outputs/P00644__K130Q/single_repr_model_1_pred_0.npy,"(231, 384)","(231, 384)",1152
P00644__K131A,P00644,K131A,131,0.300000,results/af2/single-repr-full/outputs/P00644/single_repr_model_1_pred_0.npy,results/af2/single-repr-full/outputs/P00644__K131A/single_repr_model_1_pred_0.npy,"(231, 384)","(231, 384)",1152
P00644__K131F,P00644,K131F,131,-0.100000,results/af2/single-repr-full/outputs/P00644/single_repr_model_1_pred_0.npy,results/af2/single-repr-full/outputs/P00644__K131F/single_repr_model_1_pred_0.npy,"(231, 384)","(231, 384)",1152
P00644__K131G,P00644,K131G,131,0.200000,results/af2/single-repr-full/outputs/P00644/single_repr_model_1_pred_0.npy,results/af2/single-repr-full/outputs/P00644__K131G/single_repr_model_1_pred_0.npy,"(231, 384)","(231, 384)",1152
P00644__G132A,P00644,G132A,132,-0.200000,results/af2/single-repr-full/outputs/P00644/single_repr_model_1_pred_0.npy,results/af2/single-repr-full/outputs/P00644__G132A/single_repr_model_1_pred_0.npy,"(231, 384)","(231, 384)",1152
P00644__G132C,P00644,G132C,132,0.800000,results/af2/single-repr-full/outputs/P00644/single_repr_model_1_pred_0.npy,results/af2/single-repr-full/outputs/P00644__G132C/single_repr_model_1_pred_0.npy,"(231, 384)","(231, 384)",1152
P00644__G132F,P00644,G132F,132,0.550000,results/af2/single-repr-full/outputs/P00644/single_repr_model_1_pred_0.npy,results/af2/single-repr-full/outputs/P00644__G132F/single_repr_model_1_pred_0.npy,"(231, 384)","(231, 384)",1152
P00644__G132V,P00644,G132V,132,1.000000,results/af2/single-repr-full/outputs/P00644/single_repr_model_1_pred_0.npy,results/af2/single-repr-full/outputs/P00644__G132V/single_repr_model_1_pred_0.npy,"(231, 384)","(231, 384)",1152
P00644__V133A,P00644,V133A,133,0.200000,results/af2/single-repr-full/outputs/P00644/single_repr_model_1_pred_0.npy,results/af2/single-repr-full/outputs/P00644__V133A/single_repr_model_1_pred_0.npy,"(231, 384)","(231, 384)",1152
P00644__V133G,P00644,V133G,133,0.300000,results/af2/single-repr-full/outputs/P00644/single_repr_model_1_pred_0.npy,results/af2/single-repr-full/outputs/P00644__V133G/single_repr_model_1_pred_0.npy,"(231, 384)","(231, 384)",1152
P00644__V133I,P00644,V133I,133,-0.100000,results/af2/single-repr-full/outputs/P00644/single_repr_model_1_pred_0.npy,results/af2/single-repr-full/outputs/P00644__V133I/single_repr_model_1_pred_0.npy,"(231, 384)","(231, 384)",1152
P00644__V133L,P00644,V133L,133,0.150000,results/af2/single-repr-full/outputs/P00644/single_repr_model_1_pred_0.npy,results/af2/single-repr-full/outputs/P00644__V133L/single_repr_model_1_pred_0.npy,"(231, 384)","(231, 384)",1152
P00644__V133S,P00644,V133S,133,0.100000,results/af2/single-repr-full/outputs/P00644/single_repr_model_1_pred_0.npy,results/af2/single-repr-full/outputs/P00644__V133S/single_repr_model_1_pred_0.npy,"(231, 384)","(231, 384)",1152
P00644__V133T,P00644,V133T,133,-0.200000,results/af2/single-repr-full/outputs/P00644/single_repr_model_1_pred_0.npy,results/af2/single-repr-full/outputs/P00644__V133T/single_repr_model_1_pred_0.npy,"(231, 384)","(231, 384)",1152
P00644__E134A,P00644,E134A,134,0.100000,results/af2/single-repr-full/outputs/P00644/single_repr_model_1_pred_0.npy,results/af2/single-repr-full/outputs/P00644__E134A/single_repr_model_1_pred_0.npy,"(231, 384)","(231, 384)",1152
P00644__E134F,P00644,E134F,134,0.600000,results/af2/single-repr-full/outputs/P00644/single_repr_model_1_pred_0.npy,results/af2/single-repr-full/outputs/P00644__E134F/single_repr_model_1_pred_0.npy,"(231, 384)","(231, 384)",1152
P00644__E134G,P00644,E134G,134,0.350000,results/af2/single-repr-full/outputs/P00644/single_repr_model_1_pred_0.npy,results/af2/single-repr-full/outputs/P00644__E134G/single_repr_model_1_pred_0.npy,"(231, 384)","(231, 384)",1152
P00644__K135A,P00644,K135A,135,0.200000,results/af2/single-repr-full/outputs/P00644/single_repr_model_1_pred_0.npy,results/af2/single-repr-full/outputs/P00644__K135A/single_repr_model_1_pred_0.npy,"(231, 384)","(231, 384)",1152
P00644__K135G,P00644,K135G,135,0.200000,results/af2/single-repr-full/outputs/P00644/single_repr_model_1_pred_0.npy,results/af2/single-repr-full/outputs/P00644__K135G/single_repr_model_1_pred_0.npy,"(231, 384)","(231, 384)",1152
P00644__Y136A,P00644,Y136A,136,2.050000,results/af2/single-repr-full/outputs/P00644/single_repr_model_1_pred_0.npy,results/af2/single-repr-full/outputs/P00644__Y136A/single_repr_model_1_pred_0.npy,"(231, 384)","(231, 384)",1152
P00644__Y136F,P00644,Y136F,136,0.450000,results/af2/single-repr-full/outputs/P00644/single_repr_model_1_pred_0.npy,results/af2/single-repr-full/outputs/P00644__Y136F/single_repr_model_1_pred_0.npy,"(231, 384)","(231, 384)",1152
P00644__Y136G,P00644,Y136G,136,1.750000,results/af2/single-repr-full/outputs/P00644/single_repr_model_1_pred_0.npy,results/af2/single-repr-full/outputs/P00644__Y136G/single_repr_model_1_pred_0.npy,"(231, 384)","(231, 384)",1152
P00644__Y136L,P00644,Y136L,136,3.350000,results/af2/single-repr-full/outputs/P00644/single_repr_model_1_pred_0.npy,results/af2/single-repr-full/outputs/P00644__Y136L/single_repr_model_1_pred_0.npy,"(231, 384)","(231, 384)",1152
P00644__G137A,P00644,G137A,137,0.500000,results/af2/single-repr-full/outputs/P00644/single_repr_model_1_pred_0.npy,results/af2/single-repr-full/outputs/P00644__G137A/single_repr_model_1_pred_0.npy,"(231, 384)","(231, 384)",1152
P00644__G137V,P00644,G137V,137,1.500000,results/af2/single-repr-full/outputs/P00644/single_repr_model_1_pred_0.npy,results/af2/single-repr-full/outputs/P00644__G137V/single_repr_model_1_pred_0.npy,"(231, 384)","(231, 384)",1152
P00644__P138A,P00644,P138A,138,0.000000,results/af2/single-repr-full/outputs/P00644/single_repr_model_1_pred_0.npy,results/af2/single-repr-full/outputs/P00644__P138A/single_repr_model_1_pred_0.npy,"(231, 384)","(231, 384)",1152
P00644__P138G,P00644,P138G,138,0.950000,results/af2/single-repr-full/outputs/P00644/single_repr_model_1_pred_0.npy,results/af2/single-repr-full/outputs/P00644__P138G/single_repr_model_1_pred_0.npy,"(231, 384)","(231, 384)",1152
P00644__E139A,P00644,E139A,139,0.150000,results/af2/single-repr-full/outputs/P00644/single_repr_model_1_pred_0.npy,results/af2/single-repr-full/outputs/P00644__E139A/single_repr_model_1_pred_0.npy,"(231, 384)","(231, 384)",1152
P00644__E139C,P00644,E139C,139,0.650000,results/af2/single-repr-full/outputs/P00644/single_repr_model_1_pred_0.npy,results/af2/single-repr-full/outputs/P00644__E139C/single_repr_model_1_pred_0.npy,"(231, 384)","(231, 384)",1152
P00644__E139F,P00644,E139F,139,0.800000,results/af2/single-repr-full/outputs/P00644/single_repr_model_1_pred_0.npy,results/af2/single-repr-full/outputs/P00644__E139F/single_repr_model_1_pred_0.npy,"(231, 384)","(231, 384)",1152
P00644__E139G,P00644,E139G,139,1.400000,results/af2/single-repr-full/outputs/P00644/single_repr_model_1_pred_0.npy,results/af2/single-repr-full/outputs/P00644__E139G/single_repr_model_1_pred_0.npy,"(231, 384)","(231, 384)",1152
P00644__E139K,P00644,E139K,139,0.050000,results/af2/single-repr-full/outputs/P00644/single_repr_model_1_pred_0.npy,results/af2/single-repr-full/outputs/P00644__E139K/single_repr_model_1_pred_0.npy,"(231, 384)","(231, 384)",1152
P00644__E139Q,P00644,E139Q,139,0.150000,results/af2/single-repr-full/outputs/P00644/single_repr_model_1_pred_0.npy,results/af2/single-repr-full/outputs/P00644__E139Q/single_repr_model_1_pred_0.npy,"(231, 384)","(231, 384)",1152
P00644__A140E,P00644,A140E,140,5.600000,results/af2/single-repr-full/outputs/P00644/single_repr_model_1_pred_0.npy,results/af2/single-repr-full/outputs/P00644__A140E/single_repr_model_1_pred_0.npy,"(231, 384)","(231, 384)",1152
P00644__A140G,P00644,A140G,140,2.500000,results/af2/single-repr-full/outputs/P00644/single_repr_model_1_pred_0.npy,results/af2/single-repr-full/outputs/P00644__A140G/single_repr_model_1_pred_0.npy,"(231, 384)","(231, 384)",1152
P00644__A140V,P00644,A140V,140,2.600000,results/af2/single-repr-full/outputs/P00644/single_repr_model_1_pred_0.npy,results/af2/single-repr-full/outputs/P00644__A140V/single_repr_model_1_pred_0.npy,"(231, 384)","(231, 384)",1152
P00644__S141A,P00644,S141A,141,-0.300000,results/af2/single-repr-full/outputs/P00644/single_repr_model_1_pred_0.npy,results/af2/single-repr-full/outputs/P00644__S141A/single_repr_model_1_pred_0.npy,"(231, 384)","(231, 384)",1152
P00644__S141F,P00644,S141F,141,-0.300000,results/af2/single-repr-full/outputs/P00644/single_repr_model_1_pred_0.npy,results/af2/single-repr-full/outputs/P00644__S141F/single_repr_model_1_pred_0.npy,"(231, 384)","(231, 384)",1152
P00644__S141G,P00644,S141G,141,0.900000,results/af2/single-repr-full/outputs/P00644/single_repr_model_1_pred_0.npy,results/af2/single-repr-full/outputs/P00644__S141G/single_repr_model_1_pred_0.npy,"(231, 384)","(231, 384)",1152
P00644__A142C,P00644,A142C,142,1.150000,results/af2/single-repr-full/outputs/P00644/single_repr_model_1_pred_0.npy,results/af2/single-repr-full/outputs/P00644__A142C/single_repr_model_1_pred_0.npy,"(231, 384)","(231, 384)",1152
P00644__A142F,P00644,A142F,142,0.800000,results/af2/single-repr-full/outputs/P00644/single_repr_model_1_pred_0.npy,results/af2/single-repr-full/outputs/P00644__A142F/single_repr_model_1_pred_0.npy,"(231, 384)","(231, 384)",1152
P00644__A142G,P00644,A142G,142,1.400000,results/af2/single-repr-full/outputs/P00644/single_repr_model_1_pred_0.npy,results/af2/single-repr-full/outputs/P00644__A142G/single_repr_model_1_pred_0.npy,"(231, 384)","(231, 384)",1152
P00644__A142V,P00644,A142V,142,2.750000,results/af2/single-repr-full/outputs/P00644/single_repr_model_1_pred_0.npy,results/af2/single-repr-full/outputs/P00644__A142V/single_repr_model_1_pred_0.npy,"(231, 384)","(231, 384)",1152
P00644__F143A,P00644,F143A,143,2.300000,results/af2/single-repr-full/outputs/P00644/single_repr_model_1_pred_0.npy,results/af2/single-repr-full/outputs/P00644__F143A/single_repr_model_1_pred_0.npy,"(231, 384)","(231, 384)",1152
P00644__F143G,P00644,F143G,143,4.750000,results/af2/single-repr-full/outputs/P00644/single_repr_model_1_pred_0.npy,results/af2/single-repr-full/outputs/P00644__F143G/single_repr_model_1_pred_0.npy,"(231, 384)","(231, 384)",1152
P00644__T144A,P00644,T144A,144,2.300000,results/af2/single-repr-full/outputs/P00644/single_repr_model_1_pred_0.npy,results/af2/single-repr-full/outputs/P00644__T144A/single_repr_model_1_pred_0.npy,"(231, 384)","(231, 384)",1152
P00644__T144C,P00644,T144C,144,1.100000,results/af2/single-repr-full/outputs/P00644/single_repr_model_1_pred_0.npy,results/af2/single-repr-full/outputs/P00644__T144C/single_repr_model_1_pred_0.npy,"(231, 384)","(231, 384)",1152
P00644__T144E,P00644,T144E,144,5.000000,results/af2/single-repr-full/outputs/P00644/single_repr_model_1_pred_0.npy,results/af2/single-repr-full/outputs/P00644__T144E/single_repr_model_1_pred_0.npy,"(231, 384)","(231, 384)",1152
P00644__T144G,P00644,T144G,144,3.450000,results/af2/single-repr-full/outputs/P00644/single_repr_model_1_pred_0.npy,results/af2/single-repr-full/outputs/P00644__T144G/single_repr_model_1_pred_0.npy,"(231, 384)","(231, 384)",1152
P00644__T144I,P00644,T144I,144,1.400000,results/af2/single-repr-full/outputs/P00644/single_repr_model_1_pred_0.npy,results/af2/single-repr-full/outputs/P00644__T144I/single_repr_model_1_pred_0.npy,"(231, 384)","(231, 384)",1152
P00644__T144S,P00644,T144S,144,2.100000,results/af2/single-repr-full/outputs/P00644/single_repr_model_1_pred_0.npy,results/af2/single-repr-full/outputs/P00644__T144S/single_repr_model_1_pred_0.npy,"(231, 384)","(231, 384)",1152
P00644__T144V,P00644,T144V,144,0.200000,results/af2/single-repr-full/outputs/P00644/single_repr_model_1_pred_0.npy,results/af2/single-repr-full/outputs/P00644__T144V/single_repr_model_1_pred_0.npy,"(231, 384)","(231, 384)",1152
P00644__K145A,P00644,K145A,145,0.400000,results/af2/single-repr-full/outputs/P00644/single_repr_model_1_pred_0.npy,results/af2/single-repr-full/outputs/P00644__K145A/single_repr_model_1_pred_0.npy,"(231, 384)","(231, 384)",1152
P00644__K145E,P00644,K145E,145,1.500000,results/af2/single-repr-full/outputs/P00644/single_repr_model_1_pred_0.npy,results/af2/single-repr-full/outputs/P00644__K145E/single_repr_model_1_pred_0.npy,"(231, 384)","(231, 384)",1152
P00644__K145F,P00644,K145F,145,1.800000,results/af2/single-repr-full/outputs/P00644/single_repr_model_1_pred_0.npy,results/af2/single-repr-full/outputs/P00644__K145F/single_repr_model_1_pred_0.npy,"(231, 384)","(231, 384)",1152
P00644__K145G,P00644,K145G,145,1.500000,results/af2/single-repr-full/outputs/P00644/single_repr_model_1_pred_0.npy,results/af2/single-repr-full/outputs/P00644__K145G/single_repr_model_1_pred_0.npy,"(231, 384)","(231, 384)",1152
P00644__K145Q,P00644,K145Q,145,0.900000,results/af2/single-repr-full/outputs/P00644/single_repr_model_1_pred_0.npy,results/af2/single-repr-full/outputs/P00644__K145Q/single_repr_model_1_pred_0.npy,"(231, 384)","(231, 384)",1152
P00644__K146A,P00644,K146A,146,-0.150000,results/af2/single-repr-full/outputs/P00644/single_repr_model_1_pred_0.npy,results/af2/single-repr-full/outputs/P00644__K146A/single_repr_model_1_pred_0.npy,"(231, 384)","(231, 384)",1152
P00644__K146E,P00644,K146E,146,1.600000,results/af2/single-repr-full/outputs/P00644/single_repr_model_1_pred_0.npy,results/af2/single-repr-full/outputs/P00644__K146E/single_repr_model_1_pred_0.npy,"(231, 384)","(231, 384)",1152
P00644__K146F,P00644,K146F,146,0.200000,results/af2/single-repr-full/outputs/P00644/single_repr_model_1_pred_0.npy,results/af2/single-repr-full/outputs/P00644__K146F/single_repr_model_1_pred_0.npy,"(231, 384)","(231, 384)",1152
P00644__K146G,P00644,K146G,146,0.400000,results/af2/single-repr-full/outputs/P00644/single_repr_model_1_pred_0.npy,results/af2/single-repr-full/outputs/P00644__K146G/single_repr_model_1_pred_0.npy,"(231, 384)","(231, 384)",1152
P00644__K146Q,P00644,K146Q,146,0.000000,results/af2/single-repr-full/outputs/P00644/single_repr_model_1_pred_0.npy,results/af2/single-repr-full/outputs/P00644__K146Q/single_repr_model_1_pred_0.npy,"(231, 384)","(231, 384)",1152
P00644__M147A,P00644,M147A,147,2.000000,results/af2/single-repr-full/outputs/P00644/single_repr_model_1_pred_0.npy,results/af2/single-repr-full/outputs/P00644__M147A/single_repr_model_1_pred_0.npy,"(231, 384)","(231, 384)",1152
P00644__M147F,P00644,M147F,147,1.600000,results/af2/single-repr-full/outputs/P00644/single_repr_model_1_pred_0.npy,results/af2/single-repr-full/outputs/P00644__M147F/single_repr_model_1_pred_0.npy,"(231, 384)","(231, 384)",1152
P00644__M147G,P00644,M147G,147,4.600000,results/af2/single-repr-full/outputs/P00644/single_repr_model_1_pred_0.npy,results/af2/single-repr-full/outputs/P00644__M147G/single_repr_model_1_pred_0.npy,"(231, 384)","(231, 384)",1152
P00644__M147I,P00644,M147I,147,1.400000,results/af2/single-repr-full/outputs/P00644/single_repr_model_1_pred_0.npy,results/af2/single-repr-full/outputs/P00644__M147I/single_repr_model_1_pred_0.npy,"(231, 384)","(231, 384)",1152
P00644__M147L,P00644,M147L,147,0.700000,results/af2/single-repr-full/outputs/P00644/single_repr_model_1_pred_0.npy,results/af2/single-repr-full/outputs/P00644__M147L/single_repr_model_1_pred_0.npy,"(231, 384)","(231, 384)",1152
P00644__V148A,P00644,V148A,148,2.050000,results/af2/single-repr-full/outputs/P00644/single_repr_model_1_pred_0.npy,results/af2/single-repr-full/outputs/P00644__V148A/single_repr_model_1_pred_0.npy,"(231, 384)","(231, 384)",1152
P00644__V148G,P00644,V148G,148,4.400000,results/af2/single-repr-full/outputs/P00644/single_repr_model_1_pred_0.npy,results/af2/single-repr-full/outputs/P00644__V148G/single_repr_model_1_pred_0.npy,"(231, 384)","(231, 384)",1152
P00644__V148I,P00644,V148I,148,0.900000,results/af2/single-repr-full/outputs/P00644/single_repr_model_1_pred_0.npy,results/af2/single-repr-full/outputs/P00644__V148I/single_repr_model_1_pred_0.npy,"(231, 384)","(231, 384)",1152
P00644__V148K,P00644,V148K,148,4.800000,results/af2/single-repr-full/outputs/P00644/single_repr_model_1_pred_0.npy,results/af2/single-repr-full/outputs/P00644__V148K/single_repr_model_1_pred_0.npy,"(231, 384)","(231, 384)",1152
P00644__V148L,P00644,V148L,148,0.200000,results/af2/single-repr-full/outputs/P00644/single_repr_model_1_pred_0.npy,results/af2/single-repr-full/outputs/P00644__V148L/single_repr_model_1_pred_0.npy,"(231, 384)","(231, 384)",1152
P00644__V148M,P00644,V148M,148,0.100000,results/af2/single-repr-full/outputs/P00644/single_repr_model_1_pred_0.npy,results/af2/single-repr-full/outputs/P00644__V148M/single_repr_model_1_pred_0.npy,"(231, 384)","(231, 384)",1152
P00644__V148S,P00644,V148S,148,3.100000,results/af2/single-repr-full/outputs/P00644/single_repr_model_1_pred_0.npy,results/af2/single-repr-full/outputs/P00644__V148S/single_repr_model_1_pred_0.npy,"(231, 384)","(231, 384)",1152
P00644__V148T,P00644,V148T,148,1.300000,results/af2/single-repr-full/outputs/P00644/single_repr_model_1_pred_0.npy,results/af2/single-repr-full/outputs/P00644__V148T/single_repr_model_1_pred_0.npy,"(231, 384)","(231, 384)",1152
P00644__V148W,P00644,V148W,148,3.010000,results/af2/single-repr-full/outputs/P00644/single_repr_model_1_pred_0.npy,results/af2/single-repr-full/outputs/P00644__V148W/single_repr_model_1_pred_0.npy,"(231, 384)","(231, 384)",1152
P00644__E149A,P00644,E149A,149,1.000000,results/af2/single-repr-full/outputs/P00644/single_repr_model_1_pred_0.npy,results/af2/single-repr-full/outputs/P00644__E149A/single_repr_model_1_pred_0.npy,"(231, 384)","(231, 384)",1152
P00644__E149F,P00644,E149F,149,1.300000,results/af2/single-repr-full/outputs/P00644/single_repr_model_1_pred_0.npy,results/af2/single-repr-full/outputs/P00644__E149F/single_repr_model_1_pred_0.npy,"(231, 384)","(231, 384)",1152
P00644__E149G,P00644,E149G,149,0.900000,results/af2/single-repr-full/outputs/P00644/single_repr_model_1_pred_0.npy,results/af2/single-repr-full/outputs/P00644__E149G/single_repr_model_1_pred_0.npy,"(231, 384)","(231, 384)",1152
P00644__E149Q,P00644,E149Q,149,0.500000,results/af2/single-repr-full/outputs/P00644/single_repr_model_1_pred_0.npy,results/af2/single-repr-full/outputs/P00644__E149Q/single_repr_model_1_pred_0.npy,"(231, 384)","(231, 384)",1152
P00644__N150A,P00644,N150A,150,0.400000,results/af2/single-repr-full/outputs/P00644/single_repr_model_1_pred_0.npy,results/af2/single-repr-full/outputs/P00644__N150A/single_repr_model_1_pred_0.npy,"(231, 384)","(231, 384)",1152
P00644__N150G,P00644,N150G,150,0.400000,results/af2/single-repr-full/outputs/P00644/single_repr_model_1_pred_0.npy,results/af2/single-repr-full/outputs/P00644__N150G/single_repr_model_1_pred_0.npy,"(231, 384)","(231, 384)",1152
P00644__A151G,P00644,A151G,151,2.000000,results/af2/single-repr-full/outputs/P00644/single_repr_model_1_pred_0.npy,results/af2/single-repr-full/outputs/P00644__A151G/single_repr_model_1_pred_0.npy,"(231, 384)","(231, 384)",1152
P00644__A151T,P00644,A151T,151,2.700000,results/af2/single-repr-full/outputs/P00644/single_repr_model_1_pred_0.npy,results/af2/single-repr-full/outputs/P00644__A151T/single_repr_model_1_pred_0.npy,"(231, 384)","(231, 384)",1152
P00644__A151V,P00644,A151V,151,2.300000,results/af2/single-repr-full/outputs/P00644/single_repr_model_1_pred_0.npy,results/af2/single-repr-full/outputs/P00644__A151V/single_repr_model_1_pred_0.npy,"(231, 384)","(231, 384)",1152
P00644__K152A,P00644,K152A,152,0.150000,results/af2/single-repr-full/outputs/P00644/single_repr_model_1_pred_0.npy,results/af2/single-repr-full/outputs/P00644__K152A/single_repr_model_1_pred_0.npy,"(231, 384)","(231, 384)",1152
P00644__K152C,P00644,K152C,152,0.500000,results/af2/single-repr-full/outputs/P00644/single_repr_model_1_pred_0.npy,results/af2/single-repr-full/outputs/P00644__K152C/single_repr_model_1_pred_0.npy,"(231, 384)","(231, 384)",1152
P00644__K152E,P00644,K152E,152,0.300000,results/af2/single-repr-full/outputs/P00644/single_repr_model_1_pred_0.npy,results/af2/single-repr-full/outputs/P00644__K152E/single_repr_model_1_pred_0.npy,"(231, 384)","(231, 384)",1152
P00644__K152F,P00644,K152F,152,0.050000,results/af2/single-repr-full/outputs/P00644/single_repr_model_1_pred_0.npy,results/af2/single-repr-full/outputs/P00644__K152F/single_repr_model_1_pred_0.npy,"(231, 384)","(231, 384)",1152
P00644__K152G,P00644,K152G,152,0.500000,results/af2/single-repr-full/outputs/P00644/single_repr_model_1_pred_0.npy,results/af2/single-repr-full/outputs/P00644__K152G/single_repr_model_1_pred_0.npy,"(231, 384)","(231, 384)",1152
P00644__K152Q,P00644,K152Q,152,0.250000,results/af2/single-repr-full/outputs/P00644/single_repr_model_1_pred_0.npy,results/af2/single-repr-full/outputs/P00644__K152Q/single_repr_model_1_pred_0.npy,"(231, 384)","(231, 384)",1152
P00644__K152W,P00644,K152W,152,0.400000,results/af2/single-repr-full/outputs/P00644/single_repr_model_1_pred_0.npy,results/af2/single-repr-full/outputs/P00644__K152W/single_repr_model_1_pred_0.npy,"(231, 384)","(231, 384)",1152
P00644__K153A,P00644,K153A,153,0.400000,results/af2/single-repr-full/outputs/P00644/single_repr_model_1_pred_0.npy,results/af2/single-repr-full/outputs/P00644__K153A/single_repr_model_1_pred_0.npy,"(231, 384)","(231, 384)",1152
P00644__K153F,P00644,K153F,153,0.000000,results/af2/single-repr-full/outputs/P00644/single_repr_model_1_pred_0.npy,results/af2/single-repr-full/outputs/P00644__K153F/single_repr_model_1_pred_0.npy,"(231, 384)","(231, 384)",1152
P00644__K153G,P00644,K153G,153,1.100000,results/af2/single-repr-full/outputs/P00644/single_repr_model_1_pred_0.npy,results/af2/single-repr-full/outputs/P00644__K153G/single_repr_model_1_pred_0.npy,"(231, 384)","(231, 384)",1152
P00644__I154A,P00644,I154A,154,4.700000,results/af2/single-repr-full/outputs/P00644/single_repr_model_1_pred_0.npy,results/af2/single-repr-full/outputs/P00644__I154A/single_repr_model_1_pred_0.npy,"(231, 384)","(231, 384)",1152
P00644__I154E,P00644,I154E,154,6.650000,results/af2/single-repr-full/outputs/P00644/single_repr_model_1_pred_0.npy,results/af2/single-repr-full/outputs/P00644__I154E/single_repr_model_1_pred_0.npy,"(231, 384)","(231, 384)",1152
P00644__I154G,P00644,I154G,154,6.000000,results/af2/single-repr-full/outputs/P00644/single_repr_model_1_pred_0.npy,results/af2/single-repr-full/outputs/P00644__I154G/single_repr_model_1_pred_0.npy,"(231, 384)","(231, 384)",1152
P00644__I154L,P00644,I154L,154,0.200000,results/af2/single-repr-full/outputs/P00644/single_repr_model_1_pred_0.npy,results/af2/single-repr-full/outputs/P00644__I154L/single_repr_model_1_pred_0.npy,"(231, 384)","(231, 384)",1152
P00644__I154M,P00644,I154M,154,1.800000,results/af2/single-repr-full/outputs/P00644/single_repr_model_1_pred_0.npy,results/af2/single-repr-full/outputs/P00644__I154M/single_repr_model_1_pred_0.npy,"(231, 384)","(231, 384)",1152
P00644__I154V,P00644,I154V,154,1.800000,results/af2/single-repr-full/outputs/P00644/single_repr_model_1_pred_0.npy,results/af2/single-repr-full/outputs/P00644__I154V/single_repr_model_1_pred_0.npy,"(231, 384)","(231, 384)",1152
P00644__E155A,P00644,E155A,155,1.400000,results/af2/single-repr-full/outputs/P00644/single_repr_model_1_pred_0.npy,results/af2/single-repr-full/outputs/P00644__E155A/single_repr_model_1_pred_0.npy,"(231, 384)","(231, 384)",1152
P00644__E155F,P00644,E155F,155,0.900000,results/af2/single-repr-full/outputs/P00644/single_repr_model_1_pred_0.npy,results/af2/single-repr-full/outputs/P00644__E155F/single_repr_model_1_pred_0.npy,"(231, 384)","(231, 384)",1152
P00644__E155G,P00644,E155G,155,2.700000,results/af2/single-repr-full/outputs/P00644/single_repr_model_1_pred_0.npy,results/af2/single-repr-full/outputs/P00644__E155G/single_repr_model_1_pred_0.npy,"(231, 384)","(231, 384)",1152
P00644__E155K,P00644,E155K,155,2.100000,results/af2/single-repr-full/outputs/P00644/single_repr_model_1_pred_0.npy,results/af2/single-repr-full/outputs/P00644__E155K/single_repr_model_1_pred_0.npy,"(231, 384)","(231, 384)",1152
P00644__E155Q,P00644,E155Q,155,0.600000,results/af2/single-repr-full/outputs/P00644/single_repr_model_1_pred_0.npy,results/af2/single-repr-full/outputs/P00644__E155Q/single_repr_model_1_pred_0.npy,"(231, 384)","(231, 384)",1152
P00644__V156A,P00644,V156A,156,3.100000,results/af2/single-repr-full/outputs/P00644/single_repr_model_1_pred_0.npy,results/af2/single-repr-full/outputs/P00644__V156A/single_repr_model_1_pred_0.npy,"(231, 384)","(231, 384)",1152
P00644__V156E,P00644,V156E,156,7.700000,results/af2/single-repr-full/outputs/P00644/single_repr_model_1_pred_0.npy,results/af2/single-repr-full/outputs/P00644__V156E/single_repr_model_1_pred_0.npy,"(231, 384)","(231, 384)",1152
P00644__V156G,P00644,V156G,156,6.100000,results/af2/single-repr-full/outputs/P00644/single_repr_model_1_pred_0.npy,results/af2/single-repr-full/outputs/P00644__V156G/single_repr_model_1_pred_0.npy,"(231, 384)","(231, 384)",1152
P00644__V156I,P00644,V156I,156,1.800000,results/af2/single-repr-full/outputs/P00644/single_repr_model_1_pred_0.npy,results/af2/single-repr-full/outputs/P00644__V156I/single_repr_model_1_pred_0.npy,"(231, 384)","(231, 384)",1152
P00644__V156L,P00644,V156L,156,1.100000,results/af2/single-repr-full/outputs/P00644/single_repr_model_1_pred_0.npy,results/af2/single-repr-full/outputs/P00644__V156L/single_repr_model_1_pred_0.npy,"(231, 384)","(231, 384)",1152
P00644__V156S,P00644,V156S,156,5.400000,results/af2/single-repr-full/outputs/P00644/single_repr_model_1_pred_0.npy,results/af2/single-repr-full/outputs/P00644__V156S/single_repr_model_1_pred_0.npy,"(231, 384)","(231, 384)",1152
P00644__V156T,P00644,V156T,156,3.800000,results/af2/single-repr-full/outputs/P00644/single_repr_model_1_pred_0.npy,results/af2/single-repr-full/outputs/P00644__V156T/single_repr_model_1_pred_0.npy,"(231, 384)","(231, 384)",1152
P00644__E157A,P00644,E157A,157,1.900000,results/af2/single-repr-full/outputs/P00644/single_repr_model_1_pred_0.npy,results/af2/single-repr-full/outputs/P00644__E157A/single_repr_model_1_pred_0.npy,"(231, 384)","(231, 384)",1152
P00644__E157G,P00644,E157G,157,3.400000,results/af2/single-repr-full/outputs/P00644/single_repr_model_1_pred_0.npy,results/af2/single-repr-full/outputs/P00644__E157G/single_repr_model_1_pred_0.npy,"(231, 384)","(231, 384)",1152
P00644__E157K,P00644,E157K,157,2.200000,results/af2/single-repr-full/outputs/P00644/single_repr_model_1_pred_0.npy,results/af2/single-repr-full/outputs/P00644__E157K/single_repr_model_1_pred_0.npy,"(231, 384)","(231, 384)",1152
P00644__E157Q,P00644,E157Q,157,0.600000,results/af2/single-repr-full/outputs/P00644/single_repr_model_1_pred_0.npy,results/af2/single-repr-full/outputs/P00644__E157Q/single_repr_model_1_pred_0.npy,"(231, 384)","(231, 384)",1152
P00644__E157V,P00644,E157V,157,2.300000,results/af2/single-repr-full/outputs/P00644/single_repr_model_1_pred_0.npy,results/af2/single-repr-full/outputs/P00644__E157V/single_repr_model_1_pred_0.npy,"(231, 384)","(231, 384)",1152
P00644__F158A,P00644,F158A,158,4.050000,results/af2/single-repr-full/outputs/P00644/single_repr_model_1_pred_0.npy,results/af2/single-repr-full/outputs/P00644__F158A/single_repr_model_1_pred_0.npy,"(231, 384)","(231, 384)",1152
P00644__F158G,P00644,F158G,158,4.700000,results/af2/single-repr-full/outputs/P00644/single_repr_model_1_pred_0.npy,results/af2/single-repr-full/outputs/P00644__F158G/single_repr_model_1_pred_0.npy,"(231, 384)","(231, 384)",1152
P00644__F158V,P00644,F158V,158,0.000000,results/af2/single-repr-full/outputs/P00644/single_repr_model_1_pred_0.npy,results/af2/single-repr-full/outputs/P00644__F158V/single_repr_model_1_pred_0.npy,"(231, 384)","(231, 384)",1152
P00644__F158W,P00644,F158W,158,1.000000,results/af2/single-repr-full/outputs/P00644/single_repr_model_1_pred_0.npy,results/af2/single-repr-full/outputs/P00644__F158W/single_repr_model_1_pred_0.npy,"(231, 384)","(231, 384)",1152
P00644__D159A,P00644,D159A,159,3.100000,results/af2/single-repr-full/outputs/P00644/single_repr_model_1_pred_0.npy,results/af2/single-repr-full/outputs/P00644__D159A/single_repr_model_1_pred_0.npy,"(231, 384)","(231, 384)",1152
P00644__D159G,P00644,D159G,159,2.200000,results/af2/single-repr-full/outputs/P00644/single_repr_model_1_pred_0.npy,results/af2/single-repr-full/outputs/P00644__D159G/single_repr_model_1_pred_0.npy,"(231, 384)","(231, 384)",1152
P00644__D159K,P00644,D159K,159,3.300000,results/af2/single-repr-full/outputs/P00644/single_repr_model_1_pred_0.npy,results/af2/single-repr-full/outputs/P00644__D159K/single_repr_model_1_pred_0.npy,"(231, 384)","(231, 384)",1152
P00644__D159N,P00644,D159N,159,2.700000,results/af2/single-repr-full/outputs/P00644/single_repr_model_1_pred_0.npy,results/af2/single-repr-full/outputs/P00644__D159N/single_repr_model_1_pred_0.npy,"(231, 384)","(231, 384)",1152
P00644__K160A,P00644,K160A,160,0.500000,results/af2/single-repr-full/outputs/P00644/single_repr_model_1_pred_0.npy,results/af2/single-repr-full/outputs/P00644__K160A/single_repr_model_1_pred_0.npy,"(231, 384)","(231, 384)",1152
P00644__K160C,P00644,K160C,160,0.350000,results/af2/single-repr-full/outputs/P00644/single_repr_model_1_pred_0.npy,results/af2/single-repr-full/outputs/P00644__K160C/single_repr_model_1_pred_0.npy,"(231, 384)","(231, 384)",1152
P00644__K160E,P00644,K160E,160,0.700000,results/af2/single-repr-full/outputs/P00644/single_repr_model_1_pred_0.npy,results/af2/single-repr-full/outputs/P00644__K160E/single_repr_model_1_pred_0.npy,"(231, 384)","(231, 384)",1152
P00644__K160F,P00644,K160F,160,-0.100000,results/af2/single-repr-full/outputs/P00644/single_repr_model_1_pred_0.npy,results/af2/single-repr-full/outputs/P00644__K160F/single_repr_model_1_pred_0.npy,"(231, 384)","(231, 384)",1152
P00644__K160G,P00644,K160G,160,1.100000,results/af2/single-repr-full/outputs/P00644/single_repr_model_1_pred_0.npy,results/af2/single-repr-full/outputs/P00644__K160G/single_repr_model_1_pred_0.npy,"(231, 384)","(231, 384)",1152
P00644__K160Q,P00644,K160Q,160,0.100000,results/af2/single-repr-full/outputs/P00644/single_repr_model_1_pred_0.npy,results/af2/single-repr-full/outputs/P00644__K160Q/single_repr_model_1_pred_0.npy,"(231, 384)","(231, 384)",1152
P00644__G161A,P00644,G161A,161,2.250000,results/af2/single-repr-full/outputs/P00644/single_repr_model_1_pred_0.npy,results/af2/single-repr-full/outputs/P00644__G161A/single_repr_model_1_pred_0.npy,"(231, 384)","(231, 384)",1152
P00644__G161D,P00644,G161D,161,2.280000,results/af2/single-repr-full/outputs/P00644/single_repr_model_1_pred_0.npy,results/af2/single-repr-full/outputs/P00644__G161D/single_repr_model_1_pred_0.npy,"(231, 384)","(231, 384)",1152
P00644__G161S,P00644,G161S,161,2.100000,results/af2/single-repr-full/outputs/P00644/single_repr_model_1_pred_0.npy,results/af2/single-repr-full/outputs/P00644__G161S/single_repr_model_1_pred_0.npy,"(231, 384)","(231, 384)",1152
P00644__G161V,P00644,G161V,161,2.200000,results/af2/single-repr-full/outputs/P00644/single_repr_model_1_pred_0.npy,results/af2/single-repr-full/outputs/P00644__G161V/single_repr_model_1_pred_0.npy,"(231, 384)","(231, 384)",1152
P00644__Q162A,P00644,Q162A,162,0.050000,results/af2/single-repr-full/outputs/P00644/single_repr_model_1_pred_0.npy,results/af2/single-repr-full/outputs/P00644__Q162A/single_repr_model_1_pred_0.npy,"(231, 384)","(231, 384)",1152
P00644__Q162F,P00644,Q162F,162,0.600000,results/af2/single-repr-full/outputs/P00644/single_repr_model_1_pred_0.npy,results/af2/single-repr-full/outputs/P00644__Q162F/single_repr_model_1_pred_0.npy,"(231, 384)","(231, 384)",1152
P00644__Q162G,P00644,Q162G,162,1.200000,results/af2/single-repr-full/outputs/P00644/single_repr_model_1_pred_0.npy,results/af2/single-repr-full/outputs/P00644__Q162G/single_repr_model_1_pred_0.npy,"(231, 384)","(231, 384)",1152
P00644__R163A,P00644,R163A,163,1.100000,results/af2/single-repr-full/outputs/P00644/single_repr_model_1_pred_0.npy,results/af2/single-repr-full/outputs/P00644__R163A/single_repr_model_1_pred_0.npy,"(231, 384)","(231, 384)",1152
P00644__R163G,P00644,R163G,163,2.100000,results/af2/single-repr-full/outputs/P00644/single_repr_model_1_pred_0.npy,results/af2/single-repr-full/outputs/P00644__R163G/single_repr_model_1_pred_0.npy,"(231, 384)","(231, 384)",1152
P00644__T164A,P00644,T164A,164,0.900000,results/af2/single-repr-full/outputs/P00644/single_repr_model_1_pred_0.npy,results/af2/single-repr-full/outputs/P00644__T164A/single_repr_model_1_pred_0.npy,"(231, 384)","(231, 384)",1152
P00644__T164C,P00644,T164C,164,0.100000,results/af2/single-repr-full/outputs/P00644/single_repr_model_1_pred_0.npy,results/af2/single-repr-full/outputs/P00644__T164C/single_repr_model_1_pred_0.npy,"(231, 384)","(231, 384)",1152
P00644__T164G,P00644,T164G,164,2.000000,results/af2/single-repr-full/outputs/P00644/single_repr_model_1_pred_0.npy,results/af2/single-repr-full/outputs/P00644__T164G/single_repr_model_1_pred_0.npy,"(231, 384)","(231, 384)",1152
P00644__T164I,P00644,T164I,164,-0.500000,results/af2/single-repr-full/outputs/P00644/single_repr_model_1_pred_0.npy,results/af2/single-repr-full/outputs/P00644__T164I/single_repr_model_1_pred_0.npy,"(231, 384)","(231, 384)",1152
P00644__T164S,P00644,T164S,164,0.700000,results/af2/single-repr-full/outputs/P00644/single_repr_model_1_pred_0.npy,results/af2/single-repr-full/outputs/P00644__T164S/single_repr_model_1_pred_0.npy,"(231, 384)","(231, 384)",1152
P00644__T164V,P00644,T164V,164,-0.200000,results/af2/single-repr-full/outputs/P00644/single_repr_model_1_pred_0.npy,results/af2/single-repr-full/outputs/P00644__T164V/single_repr_model_1_pred_0.npy,"(231, 384)","(231, 384)",1152
P00644__D165A,P00644,D165A,165,3.800000,results/af2/single-repr-full/outputs/P00644/single_repr_model_1_pred_0.npy,results/af2/single-repr-full/outputs/P00644__D165A/single_repr_model_1_pred_0.npy,"(231, 384)","(231, 384)",1152
P00644__D165F,P00644,D165F,165,4.800000,results/af2/single-repr-full/outputs/P00644/single_repr_model_1_pred_0.npy,results/af2/single-repr-full/outputs/P00644__D165F/single_repr_model_1_pred_0.npy,"(231, 384)","(231, 384)",1152
P00644__D165G,P00644,D165G,165,2.650000,results/af2/single-repr-full/outputs/P00644/single_repr_model_1_pred_0.npy,results/af2/single-repr-full/outputs/P00644__D165G/single_repr_model_1_pred_0.npy,"(231, 384)","(231, 384)",1152
P00644__K166A,P00644,K166A,166,-0.150000,results/af2/single-repr-full/outputs/P00644/single_repr_model_1_pred_0.npy,results/af2/single-repr-full/outputs/P00644__K166A/single_repr_model_1_pred_0.npy,"(231, 384)","(231, 384)",1152
P00644__K166E,P00644,K166E,166,0.000000,results/af2/single-repr-full/outputs/P00644/single_repr_model_1_pred_0.npy,results/af2/single-repr-full/outputs/P00644__K166E/single_repr_model_1_pred_0.npy,"(231, 384)","(231, 384)",1152
P00644__K166F,P00644,K166F,166,0.800000,results/af2/single-repr-full/outputs/P00644/single_repr_model_1_pred_0.npy,results/af2/single-repr-full/outputs/P00644__K166F/single_repr_model_1_pred_0.npy,"(231, 384)","(231, 384)",1152
P00644__K166G,P00644,K166G,166,0.350000,results/af2/single-repr-full/outputs/P00644/single_repr_model_1_pred_0.npy,results/af2/single-repr-full/outputs/P00644__K166G/single_repr_model_1_pred_0.npy,"(231, 384)","(231, 384)",1152
P00644__K166Q,P00644,K166Q,166,0.100000,results/af2/single-repr-full/outputs/P00644/single_repr_model_1_pred_0.npy,results/af2/single-repr-full/outputs/P00644__K166Q/single_repr_model_1_pred_0.npy,"(231, 384)","(231, 384)",1152
P00644__Y167A,P00644,Y167A,167,0.400000,results/af2/single-repr-full/outputs/P00644/single_repr_model_1_pred_0.npy,results/af2/single-repr-full/outputs/P00644__Y167A/single_repr_model_1_pred_0.npy,"(231, 384)","(231, 384)",1152
P00644__Y167F,P00644,Y167F,167,0.100000,results/af2/single-repr-full/outputs/P00644/single_repr_model_1_pred_0.npy,results/af2/single-repr-full/outputs/P00644__Y167F/single_repr_model_1_pred_0.npy,"(231, 384)","(231, 384)",1152
P00644__Y167G,P00644,Y167G,167,1.000000,results/af2/single-repr-full/outputs/P00644/single_repr_model_1_pred_0.npy,results/af2/single-repr-full/outputs/P00644__Y167G/single_repr_model_1_pred_0.npy,"(231, 384)","(231, 384)",1152
P00644__Y167L,P00644,Y167L,167,0.100000,results/af2/single-repr-full/outputs/P00644/single_repr_model_1_pred_0.npy,results/af2/single-repr-full/outputs/P00644__Y167L/single_repr_model_1_pred_0.npy,"(231, 384)","(231, 384)",1152
P00644__G168A,P00644,G168A,168,0.500000,results/af2/single-repr-full/outputs/P00644/single_repr_model_1_pred_0.npy,results/af2/single-repr-full/outputs/P00644__G168A/single_repr_model_1_pred_0.npy,"(231, 384)","(231, 384)",1152
P00644__G168F,P00644,G168F,168,2.000000,results/af2/single-repr-full/outputs/P00644/single_repr_model_1_pred_0.npy,results/af2/single-repr-full/outputs/P00644__G168F/single_repr_model_1_pred_0.npy,"(231, 384)","(231, 384)",1152
P00644__G168V,P00644,G168V,168,3.700000,results/af2/single-repr-full/outputs/P00644/single_repr_model_1_pred_0.npy,results/af2/single-repr-full/outputs/P00644__G168V/single_repr_model_1_pred_0.npy,"(231, 384)","(231, 384)",1152
P00644__R169A,P00644,R169A,169,0.800000,results/af2/single-repr-full/outputs/P00644/single_repr_model_1_pred_0.npy,results/af2/single-repr-full/outputs/P00644__R169A/single_repr_model_1_pred_0.npy,"(231, 384)","(231, 384)",1152
P00644__R169G,P00644,R169G,169,2.500000,results/af2/single-repr-full/outputs/P00644/single_repr_model_1_pred_0.npy,results/af2/single-repr-full/outputs/P00644__R169G/single_repr_model_1_pred_0.npy,"(231, 384)","(231, 384)",1152
P00644__G170A,P00644,G170A,170,0.150000,results/af2/single-repr-full/outputs/P00644/single_repr_model_1_pred_0.npy,results/af2/single-repr-full/outputs/P00644__G170A/single_repr_model_1_pred_0.npy,"(231, 384)","(231, 384)",1152
P00644__G170V,P00644,G170V,170,0.350000,results/af2/single-repr-full/outputs/P00644/single_repr_model_1_pred_0.npy,results/af2/single-repr-full/outputs/P00644__G170V/single_repr_model_1_pred_0.npy,"(231, 384)","(231, 384)",1152
P00644__G170W,P00644,G170W,170,0.800000,results/af2/single-repr-full/outputs/P00644/single_repr_model_1_pred_0.npy,results/af2/single-repr-full/outputs/P00644__G170W/single_repr_model_1_pred_0.npy,"(231, 384)","(231, 384)",1152
P00644__L171A,P00644,L171A,171,2.600000,results/af2/single-repr-full/outputs/P00644/single_repr_model_1_pred_0.npy,results/af2/single-repr-full/outputs/P00644__L171A/single_repr_model_1_pred_0.npy,"(231, 384)","(231, 384)",1152
P00644__L171F,P00644,L171F,171,1.200000,results/af2/single-repr-full/outputs/P00644/single_repr_model_1_pred_0.npy,results/af2/single-repr-full/outputs/P00644__L171F/single_repr_model_1_pred_0.npy,"(231, 384)","(231, 384)",1152
P00644__L171G,P00644,L171G,171,3.200000,results/af2/single-repr-full/outputs/P00644/single_repr_model_1_pred_0.npy,results/af2/single-repr-full/outputs/P00644__L171G/single_repr_model_1_pred_0.npy,"(231, 384)","(231, 384)",1152
P00644__L171I,P00644,L171I,171,1.100000,results/af2/single-repr-full/outputs/P00644/single_repr_model_1_pred_0.npy,results/af2/single-repr-full/outputs/P00644__L171I/single_repr_model_1_pred_0.npy,"(231, 384)","(231, 384)",1152
P00644__L171V,P00644,L171V,171,1.400000,results/af2/single-repr-full/outputs/P00644/single_repr_model_1_pred_0.npy,results/af2/single-repr-full/outputs/P00644__L171V/single_repr_model_1_pred_0.npy,"(231, 384)","(231, 384)",1152
P00644__A172E,P00644,A172E,172,7.750000,results/af2/single-repr-full/outputs/P00644/single_repr_model_1_pred_0.npy,results/af2/single-repr-full/outputs/P00644__A172E/single_repr_model_1_pred_0.npy,"(231, 384)","(231, 384)",1152
P00644__A172G,P00644,A172G,172,1.900000,results/af2/single-repr-full/outputs/P00644/single_repr_model_1_pred_0.npy,results/af2/single-repr-full/outputs/P00644__A172G/single_repr_model_1_pred_0.npy,"(231, 384)","(231, 384)",1152
P00644__A172S,P00644,A172S,172,2.100000,results/af2/single-repr-full/outputs/P00644/single_repr_model_1_pred_0.npy,results/af2/single-repr-full/outputs/P00644__A172S/single_repr_model_1_pred_0.npy,"(231, 384)","(231, 384)",1152
P00644__A172V,P00644,A172V,172,0.100000,results/af2/single-repr-full/outputs/P00644/single_repr_model_1_pred_0.npy,results/af2/single-repr-full/outputs/P00644__A172V/single_repr_model_1_pred_0.npy,"(231, 384)","(231, 384)",1152
P00644__Y173A,P00644,Y173A,173,4.900000,results/af2/single-repr-full/outputs/P00644/single_repr_model_1_pred_0.npy,results/af2/single-repr-full/outputs/P00644__Y173A/single_repr_model_1_pred_0.npy,"(231, 384)","(231, 384)",1152
P00644__Y173E,P00644,Y173E,173,7.250000,results/af2/single-repr-full/outputs/P00644/single_repr_model_1_pred_0.npy,results/af2/single-repr-full/outputs/P00644__Y173E/single_repr_model_1_pred_0.npy,"(231, 384)","(231, 384)",1152
P00644__Y173F,P00644,Y173F,173,2.350000,results/af2/single-repr-full/outputs/P00644/single_repr_model_1_pred_0.npy,results/af2/single-repr-full/outputs/P00644__Y173F/single_repr_model_1_pred_0.npy,"(231, 384)","(231, 384)",1152
P00644__Y173G,P00644,Y173G,173,6.200000,results/af2/single-repr-full/outputs/P00644/single_repr_model_1_pred_0.npy,results/af2/single-repr-full/outputs/P00644__Y173G/single_repr_model_1_pred_0.npy,"(231, 384)","(231, 384)",1152
P00644__Y173L,P00644,Y173L,173,3.850000,results/af2/single-repr-full/outputs/P00644/single_repr_model_1_pred_0.npy,results/af2/single-repr-full/outputs/P00644__Y173L/single_repr_model_1_pred_0.npy,"(231, 384)","(231, 384)",1152
P00644__Y173S,P00644,Y173S,173,5.300000,results/af2/single-repr-full/outputs/P00644/single_repr_model_1_pred_0.npy,results/af2/single-repr-full/outputs/P00644__Y173S/single_repr_model_1_pred_0.npy,"(231, 384)","(231, 384)",1152
P00644__I174A,P00644,I174A,174,4.000000,results/af2/single-repr-full/outputs/P00644/single_repr_model_1_pred_0.npy,results/af2/single-repr-full/outputs/P00644__I174A/single_repr_model_1_pred_0.npy,"(231, 384)","(231, 384)",1152
P00644__I174E,P00644,I174E,174,7.150000,results/af2/single-repr-full/outputs/P00644/single_repr_model_1_pred_0.npy,results/af2/single-repr-full/outputs/P00644__I174E/single_repr_model_1_pred_0.npy,"(231, 384)","(231, 384)",1152
P00644__I174G,P00644,I174G,174,6.100000,results/af2/single-repr-full/outputs/P00644/single_repr_model_1_pred_0.npy,results/af2/single-repr-full/outputs/P00644__I174G/single_repr_model_1_pred_0.npy,"(231, 384)","(231, 384)",1152
P00644__I174L,P00644,I174L,174,0.600000,results/af2/single-repr-full/outputs/P00644/single_repr_model_1_pred_0.npy,results/af2/single-repr-full/outputs/P00644__I174L/single_repr_model_1_pred_0.npy,"(231, 384)","(231, 384)",1152
P00644__I174M,P00644,I174M,174,1.600000,results/af2/single-repr-full/outputs/P00644/single_repr_model_1_pred_0.npy,results/af2/single-repr-full/outputs/P00644__I174M/single_repr_model_1_pred_0.npy,"(231, 384)","(231, 384)",1152
P00644__I174V,P00644,I174V,174,0.500000,results/af2/single-repr-full/outputs/P00644/single_repr_model_1_pred_0.npy,results/af2/single-repr-full/outputs/P00644__I174V/single_repr_model_1_pred_0.npy,"(231, 384)","(231, 384)",1152
P00644__Y175A,P00644,Y175A,175,6.000000,results/af2/single-repr-full/outputs/P00644/single_repr_model_1_pred_0.npy,results/af2/single-repr-full/outputs/P00644__Y175A/single_repr_model_1_pred_0.npy,"(231, 384)","(231, 384)",1152
P00644__Y175F,P00644,Y175F,175,1.900000,results/af2/single-repr-full/outputs/P00644/single_repr_model_1_pred_0.npy,results/af2/single-repr-full/outputs/P00644__Y175F/single_repr_model_1_pred_0.npy,"(231, 384)","(231, 384)",1152
P00644__Y175G,P00644,Y175G,175,6.950000,results/af2/single-repr-full/outputs/P00644/single_repr_model_1_pred_0.npy,results/af2/single-repr-full/outputs/P00644__Y175G/single_repr_model_1_pred_0.npy,"(231, 384)","(231, 384)",1152
P00644__Y175L,P00644,Y175L,175,4.500000,results/af2/single-repr-full/outputs/P00644/single_repr_model_1_pred_0.npy,results/af2/single-repr-full/outputs/P00644__Y175L/single_repr_model_1_pred_0.npy,"(231, 384)","(231, 384)",1152
P00644__A176G,P00644,A176G,176,2.400000,results/af2/single-repr-full/outputs/P00644/single_repr_model_1_pred_0.npy,results/af2/single-repr-full/outputs/P00644__A176G/single_repr_model_1_pred_0.npy,"(231, 384)","(231, 384)",1152
P00644__A176V,P00644,A176V,176,1.300000,results/af2/single-repr-full/outputs/P00644/single_repr_model_1_pred_0.npy,results/af2/single-repr-full/outputs/P00644__A176V/single_repr_model_1_pred_0.npy,"(231, 384)","(231, 384)",1152
P00644__D177A,P00644,D177A,177,3.350000,results/af2/single-repr-full/outputs/P00644/single_repr_model_1_pred_0.npy,results/af2/single-repr-full/outputs/P00644__D177A/single_repr_model_1_pred_0.npy,"(231, 384)","(231, 384)",1152
P00644__D177F,P00644,D177F,177,4.900000,results/af2/single-repr-full/outputs/P00644/single_repr_model_1_pred_0.npy,results/af2/single-repr-full/outputs/P00644__D177F/single_repr_model_1_pred_0.npy,"(231, 384)","(231, 384)",1152
P00644__D177G,P00644,D177G,177,2.750000,results/af2/single-repr-full/outputs/P00644/single_repr_model_1_pred_0.npy,results/af2/single-repr-full/outputs/P00644__D177G/single_repr_model_1_pred_0.npy,"(231, 384)","(231, 384)",1152
P00644__G178A,P00644,G178A,178,1.750000,results/af2/single-repr-full/outputs/P00644/single_repr_model_1_pred_0.npy,results/af2/single-repr-full/outputs/P00644__G178A/single_repr_model_1_pred_0.npy,"(231, 384)","(231, 384)",1152
P00644__G178F,P00644,G178F,178,2.600000,results/af2/single-repr-full/outputs/P00644/single_repr_model_1_pred_0.npy,results/af2/single-repr-full/outputs/P00644__G178F/single_repr_model_1_pred_0.npy,"(231, 384)","(231, 384)",1152
P00644__G178V,P00644,G178V,178,3.700000,results/af2/single-repr-full/outputs/P00644/single_repr_model_1_pred_0.npy,results/af2/single-repr-full/outputs/P00644__G178V/single_repr_model_1_pred_0.npy,"(231, 384)","(231, 384)",1152
P00644__K179A,P00644,K179A,179,0.150000,results/af2/single-repr-full/outputs/P00644/single_repr_model_1_pred_0.npy,results/af2/single-repr-full/outputs/P00644__K179A/single_repr_model_1_pred_0.npy,"(231, 384)","(231, 384)",1152
P00644__K179E,P00644,K179E,179,0.500000,results/af2/single-repr-full/outputs/P00644/single_repr_model_1_pred_0.npy,results/af2/single-repr-full/outputs/P00644__K179E/single_repr_model_1_pred_0.npy,"(231, 384)","(231, 384)",1152
P00644__K179F,P00644,K179F,179,0.600000,results/af2/single-repr-full/outputs/P00644/single_repr_model_1_pred_0.npy,results/af2/single-repr-full/outputs/P00644__K179F/single_repr_model_1_pred_0.npy,"(231, 384)","(231, 384)",1152
P00644__K179G,P00644,K179G,179,1.700000,results/af2/single-repr-full/outputs/P00644/single_repr_model_1_pred_0.npy,results/af2/single-repr-full/outputs/P00644__K179G/single_repr_model_1_pred_0.npy,"(231, 384)","(231, 384)",1152
P00644__K179Q,P00644,K179Q,179,0.300000,results/af2/single-repr-full/outputs/P00644/single_repr_model_1_pred_0.npy,results/af2/single-repr-full/outputs/P00644__K179Q/single_repr_model_1_pred_0.npy,"(231, 384)","(231, 384)",1152
P00644__M180A,P00644,M180A,180,4.400000,results/af2/single-repr-full/outputs/P00644/single_repr_model_1_pred_0.npy,results/af2/single-repr-full/outputs/P00644__M180A/single_repr_model_1_pred_0.npy,"(231, 384)","(231, 384)",1152
P00644__M180G,P00644,M180G,180,4.400000,results/af2/single-repr-full/outputs/P00644/single_repr_model_1_pred_0.npy,results/af2/single-repr-full/outputs/P00644__M180G/single_repr_model_1_pred_0.npy,"(231, 384)","(231, 384)",1152
P00644__M180I,P00644,M180I,180,4.400000,results/af2/single-repr-full/outputs/P00644/single_repr_model_1_pred_0.npy,results/af2/single-repr-full/outputs/P00644__M180I/single_repr_model_1_pred_0.npy,"(231, 384)","(231, 384)",1152
P00644__M180L,P00644,M180L,180,2.300000,results/af2/single-repr-full/outputs/P00644/single_repr_model_1_pred_0.npy,results/af2/single-repr-full/outputs/P00644__M180L/single_repr_model_1_pred_0.npy,"(231, 384)","(231, 384)",1152
P00644__V181A,P00644,V181A,181,3.200000,results/af2/single-repr-full/outputs/P00644/single_repr_model_1_pred_0.npy,results/af2/single-repr-full/outputs/P00644__V181A/single_repr_model_1_pred_0.npy,"(231, 384)","(231, 384)",1152
P00644__V181E,P00644,V181E,181,6.750000,results/af2/single-repr-full/outputs/P00644/single_repr_model_1_pred_0.npy,results/af2/single-repr-full/outputs/P00644__V181E/single_repr_model_1_pred_0.npy,"(231, 384)","(231, 384)",1152
P00644__V181G,P00644,V181G,181,4.650000,results/af2/single-repr-full/outputs/P00644/single_repr_model_1_pred_0.npy,results/af2/single-repr-full/outputs/P00644__V181G/single_repr_model_1_pred_0.npy,"(231, 384)","(231, 384)",1152
P00644__V181I,P00644,V181I,181,0.150000,results/af2/single-repr-full/outputs/P00644/single_repr_model_1_pred_0.npy,results/af2/single-repr-full/outputs/P00644__V181I/single_repr_model_1_pred_0.npy,"(231, 384)","(231, 384)",1152
P00644__V181L,P00644,V181L,181,0.200000,results/af2/single-repr-full/outputs/P00644/single_repr_model_1_pred_0.npy,results/af2/single-repr-full/outputs/P00644__V181L/single_repr_model_1_pred_0.npy,"(231, 384)","(231, 384)",1152
P00644__V181S,P00644,V181S,181,5.100000,results/af2/single-repr-full/outputs/P00644/single_repr_model_1_pred_0.npy,results/af2/single-repr-full/outputs/P00644__V181S/single_repr_model_1_pred_0.npy,"(231, 384)","(231, 384)",1152
P00644__V181T,P00644,V181T,181,3.300000,results/af2/single-repr-full/outputs/P00644/single_repr_model_1_pred_0.npy,results/af2/single-repr-full/outputs/P00644__V181T/single_repr_model_1_pred_0.npy,"(231, 384)","(231, 384)",1152
P00644__N182A,P00644,N182A,182,4.800000,results/af2/single-repr-full/outputs/P00644/single_repr_model_1_pred_0.npy,results/af2/single-repr-full/outputs/P00644__N182A/single_repr_model_1_pred_0.npy,"(231, 384)","(231, 384)",1152
P00644__N182E,P00644,N182E,182,1.800000,results/af2/single-repr-full/outputs/P00644/single_repr_model_1_pred_0.npy,results/af2/single-repr-full/outputs/P00644__N182E/single_repr_model_1_pred_0.npy,"(231, 384)","(231, 384)",1152
P00644__N182G,P00644,N182G,182,5.000000,results/af2/single-repr-full/outputs/P00644/single_repr_model_1_pred_0.npy,results/af2/single-repr-full/outputs/P00644__N182G/single_repr_model_1_pred_0.npy,"(231, 384)","(231, 384)",1152
P00644__E183A,P00644,E183A,183,1.600000,results/af2/single-repr-full/outputs/P00644/single_repr_model_1_pred_0.npy,results/af2/single-repr-full/outputs/P00644__E183A/single_repr_model_1_pred_0.npy,"(231, 384)","(231, 384)",1152
P00644__E183F,P00644,E183F,183,2.700000,results/af2/single-repr-full/outputs/P00644/single_repr_model_1_pred_0.npy,results/af2/single-repr-full/outputs/P00644__E183F/single_repr_model_1_pred_0.npy,"(231, 384)","(231, 384)",1152
P00644__E183G,P00644,E183G,183,2.600000,results/af2/single-repr-full/outputs/P00644/single_repr_model_1_pred_0.npy,results/af2/single-repr-full/outputs/P00644__E183G/single_repr_model_1_pred_0.npy,"(231, 384)","(231, 384)",1152
P00644__A184F,P00644,A184F,184,1.700000,results/af2/single-repr-full/outputs/P00644/single_repr_model_1_pred_0.npy,results/af2/single-repr-full/outputs/P00644__A184F/single_repr_model_1_pred_0.npy,"(231, 384)","(231, 384)",1152
P00644__A184G,P00644,A184G,184,1.300000,results/af2/single-repr-full/outputs/P00644/single_repr_model_1_pred_0.npy,results/af2/single-repr-full/outputs/P00644__A184G/single_repr_model_1_pred_0.npy,"(231, 384)","(231, 384)",1152
P00644__A184V,P00644,A184V,184,1.800000,results/af2/single-repr-full/outputs/P00644/single_repr_model_1_pred_0.npy,results/af2/single-repr-full/outputs/P00644__A184V/single_repr_model_1_pred_0.npy,"(231, 384)","(231, 384)",1152
P00644__L185A,P00644,L185A,185,4.600000,results/af2/single-repr-full/outputs/P00644/single_repr_model_1_pred_0.npy,results/af2/single-repr-full/outputs/P00644__L185A/single_repr_model_1_pred_0.npy,"(231, 384)","(231, 384)",1152
P00644__L185E,P00644,L185E,185,5.550000,results/af2/single-repr-full/outputs/P00644/single_repr_model_1_pred_0.npy,results/af2/single-repr-full/outputs/P00644__L185E/single_repr_model_1_pred_0.npy,"(231, 384)","(231, 384)",1152
P00644__L185G,P00644,L185G,185,6.100000,results/af2/single-repr-full/outputs/P00644/single_repr_model_1_pred_0.npy,results/af2/single-repr-full/outputs/P00644__L185G/single_repr_model_1_pred_0.npy,"(231, 384)","(231, 384)",1152
P00644__L185I,P00644,L185I,185,1.100000,results/af2/single-repr-full/outputs/P00644/single_repr_model_1_pred_0.npy,results/af2/single-repr-full/outputs/P00644__L185I/single_repr_model_1_pred_0.npy,"(231, 384)","(231, 384)",1152
P00644__L185V,P00644,L185V,185,2.000000,results/af2/single-repr-full/outputs/P00644/single_repr_model_1_pred_0.npy,results/af2/single-repr-full/outputs/P00644__L185V/single_repr_model_1_pred_0.npy,"(231, 384)","(231, 384)",1152
P00644__V186A,P00644,V186A,186,2.800000,results/af2/single-repr-full/outputs/P00644/single_repr_model_1_pred_0.npy,results/af2/single-repr-full/outputs/P00644__V186A/single_repr_model_1_pred_0.npy,"(231, 384)","(231, 384)",1152
P00644__V186E,P00644,V186E,186,4.100000,results/af2/single-repr-full/outputs/P00644/single_repr_model_1_pred_0.npy,results/af2/single-repr-full/outputs/P00644__V186E/single_repr_model_1_pred_0.npy,"(231, 384)","(231, 384)",1152
P00644__V186G,P00644,V186G,186,6.000000,results/af2/single-repr-full/outputs/P00644/single_repr_model_1_pred_0.npy,results/af2/single-repr-full/outputs/P00644__V186G/single_repr_model_1_pred_0.npy,"(231, 384)","(231, 384)",1152
P00644__V186I,P00644,V186I,186,-0.250000,results/af2/single-repr-full/outputs/P00644/single_repr_model_1_pred_0.npy,results/af2/single-repr-full/outputs/P00644__V186I/single_repr_model_1_pred_0.npy,"(231, 384)","(231, 384)",1152
P00644__V186L,P00644,V186L,186,0.800000,results/af2/single-repr-full/outputs/P00644/single_repr_model_1_pred_0.npy,results/af2/single-repr-full/outputs/P00644__V186L/single_repr_model_1_pred_0.npy,"(231, 384)","(231, 384)",1152
P00644__V186S,P00644,V186S,186,4.900000,results/af2/single-repr-full/outputs/P00644/single_repr_model_1_pred_0.npy,results/af2/single-repr-full/outputs/P00644__V186S/single_repr_model_1_pred_0.npy,"(231, 384)","(231, 384)",1152
P00644__V186T,P00644,V186T,186,2.500000,results/af2/single-repr-full/outputs/P00644/single_repr_model_1_pred_0.npy,results/af2/single-repr-full/outputs/P00644__V186T/single_repr_model_1_pred_0.npy,"(231, 384)","(231, 384)",1152
P00644__R187A,P00644,R187A,187,1.300000,results/af2/single-repr-full/outputs/P00644/single_repr_model_1_pred_0.npy,results/af2/single-repr-full/outputs/P00644__R187A/single_repr_model_1_pred_0.npy,"(231, 384)","(231, 384)",1152
P00644__R187C,P00644,R187C,187,2.600000,results/af2/single-repr-full/outputs/P00644/single_repr_model_1_pred_0.npy,results/af2/single-repr-full/outputs/P00644__R187C/single_repr_model_1_pred_0.npy,"(231, 384)","(231, 384)",1152
P00644__R187F,P00644,R187F,187,3.100000,results/af2/single-repr-full/outputs/P00644/single_repr_model_1_pred_0.npy,results/af2/single-repr-full/outputs/P00644__R187F/single_repr_model_1_pred_0.npy,"(231, 384)","(231, 384)",1152
P00644__R187G,P00644,R187G,187,2.400000,results/af2/single-repr-full/outputs/P00644/single_repr_model_1_pred_0.npy,results/af2/single-repr-full/outputs/P00644__R187G/single_repr_model_1_pred_0.npy,"(231, 384)","(231, 384)",1152
P00644__Q188A,P00644,Q188A,188,-0.150000,results/af2/single-repr-full/outputs/P00644/single_repr_model_1_pred_0.npy,results/af2/single-repr-full/outputs/P00644__Q188A/single_repr_model_1_pred_0.npy,"(231, 384)","(231, 384)",1152
P00644__Q188G,P00644,Q188G,188,1.500000,results/af2/single-repr-full/outputs/P00644/single_repr_model_1_pred_0.npy,results/af2/single-repr-full/outputs/P00644__Q188G/single_repr_model_1_pred_0.npy,"(231, 384)","(231, 384)",1152
P00644__G189A,P00644,G189A,189,4.400000,results/af2/single-repr-full/outputs/P00644/single_repr_model_1_pred_0.npy,results/af2/single-repr-full/outputs/P00644__G189A/single_repr_model_1_pred_0.npy,"(231, 384)","(231, 384)",1152
P00644__G189V,P00644,G189V,189,7.500000,results/af2/single-repr-full/outputs/P00644/single_repr_model_1_pred_0.npy,results/af2/single-repr-full/outputs/P00644__G189V/single_repr_model_1_pred_0.npy,"(231, 384)","(231, 384)",1152
P00644__L190A,P00644,L190A,190,5.350000,results/af2/single-repr-full/outputs/P00644/single_repr_model_1_pred_0.npy,results/af2/single-repr-full/outputs/P00644__L190A/single_repr_model_1_pred_0.npy,"(231, 384)","(231, 384)",1152
P00644__L190G,P00644,L190G,190,6.650000,results/af2/single-repr-full/outputs/P00644/single_repr_model_1_pred_0.npy,results/af2/single-repr-full/outputs/P00644__L190G/single_repr_model_1_pred_0.npy,"(231, 384)","(231, 384)",1152
P00644__L190I,P00644,L190I,190,3.300000,results/af2/single-repr-full/outputs/P00644/single_repr_model_1_pred_0.npy,results/af2/single-repr-full/outputs/P00644__L190I/single_repr_model_1_pred_0.npy,"(231, 384)","(231, 384)",1152
P00644__L190V,P00644,L190V,190,3.800000,results/af2/single-repr-full/outputs/P00644/single_repr_model_1_pred_0.npy,results/af2/single-repr-full/outputs/P00644__L190V/single_repr_model_1_pred_0.npy,"(231, 384)","(231, 384)",1152
P00644__A191E,P00644,A191E,191,5.800000,results/af2/single-repr-full/outputs/P00644/single_repr_model_1_pred_0.npy,results/af2/single-repr-full/outputs/P00644__A191E/single_repr_model_1_pred_0.npy,"(231, 384)","(231, 384)",1152
P00644__A191G,P00644,A191G,191,1.000000,results/af2/single-repr-full/outputs/P00644/single_repr_model_1_pred_0.npy,results/af2/single-repr-full/outputs/P00644__A191G/single_repr_model_1_pred_0.npy,"(231, 384)","(231, 384)",1152
P00644__A191V,P00644,A191V,191,2.800000,results/af2/single-repr-full/outputs/P00644/single_repr_model_1_pred_0.npy,results/af2/single-repr-full/outputs/P00644__A191V/single_repr_model_1_pred_0.npy,"(231, 384)","(231, 384)",1152
P00644__K192A,P00644,K192A,192,1.300000,results/af2/single-repr-full/outputs/P00644/single_repr_model_1_pred_0.npy,results/af2/single-repr-full/outputs/P00644__K192A/single_repr_model_1_pred_0.npy,"(231, 384)","(231, 384)",1152
P00644__K192G,P00644,K192G,192,2.700000,results/af2/single-repr-full/outputs/P00644/single_repr_model_1_pred_0.npy,results/af2/single-repr-full/outputs/P00644__K192G/single_repr_model_1_pred_0.npy,"(231, 384)","(231, 384)",1152
P00644__V193A,P00644,V193A,193,4.300000,results/af2/single-repr-full/outputs/P00644/single_repr_model_1_pred_0.npy,results/af2/single-repr-full/outputs/P00644__V193A/single_repr_model_1_pred_0.npy,"(231, 384)","(231, 384)",1152
P00644__V193G,P00644,V193G,193,4.800000,results/af2/single-repr-full/outputs/P00644/single_repr_model_1_pred_0.npy,results/af2/single-repr-full/outputs/P00644__V193G/single_repr_model_1_pred_0.npy,"(231, 384)","(231, 384)",1152
P00644__V193I,P00644,V193I,193,0.700000,results/af2/single-repr-full/outputs/P00644/single_repr_model_1_pred_0.npy,results/af2/single-repr-full/outputs/P00644__V193I/single_repr_model_1_pred_0.npy,"(231, 384)","(231, 384)",1152
P00644__V193L,P00644,V193L,193,0.900000,results/af2/single-repr-full/outputs/P00644/single_repr_model_1_pred_0.npy,results/af2/single-repr-full/outputs/P00644__V193L/single_repr_model_1_pred_0.npy,"(231, 384)","(231, 384)",1152
P00644__V193S,P00644,V193S,193,4.750000,results/af2/single-repr-full/outputs/P00644/single_repr_model_1_pred_0.npy,results/af2/single-repr-full/outputs/P00644__V193S/single_repr_model_1_pred_0.npy,"(231, 384)","(231, 384)",1152
P00644__V193T,P00644,V193T,193,2.300000,results/af2/single-repr-full/outputs/P00644/single_repr_model_1_pred_0.npy,results/af2/single-repr-full/outputs/P00644__V193T/single_repr_model_1_pred_0.npy,"(231, 384)","(231, 384)",1152
P00644__A194C,P00644,A194C,194,0.800000,results/af2/single-repr-full/outputs/P00644/single_repr_model_1_pred_0.npy,results/af2/single-repr-full/outputs/P00644__A194C/single_repr_model_1_pred_0.npy,"(231, 384)","(231, 384)",1152
P00644__A194F,P00644,A194F,194,1.350000,results/af2/single-repr-full/outputs/P00644/single_repr_model_1_pred_0.npy,results/af2/single-repr-full/outputs/P00644__A194F/single_repr_model_1_pred_0.npy,"(231, 384)","(231, 384)",1152
P00644__A194G,P00644,A194G,194,0.000000,results/af2/single-repr-full/outputs/P00644/single_repr_model_1_pred_0.npy,results/af2/single-repr-full/outputs/P00644__A194G/single_repr_model_1_pred_0.npy,"(231, 384)","(231, 384)",1152
P00644__A194V,P00644,A194V,194,1.300000,results/af2/single-repr-full/outputs/P00644/single_repr_model_1_pred_0.npy,results/af2/single-repr-full/outputs/P00644__A194V/single_repr_model_1_pred_0.npy,"(231, 384)","(231, 384)",1152
P00644__Y195A,P00644,Y195A,195,-0.050000,results/af2/single-repr-full/outputs/P00644/single_repr_model_1_pred_0.npy,results/af2/single-repr-full/outputs/P00644__Y195A/single_repr_model_1_pred_0.npy,"(231, 384)","(231, 384)",1152
P00644__Y195F,P00644,Y195F,195,0.000000,results/af2/single-repr-full/outputs/P00644/single_repr_model_1_pred_0.npy,results/af2/single-repr-full/outputs/P00644__Y195F/single_repr_model_1_pred_0.npy,"(231, 384)","(231, 384)",1152
P00644__Y195G,P00644,Y195G,195,0.200000,results/af2/single-repr-full/outputs/P00644/single_repr_model_1_pred_0.npy,results/af2/single-repr-full/outputs/P00644__Y195G/single_repr_model_1_pred_0.npy,"(231, 384)","(231, 384)",1152
P00644__Y195L,P00644,Y195L,195,-0.200000,results/af2/single-repr-full/outputs/P00644/single_repr_model_1_pred_0.npy,results/af2/single-repr-full/outputs/P00644__Y195L/single_repr_model_1_pred_0.npy,"(231, 384)","(231, 384)",1152
P00644__V196A,P00644,V196A,196,0.000000,results/af2/single-repr-full/outputs/P00644/single_repr_model_1_pred_0.npy,results/af2/single-repr-full/outputs/P00644__V196A/single_repr_model_1_pred_0.npy,"(231, 384)","(231, 384)",1152
P00644__V196G,P00644,V196G,196,0.100000,results/af2/single-repr-full/outputs/P00644/single_repr_model_1_pred_0.npy,results/af2/single-repr-full/outputs/P00644__V196G/single_repr_model_1_pred_0.npy,"(231, 384)","(231, 384)",1152
P00644__V196I,P00644,V196I,196,0.100000,results/af2/single-repr-full/outputs/P00644/single_repr_model_1_pred_0.npy,results/af2/single-repr-full/outputs/P00644__V196I/single_repr_model_1_pred_0.npy,"(231, 384)","(231, 384)",1152
P00644__V196L,P00644,V196L,196,1.100000,results/af2/single-repr-full/outputs/P00644/single_repr_model_1_pred_0.npy,results/af2/single-repr-full/outputs/P00644__V196L/single_repr_model_1_pred_0.npy,"(231, 384)","(231, 384)",1152
P00644__V196S,P00644,V196S,196,0.000000,results/af2/single-repr-full/outputs/P00644/single_repr_model_1_pred_0.npy,results/af2/single-repr-full/outputs/P00644__V196S/single_repr_model_1_pred_0.npy,"(231, 384)","(231, 384)",1152
P00644__V196T,P00644,V196T,196,0.300000,results/af2/single-repr-full/outputs/P00644/single_repr_model_1_pred_0.npy,results/af2/single-repr-full/outputs/P00644__V196T/single_repr_model_1_pred_0.npy,"(231, 384)","(231, 384)",1152
P00644__Y197A,P00644,Y197A,197,0.250000,results/af2/single-repr-full/outputs/P00644/single_repr_model_1_pred_0.npy,results/af2/single-repr-full/outputs/P00644__Y197A/single_repr_model_1_pred_0.npy,"(231, 384)","(231, 384)",1152
P00644__Y197F,P00644,Y197F,197,0.100000,results/af2/single-repr-full/outputs/P00644/single_repr_model_1_pred_0.npy,results/af2/single-repr-full/outputs/P00644__Y197F/single_repr_model_1_pred_0.npy,"(231, 384)","(231, 384)",1152
P00644__Y197G,P00644,Y197G,197,0.600000,results/af2/single-repr-full/outputs/P00644/single_repr_model_1_pred_0.npy,results/af2/single-repr-full/outputs/P00644__Y197G/single_repr_model_1_pred_0.npy,"(231, 384)","(231, 384)",1152
P00644__Y197L,P00644,Y197L,197,0.300000,results/af2/single-repr-full/outputs/P00644/single_repr_model_1_pred_0.npy,results/af2/single-repr-full/outputs/P00644__Y197L/single_repr_model_1_pred_0.npy,"(231, 384)","(231, 384)",1152
P00644__K198A,P00644,K198A,198,-0.700000,results/af2/single-repr-full/outputs/P00644/single_repr_model_1_pred_0.npy,results/af2/single-repr-full/outputs/P00644__K198A/single_repr_model_1_pred_0.npy,"(231, 384)","(231, 384)",1152
P00644__K198F,P00644,K198F,198,0.150000,results/af2/single-repr-full/outputs/P00644/single_repr_model_1_pred_0.npy,results/af2/single-repr-full/outputs/P00644__K198F/single_repr_model_1_pred_0.npy,"(231, 384)","(231, 384)",1152
P00644__K198G,P00644,K198G,198,-1.000000,results/af2/single-repr-full/outputs/P00644/single_repr_model_1_pred_0.npy,results/af2/single-repr-full/outputs/P00644__K198G/single_repr_model_1_pred_0.npy,"(231, 384)","(231, 384)",1152
P00644__P199A,P00644,P199A,199,-0.750000,results/af2/single-repr-full/outputs/P00644/single_repr_model_1_pred_0.npy,results/af2/single-repr-full/outputs/P00644__P199A/single_repr_model_1_pred_0.npy,"(231, 384)","(231, 384)",1152
P00644__P199F,P00644,P199F,199,-0.300000,results/af2/single-repr-full/outputs/P00644/single_repr_model_1_pred_0.npy,results/af2/single-repr-full/outputs/P00644__P199F/single_repr_model_1_pred_0.npy,"(231, 384)","(231, 384)",1152
P00644__P199G,P00644,P199G,199,-1.100000,results/af2/single-repr-full/outputs/P00644/single_repr_model_1_pred_0.npy,results/af2/single-repr-full/outputs/P00644__P199G/single_repr_model_1_pred_0.npy,"(231, 384)","(231, 384)",1152
P00644__P199L,P00644,P199L,199,-0.200000,results/af2/single-repr-full/outputs/P00644/single_repr_model_1_pred_0.npy,results/af2/single-repr-full/outputs/P00644__P199L/single_repr_model_1_pred_0.npy,"(231, 384)","(231, 384)",1152
P00644__P199T,P00644,P199T,199,-1.000000,results/af2/single-repr-full/outputs/P00644/single_repr_model_1_pred_0.npy,results/af2/single-repr-full/outputs/P00644__P199T/single_repr_model_1_pred_0.npy,"(231, 384)","(231, 384)",1152
P00644__N200A,P00644,N200A,200,1.950000,results/af2/single-repr-full/outputs/P00644/single_repr_model_1_pred_0.npy,results/af2/single-repr-full/outputs/P00644__N200A/single_repr_model_1_pred_0.npy,"(231, 384)","(231, 384)",1152
P00644__N200D,P00644,N200D,200,2.350000,results/af2/single-repr-full/outputs/P00644/single_repr_model_1_pred_0.npy,results/af2/single-repr-full/outputs/P00644__N200D/single_repr_model_1_pred_0.npy,"(231, 384)","(231, 384)",1152
P00644__N200E,P00644,N200E,200,1.900000,results/af2/single-repr-full/outputs/P00644/single_repr_model_1_pred_0.npy,results/af2/single-repr-full/outputs/P00644__N200E/single_repr_model_1_pred_0.npy,"(231, 384)","(231, 384)",1152
P00644__N200G,P00644,N200G,200,1.700000,results/af2/single-repr-full/outputs/P00644/single_repr_model_1_pred_0.npy,results/af2/single-repr-full/outputs/P00644__N200G/single_repr_model_1_pred_0.npy,"(231, 384)","(231, 384)",1152
P00644__N201A,P00644,N201A,201,1.150000,results/af2/single-repr-full/outputs/P00644/single_repr_model_1_pred_0.npy,results/af2/single-repr-full/outputs/P00644__N201A/single_repr_model_1_pred_0.npy,"(231, 384)","(231, 384)",1152
P00644__N201G,P00644,N201G,201,1.150000,results/af2/single-repr-full/outputs/P00644/single_repr_model_1_pred_0.npy,results/af2/single-repr-full/outputs/P00644__N201G/single_repr_model_1_pred_0.npy,"(231, 384)","(231, 384)",1152
P00644__T202A,P00644,T202A,202,1.100000,results/af2/single-repr-full/outputs/P00644/single_repr_model_1_pred_0.npy,results/af2/single-repr-full/outputs/P00644__T202A/single_repr_model_1_pred_0.npy,"(231, 384)","(231, 384)",1152
P00644__T202C,P00644,T202C,202,1.650000,results/af2/single-repr-full/outputs/P00644/single_repr_model_1_pred_0.npy,results/af2/single-repr-full/outputs/P00644__T202C/single_repr_model_1_pred_0.npy,"(231, 384)","(231, 384)",1152
P00644__T202G,P00644,T202G,202,1.900000,results/af2/single-repr-full/outputs/P00644/single_repr_model_1_pred_0.npy,results/af2/single-repr-full/outputs/P00644__T202G/single_repr_model_1_pred_0.npy,"(231, 384)","(231, 384)",1152
P00644__T202I,P00644,T202I,202,1.500000,results/af2/single-repr-full/outputs/P00644/single_repr_model_1_pred_0.npy,results/af2/single-repr-full/outputs/P00644__T202I/single_repr_model_1_pred_0.npy,"(231, 384)","(231, 384)",1152
P00644__T202S,P00644,T202S,202,0.600000,results/af2/single-repr-full/outputs/P00644/single_repr_model_1_pred_0.npy,results/af2/single-repr-full/outputs/P00644__T202S/single_repr_model_1_pred_0.npy,"(231, 384)","(231, 384)",1152
P00644__T202V,P00644,T202V,202,1.700000,results/af2/single-repr-full/outputs/P00644/single_repr_model_1_pred_0.npy,results/af2/single-repr-full/outputs/P00644__T202V/single_repr_model_1_pred_0.npy,"(231, 384)","(231, 384)",1152
P00644__H203A,P00644,H203A,203,2.900000,results/af2/single-repr-full/outputs/P00644/single_repr_model_1_pred_0.npy,results/af2/single-repr-full/outputs/P00644__H203A/single_repr_model_1_pred_0.npy,"(231, 384)","(231, 384)",1152
P00644__H203G,P00644,H203G,203,4.100000,results/af2/single-repr-full/outputs/P00644/single_repr_model_1_pred_0.npy,results/af2/single-repr-full/outputs/P00644__H203G/single_repr_model_1_pred_0.npy,"(231, 384)","(231, 384)",1152
P00644__E204A,P00644,E204A,204,0.300000,results/af2/single-repr-full/outputs/P00644/single_repr_model_1_pred_0.npy,results/af2/single-repr-full/outputs/P00644__E204A/single_repr_model_1_pred_0.npy,"(231, 384)","(231, 384)",1152
P00644__E204F,P00644,E204F,204,0.700000,results/af2/single-repr-full/outputs/P00644/single_repr_model_1_pred_0.npy,results/af2/single-repr-full/outputs/P00644__E204F/single_repr_model_1_pred_0.npy,"(231, 384)","(231, 384)",1152
P00644__E204G,P00644,E204G,204,2.000000,results/af2/single-repr-full/outputs/P00644/single_repr_model_1_pred_0.npy,results/af2/single-repr-full/outputs/P00644__E204G/single_repr_model_1_pred_0.npy,"(231, 384)","(231, 384)",1152
P00644__E204K,P00644,E204K,204,2.500000,results/af2/single-repr-full/outputs/P00644/single_repr_model_1_pred_0.npy,results/af2/single-repr-full/outputs/P00644__E204K/single_repr_model_1_pred_0.npy,"(231, 384)","(231, 384)",1152
P00644__E204Q,P00644,E204Q,204,1.500000,results/af2/single-repr-full/outputs/P00644/single_repr_model_1_pred_0.npy,results/af2/single-repr-full/outputs/P00644__E204Q/single_repr_model_1_pred_0.npy,"(231, 384)","(231, 384)",1152
P00644__Q205A,P00644,Q205A,205,0.300000,results/af2/single-repr-full/outputs/P00644/single_repr_model_1_pred_0.npy,results/af2/single-repr-full/outputs/P00644__Q205A/single_repr_model_1_pred_0.npy,"(231, 384)","(231, 384)",1152
P00644__Q205F,P00644,Q205F,205,0.600000,results/af2/single-repr-full/outputs/P00644/single_repr_model_1_pred_0.npy,results/af2/single-repr-full/outputs/P00644__Q205F/single_repr_model_1_pred_0.npy,"(231, 384)","(231, 384)",1152
P00644__Q205G,P00644,Q205G,205,0.500000,results/af2/single-repr-full/outputs/P00644/single_repr_model_1_pred_0.npy,results/af2/single-repr-full/outputs/P00644__Q205G/single_repr_model_1_pred_0.npy,"(231, 384)","(231, 384)",1152
P00644__H206A,P00644,H206A,206,-0.400000,results/af2/single-repr-full/outputs/P00644/single_repr_model_1_pred_0.npy,results/af2/single-repr-full/outputs/P00644__H206A/single_repr_model_1_pred_0.npy,"(231, 384)","(231, 384)",1152
P00644__H206E,P00644,H206E,206,-0.350000,results/af2/single-repr-full/outputs/P00644/single_repr_model_1_pred_0.npy,results/af2/single-repr-full/outputs/P00644__H206E/single_repr_model_1_pred_0.npy,"(231, 384)","(231, 384)",1152
P00644__H206F,P00644,H206F,206,-0.400000,results/af2/single-repr-full/outputs/P00644/single_repr_model_1_pred_0.npy,results/af2/single-repr-full/outputs/P00644__H206F/single_repr_model_1_pred_0.npy,"(231, 384)","(231, 384)",1152
P00644__H206G,P00644,H206G,206,0.500000,results/af2/single-repr-full/outputs/P00644/single_repr_model_1_pred_0.npy,results/af2/single-repr-full/outputs/P00644__H206G/single_repr_model_1_pred_0.npy,"(231, 384)","(231, 384)",1152
P00644__H206L,P00644,H206L,206,-1.300000,results/af2/single-repr-full/outputs/P00644/single_repr_model_1_pred_0.npy,results/af2/single-repr-full/outputs/P00644__H206L/single_repr_model_1_pred_0.npy,"(231, 384)","(231, 384)",1152
P00644__H206Q,P00644,H206Q,206,-0.600000,results/af2/single-repr-full/outputs/P00644/single_repr_model_1_pred_0.npy,results/af2/single-repr-full/outputs/P00644__H206Q/single_repr_model_1_pred_0.npy,"(231, 384)","(231, 384)",1152
P00644__L207A,P00644,L207A,207,4.800000,results/af2/single-repr-full/outputs/P00644/single_repr_model_1_pred_0.npy,results/af2/single-repr-full/outputs/P00644__L207A/single_repr_model_1_pred_0.npy,"(231, 384)","(231, 384)",1152
P00644__L207E,P00644,L207E,207,6.150000,results/af2/single-repr-full/outputs/P00644/single_repr_model_1_pred_0.npy,results/af2/single-repr-full/outputs/P00644__L207E/single_repr_model_1_pred_0.npy,"(231, 384)","(231, 384)",1152
P00644__L207G,P00644,L207G,207,6.500000,results/af2/single-repr-full/outputs/P00644/single_repr_model_1_pred_0.npy,results/af2/single-repr-full/outputs/P00644__L207G/single_repr_model_1_pred_0.npy,"(231, 384)","(231, 384)",1152
P00644__L207I,P00644,L207I,207,1.000000,results/af2/single-repr-full/outputs/P00644/single_repr_model_1_pred_0.npy,results/af2/single-repr-full/outputs/P00644__L207I/single_repr_model_1_pred_0.npy,"(231, 384)","(231, 384)",1152
P00644__L207V,P00644,L207V,207,2.300000,results/af2/single-repr-full/outputs/P00644/single_repr_model_1_pred_0.npy,results/af2/single-repr-full/outputs/P00644__L207V/single_repr_model_1_pred_0.npy,"(231, 384)","(231, 384)",1152
P00644__R208A,P00644,R208A,208,1.600000,results/af2/single-repr-full/outputs/P00644/single_repr_model_1_pred_0.npy,results/af2/single-repr-full/outputs/P00644__R208A/single_repr_model_1_pred_0.npy,"(231, 384)","(231, 384)",1152
P00644__R208G,P00644,R208G,208,2.900000,results/af2/single-repr-full/outputs/P00644/single_repr_model_1_pred_0.npy,results/af2/single-repr-full/outputs/P00644__R208G/single_repr_model_1_pred_0.npy,"(231, 384)","(231, 384)",1152
P00644__K209A,P00644,K209A,209,-0.200000,results/af2/single-repr-full/outputs/P00644/single_repr_model_1_pred_0.npy,results/af2/single-repr-full/outputs/P00644__K209A/single_repr_model_1_pred_0.npy,"(231, 384)","(231, 384)",1152
P00644__K209F,P00644,K209F,209,0.300000,results/af2/single-repr-full/outputs/P00644/single_repr_model_1_pred_0.npy,results/af2/single-repr-full/outputs/P00644__K209F/single_repr_model_1_pred_0.npy,"(231, 384)","(231, 384)",1152
P00644__K209G,P00644,K209G,209,0.700000,results/af2/single-repr-full/outputs/P00644/single_repr_model_1_pred_0.npy,results/af2/single-repr-full/outputs/P00644__K209G/single_repr_model_1_pred_0.npy,"(231, 384)","(231, 384)",1152
P00644__S210A,P00644,S210A,210,-0.700000,results/af2/single-repr-full/outputs/P00644/single_repr_model_1_pred_0.npy,results/af2/single-repr-full/outputs/P00644__S210A/single_repr_model_1_pred_0.npy,"(231, 384)","(231, 384)",1152
P00644__S210F,P00644,S210F,210,1.000000,results/af2/single-repr-full/outputs/P00644/single_repr_model_1_pred_0.npy,results/af2/single-repr-full/outputs/P00644__S210F/single_repr_model_1_pred_0.npy,"(231, 384)","(231, 384)",1152
P00644__S210G,P00644,S210G,210,1.500000,results/af2/single-repr-full/outputs/P00644/single_repr_model_1_pred_0.npy,results/af2/single-repr-full/outputs/P00644__S210G/single_repr_model_1_pred_0.npy,"(231, 384)","(231, 384)",1152
P00644__E211A,P00644,E211A,211,2.200000,results/af2/single-repr-full/outputs/P00644/single_repr_model_1_pred_0.npy,results/af2/single-repr-full/outputs/P00644__E211A/single_repr_model_1_pred_0.npy,"(231, 384)","(231, 384)",1152
P00644__E211F,P00644,E211F,211,3.900000,results/af2/single-repr-full/outputs/P00644/single_repr_model_1_pred_0.npy,results/af2/single-repr-full/outputs/P00644__E211F/single_repr_model_1_pred_0.npy,"(231, 384)","(231, 384)",1152
P00644__E211G,P00644,E211G,211,3.700000,results/af2/single-repr-full/outputs/P00644/single_repr_model_1_pred_0.npy,results/af2/single-repr-full/outputs/P00644__E211G/single_repr_model_1_pred_0.npy,"(231, 384)","(231, 384)",1152
P00644__A212G,P00644,A212G,212,1.000000,results/af2/single-repr-full/outputs/P00644/single_repr_model_1_pred_0.npy,results/af2/single-repr-full/outputs/P00644__A212G/single_repr_model_1_pred_0.npy,"(231, 384)","(231, 384)",1152
P00644__A212V,P00644,A212V,212,1.100000,results/af2/single-repr-full/outputs/P00644/single_repr_model_1_pred_0.npy,results/af2/single-repr-full/outputs/P00644__A212V/single_repr_model_1_pred_0.npy,"(231, 384)","(231, 384)",1152
P00644__Q213A,P00644,Q213A,213,0.150000,results/af2/single-repr-full/outputs/P00644/single_repr_model_1_pred_0.npy,results/af2/single-repr-full/outputs/P00644__Q213A/single_repr_model_1_pred_0.npy,"(231, 384)","(231, 384)",1152
P00644__Q213F,P00644,Q213F,213,0.600000,results/af2/single-repr-full/outputs/P00644/single_repr_model_1_pred_0.npy,results/af2/single-repr-full/outputs/P00644__Q213F/single_repr_model_1_pred_0.npy,"(231, 384)","(231, 384)",1152
P00644__Q213G,P00644,Q213G,213,2.300000,results/af2/single-repr-full/outputs/P00644/single_repr_model_1_pred_0.npy,results/af2/single-repr-full/outputs/P00644__Q213G/single_repr_model_1_pred_0.npy,"(231, 384)","(231, 384)",1152
P00644__A214E,P00644,A214E,214,7.050000,results/af2/single-repr-full/outputs/P00644/single_repr_model_1_pred_0.npy,results/af2/single-repr-full/outputs/P00644__A214E/single_repr_model_1_pred_0.npy,"(231, 384)","(231, 384)",1152
P00644__A214G,P00644,A214G,214,3.600000,results/af2/single-repr-full/outputs/P00644/single_repr_model_1_pred_0.npy,results/af2/single-repr-full/outputs/P00644__A214G/single_repr_model_1_pred_0.npy,"(231, 384)","(231, 384)",1152
P00644__A214V,P00644,A214V,214,4.700000,results/af2/single-repr-full/outputs/P00644/single_repr_model_1_pred_0.npy,results/af2/single-repr-full/outputs/P00644__A214V/single_repr_model_1_pred_0.npy,"(231, 384)","(231, 384)",1152
P00644__K215A,P00644,K215A,215,1.300000,results/af2/single-repr-full/outputs/P00644/single_repr_model_1_pred_0.npy,results/af2/single-repr-full/outputs/P00644__K215A/single_repr_model_1_pred_0.npy,"(231, 384)","(231, 384)",1152
P00644__K215F,P00644,K215F,215,1.300000,results/af2/single-repr-full/outputs/P00644/single_repr_model_1_pred_0.npy,results/af2/single-repr-full/outputs/P00644__K215F/single_repr_model_1_pred_0.npy,"(231, 384)","(231, 384)",1152
P00644__K215G,P00644,K215G,215,3.200000,results/af2/single-repr-full/outputs/P00644/single_repr_model_1_pred_0.npy,results/af2/single-repr-full/outputs/P00644__K215G/single_repr_model_1_pred_0.npy,"(231, 384)","(231, 384)",1152
P00644__K215Q,P00644,K215Q,215,0.400000,results/af2/single-repr-full/outputs/P00644/single_repr_model_1_pred_0.npy,results/af2/single-repr-full/outputs/P00644__K215Q/single_repr_model_1_pred_0.npy,"(231, 384)","(231, 384)",1152
P00644__K216A,P00644,K216A,216,-0.100000,results/af2/single-repr-full/outputs/P00644/single_repr_model_1_pred_0.npy,results/af2/single-repr-full/outputs/P00644__K216A/single_repr_model_1_pred_0.npy,"(231, 384)","(231, 384)",1152
P00644__K216C,P00644,K216C,216,0.700000,results/af2/single-repr-full/outputs/P00644/single_repr_model_1_pred_0.npy,results/af2/single-repr-full/outputs/P00644__K216C/single_repr_model_1_pred_0.npy,"(231, 384)","(231, 384)",1152
P00644__K216F,P00644,K216F,216,0.350000,results/af2/single-repr-full/outputs/P00644/single_repr_model_1_pred_0.npy,results/af2/single-repr-full/outputs/P00644__K216F/single_repr_model_1_pred_0.npy,"(231, 384)","(231, 384)",1152
P00644__K216G,P00644,K216G,216,0.700000,results/af2/single-repr-full/outputs/P00644/single_repr_model_1_pred_0.npy,results/af2/single-repr-full/outputs/P00644__K216G/single_repr_model_1_pred_0.npy,"(231, 384)","(231, 384)",1152
P00644__E217A,P00644,E217A,217,0.700000,results/af2/single-repr-full/outputs/P00644/single_repr_model_1_pred_0.npy,results/af2/single-repr-full/outputs/P00644__E217A/single_repr_model_1_pred_0.npy,"(231, 384)","(231, 384)",1152
P00644__E217F,P00644,E217F,217,1.100000,results/af2/single-repr-full/outputs/P00644/single_repr_model_1_pred_0.npy,results/af2/single-repr-full/outputs/P00644__E217F/single_repr_model_1_pred_0.npy,"(231, 384)","(231, 384)",1152
P00644__E217G,P00644,E217G,217,1.600000,results/af2/single-repr-full/outputs/P00644/single_repr_model_1_pred_0.npy,results/af2/single-repr-full/outputs/P00644__E217G/single_repr_model_1_pred_0.npy,"(231, 384)","(231, 384)",1152
P00644__E217K,P00644,E217K,217,1.100000,results/af2/single-repr-full/outputs/P00644/single_repr_model_1_pred_0.npy,results/af2/single-repr-full/outputs/P00644__E217K/single_repr_model_1_pred_0.npy,"(231, 384)","(231, 384)",1152
P00644__E217Q,P00644,E217Q,217,0.700000,results/af2/single-repr-full/outputs/P00644/single_repr_model_1_pred_0.npy,results/af2/single-repr-full/outputs/P00644__E217Q/single_repr_model_1_pred_0.npy,"(231, 384)","(231, 384)",1152
P00644__K218A,P00644,K218A,218,0.800000,results/af2/single-repr-full/outputs/P00644/single_repr_model_1_pred_0.npy,results/af2/single-repr-full/outputs/P00644__K218A/single_repr_model_1_pred_0.npy,"(231, 384)","(231, 384)",1152
P00644__K218F,P00644,K218F,218,1.000000,results/af2/single-repr-full/outputs/P00644/single_repr_model_1_pred_0.npy,results/af2/single-repr-full/outputs/P00644__K218F/single_repr_model_1_pred_0.npy,"(231, 384)","(231, 384)",1152
P00644__K218G,P00644,K218G,218,0.000000,results/af2/single-repr-full/outputs/P00644/single_repr_model_1_pred_0.npy,results/af2/single-repr-full/outputs/P00644__K218G/single_repr_model_1_pred_0.npy,"(231, 384)","(231, 384)",1152
P00644__L219A,P00644,L219A,219,2.200000,results/af2/single-repr-full/outputs/P00644/single_repr_model_1_pred_0.npy,results/af2/single-repr-full/outputs/P00644__L219A/single_repr_model_1_pred_0.npy,"(231, 384)","(231, 384)",1152
P00644__L219G,P00644,L219G,219,4.400000,results/af2/single-repr-full/outputs/P00644/single_repr_model_1_pred_0.npy,results/af2/single-repr-full/outputs/P00644__L219G/single_repr_model_1_pred_0.npy,"(231, 384)","(231, 384)",1152
P00644__L219I,P00644,L219I,219,0.800000,results/af2/single-repr-full/outputs/P00644/single_repr_model_1_pred_0.npy,results/af2/single-repr-full/outputs/P00644__L219I/single_repr_model_1_pred_0.npy,"(231, 384)","(231, 384)",1152
P00644__L219V,P00644,L219V,219,1.400000,results/af2/single-repr-full/outputs/P00644/single_repr_model_1_pred_0.npy,results/af2/single-repr-full/outputs/P00644__L219V/single_repr_model_1_pred_0.npy,"(231, 384)","(231, 384)",1152
P00644__N220A,P00644,N220A,220,1.000000,results/af2/single-repr-full/outputs/P00644/single_repr_model_1_pred_0.npy,results/af2/single-repr-full/outputs/P00644__N220A/single_repr_model_1_pred_0.npy,"(231, 384)","(231, 384)",1152
P00644__N220G,P00644,N220G,220,-0.200000,results/af2/single-repr-full/outputs/P00644/single_repr_model_1_pred_0.npy,results/af2/single-repr-full/outputs/P00644__N220G/single_repr_model_1_pred_0.npy,"(231, 384)","(231, 384)",1152
P00644__I221A,P00644,I221A,221,3.300000,results/af2/single-repr-full/outputs/P00644/single_repr_model_1_pred_0.npy,results/af2/single-repr-full/outputs/P00644__I221A/single_repr_model_1_pred_0.npy,"(231, 384)","(231, 384)",1152
P00644__I221G,P00644,I221G,221,4.200000,results/af2/single-repr-full/outputs/P00644/single_repr_model_1_pred_0.npy,results/af2/single-repr-full/outputs/P00644__I221G/single_repr_model_1_pred_0.npy,"(231, 384)","(231, 384)",1152
P00644__I221L,P00644,I221L,221,0.100000,results/af2/single-repr-full/outputs/P00644/single_repr_model_1_pred_0.npy,results/af2/single-repr-full/outputs/P00644__I221L/single_repr_model_1_pred_0.npy,"(231, 384)","(231, 384)",1152
P00644__I221M,P00644,I221M,221,0.400000,results/af2/single-repr-full/outputs/P00644/single_repr_model_1_pred_0.npy,results/af2/single-repr-full/outputs/P00644__I221M/single_repr_model_1_pred_0.npy,"(231, 384)","(231, 384)",1152
P00644__I221V,P00644,I221V,221,1.400000,results/af2/single-repr-full/outputs/P00644/single_repr_model_1_pred_0.npy,results/af2/single-repr-full/outputs/P00644__I221V/single_repr_model_1_pred_0.npy,"(231, 384)","(231, 384)",1152
P00644__W222F,P00644,W222F,222,0.600000,results/af2/single-repr-full/outputs/P00644/single_repr_model_1_pred_0.npy,results/af2/single-repr-full/outputs/P00644__W222F/single_repr_model_1_pred_0.npy,"(231, 384)","(231, 384)",1152
P00644__W222H,P00644,W222H,222,0.400000,results/af2/single-repr-full/outputs/P00644/single_repr_model_1_pred_0.npy,results/af2/single-repr-full/outputs/P00644__W222H/single_repr_model_1_pred_0.npy,"(231, 384)","(231, 384)",1152
P00644__W222L,P00644,W222L,222,4.500000,results/af2/single-repr-full/outputs/P00644/single_repr_model_1_pred_0.npy,results/af2/single-repr-full/outputs/P00644__W222L/single_repr_model_1_pred_0.npy,"(231, 384)","(231, 384)",1152
P00644__W222Y,P00644,W222Y,222,1.100000,results/af2/single-repr-full/outputs/P00644/single_repr_model_1_pred_0.npy,results/af2/single-repr-full/outputs/P00644__W222Y/single_repr_model_1_pred_0.npy,"(231, 384)","(231, 384)",1152
P00644__S223A,P00644,S223A,223,0.260000,results/af2/single-repr-full/outputs/P00644/single_repr_model_1_pred_0.npy,results/af2/single-repr-full/outputs/P00644__S223A/single_repr_model_1_pred_0.npy,"(231, 384)","(231, 384)",1152
P00644__S223G,P00644,S223G,223,0.900000,results/af2/single-repr-full/outputs/P00644/single_repr_model_1_pred_0.npy,results/af2/single-repr-full/outputs/P00644__S223G/single_repr_model_1_pred_0.npy,"(231, 384)","(231, 384)",1152
P00644__E224A,P00644,E224A,224,0.300000,results/af2/single-repr-full/outputs/P00644/single_repr_model_1_pred_0.npy,results/af2/single-repr-full/outputs/P00644__E224A/single_repr_model_1_pred_0.npy,"(231, 384)","(231, 384)",1152
P00644__E224G,P00644,E224G,224,0.300000,results/af2/single-repr-full/outputs/P00644/single_repr_model_1_pred_0.npy,results/af2/single-repr-full/outputs/P00644__E224G/single_repr_model_1_pred_0.npy,"(231, 384)","(231, 384)",1152
P00644__D225A,P00644,D225A,225,0.100000,results/af2/single-repr-full/outputs/P00644/single_repr_model_1_pred_0.npy,results/af2/single-repr-full/outputs/P00644__D225A/single_repr_model_1_pred_0.npy,"(231, 384)","(231, 384)",1152
P00644__D225F,P00644,D225F,225,0.100000,results/af2/single-repr-full/outputs/P00644/single_repr_model_1_pred_0.npy,results/af2/single-repr-full/outputs/P00644__D225F/single_repr_model_1_pred_0.npy,"(231, 384)","(231, 384)",1152
P00644__D225G,P00644,D225G,225,0.200000,results/af2/single-repr-full/outputs/P00644/single_repr_model_1_pred_0.npy,results/af2/single-repr-full/outputs/P00644__D225G/single_repr_model_1_pred_0.npy,"(231, 384)","(231, 384)",1152
P00644__D225K,P00644,D225K,225,0.300000,results/af2/single-repr-full/outputs/P00644/single_repr_model_1_pred_0.npy,results/af2/single-repr-full/outputs/P00644__D225K/single_repr_model_1_pred_0.npy,"(231, 384)","(231, 384)",1152
P00644__D225N,P00644,D225N,225,0.300000,results/af2/single-repr-full/outputs/P00644/single_repr_model_1_pred_0.npy,results/af2/single-repr-full/outputs/P00644__D225N/single_repr_model_1_pred_0.npy,"(231, 384)","(231, 384)",1152
P00644__N226A,P00644,N226A,226,0.100000,results/af2/single-repr-full/outputs/P00644/single_repr_model_1_pred_0.npy,results/af2/single-repr-full/outputs/P00644__N226A/single_repr_model_1_pred_0.npy,"(231, 384)","(231, 384)",1152
P00644__N226G,P00644,N226G,226,0.500000,results/af2/single-repr-full/outputs/P00644/single_repr_model_1_pred_0.npy,results/af2/single-repr-full/outputs/P00644__N226G/single_repr_model_1_pred_0.npy,"(231, 384)","(231, 384)",1152
P00644__A227G,P00644,A227G,227,0.400000,results/af2/single-repr-full/outputs/P00644/single_repr_model_1_pred_0.npy,results/af2/single-repr-full/outputs/P00644__A227G/single_repr_model_1_pred_0.npy,"(231, 384)","(231, 384)",1152
P00644__A227V,P00644,A227V,227,0.300000,results/af2/single-repr-full/outputs/P00644/single_repr_model_1_pred_0.npy,results/af2/single-repr-full/outputs/P00644__A227V/single_repr_model_1_pred_0.npy,"(231, 384)","(231, 384)",1152
P00644__D228A,P00644,D228A,228,0.200000,results/af2/single-repr-full/outputs/P00644/single_repr_model_1_pred_0.npy,results/af2/single-repr-full/outputs/P00644__D228A/single_repr_model_1_pred_0.npy,"(231, 384)","(231, 384)",1152
P00644__D228G,P00644,D228G,228,0.200000,results/af2/single-repr-full/outputs/P00644/single_repr_model_1_pred_0.npy,results/af2/single-repr-full/outputs/P00644__D228G/single_repr_model_1_pred_0.npy,"(231, 384)","(231, 384)",1152
P00644__Q231G,P00644,Q231G,231,0.400000,results/af2/single-repr-full/outputs/P00644/single_repr_model_1_pred_0.npy,results/af2/single-repr-full/outputs/P00644__Q231G/single_repr_model_1_pred_0.npy,"(231, 384)","(231, 384)",1152
P00648__I51A,P00648,I51A,51,1.400000,results/af2/single-repr-full/outputs/P00648/single_repr_model_1_pred_0.npy,results/af2/single-repr-full/outputs/P00648__I51A/single_repr_model_1_pred_0.npy,"(157, 384)","(157, 384)",1152
P00648__I51V,P00648,I51V,51,1.100000,results/af2/single-repr-full/outputs/P00648/single_repr_model_1_pred_0.npy,results/af2/single-repr-full/outputs/P00648__I51V/single_repr_model_1_pred_0.npy,"(157, 384)","(157, 384)",1152
P00648__N52A,P00648,N52A,52,1.850000,results/af2/single-repr-full/outputs/P00648/single_repr_model_1_pred_0.npy,results/af2/single-repr-full/outputs/P00648__N52A/single_repr_model_1_pred_0.npy,"(157, 384)","(157, 384)",1152
P00648__T53A,P00648,T53A,53,2.125000,results/af2/single-repr-full/outputs/P00648/single_repr_model_1_pred_0.npy,results/af2/single-repr-full/outputs/P00648__T53A/single_repr_model_1_pred_0.npy,"(157, 384)","(157, 384)",1152
P00648__T53D,P00648,T53D,53,-0.110000,results/af2/single-repr-full/outputs/P00648/single_repr_model_1_pred_0.npy,results/af2/single-repr-full/outputs/P00648__T53D/single_repr_model_1_pred_0.npy,"(157, 384)","(157, 384)",1152
P00648__T53E,P00648,T53E,53,0.270000,results/af2/single-repr-full/outputs/P00648/single_repr_model_1_pred_0.npy,results/af2/single-repr-full/outputs/P00648__T53E/single_repr_model_1_pred_0.npy,"(157, 384)","(157, 384)",1152
P00648__T53G,P00648,T53G,53,1.150000,results/af2/single-repr-full/outputs/P00648/single_repr_model_1_pred_0.npy,results/af2/single-repr-full/outputs/P00648__T53G/single_repr_model_1_pred_0.npy,"(157, 384)","(157, 384)",1152
P00648__T53H,P00648,T53H,53,2.100000,results/af2/single-repr-full/outputs/P00648/single_repr_model_1_pred_0.npy,results/af2/single-repr-full/outputs/P00648__T53H/single_repr_model_1_pred_0.npy,"(157, 384)","(157, 384)",1152
P00648__T53N,P00648,T53N,53,1.270000,results/af2/single-repr-full/outputs/P00648/single_repr_model_1_pred_0.npy,results/af2/single-repr-full/outputs/P00648__T53N/single_repr_model_1_pred_0.npy,"(157, 384)","(157, 384)",1152
P00648__T53P,P00648,T53P,53,3.140000,results/af2/single-repr-full/outputs/P00648/single_repr_model_1_pred_0.npy,results/af2/single-repr-full/outputs/P00648__T53P/single_repr_model_1_pred_0.npy,"(157, 384)","(157, 384)",1152
P00648__T53Q,P00648,T53Q,53,1.870000,results/af2/single-repr-full/outputs/P00648/single_repr_model_1_pred_0.npy,results/af2/single-repr-full/outputs/P00648__T53Q/single_repr_model_1_pred_0.npy,"(157, 384)","(157, 384)",1152
P00648__T53S,P00648,T53S,53,0.260000,results/af2/single-repr-full/outputs/P00648/single_repr_model_1_pred_0.npy,results/af2/single-repr-full/outputs/P00648__T53S/single_repr_model_1_pred_0.npy,"(157, 384)","(157, 384)",1152
P00648__F54L,P00648,F54L,54,4.200000,results/af2/single-repr-full/outputs/P00648/single_repr_model_1_pred_0.npy,results/af2/single-repr-full/outputs/P00648__F54L/single_repr_model_1_pred_0.npy,"(157, 384)","(157, 384)",1152
P00648__D55A,P00648,D55A,55,0.850000,results/af2/single-repr-full/outputs/P00648/single_repr_model_1_pred_0.npy,results/af2/single-repr-full/outputs/P00648__D55A/single_repr_model_1_pred_0.npy,"(157, 384)","(157, 384)",1152
P00648__D55G,P00648,D55G,55,1.170000,results/af2/single-repr-full/outputs/P00648/single_repr_model_1_pred_0.npy,results/af2/single-repr-full/outputs/P00648__D55G/single_repr_model_1_pred_0.npy,"(157, 384)","(157, 384)",1152
P00648__D55S,P00648,D55S,55,0.750000,results/af2/single-repr-full/outputs/P00648/single_repr_model_1_pred_0.npy,results/af2/single-repr-full/outputs/P00648__D55S/single_repr_model_1_pred_0.npy,"(157, 384)","(157, 384)",1152
P00648__V57A,P00648,V57A,57,3.400000,results/af2/single-repr-full/outputs/P00648/single_repr_model_1_pred_0.npy,results/af2/single-repr-full/outputs/P00648__V57A/single_repr_model_1_pred_0.npy,"(157, 384)","(157, 384)",1152
P00648__V57T,P00648,V57T,57,2.480000,results/af2/single-repr-full/outputs/P00648/single_repr_model_1_pred_0.npy,results/af2/single-repr-full/outputs/P00648__V57T/single_repr_model_1_pred_0.npy,"(157, 384)","(157, 384)",1152
P00648__D59A,P00648,D59A,59,-0.050000,results/af2/single-repr-full/outputs/P00648/single_repr_model_1_pred_0.npy,results/af2/single-repr-full/outputs/P00648__D59A/single_repr_model_1_pred_0.npy,"(157, 384)","(157, 384)",1152
P00648__D59G,P00648,D59G,59,0.900000,results/af2/single-repr-full/outputs/P00648/single_repr_model_1_pred_0.npy,results/af2/single-repr-full/outputs/P00648__D59G/single_repr_model_1_pred_0.npy,"(157, 384)","(157, 384)",1152
P00648__D59S,P00648,D59S,59,0.800000,results/af2/single-repr-full/outputs/P00648/single_repr_model_1_pred_0.npy,results/af2/single-repr-full/outputs/P00648__D59S/single_repr_model_1_pred_0.npy,"(157, 384)","(157, 384)",1152
P00648__Y60A,P00648,Y60A,60,3.500000,results/af2/single-repr-full/outputs/P00648/single_repr_model_1_pred_0.npy,results/af2/single-repr-full/outputs/P00648__Y60A/single_repr_model_1_pred_0.npy,"(157, 384)","(157, 384)",1152
P00648__Y60F,P00648,Y60F,60,0.500000,results/af2/single-repr-full/outputs/P00648/single_repr_model_1_pred_0.npy,results/af2/single-repr-full/outputs/P00648__Y60F/single_repr_model_1_pred_0.npy,"(157, 384)","(157, 384)",1152
P00648__Y60G,P00648,Y60G,60,6.400000,results/af2/single-repr-full/outputs/P00648/single_repr_model_1_pred_0.npy,results/af2/single-repr-full/outputs/P00648__Y60G/single_repr_model_1_pred_0.npy,"(157, 384)","(157, 384)",1152
P00648__L61A,P00648,L61A,61,4.410000,results/af2/single-repr-full/outputs/P00648/single_repr_model_1_pred_0.npy,results/af2/single-repr-full/outputs/P00648__L61A/single_repr_model_1_pred_0.npy,"(157, 384)","(157, 384)",1152
P00648__Q62A,P00648,Q62A,62,0.200000,results/af2/single-repr-full/outputs/P00648/single_repr_model_1_pred_0.npy,results/af2/single-repr-full/outputs/P00648__Q62A/single_repr_model_1_pred_0.npy,"(157, 384)","(157, 384)",1152
P00648__Q62G,P00648,Q62G,62,1.600000,results/af2/single-repr-full/outputs/P00648/single_repr_model_1_pred_0.npy,results/af2/single-repr-full/outputs/P00648__Q62G/single_repr_model_1_pred_0.npy,"(157, 384)","(157, 384)",1152
P00648__Q62I,P00648,Q62I,62,-1.200000,results/af2/single-repr-full/outputs/P00648/single_repr_model_1_pred_0.npy,results/af2/single-repr-full/outputs/P00648__Q62I/single_repr_model_1_pred_0.npy,"(157, 384)","(157, 384)",1152
P00648__T63A,P00648,T63A,63,0.350000,results/af2/single-repr-full/outputs/P00648/single_repr_model_1_pred_0.npy,results/af2/single-repr-full/outputs/P00648__T63A/single_repr_model_1_pred_0.npy,"(157, 384)","(157, 384)",1152
P00648__T63G,P00648,T63G,63,1.500000,results/af2/single-repr-full/outputs/P00648/single_repr_model_1_pred_0.npy,results/af2/single-repr-full/outputs/P00648__T63G/single_repr_model_1_pred_0.npy,"(157, 384)","(157, 384)",1152
P00648__T63R,P00648,T63R,63,0.050000,results/af2/single-repr-full/outputs/P00648/single_repr_model_1_pred_0.npy,results/af2/single-repr-full/outputs/P00648__T63R/single_repr_model_1_pred_0.npy,"(157, 384)","(157, 384)",1152
P00648__T63S,P00648,T63S,63,1.700000,results/af2/single-repr-full/outputs/P00648/single_repr_model_1_pred_0.npy,results/af2/single-repr-full/outputs/P00648__T63S/single_repr_model_1_pred_0.npy,"(157, 384)","(157, 384)",1152
P00648__Y64A,P00648,Y64A,64,2.100000,results/af2/single-repr-full/outputs/P00648/single_repr_model_1_pred_0.npy,results/af2/single-repr-full/outputs/P00648__Y64A/single_repr_model_1_pred_0.npy,"(157, 384)","(157, 384)",1152
P00648__Y64F,P00648,Y64F,64,0.450000,results/af2/single-repr-full/outputs/P00648/single_repr_model_1_pred_0.npy,results/af2/single-repr-full/outputs/P00648__Y64F/single_repr_model_1_pred_0.npy,"(157, 384)","(157, 384)",1152
P00648__Y64G,P00648,Y64G,64,4.165000,results/af2/single-repr-full/outputs/P00648/single_repr_model_1_pred_0.npy,results/af2/single-repr-full/outputs/P00648__Y64G/single_repr_model_1_pred_0.npy,"(157, 384)","(157, 384)",1152
P00648__Y64S,P00648,Y64S,64,2.300000,results/af2/single-repr-full/outputs/P00648/single_repr_model_1_pred_0.npy,results/af2/single-repr-full/outputs/P00648__Y64S/single_repr_model_1_pred_0.npy,"(157, 384)","(157, 384)",1152
P00648__H65A,P00648,H65A,65,1.925000,results/af2/single-repr-full/outputs/P00648/single_repr_model_1_pred_0.npy,results/af2/single-repr-full/outputs/P00648__H65A/single_repr_model_1_pred_0.npy,"(157, 384)","(157, 384)",1152
P00648__H65D,P00648,H65D,65,2.300000,results/af2/single-repr-full/outputs/P00648/single_repr_model_1_pred_0.npy,results/af2/single-repr-full/outputs/P00648__H65D/single_repr_model_1_pred_0.npy,"(157, 384)","(157, 384)",1152
P00648__H65G,P00648,H65G,65,0.500000,results/af2/single-repr-full/outputs/P00648/single_repr_model_1_pred_0.npy,results/af2/single-repr-full/outputs/P00648__H65G/single_repr_model_1_pred_0.npy,"(157, 384)","(157, 384)",1152
P00648__H65K,P00648,H65K,65,1.100000,results/af2/single-repr-full/outputs/P00648/single_repr_model_1_pred_0.npy,results/af2/single-repr-full/outputs/P00648__H65K/single_repr_model_1_pred_0.npy,"(157, 384)","(157, 384)",1152
P00648__H65N,P00648,H65N,65,1.680000,results/af2/single-repr-full/outputs/P00648/single_repr_model_1_pred_0.npy,results/af2/single-repr-full/outputs/P00648__H65N/single_repr_model_1_pred_0.npy,"(157, 384)","(157, 384)",1152
P00648__H65Q,P00648,H65Q,65,1.470000,results/af2/single-repr-full/outputs/P00648/single_repr_model_1_pred_0.npy,results/af2/single-repr-full/outputs/P00648__H65Q/single_repr_model_1_pred_0.npy,"(157, 384)","(157, 384)",1152
P00648__H65R,P00648,H65R,65,1.050000,results/af2/single-repr-full/outputs/P00648/single_repr_model_1_pred_0.npy,results/af2/single-repr-full/outputs/P00648__H65R/single_repr_model_1_pred_0.npy,"(157, 384)","(157, 384)",1152
P00648__H65S,P00648,H65S,65,2.150000,results/af2/single-repr-full/outputs/P00648/single_repr_model_1_pred_0.npy,results/af2/single-repr-full/outputs/P00648__H65S/single_repr_model_1_pred_0.npy,"(157, 384)","(157, 384)",1152
P00648__K66A,P00648,K66A,66,-0.800000,results/af2/single-repr-full/outputs/P00648/single_repr_model_1_pred_0.npy,results/af2/single-repr-full/outputs/P00648__K66A/single_repr_model_1_pred_0.npy,"(157, 384)","(157, 384)",1152
P00648__K66R,P00648,K66R,66,-0.600000,results/af2/single-repr-full/outputs/P00648/single_repr_model_1_pred_0.npy,results/af2/single-repr-full/outputs/P00648__K66R/single_repr_model_1_pred_0.npy,"(157, 384)","(157, 384)",1152
P00648__D69M,P00648,D69M,69,0.185000,results/af2/single-repr-full/outputs/P00648/single_repr_model_1_pred_0.npy,results/af2/single-repr-full/outputs/P00648__D69M/single_repr_model_1_pred_0.npy,"(157, 384)","(157, 384)",1152
P00648__N70A,P00648,N70A,70,2.200000,results/af2/single-repr-full/outputs/P00648/single_repr_model_1_pred_0.npy,results/af2/single-repr-full/outputs/P00648__N70A/single_repr_model_1_pred_0.npy,"(157, 384)","(157, 384)",1152
P00648__Y71F,P00648,Y71F,71,-0.090000,results/af2/single-repr-full/outputs/P00648/single_repr_model_1_pred_0.npy,results/af2/single-repr-full/outputs/P00648__Y71F/single_repr_model_1_pred_0.npy,"(157, 384)","(157, 384)",1152
P00648__I72A,P00648,I72A,72,3.500000,results/af2/single-repr-full/outputs/P00648/single_repr_model_1_pred_0.npy,results/af2/single-repr-full/outputs/P00648__I72A/single_repr_model_1_pred_0.npy,"(157, 384)","(157, 384)",1152
P00648__I72V,P00648,I72V,72,1.050000,results/af2/single-repr-full/outputs/P00648/single_repr_model_1_pred_0.npy,results/af2/single-repr-full/outputs/P00648__I72V/single_repr_model_1_pred_0.npy,"(157, 384)","(157, 384)",1152
P00648__T73A,P00648,T73A,73,1.900000,results/af2/single-repr-full/outputs/P00648/single_repr_model_1_pred_0.npy,results/af2/single-repr-full/outputs/P00648__T73A/single_repr_model_1_pred_0.npy,"(157, 384)","(157, 384)",1152
P00648__T73D,P00648,T73D,73,0.000000,results/af2/single-repr-full/outputs/P00648/single_repr_model_1_pred_0.npy,results/af2/single-repr-full/outputs/P00648__T73D/single_repr_model_1_pred_0.npy,"(157, 384)","(157, 384)",1152
P00648__T73E,P00648,T73E,73,0.050000,results/af2/single-repr-full/outputs/P00648/single_repr_model_1_pred_0.npy,results/af2/single-repr-full/outputs/P00648__T73E/single_repr_model_1_pred_0.npy,"(157, 384)","(157, 384)",1152
P00648__T73G,P00648,T73G,73,1.500000,results/af2/single-repr-full/outputs/P00648/single_repr_model_1_pred_0.npy,results/af2/single-repr-full/outputs/P00648__T73G/single_repr_model_1_pred_0.npy,"(157, 384)","(157, 384)",1152
P00648__T73H,P00648,T73H,73,4.300000,results/af2/single-repr-full/outputs/P00648/single_repr_model_1_pred_0.npy,results/af2/single-repr-full/outputs/P00648__T73H/single_repr_model_1_pred_0.npy,"(157, 384)","(157, 384)",1152
P00648__T73N,P00648,T73N,73,1.290000,results/af2/single-repr-full/outputs/P00648/single_repr_model_1_pred_0.npy,results/af2/single-repr-full/outputs/P00648__T73N/single_repr_model_1_pred_0.npy,"(157, 384)","(157, 384)",1152
P00648__T73Q,P00648,T73Q,73,1.720000,results/af2/single-repr-full/outputs/P00648/single_repr_model_1_pred_0.npy,results/af2/single-repr-full/outputs/P00648__T73Q/single_repr_model_1_pred_0.npy,"(157, 384)","(157, 384)",1152
P00648__T73S,P00648,T73S,73,0.530000,results/af2/single-repr-full/outputs/P00648/single_repr_model_1_pred_0.npy,results/af2/single-repr-full/outputs/P00648__T73S/single_repr_model_1_pred_0.npy,"(157, 384)","(157, 384)",1152
P00648__T73V,P00648,T73V,73,2.205000,results/af2/single-repr-full/outputs/P00648/single_repr_model_1_pred_0.npy,results/af2/single-repr-full/outputs/P00648__T73V/single_repr_model_1_pred_0.npy,"(157, 384)","(157, 384)",1152
P00648__K74A,P00648,K74A,74,-0.445000,results/af2/single-repr-full/outputs/P00648/single_repr_model_1_pred_0.npy,results/af2/single-repr-full/outputs/P00648__K74A/single_repr_model_1_pred_0.npy,"(157, 384)","(157, 384)",1152
P00648__K74G,P00648,K74G,74,0.400000,results/af2/single-repr-full/outputs/P00648/single_repr_model_1_pred_0.npy,results/af2/single-repr-full/outputs/P00648__K74G/single_repr_model_1_pred_0.npy,"(157, 384)","(157, 384)",1152
P00648__S75A,P00648,S75A,75,-0.455000,results/af2/single-repr-full/outputs/P00648/single_repr_model_1_pred_0.npy,results/af2/single-repr-full/outputs/P00648__S75A/single_repr_model_1_pred_0.npy,"(157, 384)","(157, 384)",1152
P00648__S75E,P00648,S75E,75,-0.500000,results/af2/single-repr-full/outputs/P00648/single_repr_model_1_pred_0.npy,results/af2/single-repr-full/outputs/P00648__S75E/single_repr_model_1_pred_0.npy,"(157, 384)","(157, 384)",1152
P00648__S75G,P00648,S75G,75,0.450000,results/af2/single-repr-full/outputs/P00648/single_repr_model_1_pred_0.npy,results/af2/single-repr-full/outputs/P00648__S75G/single_repr_model_1_pred_0.npy,"(157, 384)","(157, 384)",1152
P00648__E76A,P00648,E76A,76,1.250000,results/af2/single-repr-full/outputs/P00648/single_repr_model_1_pred_0.npy,results/af2/single-repr-full/outputs/P00648__E76A/single_repr_model_1_pred_0.npy,"(157, 384)","(157, 384)",1152
P00648__E76G,P00648,E76G,76,1.800000,results/af2/single-repr-full/outputs/P00648/single_repr_model_1_pred_0.npy,results/af2/single-repr-full/outputs/P00648__E76G/single_repr_model_1_pred_0.npy,"(157, 384)","(157, 384)",1152
P00648__E76Q,P00648,E76Q,76,0.200000,results/af2/single-repr-full/outputs/P00648/single_repr_model_1_pred_0.npy,results/af2/single-repr-full/outputs/P00648__E76Q/single_repr_model_1_pred_0.npy,"(157, 384)","(157, 384)",1152
P00648__E76S,P00648,E76S,76,1.200000,results/af2/single-repr-full/outputs/P00648/single_repr_model_1_pred_0.npy,results/af2/single-repr-full/outputs/P00648__E76S/single_repr_model_1_pred_0.npy,"(157, 384)","(157, 384)",1152
P00648__Q78A,P00648,Q78A,78,-0.100000,results/af2/single-repr-full/outputs/P00648/single_repr_model_1_pred_0.npy,results/af2/single-repr-full/outputs/P00648__Q78A/single_repr_model_1_pred_0.npy,"(157, 384)","(157, 384)",1152
P00648__Q78G,P00648,Q78G,78,0.990000,results/af2/single-repr-full/outputs/P00648/single_repr_model_1_pred_0.npy,results/af2/single-repr-full/outputs/P00648__Q78G/single_repr_model_1_pred_0.npy,"(157, 384)","(157, 384)",1152
P00648__Q78S,P00648,Q78S,78,0.200000,results/af2/single-repr-full/outputs/P00648/single_repr_model_1_pred_0.npy,results/af2/single-repr-full/outputs/P00648__Q78S/single_repr_model_1_pred_0.npy,"(157, 384)","(157, 384)",1152
P00648__A79C,P00648,A79C,79,1.500000,results/af2/single-repr-full/outputs/P00648/single_repr_model_1_pred_0.npy,results/af2/single-repr-full/outputs/P00648__A79C/single_repr_model_1_pred_0.npy,"(157, 384)","(157, 384)",1152
P00648__A79D,P00648,A79D,79,0.500000,results/af2/single-repr-full/outputs/P00648/single_repr_model_1_pred_0.npy,results/af2/single-repr-full/outputs/P00648__A79D/single_repr_model_1_pred_0.npy,"(157, 384)","(157, 384)",1152
P00648__A79E,P00648,A79E,79,0.200000,results/af2/single-repr-full/outputs/P00648/single_repr_model_1_pred_0.npy,results/af2/single-repr-full/outputs/P00648__A79E/single_repr_model_1_pred_0.npy,"(157, 384)","(157, 384)",1152
P00648__A79F,P00648,A79F,79,0.600000,results/af2/single-repr-full/outputs/P00648/single_repr_model_1_pred_0.npy,results/af2/single-repr-full/outputs/P00648__A79F/single_repr_model_1_pred_0.npy,"(157, 384)","(157, 384)",1152
P00648__A79G,P00648,A79G,79,0.900000,results/af2/single-repr-full/outputs/P00648/single_repr_model_1_pred_0.npy,results/af2/single-repr-full/outputs/P00648__A79G/single_repr_model_1_pred_0.npy,"(157, 384)","(157, 384)",1152
P00648__A79H,P00648,A79H,79,0.700000,results/af2/single-repr-full/outputs/P00648/single_repr_model_1_pred_0.npy,results/af2/single-repr-full/outputs/P00648__A79H/single_repr_model_1_pred_0.npy,"(157, 384)","(157, 384)",1152
P00648__A79I,P00648,A79I,79,0.700000,results/af2/single-repr-full/outputs/P00648/single_repr_model_1_pred_0.npy,results/af2/single-repr-full/outputs/P00648__A79I/single_repr_model_1_pred_0.npy,"(157, 384)","(157, 384)",1152
P00648__A79K,P00648,A79K,79,0.150000,results/af2/single-repr-full/outputs/P00648/single_repr_model_1_pred_0.npy,results/af2/single-repr-full/outputs/P00648__A79K/single_repr_model_1_pred_0.npy,"(157, 384)","(157, 384)",1152
P00648__A79L,P00648,A79L,79,0.100000,results/af2/single-repr-full/outputs/P00648/single_repr_model_1_pred_0.npy,results/af2/single-repr-full/outputs/P00648__A79L/single_repr_model_1_pred_0.npy,"(157, 384)","(157, 384)",1152
P00648__A79M,P00648,A79M,79,0.200000,results/af2/single-repr-full/outputs/P00648/single_repr_model_1_pred_0.npy,results/af2/single-repr-full/outputs/P00648__A79M/single_repr_model_1_pred_0.npy,"(157, 384)","(157, 384)",1152
P00648__A79N,P00648,A79N,79,0.500000,results/af2/single-repr-full/outputs/P00648/single_repr_model_1_pred_0.npy,results/af2/single-repr-full/outputs/P00648__A79N/single_repr_model_1_pred_0.npy,"(157, 384)","(157, 384)",1152
P00648__A79P,P00648,A79P,79,3.800000,results/af2/single-repr-full/outputs/P00648/single_repr_model_1_pred_0.npy,results/af2/single-repr-full/outputs/P00648__A79P/single_repr_model_1_pred_0.npy,"(157, 384)","(157, 384)",1152
P00648__A79Q,P00648,A79Q,79,0.400000,results/af2/single-repr-full/outputs/P00648/single_repr_model_1_pred_0.npy,results/af2/single-repr-full/outputs/P00648__A79Q/single_repr_model_1_pred_0.npy,"(157, 384)","(157, 384)",1152
P00648__A79R,P00648,A79R,79,0.150000,results/af2/single-repr-full/outputs/P00648/single_repr_model_1_pred_0.npy,results/af2/single-repr-full/outputs/P00648__A79R/single_repr_model_1_pred_0.npy,"(157, 384)","(157, 384)",1152
P00648__A79S,P00648,A79S,79,0.250000,results/af2/single-repr-full/outputs/P00648/single_repr_model_1_pred_0.npy,results/af2/single-repr-full/outputs/P00648__A79S/single_repr_model_1_pred_0.npy,"(157, 384)","(157, 384)",1152
P00648__A79T,P00648,A79T,79,0.600000,results/af2/single-repr-full/outputs/P00648/single_repr_model_1_pred_0.npy,results/af2/single-repr-full/outputs/P00648__A79T/single_repr_model_1_pred_0.npy,"(157, 384)","(157, 384)",1152
P00648__A79V,P00648,A79V,79,0.600000,results/af2/single-repr-full/outputs/P00648/single_repr_model_1_pred_0.npy,results/af2/single-repr-full/outputs/P00648__A79V/single_repr_model_1_pred_0.npy,"(157, 384)","(157, 384)",1152
P00648__A79W,P00648,A79W,79,1.050000,results/af2/single-repr-full/outputs/P00648/single_repr_model_1_pred_0.npy,results/af2/single-repr-full/outputs/P00648__A79W/single_repr_model_1_pred_0.npy,"(157, 384)","(157, 384)",1152
P00648__A79Y,P00648,A79Y,79,0.700000,results/af2/single-repr-full/outputs/P00648/single_repr_model_1_pred_0.npy,results/af2/single-repr-full/outputs/P00648__A79Y/single_repr_model_1_pred_0.npy,"(157, 384)","(157, 384)",1152
P00648__L80Q,P00648,L80Q,80,1.300000,results/af2/single-repr-full/outputs/P00648/single_repr_model_1_pred_0.npy,results/af2/single-repr-full/outputs/P00648__L80Q/single_repr_model_1_pred_0.npy,"(157, 384)","(157, 384)",1152
P00648__G81A,P00648,G81A,81,2.800000,results/af2/single-repr-full/outputs/P00648/single_repr_model_1_pred_0.npy,results/af2/single-repr-full/outputs/P00648__G81A/single_repr_model_1_pred_0.npy,"(157, 384)","(157, 384)",1152
P00648__G81D,P00648,G81D,81,3.250000,results/af2/single-repr-full/outputs/P00648/single_repr_model_1_pred_0.npy,results/af2/single-repr-full/outputs/P00648__G81D/single_repr_model_1_pred_0.npy,"(157, 384)","(157, 384)",1152
P00648__G81H,P00648,G81H,81,2.650000,results/af2/single-repr-full/outputs/P00648/single_repr_model_1_pred_0.npy,results/af2/single-repr-full/outputs/P00648__G81H/single_repr_model_1_pred_0.npy,"(157, 384)","(157, 384)",1152
P00648__G81K,P00648,G81K,81,2.800000,results/af2/single-repr-full/outputs/P00648/single_repr_model_1_pred_0.npy,results/af2/single-repr-full/outputs/P00648__G81K/single_repr_model_1_pred_0.npy,"(157, 384)","(157, 384)",1152
P00648__G81N,P00648,G81N,81,2.700000,results/af2/single-repr-full/outputs/P00648/single_repr_model_1_pred_0.npy,results/af2/single-repr-full/outputs/P00648__G81N/single_repr_model_1_pred_0.npy,"(157, 384)","(157, 384)",1152
P00648__G81R,P00648,G81R,81,2.600000,results/af2/single-repr-full/outputs/P00648/single_repr_model_1_pred_0.npy,results/af2/single-repr-full/outputs/P00648__G81R/single_repr_model_1_pred_0.npy,"(157, 384)","(157, 384)",1152
P00648__G81S,P00648,G81S,81,2.950000,results/af2/single-repr-full/outputs/P00648/single_repr_model_1_pred_0.npy,results/af2/single-repr-full/outputs/P00648__G81S/single_repr_model_1_pred_0.npy,"(157, 384)","(157, 384)",1152
P00648__G81T,P00648,G81T,81,3.250000,results/af2/single-repr-full/outputs/P00648/single_repr_model_1_pred_0.npy,results/af2/single-repr-full/outputs/P00648__G81T/single_repr_model_1_pred_0.npy,"(157, 384)","(157, 384)",1152
P00648__V83A,P00648,V83A,83,1.300000,results/af2/single-repr-full/outputs/P00648/single_repr_model_1_pred_0.npy,results/af2/single-repr-full/outputs/P00648__V83A/single_repr_model_1_pred_0.npy,"(157, 384)","(157, 384)",1152
P00648__V83T,P00648,V83T,83,1.100000,results/af2/single-repr-full/outputs/P00648/single_repr_model_1_pred_0.npy,results/af2/single-repr-full/outputs/P00648__V83T/single_repr_model_1_pred_0.npy,"(157, 384)","(157, 384)",1152
P00648__S85A,P00648,S85A,85,-0.250000,results/af2/single-repr-full/outputs/P00648/single_repr_model_1_pred_0.npy,results/af2/single-repr-full/outputs/P00648__S85A/single_repr_model_1_pred_0.npy,"(157, 384)","(157, 384)",1152
P00648__N88D,P00648,N88D,88,2.500000,results/af2/single-repr-full/outputs/P00648/single_repr_model_1_pred_0.npy,results/af2/single-repr-full/outputs/P00648__N88D/single_repr_model_1_pred_0.npy,"(157, 384)","(157, 384)",1152
P00648__L89T,P00648,L89T,89,3.050000,results/af2/single-repr-full/outputs/P00648/single_repr_model_1_pred_0.npy,results/af2/single-repr-full/outputs/P00648__L89T/single_repr_model_1_pred_0.npy,"(157, 384)","(157, 384)",1152
P00648__L89V,P00648,L89V,89,0.350000,results/af2/single-repr-full/outputs/P00648/single_repr_model_1_pred_0.npy,results/af2/single-repr-full/outputs/P00648__L89V/single_repr_model_1_pred_0.npy,"(157, 384)","(157, 384)",1152
P00648__D91E,P00648,D91E,91,-0.200000,results/af2/single-repr-full/outputs/P00648/single_repr_model_1_pred_0.npy,results/af2/single-repr-full/outputs/P00648__D91E/single_repr_model_1_pred_0.npy,"(157, 384)","(157, 384)",1152
P00648__V92A,P00648,V92A,92,1.660000,results/af2/single-repr-full/outputs/P00648/single_repr_model_1_pred_0.npy,results/af2/single-repr-full/outputs/P00648__V92A/single_repr_model_1_pred_0.npy,"(157, 384)","(157, 384)",1152
P00648__V92T,P00648,V92T,92,2.320000,results/af2/single-repr-full/outputs/P00648/single_repr_model_1_pred_0.npy,results/af2/single-repr-full/outputs/P00648__V92T/single_repr_model_1_pred_0.npy,"(157, 384)","(157, 384)",1152
P00648__I98A,P00648,I98A,98,4.700000,results/af2/single-repr-full/outputs/P00648/single_repr_model_1_pred_0.npy,results/af2/single-repr-full/outputs/P00648__I98A/single_repr_model_1_pred_0.npy,"(157, 384)","(157, 384)",1152
P00648__I98V,P00648,I98V,98,1.800000,results/af2/single-repr-full/outputs/P00648/single_repr_model_1_pred_0.npy,results/af2/single-repr-full/outputs/P00648__I98V/single_repr_model_1_pred_0.npy,"(157, 384)","(157, 384)",1152
P00648__G99A,P00648,G99A,99,5.300000,results/af2/single-repr-full/outputs/P00648/single_repr_model_1_pred_0.npy,results/af2/single-repr-full/outputs/P00648__G99A/single_repr_model_1_pred_0.npy,"(157, 384)","(157, 384)",1152
P00648__G99V,P00648,G99V,99,8.400000,results/af2/single-repr-full/outputs/P00648/single_repr_model_1_pred_0.npy,results/af2/single-repr-full/outputs/P00648__G99V/single_repr_model_1_pred_0.npy,"(157, 384)","(157, 384)",1152
P00648__G100A,P00648,G100A,100,3.400000,results/af2/single-repr-full/outputs/P00648/single_repr_model_1_pred_0.npy,results/af2/single-repr-full/outputs/P00648__G100A/single_repr_model_1_pred_0.npy,"(157, 384)","(157, 384)",1152
P00648__G100V,P00648,G100V,100,7.800000,results/af2/single-repr-full/outputs/P00648/single_repr_model_1_pred_0.npy,results/af2/single-repr-full/outputs/P00648__G100V/single_repr_model_1_pred_0.npy,"(157, 384)","(157, 384)",1152
P00648__D101A,P00648,D101A,101,2.985000,results/af2/single-repr-full/outputs/P00648/single_repr_model_1_pred_0.npy,results/af2/single-repr-full/outputs/P00648__D101A/single_repr_model_1_pred_0.npy,"(157, 384)","(157, 384)",1152
P00648__D101N,P00648,D101N,101,2.400000,results/af2/single-repr-full/outputs/P00648/single_repr_model_1_pred_0.npy,results/af2/single-repr-full/outputs/P00648__D101N/single_repr_model_1_pred_0.npy,"(157, 384)","(157, 384)",1152
P00648__I102A,P00648,I102A,102,1.200000,results/af2/single-repr-full/outputs/P00648/single_repr_model_1_pred_0.npy,results/af2/single-repr-full/outputs/P00648__I102A/single_repr_model_1_pred_0.npy,"(157, 384)","(157, 384)",1152
P00648__I102G,P00648,I102G,102,3.100000,results/af2/single-repr-full/outputs/P00648/single_repr_model_1_pred_0.npy,results/af2/single-repr-full/outputs/P00648__I102G/single_repr_model_1_pred_0.npy,"(157, 384)","(157, 384)",1152
P00648__I102T,P00648,I102T,102,1.100000,results/af2/single-repr-full/outputs/P00648/single_repr_model_1_pred_0.npy,results/af2/single-repr-full/outputs/P00648__I102T/single_repr_model_1_pred_0.npy,"(157, 384)","(157, 384)",1152
P00648__I102V,P00648,I102V,102,0.350000,results/af2/single-repr-full/outputs/P00648/single_repr_model_1_pred_0.npy,results/af2/single-repr-full/outputs/P00648__I102V/single_repr_model_1_pred_0.npy,"(157, 384)","(157, 384)",1152
P00648__S104A,P00648,S104A,104,-0.150000,results/af2/single-repr-full/outputs/P00648/single_repr_model_1_pred_0.npy,results/af2/single-repr-full/outputs/P00648__S104A/single_repr_model_1_pred_0.npy,"(157, 384)","(157, 384)",1152
P00648__N105A,P00648,N105A,105,2.170000,results/af2/single-repr-full/outputs/P00648/single_repr_model_1_pred_0.npy,results/af2/single-repr-full/outputs/P00648__N105A/single_repr_model_1_pred_0.npy,"(157, 384)","(157, 384)",1152
P00648__N105D,P00648,N105D,105,-0.450000,results/af2/single-repr-full/outputs/P00648/single_repr_model_1_pred_0.npy,results/af2/single-repr-full/outputs/P00648__N105D/single_repr_model_1_pred_0.npy,"(157, 384)","(157, 384)",1152
P00648__R106A,P00648,R106A,106,-0.570000,results/af2/single-repr-full/outputs/P00648/single_repr_model_1_pred_0.npy,results/af2/single-repr-full/outputs/P00648__R106A/single_repr_model_1_pred_0.npy,"(157, 384)","(157, 384)",1152
P00648__K109R,P00648,K109R,109,0.350000,results/af2/single-repr-full/outputs/P00648/single_repr_model_1_pred_0.npy,results/af2/single-repr-full/outputs/P00648__K109R/single_repr_model_1_pred_0.npy,"(157, 384)","(157, 384)",1152
P00648__G112S,P00648,G112S,112,-0.750000,results/af2/single-repr-full/outputs/P00648/single_repr_model_1_pred_0.npy,results/af2/single-repr-full/outputs/P00648__G112S/single_repr_model_1_pred_0.npy,"(157, 384)","(157, 384)",1152
P00648__K113A,P00648,K113A,113,-0.200000,results/af2/single-repr-full/outputs/P00648/single_repr_model_1_pred_0.npy,results/af2/single-repr-full/outputs/P00648__K113A/single_repr_model_1_pred_0.npy,"(157, 384)","(157, 384)",1152
P00648__R116K,P00648,R116K,116,3.165000,results/af2/single-repr-full/outputs/P00648/single_repr_model_1_pred_0.npy,results/af2/single-repr-full/outputs/P00648__R116K/single_repr_model_1_pred_0.npy,"(157, 384)","(157, 384)",1152
P00648__R116M,P00648,R116M,116,2.450000,results/af2/single-repr-full/outputs/P00648/single_repr_model_1_pred_0.npy,results/af2/single-repr-full/outputs/P00648__R116M/single_repr_model_1_pred_0.npy,"(157, 384)","(157, 384)",1152
P00648__R116S,P00648,R116S,116,2.760000,results/af2/single-repr-full/outputs/P00648/single_repr_model_1_pred_0.npy,results/af2/single-repr-full/outputs/P00648__R116S/single_repr_model_1_pred_0.npy,"(157, 384)","(157, 384)",1152
P00648__R119G,P00648,R119G,119,2.500000,results/af2/single-repr-full/outputs/P00648/single_repr_model_1_pred_0.npy,results/af2/single-repr-full/outputs/P00648__R119G/single_repr_model_1_pred_0.npy,"(157, 384)","(157, 384)",1152
P00648__E120A,P00648,E120A,120,2.350000,results/af2/single-repr-full/outputs/P00648/single_repr_model_1_pred_0.npy,results/af2/single-repr-full/outputs/P00648__E120A/single_repr_model_1_pred_0.npy,"(157, 384)","(157, 384)",1152
P00648__E120F,P00648,E120F,120,1.950000,results/af2/single-repr-full/outputs/P00648/single_repr_model_1_pred_0.npy,results/af2/single-repr-full/outputs/P00648__E120F/single_repr_model_1_pred_0.npy,"(157, 384)","(157, 384)",1152
P00648__E120G,P00648,E120G,120,5.400000,results/af2/single-repr-full/outputs/P00648/single_repr_model_1_pred_0.npy,results/af2/single-repr-full/outputs/P00648__E120G/single_repr_model_1_pred_0.npy,"(157, 384)","(157, 384)",1152
P00648__E120Q,P00648,E120Q,120,2.500000,results/af2/single-repr-full/outputs/P00648/single_repr_model_1_pred_0.npy,results/af2/single-repr-full/outputs/P00648__E120Q/single_repr_model_1_pred_0.npy,"(157, 384)","(157, 384)",1152
P00648__E120W,P00648,E120W,120,2.050000,results/af2/single-repr-full/outputs/P00648/single_repr_model_1_pred_0.npy,results/af2/single-repr-full/outputs/P00648__E120W/single_repr_model_1_pred_0.npy,"(157, 384)","(157, 384)",1152
P00648__D122N,P00648,D122N,122,4.900000,results/af2/single-repr-full/outputs/P00648/single_repr_model_1_pred_0.npy,results/af2/single-repr-full/outputs/P00648__D122N/single_repr_model_1_pred_0.npy,"(157, 384)","(157, 384)",1152
P00648__I123A,P00648,I123A,123,1.700000,results/af2/single-repr-full/outputs/P00648/single_repr_model_1_pred_0.npy,results/af2/single-repr-full/outputs/P00648__I123A/single_repr_model_1_pred_0.npy,"(157, 384)","(157, 384)",1152
P00648__I123T,P00648,I123T,123,2.600000,results/af2/single-repr-full/outputs/P00648/single_repr_model_1_pred_0.npy,results/af2/single-repr-full/outputs/P00648__I123T/single_repr_model_1_pred_0.npy,"(157, 384)","(157, 384)",1152
P00648__I123V,P00648,I123V,123,0.810000,results/af2/single-repr-full/outputs/P00648/single_repr_model_1_pred_0.npy,results/af2/single-repr-full/outputs/P00648__I123V/single_repr_model_1_pred_0.npy,"(157, 384)","(157, 384)",1152
P00648__N124A,P00648,N124A,124,1.600000,results/af2/single-repr-full/outputs/P00648/single_repr_model_1_pred_0.npy,results/af2/single-repr-full/outputs/P00648__N124A/single_repr_model_1_pred_0.npy,"(157, 384)","(157, 384)",1152
P00648__Y125F,P00648,Y125F,125,1.375000,results/af2/single-repr-full/outputs/P00648/single_repr_model_1_pred_0.npy,results/af2/single-repr-full/outputs/P00648__Y125F/single_repr_model_1_pred_0.npy,"(157, 384)","(157, 384)",1152
P00648__T126V,P00648,T126V,126,-0.250000,results/af2/single-repr-full/outputs/P00648/single_repr_model_1_pred_0.npy,results/af2/single-repr-full/outputs/P00648__T126V/single_repr_model_1_pred_0.npy,"(157, 384)","(157, 384)",1152
P00648__R130K,P00648,R130K,130,4.265000,results/af2/single-repr-full/outputs/P00648/single_repr_model_1_pred_0.npy,results/af2/single-repr-full/outputs/P00648__R130K/single_repr_model_1_pred_0.npy,"(157, 384)","(157, 384)",1152
P00648__R130Q,P00648,R130Q,130,1.690000,results/af2/single-repr-full/outputs/P00648/single_repr_model_1_pred_0.npy,results/af2/single-repr-full/outputs/P00648__R130Q/single_repr_model_1_pred_0.npy,"(157, 384)","(157, 384)",1152
P00648__N131A,P00648,N131A,131,1.950000,results/af2/single-repr-full/outputs/P00648/single_repr_model_1_pred_0.npy,results/af2/single-repr-full/outputs/P00648__N131A/single_repr_model_1_pred_0.npy,"(157, 384)","(157, 384)",1152
P00648__S132A,P00648,S132A,132,0.120000,results/af2/single-repr-full/outputs/P00648/single_repr_model_1_pred_0.npy,results/af2/single-repr-full/outputs/P00648__S132A/single_repr_model_1_pred_0.npy,"(157, 384)","(157, 384)",1152
P00648__I135A,P00648,I135A,135,4.050000,results/af2/single-repr-full/outputs/P00648/single_repr_model_1_pred_0.npy,results/af2/single-repr-full/outputs/P00648__I135A/single_repr_model_1_pred_0.npy,"(157, 384)","(157, 384)",1152
P00648__I135G,P00648,I135G,135,7.400000,results/af2/single-repr-full/outputs/P00648/single_repr_model_1_pred_0.npy,results/af2/single-repr-full/outputs/P00648__I135G/single_repr_model_1_pred_0.npy,"(157, 384)","(157, 384)",1152
P00648__I135L,P00648,I135L,135,0.200000,results/af2/single-repr-full/outputs/P00648/single_repr_model_1_pred_0.npy,results/af2/single-repr-full/outputs/P00648__I135L/single_repr_model_1_pred_0.npy,"(157, 384)","(157, 384)",1152
P00648__I135V,P00648,I135V,135,1.400000,results/af2/single-repr-full/outputs/P00648/single_repr_model_1_pred_0.npy,results/af2/single-repr-full/outputs/P00648__I135V/single_repr_model_1_pred_0.npy,"(157, 384)","(157, 384)",1152
P00648__L136G,P00648,L136G,136,7.000000,results/af2/single-repr-full/outputs/P00648/single_repr_model_1_pred_0.npy,results/af2/single-repr-full/outputs/P00648__L136G/single_repr_model_1_pred_0.npy,"(157, 384)","(157, 384)",1152
P00648__L136T,P00648,L136T,136,2.500000,results/af2/single-repr-full/outputs/P00648/single_repr_model_1_pred_0.npy,results/af2/single-repr-full/outputs/P00648__L136T/single_repr_model_1_pred_0.npy,"(157, 384)","(157, 384)",1152
P00648__L136V,P00648,L136V,136,0.300000,results/af2/single-repr-full/outputs/P00648/single_repr_model_1_pred_0.npy,results/af2/single-repr-full/outputs/P00648__L136V/single_repr_model_1_pred_0.npy,"(157, 384)","(157, 384)",1152
P00648__S138A,P00648,S138A,138,1.900000,results/af2/single-repr-full/outputs/P00648/single_repr_model_1_pred_0.npy,results/af2/single-repr-full/outputs/P00648__S138A/single_repr_model_1_pred_0.npy,"(157, 384)","(157, 384)",1152
P00648__S139A,P00648,S139A,139,2.800000,results/af2/single-repr-full/outputs/P00648/single_repr_model_1_pred_0.npy,results/af2/single-repr-full/outputs/P00648__S139A/single_repr_model_1_pred_0.npy,"(157, 384)","(157, 384)",1152
P00648__D140N,P00648,D140N,140,4.055000,results/af2/single-repr-full/outputs/P00648/single_repr_model_1_pred_0.npy,results/af2/single-repr-full/outputs/P00648__D140N/single_repr_model_1_pred_0.npy,"(157, 384)","(157, 384)",1152
P00648__W141F,P00648,W141F,141,0.800000,results/af2/single-repr-full/outputs/P00648/single_repr_model_1_pred_0.npy,results/af2/single-repr-full/outputs/P00648__W141F/single_repr_model_1_pred_0.npy,"(157, 384)","(157, 384)",1152
P00648__W141L,P00648,W141L,141,0.830000,results/af2/single-repr-full/outputs/P00648/single_repr_model_1_pred_0.npy,results/af2/single-repr-full/outputs/P00648__W141L/single_repr_model_1_pred_0.npy,"(157, 384)","(157, 384)",1152
P00648__W141Y,P00648,W141Y,141,1.150000,results/af2/single-repr-full/outputs/P00648/single_repr_model_1_pred_0.npy,results/af2/single-repr-full/outputs/P00648__W141Y/single_repr_model_1_pred_0.npy,"(157, 384)","(157, 384)",1152
P00648__L142G,P00648,L142G,142,4.700000,results/af2/single-repr-full/outputs/P00648/single_repr_model_1_pred_0.npy,results/af2/single-repr-full/outputs/P00648__L142G/single_repr_model_1_pred_0.npy,"(157, 384)","(157, 384)",1152
P00648__I143A,P00648,I143A,143,3.200000,results/af2/single-repr-full/outputs/P00648/single_repr_model_1_pred_0.npy,results/af2/single-repr-full/outputs/P00648__I143A/single_repr_model_1_pred_0.npy,"(157, 384)","(157, 384)",1152
P00648__I143G,P00648,I143G,143,5.700000,results/af2/single-repr-full/outputs/P00648/single_repr_model_1_pred_0.npy,results/af2/single-repr-full/outputs/P00648__I143G/single_repr_model_1_pred_0.npy,"(157, 384)","(157, 384)",1152
P00648__I143V,P00648,I143V,143,0.950000,results/af2/single-repr-full/outputs/P00648/single_repr_model_1_pred_0.npy,results/af2/single-repr-full/outputs/P00648__I143V/single_repr_model_1_pred_0.npy,"(157, 384)","(157, 384)",1152
P00648__Y144G,P00648,Y144G,144,6.600000,results/af2/single-repr-full/outputs/P00648/single_repr_model_1_pred_0.npy,results/af2/single-repr-full/outputs/P00648__Y144G/single_repr_model_1_pred_0.npy,"(157, 384)","(157, 384)",1152
P00648__T146V,P00648,T146V,146,2.700000,results/af2/single-repr-full/outputs/P00648/single_repr_model_1_pred_0.npy,results/af2/single-repr-full/outputs/P00648__T146V/single_repr_model_1_pred_0.npy,"(157, 384)","(157, 384)",1152
P00648__T147G,P00648,T147G,147,2.800000,results/af2/single-repr-full/outputs/P00648/single_repr_model_1_pred_0.npy,results/af2/single-repr-full/outputs/P00648__T147G/single_repr_model_1_pred_0.npy,"(157, 384)","(157, 384)",1152
P00648__H149A,P00648,H149A,149,0.240000,results/af2/single-repr-full/outputs/P00648/single_repr_model_1_pred_0.npy,results/af2/single-repr-full/outputs/P00648__H149A/single_repr_model_1_pred_0.npy,"(157, 384)","(157, 384)",1152
P00648__Y150F,P00648,Y150F,150,0.140000,results/af2/single-repr-full/outputs/P00648/single_repr_model_1_pred_0.npy,results/af2/single-repr-full/outputs/P00648__Y150F/single_repr_model_1_pred_0.npy,"(157, 384)","(157, 384)",1152
P00648__Q151A,P00648,Q151A,151,0.130000,results/af2/single-repr-full/outputs/P00648/single_repr_model_1_pred_0.npy,results/af2/single-repr-full/outputs/P00648__Q151A/single_repr_model_1_pred_0.npy,"(157, 384)","(157, 384)",1152
P00648__T152V,P00648,T152V,152,2.200000,results/af2/single-repr-full/outputs/P00648/single_repr_model_1_pred_0.npy,results/af2/single-repr-full/outputs/P00648__T152V/single_repr_model_1_pred_0.npy,"(157, 384)","(157, 384)",1152
P00648__K155R,P00648,K155R,155,-0.800000,results/af2/single-repr-full/outputs/P00648/single_repr_model_1_pred_0.npy,results/af2/single-repr-full/outputs/P00648__K155R/single_repr_model_1_pred_0.npy,"(157, 384)","(157, 384)",1152
P00648__I156A,P00648,I156A,156,1.750000,results/af2/single-repr-full/outputs/P00648/single_repr_model_1_pred_0.npy,results/af2/single-repr-full/outputs/P00648__I156A/single_repr_model_1_pred_0.npy,"(157, 384)","(157, 384)",1152
P00648__I156V,P00648,I156V,156,0.780000,results/af2/single-repr-full/outputs/P00648/single_repr_model_1_pred_0.npy,results/af2/single-repr-full/outputs/P00648__I156V/single_repr_model_1_pred_0.npy,"(157, 384)","(157, 384)",1152
P00648__R157A,P00648,R157A,157,0.350000,results/af2/single-repr-full/outputs/P00648/single_repr_model_1_pred_0.npy,results/af2/single-repr-full/outputs/P00648__R157A/single_repr_model_1_pred_0.npy,"(157, 384)","(157, 384)",1152
P00651__N35A,P00651,N35A,35,0.800000,results/af2/single-repr-full/outputs/P00651/single_repr_model_1_pred_0.npy,results/af2/single-repr-full/outputs/P00651__N35A/single_repr_model_1_pred_0.npy,"(130, 384)","(130, 384)",1152
P00651__Y37F,P00651,Y37F,37,2.070000,results/af2/single-repr-full/outputs/P00651/single_repr_model_1_pred_0.npy,results/af2/single-repr-full/outputs/P00651__Y37F/single_repr_model_1_pred_0.npy,"(130, 384)","(130, 384)",1152
P00651__S38A,P00651,S38A,38,1.155000,results/af2/single-repr-full/outputs/P00651/single_repr_model_1_pred_0.npy,results/af2/single-repr-full/outputs/P00651__S38A/single_repr_model_1_pred_0.npy,"(130, 384)","(130, 384)",1152
P00651__V42A,P00651,V42A,42,2.250000,results/af2/single-repr-full/outputs/P00651/single_repr_model_1_pred_0.npy,results/af2/single-repr-full/outputs/P00651__V42A/single_repr_model_1_pred_0.npy,"(130, 384)","(130, 384)",1152
P00651__V42C,P00651,V42C,42,4.850000,results/af2/single-repr-full/outputs/P00651/single_repr_model_1_pred_0.npy,results/af2/single-repr-full/outputs/P00651__V42C/single_repr_model_1_pred_0.npy,"(130, 384)","(130, 384)",1152
P00651__V42S,P00651,V42S,42,4.700000,results/af2/single-repr-full/outputs/P00651/single_repr_model_1_pred_0.npy,results/af2/single-repr-full/outputs/P00651__V42S/single_repr_model_1_pred_0.npy,"(130, 384)","(130, 384)",1152
P00651__V42T,P00651,V42T,42,3.850000,results/af2/single-repr-full/outputs/P00651/single_repr_model_1_pred_0.npy,results/af2/single-repr-full/outputs/P00651__V42T/single_repr_model_1_pred_0.npy,"(130, 384)","(130, 384)",1152
P00651__S43A,P00651,S43A,43,-0.620000,results/af2/single-repr-full/outputs/P00651/single_repr_model_1_pred_0.npy,results/af2/single-repr-full/outputs/P00651__S43A/single_repr_model_1_pred_0.npy,"(130, 384)","(130, 384)",1152
P00651__A47C,P00651,A47C,47,0.740000,results/af2/single-repr-full/outputs/P00651/single_repr_model_1_pred_0.npy,results/af2/single-repr-full/outputs/P00651__A47C/single_repr_model_1_pred_0.npy,"(130, 384)","(130, 384)",1152
P00651__A47D,P00651,A47D,47,-0.265000,results/af2/single-repr-full/outputs/P00651/single_repr_model_1_pred_0.npy,results/af2/single-repr-full/outputs/P00651__A47D/single_repr_model_1_pred_0.npy,"(130, 384)","(130, 384)",1152
P00651__A47E,P00651,A47E,47,-0.175000,results/af2/single-repr-full/outputs/P00651/single_repr_model_1_pred_0.npy,results/af2/single-repr-full/outputs/P00651__A47E/single_repr_model_1_pred_0.npy,"(130, 384)","(130, 384)",1152
P00651__A47F,P00651,A47F,47,0.570000,results/af2/single-repr-full/outputs/P00651/single_repr_model_1_pred_0.npy,results/af2/single-repr-full/outputs/P00651__A47F/single_repr_model_1_pred_0.npy,"(130, 384)","(130, 384)",1152
P00651__A47G,P00651,A47G,47,1.000000,results/af2/single-repr-full/outputs/P00651/single_repr_model_1_pred_0.npy,results/af2/single-repr-full/outputs/P00651__A47G/single_repr_model_1_pred_0.npy,"(130, 384)","(130, 384)",1152
P00651__A47H,P00651,A47H,47,0.350000,results/af2/single-repr-full/outputs/P00651/single_repr_model_1_pred_0.npy,results/af2/single-repr-full/outputs/P00651__A47H/single_repr_model_1_pred_0.npy,"(130, 384)","(130, 384)",1152
P00651__A47I,P00651,A47I,47,0.440000,results/af2/single-repr-full/outputs/P00651/single_repr_model_1_pred_0.npy,results/af2/single-repr-full/outputs/P00651__A47I/single_repr_model_1_pred_0.npy,"(130, 384)","(130, 384)",1152
P00651__A47K,P00651,A47K,47,0.510000,results/af2/single-repr-full/outputs/P00651/single_repr_model_1_pred_0.npy,results/af2/single-repr-full/outputs/P00651__A47K/single_repr_model_1_pred_0.npy,"(130, 384)","(130, 384)",1152
P00651__A47L,P00651,A47L,47,0.130000,results/af2/single-repr-full/outputs/P00651/single_repr_model_1_pred_0.npy,results/af2/single-repr-full/outputs/P00651__A47L/single_repr_model_1_pred_0.npy,"(130, 384)","(130, 384)",1152
P00651__A47M,P00651,A47M,47,0.150000,results/af2/single-repr-full/outputs/P00651/single_repr_model_1_pred_0.npy,results/af2/single-repr-full/outputs/P00651__A47M/single_repr_model_1_pred_0.npy,"(130, 384)","(130, 384)",1152
P00651__A47N,P00651,A47N,47,-0.340000,results/af2/single-repr-full/outputs/P00651/single_repr_model_1_pred_0.npy,results/af2/single-repr-full/outputs/P00651__A47N/single_repr_model_1_pred_0.npy,"(130, 384)","(130, 384)",1152
P00651__A47Q,P00651,A47Q,47,0.330000,results/af2/single-repr-full/outputs/P00651/single_repr_model_1_pred_0.npy,results/af2/single-repr-full/outputs/P00651__A47Q/single_repr_model_1_pred_0.npy,"(130, 384)","(130, 384)",1152
P00651__A47R,P00651,A47R,47,0.410000,results/af2/single-repr-full/outputs/P00651/single_repr_model_1_pred_0.npy,results/af2/single-repr-full/outputs/P00651__A47R/single_repr_model_1_pred_0.npy,"(130, 384)","(130, 384)",1152
P00651__A47S,P00651,A47S,47,0.445000,results/af2/single-repr-full/outputs/P00651/single_repr_model_1_pred_0.npy,results/af2/single-repr-full/outputs/P00651__A47S/single_repr_model_1_pred_0.npy,"(130, 384)","(130, 384)",1152
P00651__A47T,P00651,A47T,47,0.570000,results/af2/single-repr-full/outputs/P00651/single_repr_model_1_pred_0.npy,results/af2/single-repr-full/outputs/P00651__A47T/single_repr_model_1_pred_0.npy,"(130, 384)","(130, 384)",1152
P00651__A47V,P00651,A47V,47,0.660000,results/af2/single-repr-full/outputs/P00651/single_repr_model_1_pred_0.npy,results/af2/single-repr-full/outputs/P00651__A47V/single_repr_model_1_pred_0.npy,"(130, 384)","(130, 384)",1152
P00651__A47W,P00651,A47W,47,0.300000,results/af2/single-repr-full/outputs/P00651/single_repr_model_1_pred_0.npy,results/af2/single-repr-full/outputs/P00651__A47W/single_repr_model_1_pred_0.npy,"(130, 384)","(130, 384)",1152
P00651__A47Y,P00651,A47Y,47,0.390000,results/af2/single-repr-full/outputs/P00651/single_repr_model_1_pred_0.npy,results/af2/single-repr-full/outputs/P00651__A47Y/single_repr_model_1_pred_0.npy,"(130, 384)","(130, 384)",1152
P00651__G49A,P00651,G49A,49,1.200000,results/af2/single-repr-full/outputs/P00651/single_repr_model_1_pred_0.npy,results/af2/single-repr-full/outputs/P00651__G49A/single_repr_model_1_pred_0.npy,"(130, 384)","(130, 384)",1152
P00651__Y50W,P00651,Y50W,50,-0.770000,results/af2/single-repr-full/outputs/P00651/single_repr_model_1_pred_0.npy,results/af2/single-repr-full/outputs/P00651__Y50W/single_repr_model_1_pred_0.npy,"(130, 384)","(130, 384)",1152
P00651__Q51K,P00651,Q51K,51,-0.930000,results/af2/single-repr-full/outputs/P00651/single_repr_model_1_pred_0.npy,results/af2/single-repr-full/outputs/P00651__Q51K/single_repr_model_1_pred_0.npy,"(130, 384)","(130, 384)",1152
P00651__N62A,P00651,N62A,62,-0.030000,results/af2/single-repr-full/outputs/P00651/single_repr_model_1_pred_0.npy,results/af2/single-repr-full/outputs/P00651__N62A/single_repr_model_1_pred_0.npy,"(130, 384)","(130, 384)",1152
P00651__P65A,P00651,P65A,65,4.900000,results/af2/single-repr-full/outputs/P00651/single_repr_model_1_pred_0.npy,results/af2/single-repr-full/outputs/P00651__P65A/single_repr_model_1_pred_0.npy,"(130, 384)","(130, 384)",1152
P00651__H66T,P00651,H66T,66,0.260000,results/af2/single-repr-full/outputs/P00651/single_repr_model_1_pred_0.npy,results/af2/single-repr-full/outputs/P00651__H66T/single_repr_model_1_pred_0.npy,"(130, 384)","(130, 384)",1152
P00651__Y68F,P00651,Y68F,68,-1.145000,results/af2/single-repr-full/outputs/P00651/single_repr_model_1_pred_0.npy,results/af2/single-repr-full/outputs/P00651__Y68F/single_repr_model_1_pred_0.npy,"(130, 384)","(130, 384)",1152
P00651__Y68W,P00651,Y68W,68,0.140000,results/af2/single-repr-full/outputs/P00651/single_repr_model_1_pred_0.npy,results/af2/single-repr-full/outputs/P00651__Y68W/single_repr_model_1_pred_0.npy,"(130, 384)","(130, 384)",1152
P00651__N70A,P00651,N70A,70,2.000000,results/af2/single-repr-full/outputs/P00651/single_repr_model_1_pred_0.npy,results/af2/single-repr-full/outputs/P00651__N70A/single_repr_model_1_pred_0.npy,"(130, 384)","(130, 384)",1152
P00651__N70D,P00651,N70D,70,1.400000,results/af2/single-repr-full/outputs/P00651/single_repr_model_1_pred_0.npy,results/af2/single-repr-full/outputs/P00651__N70D/single_repr_model_1_pred_0.npy,"(130, 384)","(130, 384)",1152
P00651__N70S,P00651,N70S,70,1.850000,results/af2/single-repr-full/outputs/P00651/single_repr_model_1_pred_0.npy,results/af2/single-repr-full/outputs/P00651__N70S/single_repr_model_1_pred_0.npy,"(130, 384)","(130, 384)",1152
P00651__Y71W,P00651,Y71W,71,-0.740000,results/af2/single-repr-full/outputs/P00651/single_repr_model_1_pred_0.npy,results/af2/single-repr-full/outputs/P00651__Y71W/single_repr_model_1_pred_0.npy,"(130, 384)","(130, 384)",1152
P00651__D75A,P00651,D75A,75,-0.300000,results/af2/single-repr-full/outputs/P00651/single_repr_model_1_pred_0.npy,results/af2/single-repr-full/outputs/P00651__D75A/single_repr_model_1_pred_0.npy,"(130, 384)","(130, 384)",1152
P00651__D75F,P00651,D75F,75,0.150000,results/af2/single-repr-full/outputs/P00651/single_repr_model_1_pred_0.npy,results/af2/single-repr-full/outputs/P00651__D75F/single_repr_model_1_pred_0.npy,"(130, 384)","(130, 384)",1152
P00651__D75H,P00651,D75H,75,-5.100000,results/af2/single-repr-full/outputs/P00651/single_repr_model_1_pred_0.npy,results/af2/single-repr-full/outputs/P00651__D75H/single_repr_model_1_pred_0.npy,"(130, 384)","(130, 384)",1152
P00651__D75W,P00651,D75W,75,0.900000,results/af2/single-repr-full/outputs/P00651/single_repr_model_1_pred_0.npy,results/af2/single-repr-full/outputs/P00651__D75W/single_repr_model_1_pred_0.npy,"(130, 384)","(130, 384)",1152
P00651__D75Y,P00651,D75Y,75,0.250000,results/af2/single-repr-full/outputs/P00651/single_repr_model_1_pred_0.npy,results/af2/single-repr-full/outputs/P00651__D75Y/single_repr_model_1_pred_0.npy,"(130, 384)","(130, 384)",1152
P00651__V78S,P00651,V78S,78,4.900000,results/af2/single-repr-full/outputs/P00651/single_repr_model_1_pred_0.npy,results/af2/single-repr-full/outputs/P00651__V78S/single_repr_model_1_pred_0.npy,"(130, 384)","(130, 384)",1152
P00651__V78T,P00651,V78T,78,3.600000,results/af2/single-repr-full/outputs/P00651/single_repr_model_1_pred_0.npy,results/af2/single-repr-full/outputs/P00651__V78T/single_repr_model_1_pred_0.npy,"(130, 384)","(130, 384)",1152
P00651__Y82F,P00651,Y82F,82,0.745000,results/af2/single-repr-full/outputs/P00651/single_repr_model_1_pred_0.npy,results/af2/single-repr-full/outputs/P00651__Y82F/single_repr_model_1_pred_0.npy,"(130, 384)","(130, 384)",1152
P00651__Y83F,P00651,Y83F,83,0.470000,results/af2/single-repr-full/outputs/P00651/single_repr_model_1_pred_0.npy,results/af2/single-repr-full/outputs/P00651__Y83F/single_repr_model_1_pred_0.npy,"(130, 384)","(130, 384)",1152
P00651__E84A,P00651,E84A,84,-0.400000,results/af2/single-repr-full/outputs/P00651/single_repr_model_1_pred_0.npy,results/af2/single-repr-full/outputs/P00651__E84A/single_repr_model_1_pred_0.npy,"(130, 384)","(130, 384)",1152
P00651__W85Y,P00651,W85Y,85,0.930000,results/af2/single-repr-full/outputs/P00651/single_repr_model_1_pred_0.npy,results/af2/single-repr-full/outputs/P00651__W85Y/single_repr_model_1_pred_0.npy,"(130, 384)","(130, 384)",1152
P00651__S90A,P00651,S90A,90,1.500000,results/af2/single-repr-full/outputs/P00651/single_repr_model_1_pred_0.npy,results/af2/single-repr-full/outputs/P00651__S90A/single_repr_model_1_pred_0.npy,"(130, 384)","(130, 384)",1152
P00651__Y94F,P00651,Y94F,94,1.355000,results/af2/single-repr-full/outputs/P00651/single_repr_model_1_pred_0.npy,results/af2/single-repr-full/outputs/P00651__Y94F/single_repr_model_1_pred_0.npy,"(130, 384)","(130, 384)",1152
P00651__P99V,P00651,P99V,99,-2.070000,results/af2/single-repr-full/outputs/P00651/single_repr_model_1_pred_0.npy,results/af2/single-repr-full/outputs/P00651__P99V/single_repr_model_1_pred_0.npy,"(130, 384)","(130, 384)",1152
P00651__D102A,P00651,D102A,102,3.750000,results/af2/single-repr-full/outputs/P00651/single_repr_model_1_pred_0.npy,results/af2/single-repr-full/outputs/P00651__D102A/single_repr_model_1_pred_0.npy,"(130, 384)","(130, 384)",1152
P00651__D102N,P00651,D102N,102,3.100000,results/af2/single-repr-full/outputs/P00651/single_repr_model_1_pred_0.npy,results/af2/single-repr-full/outputs/P00651__D102N/single_repr_model_1_pred_0.npy,"(130, 384)","(130, 384)",1152
P00651__D102S,P00651,D102S,102,3.200000,results/af2/single-repr-full/outputs/P00651/single_repr_model_1_pred_0.npy,results/af2/single-repr-full/outputs/P00651__D102S/single_repr_model_1_pred_0.npy,"(130, 384)","(130, 384)",1152
P00651__V104A,P00651,V104A,104,4.090000,results/af2/single-repr-full/outputs/P00651/single_repr_model_1_pred_0.npy,results/af2/single-repr-full/outputs/P00651__V104A/single_repr_model_1_pred_0.npy,"(130, 384)","(130, 384)",1152
P00651__V104C,P00651,V104C,104,3.685000,results/af2/single-repr-full/outputs/P00651/single_repr_model_1_pred_0.npy,results/af2/single-repr-full/outputs/P00651__V104C/single_repr_model_1_pred_0.npy,"(130, 384)","(130, 384)",1152
P00651__V104S,P00651,V104S,104,4.715000,results/af2/single-repr-full/outputs/P00651/single_repr_model_1_pred_0.npy,results/af2/single-repr-full/outputs/P00651__V104S/single_repr_model_1_pred_0.npy,"(130, 384)","(130, 384)",1152
P00651__V104T,P00651,V104T,104,3.100000,results/af2/single-repr-full/outputs/P00651/single_repr_model_1_pred_0.npy,results/af2/single-repr-full/outputs/P00651__V104T/single_repr_model_1_pred_0.npy,"(130, 384)","(130, 384)",1152
P00651__N107A,P00651,N107A,107,2.890000,results/af2/single-repr-full/outputs/P00651/single_repr_model_1_pred_0.npy,results/af2/single-repr-full/outputs/P00651__N107A/single_repr_model_1_pred_0.npy,"(130, 384)","(130, 384)",1152
P00651__V115C,P00651,V115C,115,3.520000,results/af2/single-repr-full/outputs/P00651/single_repr_model_1_pred_0.npy,results/af2/single-repr-full/outputs/P00651__V115C/single_repr_model_1_pred_0.npy,"(130, 384)","(130, 384)",1152
P00651__V115S,P00651,V115S,115,4.885000,results/af2/single-repr-full/outputs/P00651/single_repr_model_1_pred_0.npy,results/af2/single-repr-full/outputs/P00651__V115S/single_repr_model_1_pred_0.npy,"(130, 384)","(130, 384)",1152
P00651__V115T,P00651,V115T,115,3.085000,results/af2/single-repr-full/outputs/P00651/single_repr_model_1_pred_0.npy,results/af2/single-repr-full/outputs/P00651__V115T/single_repr_model_1_pred_0.npy,"(130, 384)","(130, 384)",1152
P00651__H118A,P00651,H118A,118,1.060000,results/af2/single-repr-full/outputs/P00651/single_repr_model_1_pred_0.npy,results/af2/single-repr-full/outputs/P00651__H118A/single_repr_model_1_pred_0.npy,"(130, 384)","(130, 384)",1152
P00698__F21Y,P00698,F21Y,21,0.450000,results/af2/single-repr-full/outputs/P00698/single_repr_model_1_pred_0.npy,results/af2/single-repr-full/outputs/P00698__F21Y/single_repr_model_1_pred_0.npy,"(147, 384)","(147, 384)",1152
P00698__M30F,P00698,M30F,30,-0.280000,results/af2/single-repr-full/outputs/P00698/single_repr_model_1_pred_0.npy,results/af2/single-repr-full/outputs/P00698__M30F/single_repr_model_1_pred_0.npy,"(147, 384)","(147, 384)",1152
P00698__M30L,P00698,M30L,30,0.385000,results/af2/single-repr-full/outputs/P00698/single_repr_model_1_pred_0.npy,results/af2/single-repr-full/outputs/P00698__M30L/single_repr_model_1_pred_0.npy,"(147, 384)","(147, 384)",1152
P00698__K31D,P00698,K31D,31,7.345000,results/af2/single-repr-full/outputs/P00698/single_repr_model_1_pred_0.npy,results/af2/single-repr-full/outputs/P00698__K31D/single_repr_model_1_pred_0.npy,"(147, 384)","(147, 384)",1152
P00698__H33L,P00698,H33L,33,-0.760000,results/af2/single-repr-full/outputs/P00698/single_repr_model_1_pred_0.npy,results/af2/single-repr-full/outputs/P00698__H33L/single_repr_model_1_pred_0.npy,"(147, 384)","(147, 384)",1152
P00698__N37K,P00698,N37K,37,1.060000,results/af2/single-repr-full/outputs/P00698/single_repr_model_1_pred_0.npy,results/af2/single-repr-full/outputs/P00698__N37K/single_repr_model_1_pred_0.npy,"(147, 384)","(147, 384)",1152
P00698__R39Q,P00698,R39Q,39,0.150000,results/af2/single-repr-full/outputs/P00698/single_repr_model_1_pred_0.npy,results/af2/single-repr-full/outputs/P00698__R39Q/single_repr_model_1_pred_0.npy,"(147, 384)","(147, 384)",1152
P00698__A49I,P00698,A49I,49,-1.400000,results/af2/single-repr-full/outputs/P00698/single_repr_model_1_pred_0.npy,results/af2/single-repr-full/outputs/P00698__A49I/single_repr_model_1_pred_0.npy,"(147, 384)","(147, 384)",1152
P00698__A49L,P00698,A49L,49,-1.800000,results/af2/single-repr-full/outputs/P00698/single_repr_model_1_pred_0.npy,results/af2/single-repr-full/outputs/P00698__A49L/single_repr_model_1_pred_0.npy,"(147, 384)","(147, 384)",1152
P00698__A49V,P00698,A49V,49,-1.200000,results/af2/single-repr-full/outputs/P00698/single_repr_model_1_pred_0.npy,results/af2/single-repr-full/outputs/P00698__A49V/single_repr_model_1_pred_0.npy,"(147, 384)","(147, 384)",1152
P00698__F52Y,P00698,F52Y,52,-0.190000,results/af2/single-repr-full/outputs/P00698/single_repr_model_1_pred_0.npy,results/af2/single-repr-full/outputs/P00698__F52Y/single_repr_model_1_pred_0.npy,"(147, 384)","(147, 384)",1152
P00698__E53A,P00698,E53A,53,-1.400000,results/af2/single-repr-full/outputs/P00698/single_repr_model_1_pred_0.npy,results/af2/single-repr-full/outputs/P00698__E53A/single_repr_model_1_pred_0.npy,"(147, 384)","(147, 384)",1152
P00698__E53H,P00698,E53H,53,2.300000,results/af2/single-repr-full/outputs/P00698/single_repr_model_1_pred_0.npy,results/af2/single-repr-full/outputs/P00698__E53H/single_repr_model_1_pred_0.npy,"(147, 384)","(147, 384)",1152
P00698__E53Q,P00698,E53Q,53,-0.150000,results/af2/single-repr-full/outputs/P00698/single_repr_model_1_pred_0.npy,results/af2/single-repr-full/outputs/P00698__E53Q/single_repr_model_1_pred_0.npy,"(147, 384)","(147, 384)",1152
P00698__T58I,P00698,T58I,58,2.200000,results/af2/single-repr-full/outputs/P00698/single_repr_model_1_pred_0.npy,results/af2/single-repr-full/outputs/P00698__T58I/single_repr_model_1_pred_0.npy,"(147, 384)","(147, 384)",1152
P00698__T58S,P00698,T58S,58,0.270000,results/af2/single-repr-full/outputs/P00698/single_repr_model_1_pred_0.npy,results/af2/single-repr-full/outputs/P00698__T58S/single_repr_model_1_pred_0.npy,"(147, 384)","(147, 384)",1152
P00698__N64D,P00698,N64D,64,0.330000,results/af2/single-repr-full/outputs/P00698/single_repr_model_1_pred_0.npy,results/af2/single-repr-full/outputs/P00698__N64D/single_repr_model_1_pred_0.npy,"(147, 384)","(147, 384)",1152
P00698__G67A,P00698,G67A,67,0.200000,results/af2/single-repr-full/outputs/P00698/single_repr_model_1_pred_0.npy,results/af2/single-repr-full/outputs/P00698__G67A/single_repr_model_1_pred_0.npy,"(147, 384)","(147, 384)",1152
P00698__G67N,P00698,G67N,67,1.480000,results/af2/single-repr-full/outputs/P00698/single_repr_model_1_pred_0.npy,results/af2/single-repr-full/outputs/P00698__G67N/single_repr_model_1_pred_0.npy,"(147, 384)","(147, 384)",1152
P00698__I73A,P00698,I73A,73,3.600000,results/af2/single-repr-full/outputs/P00698/single_repr_model_1_pred_0.npy,results/af2/single-repr-full/outputs/P00698__I73A/single_repr_model_1_pred_0.npy,"(147, 384)","(147, 384)",1152
P00698__I73F,P00698,I73F,73,2.460000,results/af2/single-repr-full/outputs/P00698/single_repr_model_1_pred_0.npy,results/af2/single-repr-full/outputs/P00698__I73F/single_repr_model_1_pred_0.npy,"(147, 384)","(147, 384)",1152
P00698__I73L,P00698,I73L,73,0.450000,results/af2/single-repr-full/outputs/P00698/single_repr_model_1_pred_0.npy,results/af2/single-repr-full/outputs/P00698__I73L/single_repr_model_1_pred_0.npy,"(147, 384)","(147, 384)",1152
P00698__I73M,P00698,I73M,73,2.270000,results/af2/single-repr-full/outputs/P00698/single_repr_model_1_pred_0.npy,results/af2/single-repr-full/outputs/P00698__I73M/single_repr_model_1_pred_0.npy,"(147, 384)","(147, 384)",1152
P00698__I73T,P00698,I73T,73,4.100000,results/af2/single-repr-full/outputs/P00698/single_repr_model_1_pred_0.npy,results/af2/single-repr-full/outputs/P00698__I73T/single_repr_model_1_pred_0.npy,"(147, 384)","(147, 384)",1152
P00698__I73V,P00698,I73V,73,0.455000,results/af2/single-repr-full/outputs/P00698/single_repr_model_1_pred_0.npy,results/af2/single-repr-full/outputs/P00698__I73V/single_repr_model_1_pred_0.npy,"(147, 384)","(147, 384)",1152
P00698__I76M,P00698,I76M,76,1.090000,results/af2/single-repr-full/outputs/P00698/single_repr_model_1_pred_0.npy,results/af2/single-repr-full/outputs/P00698__I76M/single_repr_model_1_pred_0.npy,"(147, 384)","(147, 384)",1152
P00698__G85A,P00698,G85A,85,-0.145000,results/af2/single-repr-full/outputs/P00698/single_repr_model_1_pred_0.npy,results/af2/single-repr-full/outputs/P00698__G85A/single_repr_model_1_pred_0.npy,"(147, 384)","(147, 384)",1152
P00698__R86K,P00698,R86K,86,0.040000,results/af2/single-repr-full/outputs/P00698/single_repr_model_1_pred_0.npy,results/af2/single-repr-full/outputs/P00698__R86K/single_repr_model_1_pred_0.npy,"(147, 384)","(147, 384)",1152
P00698__P88N,P00698,P88N,88,2.150000,results/af2/single-repr-full/outputs/P00698/single_repr_model_1_pred_0.npy,results/af2/single-repr-full/outputs/P00698__P88N/single_repr_model_1_pred_0.npy,"(147, 384)","(147, 384)",1152
P00698__G89A,P00698,G89A,89,1.240000,results/af2/single-repr-full/outputs/P00698/single_repr_model_1_pred_0.npy,results/af2/single-repr-full/outputs/P00698__G89A/single_repr_model_1_pred_0.npy,"(147, 384)","(147, 384)",1152
P00698__R91K,P00698,R91K,91,-0.230000,results/af2/single-repr-full/outputs/P00698/single_repr_model_1_pred_0.npy,results/af2/single-repr-full/outputs/P00698__R91K/single_repr_model_1_pred_0.npy,"(147, 384)","(147, 384)",1152
P00698__N95H,P00698,N95H,95,0.380000,results/af2/single-repr-full/outputs/P00698/single_repr_model_1_pred_0.npy,results/af2/single-repr-full/outputs/P00698__N95H/single_repr_model_1_pred_0.npy,"(147, 384)","(147, 384)",1152
P00698__I96M,P00698,I96M,96,0.850000,results/af2/single-repr-full/outputs/P00698/single_repr_model_1_pred_0.npy,results/af2/single-repr-full/outputs/P00698__I96M/single_repr_model_1_pred_0.npy,"(147, 384)","(147, 384)",1152
P00698__S109A,P00698,S109A,109,0.150000,results/af2/single-repr-full/outputs/P00698/single_repr_model_1_pred_0.npy,results/af2/single-repr-full/outputs/P00698__S109A/single_repr_model_1_pred_0.npy,"(147, 384)","(147, 384)",1152
P00698__S109D,P00698,S109D,109,2.310000,results/af2/single-repr-full/outputs/P00698/single_repr_model_1_pred_0.npy,results/af2/single-repr-full/outputs/P00698__S109D/single_repr_model_1_pred_0.npy,"(147, 384)","(147, 384)",1152
P00698__S109T,P00698,S109T,109,-0.990000,results/af2/single-repr-full/outputs/P00698/single_repr_model_1_pred_0.npy,results/af2/single-repr-full/outputs/P00698__S109T/single_repr_model_1_pred_0.npy,"(147, 384)","(147, 384)",1152
P00698__S109V,P00698,S109V,109,0.080000,results/af2/single-repr-full/outputs/P00698/single_repr_model_1_pred_0.npy,results/af2/single-repr-full/outputs/P00698__S109V/single_repr_model_1_pred_0.npy,"(147, 384)","(147, 384)",1152
P00698__S109Y,P00698,S109Y,109,3.070000,results/af2/single-repr-full/outputs/P00698/single_repr_model_1_pred_0.npy,results/af2/single-repr-full/outputs/P00698__S109Y/single_repr_model_1_pred_0.npy,"(147, 384)","(147, 384)",1152
P00698__C112A,P00698,C112A,112,5.390000,results/af2/single-repr-full/outputs/P00698/single_repr_model_1_pred_0.npy,results/af2/single-repr-full/outputs/P00698__C112A/single_repr_model_1_pred_0.npy,"(147, 384)","(147, 384)",1152
P00698__I116M,P00698,I116M,116,0.850000,results/af2/single-repr-full/outputs/P00698/single_repr_model_1_pred_0.npy,results/af2/single-repr-full/outputs/P00698__I116M/single_repr_model_1_pred_0.npy,"(147, 384)","(147, 384)",1152
P00698__D119A,P00698,D119A,119,-0.760000,results/af2/single-repr-full/outputs/P00698/single_repr_model_1_pred_0.npy,results/af2/single-repr-full/outputs/P00698__D119A/single_repr_model_1_pred_0.npy,"(147, 384)","(147, 384)",1152
P00698__D119E,P00698,D119E,119,0.000000,results/af2/single-repr-full/outputs/P00698/single_repr_model_1_pred_0.npy,results/af2/single-repr-full/outputs/P00698__D119E/single_repr_model_1_pred_0.npy,"(147, 384)","(147, 384)",1152
P00698__D119F,P00698,D119F,119,-0.720000,results/af2/single-repr-full/outputs/P00698/single_repr_model_1_pred_0.npy,results/af2/single-repr-full/outputs/P00698__D119F/single_repr_model_1_pred_0.npy,"(147, 384)","(147, 384)",1152
P00698__D119G,P00698,D119G,119,-0.450000,results/af2/single-repr-full/outputs/P00698/single_repr_model_1_pred_0.npy,results/af2/single-repr-full/outputs/P00698__D119G/single_repr_model_1_pred_0.npy,"(147, 384)","(147, 384)",1152
P00698__D119K,P00698,D119K,119,-0.190000,results/af2/single-repr-full/outputs/P00698/single_repr_model_1_pred_0.npy,results/af2/single-repr-full/outputs/P00698__D119K/single_repr_model_1_pred_0.npy,"(147, 384)","(147, 384)",1152
P00698__D119N,P00698,D119N,119,-0.040000,results/af2/single-repr-full/outputs/P00698/single_repr_model_1_pred_0.npy,results/af2/single-repr-full/outputs/P00698__D119N/single_repr_model_1_pred_0.npy,"(147, 384)","(147, 384)",1152
P00698__D119P,P00698,D119P,119,2.200000,results/af2/single-repr-full/outputs/P00698/single_repr_model_1_pred_0.npy,results/af2/single-repr-full/outputs/P00698__D119P/single_repr_model_1_pred_0.npy,"(147, 384)","(147, 384)",1152
P00698__D119Q,P00698,D119Q,119,0.080000,results/af2/single-repr-full/outputs/P00698/single_repr_model_1_pred_0.npy,results/af2/single-repr-full/outputs/P00698__D119Q/single_repr_model_1_pred_0.npy,"(147, 384)","(147, 384)",1152
P00698__D119R,P00698,D119R,119,-0.270000,results/af2/single-repr-full/outputs/P00698/single_repr_model_1_pred_0.npy,results/af2/single-repr-full/outputs/P00698__D119R/single_repr_model_1_pred_0.npy,"(147, 384)","(147, 384)",1152
P00698__D119S,P00698,D119S,119,-0.870000,results/af2/single-repr-full/outputs/P00698/single_repr_model_1_pred_0.npy,results/af2/single-repr-full/outputs/P00698__D119S/single_repr_model_1_pred_0.npy,"(147, 384)","(147, 384)",1152
P00698__G120A,P00698,G120A,120,-0.610000,results/af2/single-repr-full/outputs/P00698/single_repr_model_1_pred_0.npy,results/af2/single-repr-full/outputs/P00698__G120A/single_repr_model_1_pred_0.npy,"(147, 384)","(147, 384)",1152
P00698__G120P,P00698,G120P,120,0.100000,results/af2/single-repr-full/outputs/P00698/single_repr_model_1_pred_0.npy,results/af2/single-repr-full/outputs/P00698__G120P/single_repr_model_1_pred_0.npy,"(147, 384)","(147, 384)",1152
P00698__G120R,P00698,G120R,120,-0.380000,results/af2/single-repr-full/outputs/P00698/single_repr_model_1_pred_0.npy,results/af2/single-repr-full/outputs/P00698__G120R/single_repr_model_1_pred_0.npy,"(147, 384)","(147, 384)",1152
P00698__G120V,P00698,G120V,120,0.040000,results/af2/single-repr-full/outputs/P00698/single_repr_model_1_pred_0.npy,results/af2/single-repr-full/outputs/P00698__G120V/single_repr_model_1_pred_0.npy,"(147, 384)","(147, 384)",1152
P00698__N121D,P00698,N121D,121,-0.620000,results/af2/single-repr-full/outputs/P00698/single_repr_model_1_pred_0.npy,results/af2/single-repr-full/outputs/P00698__N121D/single_repr_model_1_pred_0.npy,"(147, 384)","(147, 384)",1152
P00698__M123T,P00698,M123T,123,0.620000,results/af2/single-repr-full/outputs/P00698/single_repr_model_1_pred_0.npy,results/af2/single-repr-full/outputs/P00698__M123T/single_repr_model_1_pred_0.npy,"(147, 384)","(147, 384)",1152
P00698__W126Q,P00698,W126Q,126,3.570000,results/af2/single-repr-full/outputs/P00698/single_repr_model_1_pred_0.npy,results/af2/single-repr-full/outputs/P00698__W126Q/single_repr_model_1_pred_0.npy,"(147, 384)","(147, 384)",1152
P00698__W126Y,P00698,W126Y,126,1.360000,results/af2/single-repr-full/outputs/P00698/single_repr_model_1_pred_0.npy,results/af2/single-repr-full/outputs/P00698__W126Y/single_repr_model_1_pred_0.npy,"(147, 384)","(147, 384)",1152
P00698__R132H,P00698,R132H,132,-0.680000,results/af2/single-repr-full/outputs/P00698/single_repr_model_1_pred_0.npy,results/af2/single-repr-full/outputs/P00698__R132H/single_repr_model_1_pred_0.npy,"(147, 384)","(147, 384)",1152
P00698__G135A,P00698,G135A,135,1.130000,results/af2/single-repr-full/outputs/P00698/single_repr_model_1_pred_0.npy,results/af2/single-repr-full/outputs/P00698__G135A/single_repr_model_1_pred_0.npy,"(147, 384)","(147, 384)",1152
P00698__T136P,P00698,T136P,136,1.850000,results/af2/single-repr-full/outputs/P00698/single_repr_model_1_pred_0.npy,results/af2/single-repr-full/outputs/P00698__T136P/single_repr_model_1_pred_0.npy,"(147, 384)","(147, 384)",1152
P00698__Q139H,P00698,Q139H,139,0.450000,results/af2/single-repr-full/outputs/P00698/single_repr_model_1_pred_0.npy,results/af2/single-repr-full/outputs/P00698__Q139H/single_repr_model_1_pred_0.npy,"(147, 384)","(147, 384)",1152
P00711__H51A,P00711,H51A,51,2.115000,results/af2/single-repr-full/outputs/P00711/single_repr_model_1_pred_0.npy,results/af2/single-repr-full/outputs/P00711__H51A/single_repr_model_1_pred_0.npy,"(142, 384)","(142, 384)",1152
P00711__H51Y,P00711,H51Y,51,-0.085000,results/af2/single-repr-full/outputs/P00711/single_repr_model_1_pred_0.npy,results/af2/single-repr-full/outputs/P00711__H51Y/single_repr_model_1_pred_0.npy,"(142, 384)","(142, 384)",1152
P00711__V61A,P00711,V61A,61,0.915000,results/af2/single-repr-full/outputs/P00711/single_repr_model_1_pred_0.npy,results/af2/single-repr-full/outputs/P00711__V61A/single_repr_model_1_pred_0.npy,"(142, 384)","(142, 384)",1152
P00711__V61G,P00711,V61G,61,1.125000,results/af2/single-repr-full/outputs/P00711/single_repr_model_1_pred_0.npy,results/af2/single-repr-full/outputs/P00711__V61G/single_repr_model_1_pred_0.npy,"(142, 384)","(142, 384)",1152
P00711__V61N,P00711,V61N,61,0.220000,results/af2/single-repr-full/outputs/P00711/single_repr_model_1_pred_0.npy,results/af2/single-repr-full/outputs/P00711__V61N/single_repr_model_1_pred_0.npy,"(142, 384)","(142, 384)",1152
P00711__Q73A,P00711,Q73A,73,0.405000,results/af2/single-repr-full/outputs/P00711/single_repr_model_1_pred_0.npy,results/af2/single-repr-full/outputs/P00711__Q73A/single_repr_model_1_pred_0.npy,"(142, 384)","(142, 384)",1152
P00711__I78W,P00711,I78W,78,0.915000,results/af2/single-repr-full/outputs/P00711/single_repr_model_1_pred_0.npy,results/af2/single-repr-full/outputs/P00711__I78W/single_repr_model_1_pred_0.npy,"(142, 384)","(142, 384)",1152
P00711__Y122A,P00711,Y122A,122,2.495000,results/af2/single-repr-full/outputs/P00711/single_repr_model_1_pred_0.npy,results/af2/single-repr-full/outputs/P00711__Y122A/single_repr_model_1_pred_0.npy,"(142, 384)","(142, 384)",1152
P00711__Y122P,P00711,Y122P,122,0.260000,results/af2/single-repr-full/outputs/P00711/single_repr_model_1_pred_0.npy,results/af2/single-repr-full/outputs/P00711__Y122P/single_repr_model_1_pred_0.npy,"(142, 384)","(142, 384)",1152
P00711__W123Y,P00711,W123Y,123,2.420000,results/af2/single-repr-full/outputs/P00711/single_repr_model_1_pred_0.npy,results/af2/single-repr-full/outputs/P00711__W123Y/single_repr_model_1_pred_0.npy,"(142, 384)","(142, 384)",1152
P00711__A125S,P00711,A125S,125,1.075000,results/af2/single-repr-full/outputs/P00711/single_repr_model_1_pred_0.npy,results/af2/single-repr-full/outputs/P00711__A125S/single_repr_model_1_pred_0.npy,"(142, 384)","(142, 384)",1152
P00711__H126A,P00711,H126A,126,0.795000,results/af2/single-repr-full/outputs/P00711/single_repr_model_1_pred_0.npy,results/af2/single-repr-full/outputs/P00711__H126A/single_repr_model_1_pred_0.npy,"(142, 384)","(142, 384)",1152
P00711__H126W,P00711,H126W,126,1.710000,results/af2/single-repr-full/outputs/P00711/single_repr_model_1_pred_0.npy,results/af2/single-repr-full/outputs/P00711__H126W/single_repr_model_1_pred_0.npy,"(142, 384)","(142, 384)",1152
P00711__H126Y,P00711,H126Y,126,0.195000,results/af2/single-repr-full/outputs/P00711/single_repr_model_1_pred_0.npy,results/af2/single-repr-full/outputs/P00711__H126Y/single_repr_model_1_pred_0.npy,"(142, 384)","(142, 384)",1152
P00711__L129E,P00711,L129E,129,0.195000,results/af2/single-repr-full/outputs/P00711/single_repr_model_1_pred_0.npy,results/af2/single-repr-full/outputs/P00711__L129E/single_repr_model_1_pred_0.npy,"(142, 384)","(142, 384)",1152
P00711__L129H,P00711,L129H,129,-1.395000,results/af2/single-repr-full/outputs/P00711/single_repr_model_1_pred_0.npy,results/af2/single-repr-full/outputs/P00711__L129H/single_repr_model_1_pred_0.npy,"(142, 384)","(142, 384)",1152
P00711__L129R,P00711,L129R,129,-0.415000,results/af2/single-repr-full/outputs/P00711/single_repr_model_1_pred_0.npy,results/af2/single-repr-full/outputs/P00711__L129R/single_repr_model_1_pred_0.npy,"(142, 384)","(142, 384)",1152
P00711__K133E,P00711,K133E,133,0.700000,results/af2/single-repr-full/outputs/P00711/single_repr_model_1_pred_0.npy,results/af2/single-repr-full/outputs/P00711__K133E/single_repr_model_1_pred_0.npy,"(142, 384)","(142, 384)",1152
P00711__K133N,P00711,K133N,133,-2.600000,results/af2/single-repr-full/outputs/P00711/single_repr_model_1_pred_0.npy,results/af2/single-repr-full/outputs/P00711__K133N/single_repr_model_1_pred_0.npy,"(142, 384)","(142, 384)",1152
P00711__K133Q,P00711,K133Q,133,0.600000,results/af2/single-repr-full/outputs/P00711/single_repr_model_1_pred_0.npy,results/af2/single-repr-full/outputs/P00711__K133Q/single_repr_model_1_pred_0.npy,"(142, 384)","(142, 384)",1152
P00711__Q136A,P00711,Q136A,136,0.980000,results/af2/single-repr-full/outputs/P00711/single_repr_model_1_pred_0.npy,results/af2/single-repr-full/outputs/P00711__Q136A/single_repr_model_1_pred_0.npy,"(142, 384)","(142, 384)",1152
P00711__W137H,P00711,W137H,137,0.600000,results/af2/single-repr-full/outputs/P00711/single_repr_model_1_pred_0.npy,results/af2/single-repr-full/outputs/P00711__W137H/single_repr_model_1_pred_0.npy,"(142, 384)","(142, 384)",1152
P00711__W137Y,P00711,W137Y,137,1.185000,results/af2/single-repr-full/outputs/P00711/single_repr_model_1_pred_0.npy,results/af2/single-repr-full/outputs/P00711__W137Y/single_repr_model_1_pred_0.npy,"(142, 384)","(142, 384)",1152
P00712__V27A,P00712,V27A,27,1.000000,results/af2/single-repr-full/outputs/P00712/single_repr_model_1_pred_0.npy,results/af2/single-repr-full/outputs/P00712__V27A/single_repr_model_1_pred_0.npy,"(142, 384)","(142, 384)",1152
P00712__L31A,P00712,L31A,31,2.700000,results/af2/single-repr-full/outputs/P00712/single_repr_model_1_pred_0.npy,results/af2/single-repr-full/outputs/P00712__L31A/single_repr_model_1_pred_0.npy,"(142, 384)","(142, 384)",1152
P00712__W45F,P00712,W45F,45,2.250000,results/af2/single-repr-full/outputs/P00712/single_repr_model_1_pred_0.npy,results/af2/single-repr-full/outputs/P00712__W45F/single_repr_model_1_pred_0.npy,"(142, 384)","(142, 384)",1152
P00712__T48I,P00712,T48I,48,-2.800000,results/af2/single-repr-full/outputs/P00712/single_repr_model_1_pred_0.npy,results/af2/single-repr-full/outputs/P00712__T48I/single_repr_model_1_pred_0.npy,"(142, 384)","(142, 384)",1152
P00712__T48V,P00712,T48V,48,-1.900000,results/af2/single-repr-full/outputs/P00712/single_repr_model_1_pred_0.npy,results/af2/single-repr-full/outputs/P00712__T48V/single_repr_model_1_pred_0.npy,"(142, 384)","(142, 384)",1152
P00712__A49I,P00712,A49I,49,-1.600000,results/af2/single-repr-full/outputs/P00712/single_repr_model_1_pred_0.npy,results/af2/single-repr-full/outputs/P00712__A49I/single_repr_model_1_pred_0.npy,"(142, 384)","(142, 384)",1152
P00712__A49T,P00712,A49T,49,-0.800000,results/af2/single-repr-full/outputs/P00712/single_repr_model_1_pred_0.npy,results/af2/single-repr-full/outputs/P00712__A49T/single_repr_model_1_pred_0.npy,"(142, 384)","(142, 384)",1152
P00712__T52I,P00712,T52I,52,-0.180000,results/af2/single-repr-full/outputs/P00712/single_repr_model_1_pred_0.npy,results/af2/single-repr-full/outputs/P00712__T52I/single_repr_model_1_pred_0.npy,"(142, 384)","(142, 384)",1152
P00712__T57A,P00712,T57A,57,1.300000,results/af2/single-repr-full/outputs/P00712/single_repr_model_1_pred_0.npy,results/af2/single-repr-full/outputs/P00712__T57A/single_repr_model_1_pred_0.npy,"(142, 384)","(142, 384)",1152
P00712__L71A,P00712,L71A,71,3.200000,results/af2/single-repr-full/outputs/P00712/single_repr_model_1_pred_0.npy,results/af2/single-repr-full/outputs/P00712__L71A/single_repr_model_1_pred_0.npy,"(142, 384)","(142, 384)",1152
P00712__I74V,P00712,I74V,74,2.700000,results/af2/single-repr-full/outputs/P00712/single_repr_model_1_pred_0.npy,results/af2/single-repr-full/outputs/P00712__I74V/single_repr_model_1_pred_0.npy,"(142, 384)","(142, 384)",1152
P00712__W79A,P00712,W79A,79,2.000000,results/af2/single-repr-full/outputs/P00712/single_repr_model_1_pred_0.npy,results/af2/single-repr-full/outputs/P00712__W79A/single_repr_model_1_pred_0.npy,"(142, 384)","(142, 384)",1152
P00712__W79F,P00712,W79F,79,0.985000,results/af2/single-repr-full/outputs/P00712/single_repr_model_1_pred_0.npy,results/af2/single-repr-full/outputs/P00712__W79F/single_repr_model_1_pred_0.npy,"(142, 384)","(142, 384)",1152
P00712__D106N,P00712,D106N,106,1.100000,results/af2/single-repr-full/outputs/P00712/single_repr_model_1_pred_0.npy,results/af2/single-repr-full/outputs/P00712__D106N/single_repr_model_1_pred_0.npy,"(142, 384)","(142, 384)",1152
P00712__I108V,P00712,I108V,108,0.900000,results/af2/single-repr-full/outputs/P00712/single_repr_model_1_pred_0.npy,results/af2/single-repr-full/outputs/P00712__I108V/single_repr_model_1_pred_0.npy,"(142, 384)","(142, 384)",1152
P00712__V109A,P00712,V109A,109,-0.900000,results/af2/single-repr-full/outputs/P00712/single_repr_model_1_pred_0.npy,results/af2/single-repr-full/outputs/P00712__V109A/single_repr_model_1_pred_0.npy,"(142, 384)","(142, 384)",1152
P00712__K112A,P00712,K112A,112,1.700000,results/af2/single-repr-full/outputs/P00712/single_repr_model_1_pred_0.npy,results/af2/single-repr-full/outputs/P00712__K112A/single_repr_model_1_pred_0.npy,"(142, 384)","(142, 384)",1152
P00712__I114V,P00712,I114V,114,1.700000,results/af2/single-repr-full/outputs/P00712/single_repr_model_1_pred_0.npy,results/af2/single-repr-full/outputs/P00712__I114V/single_repr_model_1_pred_0.npy,"(142, 384)","(142, 384)",1152
P00712__L115A,P00712,L115A,115,1.800000,results/af2/single-repr-full/outputs/P00712/single_repr_model_1_pred_0.npy,results/af2/single-repr-full/outputs/P00712__L115A/single_repr_model_1_pred_0.npy,"(142, 384)","(142, 384)",1152
P00712__Y122F,P00712,Y122F,122,2.100000,results/af2/single-repr-full/outputs/P00712/single_repr_model_1_pred_0.npy,results/af2/single-repr-full/outputs/P00712__Y122F/single_repr_model_1_pred_0.npy,"(142, 384)","(142, 384)",1152
P00712__W123F,P00712,W123F,123,2.135000,results/af2/single-repr-full/outputs/P00712/single_repr_model_1_pred_0.npy,results/af2/single-repr-full/outputs/P00712__W123F/single_repr_model_1_pred_0.npy,"(142, 384)","(142, 384)",1152
P00712__L124A,P00712,L124A,124,0.300000,results/af2/single-repr-full/outputs/P00712/single_repr_model_1_pred_0.npy,results/af2/single-repr-full/outputs/P00712__L124A/single_repr_model_1_pred_0.npy,"(142, 384)","(142, 384)",1152
P00712__L129A,P00712,L129A,129,0.300000,results/af2/single-repr-full/outputs/P00712/single_repr_model_1_pred_0.npy,results/af2/single-repr-full/outputs/P00712__L129A/single_repr_model_1_pred_0.npy,"(142, 384)","(142, 384)",1152
P00712__W137F,P00712,W137F,137,-0.230000,results/af2/single-repr-full/outputs/P00712/single_repr_model_1_pred_0.npy,results/af2/single-repr-full/outputs/P00712__W137F/single_repr_model_1_pred_0.npy,"(142, 384)","(142, 384)",1152
P00720__I3A,P00720,I3A,3,0.800000,results/af2/single-repr-full/outputs/P00720/single_repr_model_1_pred_0.npy,results/af2/single-repr-full/outputs/P00720__I3A/single_repr_model_1_pred_0.npy,"(164, 384)","(164, 384)",1152
P00720__I3C,P00720,I3C,3,-0.250000,results/af2/single-repr-full/outputs/P00720/single_repr_model_1_pred_0.npy,results/af2/single-repr-full/outputs/P00720__I3C/single_repr_model_1_pred_0.npy,"(164, 384)","(164, 384)",1152
P00720__I3D,P00720,I3D,3,2.700000,results/af2/single-repr-full/outputs/P00720/single_repr_model_1_pred_0.npy,results/af2/single-repr-full/outputs/P00720__I3D/single_repr_model_1_pred_0.npy,"(164, 384)","(164, 384)",1152
P00720__I3E,P00720,I3E,3,1.655000,results/af2/single-repr-full/outputs/P00720/single_repr_model_1_pred_0.npy,results/af2/single-repr-full/outputs/P00720__I3E/single_repr_model_1_pred_0.npy,"(164, 384)","(164, 384)",1152
P00720__I3F,P00720,I3F,3,1.090000,results/af2/single-repr-full/outputs/P00720/single_repr_model_1_pred_0.npy,results/af2/single-repr-full/outputs/P00720__I3F/single_repr_model_1_pred_0.npy,"(164, 384)","(164, 384)",1152
P00720__I3G,P00720,I3G,3,2.000000,results/af2/single-repr-full/outputs/P00720/single_repr_model_1_pred_0.npy,results/af2/single-repr-full/outputs/P00720__I3G/single_repr_model_1_pred_0.npy,"(164, 384)","(164, 384)",1152
P00720__I3L,P00720,I3L,3,-0.850000,results/af2/single-repr-full/outputs/P00720/single_repr_model_1_pred_0.npy,results/af2/single-repr-full/outputs/P00720__I3L/single_repr_model_1_pred_0.npy,"(164, 384)","(164, 384)",1152
P00720__I3M,P00720,I3M,3,0.700000,results/af2/single-repr-full/outputs/P00720/single_repr_model_1_pred_0.npy,results/af2/single-repr-full/outputs/P00720__I3M/single_repr_model_1_pred_0.npy,"(164, 384)","(164, 384)",1152
P00720__I3P,P00720,I3P,3,2.880000,results/af2/single-repr-full/outputs/P00720/single_repr_model_1_pred_0.npy,results/af2/single-repr-full/outputs/P00720__I3P/single_repr_model_1_pred_0.npy,"(164, 384)","(164, 384)",1152
P00720__I3S,P00720,I3S,3,1.800000,results/af2/single-repr-full/outputs/P00720/single_repr_model_1_pred_0.npy,results/af2/single-repr-full/outputs/P00720__I3S/single_repr_model_1_pred_0.npy,"(164, 384)","(164, 384)",1152
P00720__I3T,P00720,I3T,3,2.190000,results/af2/single-repr-full/outputs/P00720/single_repr_model_1_pred_0.npy,results/af2/single-repr-full/outputs/P00720__I3T/single_repr_model_1_pred_0.npy,"(164, 384)","(164, 384)",1152
P00720__I3V,P00720,I3V,3,0.500000,results/af2/single-repr-full/outputs/P00720/single_repr_model_1_pred_0.npy,results/af2/single-repr-full/outputs/P00720__I3V/single_repr_model_1_pred_0.npy,"(164, 384)","(164, 384)",1152
P00720__I3W,P00720,I3W,3,2.800000,results/af2/single-repr-full/outputs/P00720/single_repr_model_1_pred_0.npy,results/af2/single-repr-full/outputs/P00720__I3W/single_repr_model_1_pred_0.npy,"(164, 384)","(164, 384)",1152
P00720__I3Y,P00720,I3Y,3,2.450000,results/af2/single-repr-full/outputs/P00720/single_repr_model_1_pred_0.npy,results/af2/single-repr-full/outputs/P00720__I3Y/single_repr_model_1_pred_0.npy,"(164, 384)","(164, 384)",1152
P00720__M6A,P00720,M6A,6,1.600000,results/af2/single-repr-full/outputs/P00720/single_repr_model_1_pred_0.npy,results/af2/single-repr-full/outputs/P00720__M6A/single_repr_model_1_pred_0.npy,"(164, 384)","(164, 384)",1152
P00720__M6I,P00720,M6I,6,3.600000,results/af2/single-repr-full/outputs/P00720/single_repr_model_1_pred_0.npy,results/af2/single-repr-full/outputs/P00720__M6I/single_repr_model_1_pred_0.npy,"(164, 384)","(164, 384)",1152
P00720__M6L,P00720,M6L,6,3.900000,results/af2/single-repr-full/outputs/P00720/single_repr_model_1_pred_0.npy,results/af2/single-repr-full/outputs/P00720__M6L/single_repr_model_1_pred_0.npy,"(164, 384)","(164, 384)",1152
P00720__L7A,P00720,L7A,7,3.600000,results/af2/single-repr-full/outputs/P00720/single_repr_model_1_pred_0.npy,results/af2/single-repr-full/outputs/P00720__L7A/single_repr_model_1_pred_0.npy,"(164, 384)","(164, 384)",1152
P00720__E11A,P00720,E11A,11,-1.100000,results/af2/single-repr-full/outputs/P00720/single_repr_model_1_pred_0.npy,results/af2/single-repr-full/outputs/P00720__E11A/single_repr_model_1_pred_0.npy,"(164, 384)","(164, 384)",1152
P00720__E11F,P00720,E11F,11,-1.700000,results/af2/single-repr-full/outputs/P00720/single_repr_model_1_pred_0.npy,results/af2/single-repr-full/outputs/P00720__E11F/single_repr_model_1_pred_0.npy,"(164, 384)","(164, 384)",1152
P00720__E11H,P00720,E11H,11,-0.400000,results/af2/single-repr-full/outputs/P00720/single_repr_model_1_pred_0.npy,results/af2/single-repr-full/outputs/P00720__E11H/single_repr_model_1_pred_0.npy,"(164, 384)","(164, 384)",1152
P00720__E11M,P00720,E11M,11,-1.600000,results/af2/single-repr-full/outputs/P00720/single_repr_model_1_pred_0.npy,results/af2/single-repr-full/outputs/P00720__E11M/single_repr_model_1_pred_0.npy,"(164, 384)","(164, 384)",1152
P00720__E11N,P00720,E11N,11,0.750000,results/af2/single-repr-full/outputs/P00720/single_repr_model_1_pred_0.npy,results/af2/single-repr-full/outputs/P00720__E11N/single_repr_model_1_pred_0.npy,"(164, 384)","(164, 384)",1152
P00720__R14A,P00720,R14A,14,3.000000,results/af2/single-repr-full/outputs/P00720/single_repr_model_1_pred_0.npy,results/af2/single-repr-full/outputs/P00720__R14A/single_repr_model_1_pred_0.npy,"(164, 384)","(164, 384)",1152
P00720__R14K,P00720,R14K,14,0.015000,results/af2/single-repr-full/outputs/P00720/single_repr_model_1_pred_0.npy,results/af2/single-repr-full/outputs/P00720__R14K/single_repr_model_1_pred_0.npy,"(164, 384)","(164, 384)",1152
P00720__K16E,P00720,K16E,16,0.300000,results/af2/single-repr-full/outputs/P00720/single_repr_model_1_pred_0.npy,results/af2/single-repr-full/outputs/P00720__K16E/single_repr_model_1_pred_0.npy,"(164, 384)","(164, 384)",1152
P00720__I17A,P00720,I17A,17,2.700000,results/af2/single-repr-full/outputs/P00720/single_repr_model_1_pred_0.npy,results/af2/single-repr-full/outputs/P00720__I17A/single_repr_model_1_pred_0.npy,"(164, 384)","(164, 384)",1152
P00720__I17M,P00720,I17M,17,2.750000,results/af2/single-repr-full/outputs/P00720/single_repr_model_1_pred_0.npy,results/af2/single-repr-full/outputs/P00720__I17M/single_repr_model_1_pred_0.npy,"(164, 384)","(164, 384)",1152
P00720__D20A,P00720,D20A,20,0.400000,results/af2/single-repr-full/outputs/P00720/single_repr_model_1_pred_0.npy,results/af2/single-repr-full/outputs/P00720__D20A/single_repr_model_1_pred_0.npy,"(164, 384)","(164, 384)",1152
P00720__D20N,P00720,D20N,20,-1.200000,results/af2/single-repr-full/outputs/P00720/single_repr_model_1_pred_0.npy,results/af2/single-repr-full/outputs/P00720__D20N/single_repr_model_1_pred_0.npy,"(164, 384)","(164, 384)",1152
P00720__D20S,P00720,D20S,20,-0.450000,results/af2/single-repr-full/outputs/P00720/single_repr_model_1_pred_0.npy,results/af2/single-repr-full/outputs/P00720__D20S/single_repr_model_1_pred_0.npy,"(164, 384)","(164, 384)",1152
P00720__D20T,P00720,D20T,20,-0.750000,results/af2/single-repr-full/outputs/P00720/single_repr_model_1_pred_0.npy,results/af2/single-repr-full/outputs/P00720__D20T/single_repr_model_1_pred_0.npy,"(164, 384)","(164, 384)",1152
P00720__E22K,P00720,E22K,22,-0.585000,results/af2/single-repr-full/outputs/P00720/single_repr_model_1_pred_0.npy,results/af2/single-repr-full/outputs/P00720__E22K/single_repr_model_1_pred_0.npy,"(164, 384)","(164, 384)",1152
P00720__Y24A,P00720,Y24A,24,5.500000,results/af2/single-repr-full/outputs/P00720/single_repr_model_1_pred_0.npy,results/af2/single-repr-full/outputs/P00720__Y24A/single_repr_model_1_pred_0.npy,"(164, 384)","(164, 384)",1152
P00720__Y25G,P00720,Y25G,25,4.225000,results/af2/single-repr-full/outputs/P00720/single_repr_model_1_pred_0.npy,results/af2/single-repr-full/outputs/P00720__Y25G/single_repr_model_1_pred_0.npy,"(164, 384)","(164, 384)",1152
P00720__T26S,P00720,T26S,26,-0.585000,results/af2/single-repr-full/outputs/P00720/single_repr_model_1_pred_0.npy,results/af2/single-repr-full/outputs/P00720__T26S/single_repr_model_1_pred_0.npy,"(164, 384)","(164, 384)",1152
P00720__I27A,P00720,I27A,27,3.100000,results/af2/single-repr-full/outputs/P00720/single_repr_model_1_pred_0.npy,results/af2/single-repr-full/outputs/P00720__I27A/single_repr_model_1_pred_0.npy,"(164, 384)","(164, 384)",1152
P00720__I27M,P00720,I27M,27,5.100000,results/af2/single-repr-full/outputs/P00720/single_repr_model_1_pred_0.npy,results/af2/single-repr-full/outputs/P00720__I27M/single_repr_model_1_pred_0.npy,"(164, 384)","(164, 384)",1152
P00720__G28A,P00720,G28A,28,2.100000,results/af2/single-repr-full/outputs/P00720/single_repr_model_1_pred_0.npy,results/af2/single-repr-full/outputs/P00720__G28A/single_repr_model_1_pred_0.npy,"(164, 384)","(164, 384)",1152
P00720__I29A,P00720,I29A,29,2.600000,results/af2/single-repr-full/outputs/P00720/single_repr_model_1_pred_0.npy,results/af2/single-repr-full/outputs/P00720__I29A/single_repr_model_1_pred_0.npy,"(164, 384)","(164, 384)",1152
P00720__G30A,P00720,G30A,30,-0.100000,results/af2/single-repr-full/outputs/P00720/single_repr_model_1_pred_0.npy,results/af2/single-repr-full/outputs/P00720__G30A/single_repr_model_1_pred_0.npy,"(164, 384)","(164, 384)",1152
P00720__G30F,P00720,G30F,30,1.500000,results/af2/single-repr-full/outputs/P00720/single_repr_model_1_pred_0.npy,results/af2/single-repr-full/outputs/P00720__G30F/single_repr_model_1_pred_0.npy,"(164, 384)","(164, 384)",1152
P00720__H31N,P00720,H31N,31,4.000000,results/af2/single-repr-full/outputs/P00720/single_repr_model_1_pred_0.npy,results/af2/single-repr-full/outputs/P00720__H31N/single_repr_model_1_pred_0.npy,"(164, 384)","(164, 384)",1152
P00720__L32A,P00720,L32A,32,3.000000,results/af2/single-repr-full/outputs/P00720/single_repr_model_1_pred_0.npy,results/af2/single-repr-full/outputs/P00720__L32A/single_repr_model_1_pred_0.npy,"(164, 384)","(164, 384)",1152
P00720__L33A,P00720,L33A,33,3.600000,results/af2/single-repr-full/outputs/P00720/single_repr_model_1_pred_0.npy,results/af2/single-repr-full/outputs/P00720__L33A/single_repr_model_1_pred_0.npy,"(164, 384)","(164, 384)",1152
P00720__L33M,P00720,L33M,33,2.300000,results/af2/single-repr-full/outputs/P00720/single_repr_model_1_pred_0.npy,results/af2/single-repr-full/outputs/P00720__L33M/single_repr_model_1_pred_0.npy,"(164, 384)","(164, 384)",1152
P00720__T34A,P00720,T34A,34,0.200000,results/af2/single-repr-full/outputs/P00720/single_repr_model_1_pred_0.npy,results/af2/single-repr-full/outputs/P00720__T34A/single_repr_model_1_pred_0.npy,"(164, 384)","(164, 384)",1152
P00720__P37A,P00720,P37A,37,0.000000,results/af2/single-repr-full/outputs/P00720/single_repr_model_1_pred_0.npy,results/af2/single-repr-full/outputs/P00720__P37A/single_repr_model_1_pred_0.npy,"(164, 384)","(164, 384)",1152
P00720__S38A,P00720,S38A,38,0.770000,results/af2/single-repr-full/outputs/P00720/single_repr_model_1_pred_0.npy,results/af2/single-repr-full/outputs/P00720__S38A/single_repr_model_1_pred_0.npy,"(164, 384)","(164, 384)",1152
P00720__S38D,P00720,S38D,38,0.000000,results/af2/single-repr-full/outputs/P00720/single_repr_model_1_pred_0.npy,results/af2/single-repr-full/outputs/P00720__S38D/single_repr_model_1_pred_0.npy,"(164, 384)","(164, 384)",1152
P00720__S38N,P00720,S38N,38,0.000000,results/af2/single-repr-full/outputs/P00720/single_repr_model_1_pred_0.npy,results/af2/single-repr-full/outputs/P00720__S38N/single_repr_model_1_pred_0.npy,"(164, 384)","(164, 384)",1152
P00720__L39A,P00720,L39A,39,0.900000,results/af2/single-repr-full/outputs/P00720/single_repr_model_1_pred_0.npy,results/af2/single-repr-full/outputs/P00720__L39A/single_repr_model_1_pred_0.npy,"(164, 384)","(164, 384)",1152
P00720__L39P,P00720,L39P,39,2.800000,results/af2/single-repr-full/outputs/P00720/single_repr_model_1_pred_0.npy,results/af2/single-repr-full/outputs/P00720__L39P/single_repr_model_1_pred_0.npy,"(164, 384)","(164, 384)",1152
P00720__N40A,P00720,N40A,40,-0.260000,results/af2/single-repr-full/outputs/P00720/single_repr_model_1_pred_0.npy,results/af2/single-repr-full/outputs/P00720__N40A/single_repr_model_1_pred_0.npy,"(164, 384)","(164, 384)",1152
P00720__N40D,P00720,N40D,40,-0.420000,results/af2/single-repr-full/outputs/P00720/single_repr_model_1_pred_0.npy,results/af2/single-repr-full/outputs/P00720__N40D/single_repr_model_1_pred_0.npy,"(164, 384)","(164, 384)",1152
P00720__A41D,P00720,A41D,41,-0.295000,results/af2/single-repr-full/outputs/P00720/single_repr_model_1_pred_0.npy,results/af2/single-repr-full/outputs/P00720__A41D/single_repr_model_1_pred_0.npy,"(164, 384)","(164, 384)",1152
P00720__A41S,P00720,A41S,41,0.700000,results/af2/single-repr-full/outputs/P00720/single_repr_model_1_pred_0.npy,results/af2/single-repr-full/outputs/P00720__A41S/single_repr_model_1_pred_0.npy,"(164, 384)","(164, 384)",1152
P00720__A41V,P00720,A41V,41,-0.410000,results/af2/single-repr-full/outputs/P00720/single_repr_model_1_pred_0.npy,results/af2/single-repr-full/outputs/P00720__A41V/single_repr_model_1_pred_0.npy,"(164, 384)","(164, 384)",1152
P00720__A42F,P00720,A42F,42,5.200000,results/af2/single-repr-full/outputs/P00720/single_repr_model_1_pred_0.npy,results/af2/single-repr-full/outputs/P00720__A42F/single_repr_model_1_pred_0.npy,"(164, 384)","(164, 384)",1152
P00720__A42G,P00720,A42G,42,2.950000,results/af2/single-repr-full/outputs/P00720/single_repr_model_1_pred_0.npy,results/af2/single-repr-full/outputs/P00720__A42G/single_repr_model_1_pred_0.npy,"(164, 384)","(164, 384)",1152
P00720__A42I,P00720,A42I,42,4.400000,results/af2/single-repr-full/outputs/P00720/single_repr_model_1_pred_0.npy,results/af2/single-repr-full/outputs/P00720__A42I/single_repr_model_1_pred_0.npy,"(164, 384)","(164, 384)",1152
P00720__A42K,P00720,A42K,42,3.700000,results/af2/single-repr-full/outputs/P00720/single_repr_model_1_pred_0.npy,results/af2/single-repr-full/outputs/P00720__A42K/single_repr_model_1_pred_0.npy,"(164, 384)","(164, 384)",1152
P00720__A42L,P00720,A42L,42,5.100000,results/af2/single-repr-full/outputs/P00720/single_repr_model_1_pred_0.npy,results/af2/single-repr-full/outputs/P00720__A42L/single_repr_model_1_pred_0.npy,"(164, 384)","(164, 384)",1152
P00720__A42S,P00720,A42S,42,2.450000,results/af2/single-repr-full/outputs/P00720/single_repr_model_1_pred_0.npy,results/af2/single-repr-full/outputs/P00720__A42S/single_repr_model_1_pred_0.npy,"(164, 384)","(164, 384)",1152
P00720__A42V,P00720,A42V,42,3.500000,results/af2/single-repr-full/outputs/P00720/single_repr_model_1_pred_0.npy,results/af2/single-repr-full/outputs/P00720__A42V/single_repr_model_1_pred_0.npy,"(164, 384)","(164, 384)",1152
P00720__K43A,P00720,K43A,43,1.065000,results/af2/single-repr-full/outputs/P00720/single_repr_model_1_pred_0.npy,results/af2/single-repr-full/outputs/P00720__K43A/single_repr_model_1_pred_0.npy,"(164, 384)","(164, 384)",1152
P00720__S44A,P00720,S44A,44,0.300000,results/af2/single-repr-full/outputs/P00720/single_repr_model_1_pred_0.npy,results/af2/single-repr-full/outputs/P00720__S44A/single_repr_model_1_pred_0.npy,"(164, 384)","(164, 384)",1152
P00720__S44C,P00720,S44C,44,0.105000,results/af2/single-repr-full/outputs/P00720/single_repr_model_1_pred_0.npy,results/af2/single-repr-full/outputs/P00720__S44C/single_repr_model_1_pred_0.npy,"(164, 384)","(164, 384)",1152
P00720__S44D,P00720,S44D,44,0.105000,results/af2/single-repr-full/outputs/P00720/single_repr_model_1_pred_0.npy,results/af2/single-repr-full/outputs/P00720__S44D/single_repr_model_1_pred_0.npy,"(164, 384)","(164, 384)",1152
P00720__S44E,P00720,S44E,44,0.000000,results/af2/single-repr-full/outputs/P00720/single_repr_model_1_pred_0.npy,results/af2/single-repr-full/outputs/P00720__S44E/single_repr_model_1_pred_0.npy,"(164, 384)","(164, 384)",1152
P00720__S44F,P00720,S44F,44,-0.080000,results/af2/single-repr-full/outputs/P00720/single_repr_model_1_pred_0.npy,results/af2/single-repr-full/outputs/P00720__S44F/single_repr_model_1_pred_0.npy,"(164, 384)","(164, 384)",1152
P00720__S44G,P00720,S44G,44,0.515000,results/af2/single-repr-full/outputs/P00720/single_repr_model_1_pred_0.npy,results/af2/single-repr-full/outputs/P00720__S44G/single_repr_model_1_pred_0.npy,"(164, 384)","(164, 384)",1152
P00720__S44H,P00720,S44H,44,-0.020000,results/af2/single-repr-full/outputs/P00720/single_repr_model_1_pred_0.npy,results/af2/single-repr-full/outputs/P00720__S44H/single_repr_model_1_pred_0.npy,"(164, 384)","(164, 384)",1152
P00720__S44I,P00720,S44I,44,-0.305000,results/af2/single-repr-full/outputs/P00720/single_repr_model_1_pred_0.npy,results/af2/single-repr-full/outputs/P00720__S44I/single_repr_model_1_pred_0.npy,"(164, 384)","(164, 384)",1152
P00720__S44K,P00720,S44K,44,-0.200000,results/af2/single-repr-full/outputs/P00720/single_repr_model_1_pred_0.npy,results/af2/single-repr-full/outputs/P00720__S44K/single_repr_model_1_pred_0.npy,"(164, 384)","(164, 384)",1152
P00720__S44L,P00720,S44L,44,-0.395000,results/af2/single-repr-full/outputs/P00720/single_repr_model_1_pred_0.npy,results/af2/single-repr-full/outputs/P00720__S44L/single_repr_model_1_pred_0.npy,"(164, 384)","(164, 384)",1152
P00720__S44M,P00720,S44M,44,-0.315000,results/af2/single-repr-full/outputs/P00720/single_repr_model_1_pred_0.npy,results/af2/single-repr-full/outputs/P00720__S44M/single_repr_model_1_pred_0.npy,"(164, 384)","(164, 384)",1152
P00720__S44N,P00720,S44N,44,0.120000,results/af2/single-repr-full/outputs/P00720/single_repr_model_1_pred_0.npy,results/af2/single-repr-full/outputs/P00720__S44N/single_repr_model_1_pred_0.npy,"(164, 384)","(164, 384)",1152
P00720__S44P,P00720,S44P,44,3.015000,results/af2/single-repr-full/outputs/P00720/single_repr_model_1_pred_0.npy,results/af2/single-repr-full/outputs/P00720__S44P/single_repr_model_1_pred_0.npy,"(164, 384)","(164, 384)",1152
P00720__S44Q,P00720,S44Q,44,-0.285000,results/af2/single-repr-full/outputs/P00720/single_repr_model_1_pred_0.npy,results/af2/single-repr-full/outputs/P00720__S44Q/single_repr_model_1_pred_0.npy,"(164, 384)","(164, 384)",1152
P00720__S44R,P00720,S44R,44,-0.220000,results/af2/single-repr-full/outputs/P00720/single_repr_model_1_pred_0.npy,results/af2/single-repr-full/outputs/P00720__S44R/single_repr_model_1_pred_0.npy,"(164, 384)","(164, 384)",1152
P00720__S44T,P00720,S44T,44,-0.005000,results/af2/single-repr-full/outputs/P00720/single_repr_model_1_pred_0.npy,results/af2/single-repr-full/outputs/P00720__S44T/single_repr_model_1_pred_0.npy,"(164, 384)","(164, 384)",1152
P00720__S44V,P00720,S44V,44,-0.100000,results/af2/single-repr-full/outputs/P00720/single_repr_model_1_pred_0.npy,results/af2/single-repr-full/outputs/P00720__S44V/single_repr_model_1_pred_0.npy,"(164, 384)","(164, 384)",1152
P00720__S44W,P00720,S44W,44,-0.075000,results/af2/single-repr-full/outputs/P00720/single_repr_model_1_pred_0.npy,results/af2/single-repr-full/outputs/P00720__S44W/single_repr_model_1_pred_0.npy,"(164, 384)","(164, 384)",1152
P00720__S44Y,P00720,S44Y,44,-0.195000,results/af2/single-repr-full/outputs/P00720/single_repr_model_1_pred_0.npy,results/af2/single-repr-full/outputs/P00720__S44Y/single_repr_model_1_pred_0.npy,"(164, 384)","(164, 384)",1152
P00720__E45A,P00720,E45A,45,-0.250000,results/af2/single-repr-full/outputs/P00720/single_repr_model_1_pred_0.npy,results/af2/single-repr-full/outputs/P00720__E45A/single_repr_model_1_pred_0.npy,"(164, 384)","(164, 384)",1152
P00720__L46A,P00720,L46A,46,2.410000,results/af2/single-repr-full/outputs/P00720/single_repr_model_1_pred_0.npy,results/af2/single-repr-full/outputs/P00720__L46A/single_repr_model_1_pred_0.npy,"(164, 384)","(164, 384)",1152
P00720__D47A,P00720,D47A,47,0.825000,results/af2/single-repr-full/outputs/P00720/single_repr_model_1_pred_0.npy,results/af2/single-repr-full/outputs/P00720__D47A/single_repr_model_1_pred_0.npy,"(164, 384)","(164, 384)",1152
P00720__K48A,P00720,K48A,48,0.530000,results/af2/single-repr-full/outputs/P00720/single_repr_model_1_pred_0.npy,results/af2/single-repr-full/outputs/P00720__K48A/single_repr_model_1_pred_0.npy,"(164, 384)","(164, 384)",1152
P00720__A49S,P00720,A49S,49,0.450000,results/af2/single-repr-full/outputs/P00720/single_repr_model_1_pred_0.npy,results/af2/single-repr-full/outputs/P00720__A49S/single_repr_model_1_pred_0.npy,"(164, 384)","(164, 384)",1152
P00720__I50A,P00720,I50A,50,2.250000,results/af2/single-repr-full/outputs/P00720/single_repr_model_1_pred_0.npy,results/af2/single-repr-full/outputs/P00720__I50A/single_repr_model_1_pred_0.npy,"(164, 384)","(164, 384)",1152
P00720__I50M,P00720,I50M,50,0.800000,results/af2/single-repr-full/outputs/P00720/single_repr_model_1_pred_0.npy,results/af2/single-repr-full/outputs/P00720__I50M/single_repr_model_1_pred_0.npy,"(164, 384)","(164, 384)",1152
P00720__G51D,P00720,G51D,51,2.415000,results/af2/single-repr-full/outputs/P00720/single_repr_model_1_pred_0.npy,results/af2/single-repr-full/outputs/P00720__G51D/single_repr_model_1_pred_0.npy,"(164, 384)","(164, 384)",1152
P00720__N53A,P00720,N53A,53,0.800000,results/af2/single-repr-full/outputs/P00720/single_repr_model_1_pred_0.npy,results/af2/single-repr-full/outputs/P00720__N53A/single_repr_model_1_pred_0.npy,"(164, 384)","(164, 384)",1152
P00720__C54T,P00720,C54T,54,-0.850000,results/af2/single-repr-full/outputs/P00720/single_repr_model_1_pred_0.npy,results/af2/single-repr-full/outputs/P00720__C54T/single_repr_model_1_pred_0.npy,"(164, 384)","(164, 384)",1152
P00720__C54V,P00720,C54V,54,0.700000,results/af2/single-repr-full/outputs/P00720/single_repr_model_1_pred_0.npy,results/af2/single-repr-full/outputs/P00720__C54V/single_repr_model_1_pred_0.npy,"(164, 384)","(164, 384)",1152
P00720__C54Y,P00720,C54Y,54,4.660000,results/af2/single-repr-full/outputs/P00720/single_repr_model_1_pred_0.npy,results/af2/single-repr-full/outputs/P00720__C54Y/single_repr_model_1_pred_0.npy,"(164, 384)","(164, 384)",1152
P00720__N55G,P00720,N55G,55,0.550000,results/af2/single-repr-full/outputs/P00720/single_repr_model_1_pred_0.npy,results/af2/single-repr-full/outputs/P00720__N55G/single_repr_model_1_pred_0.npy,"(164, 384)","(164, 384)",1152
P00720__I58A,P00720,I58A,58,3.200000,results/af2/single-repr-full/outputs/P00720/single_repr_model_1_pred_0.npy,results/af2/single-repr-full/outputs/P00720__I58A/single_repr_model_1_pred_0.npy,"(164, 384)","(164, 384)",1152
P00720__I58T,P00720,I58T,58,3.400000,results/af2/single-repr-full/outputs/P00720/single_repr_model_1_pred_0.npy,results/af2/single-repr-full/outputs/P00720__I58T/single_repr_model_1_pred_0.npy,"(164, 384)","(164, 384)",1152
P00720__I58Y,P00720,I58Y,58,2.855000,results/af2/single-repr-full/outputs/P00720/single_repr_model_1_pred_0.npy,results/af2/single-repr-full/outputs/P00720__I58Y/single_repr_model_1_pred_0.npy,"(164, 384)","(164, 384)",1152
P00720__T59A,P00720,T59A,59,1.650000,results/af2/single-repr-full/outputs/P00720/single_repr_model_1_pred_0.npy,results/af2/single-repr-full/outputs/P00720__T59A/single_repr_model_1_pred_0.npy,"(164, 384)","(164, 384)",1152
P00720__T59D,P00720,T59D,59,1.150000,results/af2/single-repr-full/outputs/P00720/single_repr_model_1_pred_0.npy,results/af2/single-repr-full/outputs/P00720__T59D/single_repr_model_1_pred_0.npy,"(164, 384)","(164, 384)",1152
P00720__T59G,P00720,T59G,59,1.650000,results/af2/single-repr-full/outputs/P00720/single_repr_model_1_pred_0.npy,results/af2/single-repr-full/outputs/P00720__T59G/single_repr_model_1_pred_0.npy,"(164, 384)","(164, 384)",1152
P00720__T59N,P00720,T59N,59,1.000000,results/af2/single-repr-full/outputs/P00720/single_repr_model_1_pred_0.npy,results/af2/single-repr-full/outputs/P00720__T59N/single_repr_model_1_pred_0.npy,"(164, 384)","(164, 384)",1152
P00720__T59S,P00720,T59S,59,0.250000,results/af2/single-repr-full/outputs/P00720/single_repr_model_1_pred_0.npy,results/af2/single-repr-full/outputs/P00720__T59S/single_repr_model_1_pred_0.npy,"(164, 384)","(164, 384)",1152
P00720__T59V,P00720,T59V,59,1.650000,results/af2/single-repr-full/outputs/P00720/single_repr_model_1_pred_0.npy,results/af2/single-repr-full/outputs/P00720__T59V/single_repr_model_1_pred_0.npy,"(164, 384)","(164, 384)",1152
P00720__K60H,P00720,K60H,60,0.300000,results/af2/single-repr-full/outputs/P00720/single_repr_model_1_pred_0.npy,results/af2/single-repr-full/outputs/P00720__K60H/single_repr_model_1_pred_0.npy,"(164, 384)","(164, 384)",1152
P00720__K60P,P00720,K60P,60,0.000000,results/af2/single-repr-full/outputs/P00720/single_repr_model_1_pred_0.npy,results/af2/single-repr-full/outputs/P00720__K60P/single_repr_model_1_pred_0.npy,"(164, 384)","(164, 384)",1152
P00720__L66A,P00720,L66A,66,3.900000,results/af2/single-repr-full/outputs/P00720/single_repr_model_1_pred_0.npy,results/af2/single-repr-full/outputs/P00720__L66A/single_repr_model_1_pred_0.npy,"(164, 384)","(164, 384)",1152
P00720__L66M,P00720,L66M,66,1.000000,results/af2/single-repr-full/outputs/P00720/single_repr_model_1_pred_0.npy,results/af2/single-repr-full/outputs/P00720__L66M/single_repr_model_1_pred_0.npy,"(164, 384)","(164, 384)",1152
P00720__L66P,P00720,L66P,66,9.665000,results/af2/single-repr-full/outputs/P00720/single_repr_model_1_pred_0.npy,results/af2/single-repr-full/outputs/P00720__L66P/single_repr_model_1_pred_0.npy,"(164, 384)","(164, 384)",1152
P00720__F67A,P00720,F67A,67,1.900000,results/af2/single-repr-full/outputs/P00720/single_repr_model_1_pred_0.npy,results/af2/single-repr-full/outputs/P00720__F67A/single_repr_model_1_pred_0.npy,"(164, 384)","(164, 384)",1152
P00720__N68A,P00720,N68A,68,0.050000,results/af2/single-repr-full/outputs/P00720/single_repr_model_1_pred_0.npy,results/af2/single-repr-full/outputs/P00720__N68A/single_repr_model_1_pred_0.npy,"(164, 384)","(164, 384)",1152
P00720__Q69P,P00720,Q69P,69,3.000000,results/af2/single-repr-full/outputs/P00720/single_repr_model_1_pred_0.npy,results/af2/single-repr-full/outputs/P00720__Q69P/single_repr_model_1_pred_0.npy,"(164, 384)","(164, 384)",1152
P00720__V71A,P00720,V71A,71,1.500000,results/af2/single-repr-full/outputs/P00720/single_repr_model_1_pred_0.npy,results/af2/single-repr-full/outputs/P00720__V71A/single_repr_model_1_pred_0.npy,"(164, 384)","(164, 384)",1152
P00720__D72P,P00720,D72P,72,2.700000,results/af2/single-repr-full/outputs/P00720/single_repr_model_1_pred_0.npy,results/af2/single-repr-full/outputs/P00720__D72P/single_repr_model_1_pred_0.npy,"(164, 384)","(164, 384)",1152
P00720__A73S,P00720,A73S,73,0.350000,results/af2/single-repr-full/outputs/P00720/single_repr_model_1_pred_0.npy,results/af2/single-repr-full/outputs/P00720__A73S/single_repr_model_1_pred_0.npy,"(164, 384)","(164, 384)",1152
P00720__A74P,P00720,A74P,74,4.700000,results/af2/single-repr-full/outputs/P00720/single_repr_model_1_pred_0.npy,results/af2/single-repr-full/outputs/P00720__A74P/single_repr_model_1_pred_0.npy,"(164, 384)","(164, 384)",1152
P00720__V75T,P00720,V75T,75,0.900000,results/af2/single-repr-full/outputs/P00720/single_repr_model_1_pred_0.npy,results/af2/single-repr-full/outputs/P00720__V75T/single_repr_model_1_pred_0.npy,"(164, 384)","(164, 384)",1152
P00720__G77A,P00720,G77A,77,0.400000,results/af2/single-repr-full/outputs/P00720/single_repr_model_1_pred_0.npy,results/af2/single-repr-full/outputs/P00720__G77A/single_repr_model_1_pred_0.npy,"(164, 384)","(164, 384)",1152
P00720__I78A,P00720,I78A,78,1.200000,results/af2/single-repr-full/outputs/P00720/single_repr_model_1_pred_0.npy,results/af2/single-repr-full/outputs/P00720__I78A/single_repr_model_1_pred_0.npy,"(164, 384)","(164, 384)",1152
P00720__I78M,P00720,I78M,78,1.550000,results/af2/single-repr-full/outputs/P00720/single_repr_model_1_pred_0.npy,results/af2/single-repr-full/outputs/P00720__I78M/single_repr_model_1_pred_0.npy,"(164, 384)","(164, 384)",1152
P00720__I78V,P00720,I78V,78,0.750000,results/af2/single-repr-full/outputs/P00720/single_repr_model_1_pred_0.npy,results/af2/single-repr-full/outputs/P00720__I78V/single_repr_model_1_pred_0.npy,"(164, 384)","(164, 384)",1152
P00720__R80K,P00720,R80K,80,0.185000,results/af2/single-repr-full/outputs/P00720/single_repr_model_1_pred_0.npy,results/af2/single-repr-full/outputs/P00720__R80K/single_repr_model_1_pred_0.npy,"(164, 384)","(164, 384)",1152
P00720__A82P,P00720,A82P,82,-0.450000,results/af2/single-repr-full/outputs/P00720/single_repr_model_1_pred_0.npy,results/af2/single-repr-full/outputs/P00720__A82P/single_repr_model_1_pred_0.npy,"(164, 384)","(164, 384)",1152
P00720__A82S,P00720,A82S,82,0.250000,results/af2/single-repr-full/outputs/P00720/single_repr_model_1_pred_0.npy,results/af2/single-repr-full/outputs/P00720__A82S/single_repr_model_1_pred_0.npy,"(164, 384)","(164, 384)",1152
P00720__K83H,P00720,K83H,83,0.400000,results/af2/single-repr-full/outputs/P00720/single_repr_model_1_pred_0.npy,results/af2/single-repr-full/outputs/P00720__K83H/single_repr_model_1_pred_0.npy,"(164, 384)","(164, 384)",1152
P00720__L84A,P00720,L84A,84,3.700000,results/af2/single-repr-full/outputs/P00720/single_repr_model_1_pred_0.npy,results/af2/single-repr-full/outputs/P00720__L84A/single_repr_model_1_pred_0.npy,"(164, 384)","(164, 384)",1152
P00720__L84M,P00720,L84M,84,2.150000,results/af2/single-repr-full/outputs/P00720/single_repr_model_1_pred_0.npy,results/af2/single-repr-full/outputs/P00720__L84M/single_repr_model_1_pred_0.npy,"(164, 384)","(164, 384)",1152
P00720__K85A,P00720,K85A,85,0.250000,results/af2/single-repr-full/outputs/P00720/single_repr_model_1_pred_0.npy,results/af2/single-repr-full/outputs/P00720__K85A/single_repr_model_1_pred_0.npy,"(164, 384)","(164, 384)",1152
P00720__P86A,P00720,P86A,86,0.400000,results/af2/single-repr-full/outputs/P00720/single_repr_model_1_pred_0.npy,results/af2/single-repr-full/outputs/P00720__P86A/single_repr_model_1_pred_0.npy,"(164, 384)","(164, 384)",1152
P00720__P86G,P00720,P86G,86,1.755000,results/af2/single-repr-full/outputs/P00720/single_repr_model_1_pred_0.npy,results/af2/single-repr-full/outputs/P00720__P86G/single_repr_model_1_pred_0.npy,"(164, 384)","(164, 384)",1152
P00720__V87A,P00720,V87A,87,1.700000,results/af2/single-repr-full/outputs/P00720/single_repr_model_1_pred_0.npy,results/af2/single-repr-full/outputs/P00720__V87A/single_repr_model_1_pred_0.npy,"(164, 384)","(164, 384)",1152
P00720__V87I,P00720,V87I,87,0.450000,results/af2/single-repr-full/outputs/P00720/single_repr_model_1_pred_0.npy,results/af2/single-repr-full/outputs/P00720__V87I/single_repr_model_1_pred_0.npy,"(164, 384)","(164, 384)",1152
P00720__V87M,P00720,V87M,87,2.250000,results/af2/single-repr-full/outputs/P00720/single_repr_model_1_pred_0.npy,results/af2/single-repr-full/outputs/P00720__V87M/single_repr_model_1_pred_0.npy,"(164, 384)","(164, 384)",1152
P00720__V87T,P00720,V87T,87,1.400000,results/af2/single-repr-full/outputs/P00720/single_repr_model_1_pred_0.npy,results/af2/single-repr-full/outputs/P00720__V87T/single_repr_model_1_pred_0.npy,"(164, 384)","(164, 384)",1152
P00720__D89A,P00720,D89A,89,0.600000,results/af2/single-repr-full/outputs/P00720/single_repr_model_1_pred_0.npy,results/af2/single-repr-full/outputs/P00720__D89A/single_repr_model_1_pred_0.npy,"(164, 384)","(164, 384)",1152
P00720__S90H,P00720,S90H,90,1.100000,results/af2/single-repr-full/outputs/P00720/single_repr_model_1_pred_0.npy,results/af2/single-repr-full/outputs/P00720__S90H/single_repr_model_1_pred_0.npy,"(164, 384)","(164, 384)",1152
P00720__L91A,P00720,L91A,91,2.600000,results/af2/single-repr-full/outputs/P00720/single_repr_model_1_pred_0.npy,results/af2/single-repr-full/outputs/P00720__L91A/single_repr_model_1_pred_0.npy,"(164, 384)","(164, 384)",1152
P00720__L91M,P00720,L91M,91,0.750000,results/af2/single-repr-full/outputs/P00720/single_repr_model_1_pred_0.npy,results/af2/single-repr-full/outputs/P00720__L91M/single_repr_model_1_pred_0.npy,"(164, 384)","(164, 384)",1152
P00720__L91P,P00720,L91P,91,9.700000,results/af2/single-repr-full/outputs/P00720/single_repr_model_1_pred_0.npy,results/af2/single-repr-full/outputs/P00720__L91P/single_repr_model_1_pred_0.npy,"(164, 384)","(164, 384)",1152
P00720__D92N,P00720,D92N,92,1.250000,results/af2/single-repr-full/outputs/P00720/single_repr_model_1_pred_0.npy,results/af2/single-repr-full/outputs/P00720__D92N/single_repr_model_1_pred_0.npy,"(164, 384)","(164, 384)",1152
P00720__A93P,P00720,A93P,93,-0.300000,results/af2/single-repr-full/outputs/P00720/single_repr_model_1_pred_0.npy,results/af2/single-repr-full/outputs/P00720__A93P/single_repr_model_1_pred_0.npy,"(164, 384)","(164, 384)",1152
P00720__A93S,P00720,A93S,93,0.150000,results/af2/single-repr-full/outputs/P00720/single_repr_model_1_pred_0.npy,results/af2/single-repr-full/outputs/P00720__A93S/single_repr_model_1_pred_0.npy,"(164, 384)","(164, 384)",1152
P00720__A93T,P00720,A93T,93,-0.080000,results/af2/single-repr-full/outputs/P00720/single_repr_model_1_pred_0.npy,results/af2/single-repr-full/outputs/P00720__A93T/single_repr_model_1_pred_0.npy,"(164, 384)","(164, 384)",1152
P00720__V94A,P00720,V94A,94,1.800000,results/af2/single-repr-full/outputs/P00720/single_repr_model_1_pred_0.npy,results/af2/single-repr-full/outputs/P00720__V94A/single_repr_model_1_pred_0.npy,"(164, 384)","(164, 384)",1152
P00720__R96A,P00720,R96A,96,2.000000,results/af2/single-repr-full/outputs/P00720/single_repr_model_1_pred_0.npy,results/af2/single-repr-full/outputs/P00720__R96A/single_repr_model_1_pred_0.npy,"(164, 384)","(164, 384)",1152
P00720__R96C,P00720,R96C,96,2.900000,results/af2/single-repr-full/outputs/P00720/single_repr_model_1_pred_0.npy,results/af2/single-repr-full/outputs/P00720__R96C/single_repr_model_1_pred_0.npy,"(164, 384)","(164, 384)",1152
P00720__R96D,P00720,R96D,96,2.900000,results/af2/single-repr-full/outputs/P00720/single_repr_model_1_pred_0.npy,results/af2/single-repr-full/outputs/P00720__R96D/single_repr_model_1_pred_0.npy,"(164, 384)","(164, 384)",1152
P00720__R96E,P00720,R96E,96,2.200000,results/af2/single-repr-full/outputs/P00720/single_repr_model_1_pred_0.npy,results/af2/single-repr-full/outputs/P00720__R96E/single_repr_model_1_pred_0.npy,"(164, 384)","(164, 384)",1152
P00720__R96F,P00720,R96F,96,4.200000,results/af2/single-repr-full/outputs/P00720/single_repr_model_1_pred_0.npy,results/af2/single-repr-full/outputs/P00720__R96F/single_repr_model_1_pred_0.npy,"(164, 384)","(164, 384)",1152
P00720__R96G,P00720,R96G,96,2.900000,results/af2/single-repr-full/outputs/P00720/single_repr_model_1_pred_0.npy,results/af2/single-repr-full/outputs/P00720__R96G/single_repr_model_1_pred_0.npy,"(164, 384)","(164, 384)",1152
P00720__R96H,P00720,R96H,96,3.050000,results/af2/single-repr-full/outputs/P00720/single_repr_model_1_pred_0.npy,results/af2/single-repr-full/outputs/P00720__R96H/single_repr_model_1_pred_0.npy,"(164, 384)","(164, 384)",1152
P00720__R96I,P00720,R96I,96,2.850000,results/af2/single-repr-full/outputs/P00720/single_repr_model_1_pred_0.npy,results/af2/single-repr-full/outputs/P00720__R96I/single_repr_model_1_pred_0.npy,"(164, 384)","(164, 384)",1152
P00720__R96K,P00720,R96K,96,0.250000,results/af2/single-repr-full/outputs/P00720/single_repr_model_1_pred_0.npy,results/af2/single-repr-full/outputs/P00720__R96K/single_repr_model_1_pred_0.npy,"(164, 384)","(164, 384)",1152
P00720__R96L,P00720,R96L,96,3.200000,results/af2/single-repr-full/outputs/P00720/single_repr_model_1_pred_0.npy,results/af2/single-repr-full/outputs/P00720__R96L/single_repr_model_1_pred_0.npy,"(164, 384)","(164, 384)",1152
P00720__R96M,P00720,R96M,96,2.600000,results/af2/single-repr-full/outputs/P00720/single_repr_model_1_pred_0.npy,results/af2/single-repr-full/outputs/P00720__R96M/single_repr_model_1_pred_0.npy,"(164, 384)","(164, 384)",1152
P00720__R96N,P00720,R96N,96,3.150000,results/af2/single-repr-full/outputs/P00720/single_repr_model_1_pred_0.npy,results/af2/single-repr-full/outputs/P00720__R96N/single_repr_model_1_pred_0.npy,"(164, 384)","(164, 384)",1152
P00720__R96P,P00720,R96P,96,5.750000,results/af2/single-repr-full/outputs/P00720/single_repr_model_1_pred_0.npy,results/af2/single-repr-full/outputs/P00720__R96P/single_repr_model_1_pred_0.npy,"(164, 384)","(164, 384)",1152
P00720__R96Q,P00720,R96Q,96,0.500000,results/af2/single-repr-full/outputs/P00720/single_repr_model_1_pred_0.npy,results/af2/single-repr-full/outputs/P00720__R96Q/single_repr_model_1_pred_0.npy,"(164, 384)","(164, 384)",1152
P00720__R96S,P00720,R96S,96,2.700000,results/af2/single-repr-full/outputs/P00720/single_repr_model_1_pred_0.npy,results/af2/single-repr-full/outputs/P00720__R96S/single_repr_model_1_pred_0.npy,"(164, 384)","(164, 384)",1152
P00720__R96T,P00720,R96T,96,2.950000,results/af2/single-repr-full/outputs/P00720/single_repr_model_1_pred_0.npy,results/af2/single-repr-full/outputs/P00720__R96T/single_repr_model_1_pred_0.npy,"(164, 384)","(164, 384)",1152
P00720__R96V,P00720,R96V,96,2.450000,results/af2/single-repr-full/outputs/P00720/single_repr_model_1_pred_0.npy,results/af2/single-repr-full/outputs/P00720__R96V/single_repr_model_1_pred_0.npy,"(164, 384)","(164, 384)",1152
P00720__R96W,P00720,R96W,96,4.350000,results/af2/single-repr-full/outputs/P00720/single_repr_model_1_pred_0.npy,results/af2/single-repr-full/outputs/P00720__R96W/single_repr_model_1_pred_0.npy,"(164, 384)","(164, 384)",1152
P00720__R96Y,P00720,R96Y,96,4.600000,results/af2/single-repr-full/outputs/P00720/single_repr_model_1_pred_0.npy,results/af2/single-repr-full/outputs/P00720__R96Y/single_repr_model_1_pred_0.npy,"(164, 384)","(164, 384)",1152
P00720__A98C,P00720,A98C,98,1.100000,results/af2/single-repr-full/outputs/P00720/single_repr_model_1_pred_0.npy,results/af2/single-repr-full/outputs/P00720__A98C/single_repr_model_1_pred_0.npy,"(164, 384)","(164, 384)",1152
P00720__A98M,P00720,A98M,98,4.000000,results/af2/single-repr-full/outputs/P00720/single_repr_model_1_pred_0.npy,results/af2/single-repr-full/outputs/P00720__A98M/single_repr_model_1_pred_0.npy,"(164, 384)","(164, 384)",1152
P00720__A98S,P00720,A98S,98,2.300000,results/af2/single-repr-full/outputs/P00720/single_repr_model_1_pred_0.npy,results/af2/single-repr-full/outputs/P00720__A98S/single_repr_model_1_pred_0.npy,"(164, 384)","(164, 384)",1152
P00720__A98T,P00720,A98T,98,3.565000,results/af2/single-repr-full/outputs/P00720/single_repr_model_1_pred_0.npy,results/af2/single-repr-full/outputs/P00720__A98T/single_repr_model_1_pred_0.npy,"(164, 384)","(164, 384)",1152
P00720__A98V,P00720,A98V,98,4.650000,results/af2/single-repr-full/outputs/P00720/single_repr_model_1_pred_0.npy,results/af2/single-repr-full/outputs/P00720__A98V/single_repr_model_1_pred_0.npy,"(164, 384)","(164, 384)",1152
P00720__L99A,P00720,L99A,99,4.300000,results/af2/single-repr-full/outputs/P00720/single_repr_model_1_pred_0.npy,results/af2/single-repr-full/outputs/P00720__L99A/single_repr_model_1_pred_0.npy,"(164, 384)","(164, 384)",1152
P00720__L99F,P00720,L99F,99,0.300000,results/af2/single-repr-full/outputs/P00720/single_repr_model_1_pred_0.npy,results/af2/single-repr-full/outputs/P00720__L99F/single_repr_model_1_pred_0.npy,"(164, 384)","(164, 384)",1152
P00720__L99G,P00720,L99G,99,6.500000,results/af2/single-repr-full/outputs/P00720/single_repr_model_1_pred_0.npy,results/af2/single-repr-full/outputs/P00720__L99G/single_repr_model_1_pred_0.npy,"(164, 384)","(164, 384)",1152
P00720__L99I,P00720,L99I,99,1.500000,results/af2/single-repr-full/outputs/P00720/single_repr_model_1_pred_0.npy,results/af2/single-repr-full/outputs/P00720__L99I/single_repr_model_1_pred_0.npy,"(164, 384)","(164, 384)",1152
P00720__L99M,P00720,L99M,99,0.500000,results/af2/single-repr-full/outputs/P00720/single_repr_model_1_pred_0.npy,results/af2/single-repr-full/outputs/P00720__L99M/single_repr_model_1_pred_0.npy,"(164, 384)","(164, 384)",1152
P00720__L99V,P00720,L99V,99,2.050000,results/af2/single-repr-full/outputs/P00720/single_repr_model_1_pred_0.npy,results/af2/single-repr-full/outputs/P00720__L99V/single_repr_model_1_pred_0.npy,"(164, 384)","(164, 384)",1152
P00720__I100A,P00720,I100A,100,2.500000,results/af2/single-repr-full/outputs/P00720/single_repr_model_1_pred_0.npy,results/af2/single-repr-full/outputs/P00720__I100A/single_repr_model_1_pred_0.npy,"(164, 384)","(164, 384)",1152
P00720__I100M,P00720,I100M,100,1.600000,results/af2/single-repr-full/outputs/P00720/single_repr_model_1_pred_0.npy,results/af2/single-repr-full/outputs/P00720__I100M/single_repr_model_1_pred_0.npy,"(164, 384)","(164, 384)",1152
P00720__I100V,P00720,I100V,100,0.400000,results/af2/single-repr-full/outputs/P00720/single_repr_model_1_pred_0.npy,results/af2/single-repr-full/outputs/P00720__I100V/single_repr_model_1_pred_0.npy,"(164, 384)","(164, 384)",1152
P00720__N101A,P00720,N101A,101,1.500000,results/af2/single-repr-full/outputs/P00720/single_repr_model_1_pred_0.npy,results/af2/single-repr-full/outputs/P00720__N101A/single_repr_model_1_pred_0.npy,"(164, 384)","(164, 384)",1152
P00720__M102A,P00720,M102A,102,2.850000,results/af2/single-repr-full/outputs/P00720/single_repr_model_1_pred_0.npy,results/af2/single-repr-full/outputs/P00720__M102A/single_repr_model_1_pred_0.npy,"(164, 384)","(164, 384)",1152
P00720__M102K,P00720,M102K,102,6.450000,results/af2/single-repr-full/outputs/P00720/single_repr_model_1_pred_0.npy,results/af2/single-repr-full/outputs/P00720__M102K/single_repr_model_1_pred_0.npy,"(164, 384)","(164, 384)",1152
P00720__M102L,P00720,M102L,102,0.900000,results/af2/single-repr-full/outputs/P00720/single_repr_model_1_pred_0.npy,results/af2/single-repr-full/outputs/P00720__M102L/single_repr_model_1_pred_0.npy,"(164, 384)","(164, 384)",1152
P00720__M102V,P00720,M102V,102,3.000000,results/af2/single-repr-full/outputs/P00720/single_repr_model_1_pred_0.npy,results/af2/single-repr-full/outputs/P00720__M102V/single_repr_model_1_pred_0.npy,"(164, 384)","(164, 384)",1152
P00720__V103A,P00720,V103A,103,1.755000,results/af2/single-repr-full/outputs/P00720/single_repr_model_1_pred_0.npy,results/af2/single-repr-full/outputs/P00720__V103A/single_repr_model_1_pred_0.npy,"(164, 384)","(164, 384)",1152
P00720__V103I,P00720,V103I,103,0.400000,results/af2/single-repr-full/outputs/P00720/single_repr_model_1_pred_0.npy,results/af2/single-repr-full/outputs/P00720__V103I/single_repr_model_1_pred_0.npy,"(164, 384)","(164, 384)",1152
P00720__V103M,P00720,V103M,103,1.400000,results/af2/single-repr-full/outputs/P00720/single_repr_model_1_pred_0.npy,results/af2/single-repr-full/outputs/P00720__V103M/single_repr_model_1_pred_0.npy,"(164, 384)","(164, 384)",1152
P00720__F104A,P00720,F104A,104,2.700000,results/af2/single-repr-full/outputs/P00720/single_repr_model_1_pred_0.npy,results/af2/single-repr-full/outputs/P00720__F104A/single_repr_model_1_pred_0.npy,"(164, 384)","(164, 384)",1152
P00720__F104M,P00720,F104M,104,0.750000,results/af2/single-repr-full/outputs/P00720/single_repr_model_1_pred_0.npy,results/af2/single-repr-full/outputs/P00720__F104M/single_repr_model_1_pred_0.npy,"(164, 384)","(164, 384)",1152
P00720__Q105A,P00720,Q105A,105,0.700000,results/af2/single-repr-full/outputs/P00720/single_repr_model_1_pred_0.npy,results/af2/single-repr-full/outputs/P00720__Q105A/single_repr_model_1_pred_0.npy,"(164, 384)","(164, 384)",1152
P00720__Q105E,P00720,Q105E,105,0.900000,results/af2/single-repr-full/outputs/P00720/single_repr_model_1_pred_0.npy,results/af2/single-repr-full/outputs/P00720__Q105E/single_repr_model_1_pred_0.npy,"(164, 384)","(164, 384)",1152
P00720__Q105G,P00720,Q105G,105,2.250000,results/af2/single-repr-full/outputs/P00720/single_repr_model_1_pred_0.npy,results/af2/single-repr-full/outputs/P00720__Q105G/single_repr_model_1_pred_0.npy,"(164, 384)","(164, 384)",1152
P00720__Q105M,P00720,Q105M,105,1.200000,results/af2/single-repr-full/outputs/P00720/single_repr_model_1_pred_0.npy,results/af2/single-repr-full/outputs/P00720__Q105M/single_repr_model_1_pred_0.npy,"(164, 384)","(164, 384)",1152
P00720__M106A,P00720,M106A,106,2.000000,results/af2/single-repr-full/outputs/P00720/single_repr_model_1_pred_0.npy,results/af2/single-repr-full/outputs/P00720__M106A/single_repr_model_1_pred_0.npy,"(164, 384)","(164, 384)",1152
P00720__M106I,P00720,M106I,106,-0.100000,results/af2/single-repr-full/outputs/P00720/single_repr_model_1_pred_0.npy,results/af2/single-repr-full/outputs/P00720__M106I/single_repr_model_1_pred_0.npy,"(164, 384)","(164, 384)",1152
P00720__M106K,P00720,M106K,106,3.450000,results/af2/single-repr-full/outputs/P00720/single_repr_model_1_pred_0.npy,results/af2/single-repr-full/outputs/P00720__M106K/single_repr_model_1_pred_0.npy,"(164, 384)","(164, 384)",1152
P00720__M106L,P00720,M106L,106,-0.250000,results/af2/single-repr-full/outputs/P00720/single_repr_model_1_pred_0.npy,results/af2/single-repr-full/outputs/P00720__M106L/single_repr_model_1_pred_0.npy,"(164, 384)","(164, 384)",1152
P00720__E108V,P00720,E108V,108,-1.050000,results/af2/single-repr-full/outputs/P00720/single_repr_model_1_pred_0.npy,results/af2/single-repr-full/outputs/P00720__E108V/single_repr_model_1_pred_0.npy,"(164, 384)","(164, 384)",1152
P00720__T109D,P00720,T109D,109,0.300000,results/af2/single-repr-full/outputs/P00720/single_repr_model_1_pred_0.npy,results/af2/single-repr-full/outputs/P00720__T109D/single_repr_model_1_pred_0.npy,"(164, 384)","(164, 384)",1152
P00720__T109N,P00720,T109N,109,-0.100000,results/af2/single-repr-full/outputs/P00720/single_repr_model_1_pred_0.npy,results/af2/single-repr-full/outputs/P00720__T109N/single_repr_model_1_pred_0.npy,"(164, 384)","(164, 384)",1152
P00720__V111A,P00720,V111A,111,1.100000,results/af2/single-repr-full/outputs/P00720/single_repr_model_1_pred_0.npy,results/af2/single-repr-full/outputs/P00720__V111A/single_repr_model_1_pred_0.npy,"(164, 384)","(164, 384)",1152
P00720__V111F,P00720,V111F,111,1.645000,results/af2/single-repr-full/outputs/P00720/single_repr_model_1_pred_0.npy,results/af2/single-repr-full/outputs/P00720__V111F/single_repr_model_1_pred_0.npy,"(164, 384)","(164, 384)",1152
P00720__V111I,P00720,V111I,111,0.800000,results/af2/single-repr-full/outputs/P00720/single_repr_model_1_pred_0.npy,results/af2/single-repr-full/outputs/P00720__V111I/single_repr_model_1_pred_0.npy,"(164, 384)","(164, 384)",1152
P00720__V111M,P00720,V111M,111,0.550000,results/af2/single-repr-full/outputs/P00720/single_repr_model_1_pred_0.npy,results/af2/single-repr-full/outputs/P00720__V111M/single_repr_model_1_pred_0.npy,"(164, 384)","(164, 384)",1152
P00720__G113A,P00720,G113A,113,-0.450000,results/af2/single-repr-full/outputs/P00720/single_repr_model_1_pred_0.npy,results/af2/single-repr-full/outputs/P00720__G113A/single_repr_model_1_pred_0.npy,"(164, 384)","(164, 384)",1152
P00720__G113E,P00720,G113E,113,-0.300000,results/af2/single-repr-full/outputs/P00720/single_repr_model_1_pred_0.npy,results/af2/single-repr-full/outputs/P00720__G113E/single_repr_model_1_pred_0.npy,"(164, 384)","(164, 384)",1152
P00720__T115A,P00720,T115A,115,0.120000,results/af2/single-repr-full/outputs/P00720/single_repr_model_1_pred_0.npy,results/af2/single-repr-full/outputs/P00720__T115A/single_repr_model_1_pred_0.npy,"(164, 384)","(164, 384)",1152
P00720__T115E,P00720,T115E,115,0.100000,results/af2/single-repr-full/outputs/P00720/single_repr_model_1_pred_0.npy,results/af2/single-repr-full/outputs/P00720__T115E/single_repr_model_1_pred_0.npy,"(164, 384)","(164, 384)",1152
P00720__N116A,P00720,N116A,116,-0.185000,results/af2/single-repr-full/outputs/P00720/single_repr_model_1_pred_0.npy,results/af2/single-repr-full/outputs/P00720__N116A/single_repr_model_1_pred_0.npy,"(164, 384)","(164, 384)",1152
P00720__N116D,P00720,N116D,116,-0.340000,results/af2/single-repr-full/outputs/P00720/single_repr_model_1_pred_0.npy,results/af2/single-repr-full/outputs/P00720__N116D/single_repr_model_1_pred_0.npy,"(164, 384)","(164, 384)",1152
P00720__S117A,P00720,S117A,117,-1.270000,results/af2/single-repr-full/outputs/P00720/single_repr_model_1_pred_0.npy,results/af2/single-repr-full/outputs/P00720__S117A/single_repr_model_1_pred_0.npy,"(164, 384)","(164, 384)",1152
P00720__S117F,P00720,S117F,117,-1.100000,results/af2/single-repr-full/outputs/P00720/single_repr_model_1_pred_0.npy,results/af2/single-repr-full/outputs/P00720__S117F/single_repr_model_1_pred_0.npy,"(164, 384)","(164, 384)",1152
P00720__S117I,P00720,S117I,117,-1.550000,results/af2/single-repr-full/outputs/P00720/single_repr_model_1_pred_0.npy,results/af2/single-repr-full/outputs/P00720__S117I/single_repr_model_1_pred_0.npy,"(164, 384)","(164, 384)",1152
P00720__S117V,P00720,S117V,117,-2.000000,results/af2/single-repr-full/outputs/P00720/single_repr_model_1_pred_0.npy,results/af2/single-repr-full/outputs/P00720__S117V/single_repr_model_1_pred_0.npy,"(164, 384)","(164, 384)",1152
P00720__L118A,P00720,L118A,118,3.350000,results/af2/single-repr-full/outputs/P00720/single_repr_model_1_pred_0.npy,results/af2/single-repr-full/outputs/P00720__L118A/single_repr_model_1_pred_0.npy,"(164, 384)","(164, 384)",1152
P00720__L118I,P00720,L118I,118,1.200000,results/af2/single-repr-full/outputs/P00720/single_repr_model_1_pred_0.npy,results/af2/single-repr-full/outputs/P00720__L118I/single_repr_model_1_pred_0.npy,"(164, 384)","(164, 384)",1152
P00720__L118M,P00720,L118M,118,0.400000,results/af2/single-repr-full/outputs/P00720/single_repr_model_1_pred_0.npy,results/af2/single-repr-full/outputs/P00720__L118M/single_repr_model_1_pred_0.npy,"(164, 384)","(164, 384)",1152
P00720__R119A,P00720,R119A,119,0.190000,results/af2/single-repr-full/outputs/P00720/single_repr_model_1_pred_0.npy,results/af2/single-repr-full/outputs/P00720__R119A/single_repr_model_1_pred_0.npy,"(164, 384)","(164, 384)",1152
P00720__R119E,P00720,R119E,119,0.100000,results/af2/single-repr-full/outputs/P00720/single_repr_model_1_pred_0.npy,results/af2/single-repr-full/outputs/P00720__R119E/single_repr_model_1_pred_0.npy,"(164, 384)","(164, 384)",1152
P00720__R119H,P00720,R119H,119,0.295000,results/af2/single-repr-full/outputs/P00720/single_repr_model_1_pred_0.npy,results/af2/single-repr-full/outputs/P00720__R119H/single_repr_model_1_pred_0.npy,"(164, 384)","(164, 384)",1152
P00720__R119M,P00720,R119M,119,0.000000,results/af2/single-repr-full/outputs/P00720/single_repr_model_1_pred_0.npy,results/af2/single-repr-full/outputs/P00720__R119M/single_repr_model_1_pred_0.npy,"(164, 384)","(164, 384)",1152
P00720__M120A,P00720,M120A,120,0.200000,results/af2/single-repr-full/outputs/P00720/single_repr_model_1_pred_0.npy,results/af2/single-repr-full/outputs/P00720__M120A/single_repr_model_1_pred_0.npy,"(164, 384)","(164, 384)",1152
P00720__M120K,P00720,M120K,120,1.800000,results/af2/single-repr-full/outputs/P00720/single_repr_model_1_pred_0.npy,results/af2/single-repr-full/outputs/P00720__M120K/single_repr_model_1_pred_0.npy,"(164, 384)","(164, 384)",1152
P00720__M120L,P00720,M120L,120,-0.450000,results/af2/single-repr-full/outputs/P00720/single_repr_model_1_pred_0.npy,results/af2/single-repr-full/outputs/P00720__M120L/single_repr_model_1_pred_0.npy,"(164, 384)","(164, 384)",1152
P00720__M120Y,P00720,M120Y,120,0.400000,results/af2/single-repr-full/outputs/P00720/single_repr_model_1_pred_0.npy,results/af2/single-repr-full/outputs/P00720__M120Y/single_repr_model_1_pred_0.npy,"(164, 384)","(164, 384)",1152
P00720__L121A,P00720,L121A,121,2.700000,results/af2/single-repr-full/outputs/P00720/single_repr_model_1_pred_0.npy,results/af2/single-repr-full/outputs/P00720__L121A/single_repr_model_1_pred_0.npy,"(164, 384)","(164, 384)",1152
P00720__L121I,P00720,L121I,121,1.300000,results/af2/single-repr-full/outputs/P00720/single_repr_model_1_pred_0.npy,results/af2/single-repr-full/outputs/P00720__L121I/single_repr_model_1_pred_0.npy,"(164, 384)","(164, 384)",1152
P00720__L121M,P00720,L121M,121,0.500000,results/af2/single-repr-full/outputs/P00720/single_repr_model_1_pred_0.npy,results/af2/single-repr-full/outputs/P00720__L121M/single_repr_model_1_pred_0.npy,"(164, 384)","(164, 384)",1152
P00720__Q122A,P00720,Q122A,122,0.220000,results/af2/single-repr-full/outputs/P00720/single_repr_model_1_pred_0.npy,results/af2/single-repr-full/outputs/P00720__Q122A/single_repr_model_1_pred_0.npy,"(164, 384)","(164, 384)",1152
P00720__Q123A,P00720,Q123A,123,0.210000,results/af2/single-repr-full/outputs/P00720/single_repr_model_1_pred_0.npy,results/af2/single-repr-full/outputs/P00720__Q123A/single_repr_model_1_pred_0.npy,"(164, 384)","(164, 384)",1152
P00720__Q123E,P00720,Q123E,123,-0.300000,results/af2/single-repr-full/outputs/P00720/single_repr_model_1_pred_0.npy,results/af2/single-repr-full/outputs/P00720__Q123E/single_repr_model_1_pred_0.npy,"(164, 384)","(164, 384)",1152
P00720__K124G,P00720,K124G,124,0.050000,results/af2/single-repr-full/outputs/P00720/single_repr_model_1_pred_0.npy,results/af2/single-repr-full/outputs/P00720__K124G/single_repr_model_1_pred_0.npy,"(164, 384)","(164, 384)",1152
P00720__W126R,P00720,W126R,126,5.320000,results/af2/single-repr-full/outputs/P00720/single_repr_model_1_pred_0.npy,results/af2/single-repr-full/outputs/P00720__W126R/single_repr_model_1_pred_0.npy,"(164, 384)","(164, 384)",1152
P00720__D127A,P00720,D127A,127,-0.200000,results/af2/single-repr-full/outputs/P00720/single_repr_model_1_pred_0.npy,results/af2/single-repr-full/outputs/P00720__D127A/single_repr_model_1_pred_0.npy,"(164, 384)","(164, 384)",1152
P00720__E128A,P00720,E128A,128,-0.160000,results/af2/single-repr-full/outputs/P00720/single_repr_model_1_pred_0.npy,results/af2/single-repr-full/outputs/P00720__E128A/single_repr_model_1_pred_0.npy,"(164, 384)","(164, 384)",1152
P00720__E128K,P00720,E128K,128,1.230000,results/af2/single-repr-full/outputs/P00720/single_repr_model_1_pred_0.npy,results/af2/single-repr-full/outputs/P00720__E128K/single_repr_model_1_pred_0.npy,"(164, 384)","(164, 384)",1152
P00720__A129F,P00720,A129F,129,1.900000,results/af2/single-repr-full/outputs/P00720/single_repr_model_1_pred_0.npy,results/af2/single-repr-full/outputs/P00720__A129F/single_repr_model_1_pred_0.npy,"(164, 384)","(164, 384)",1152
P00720__A129L,P00720,A129L,129,1.600000,results/af2/single-repr-full/outputs/P00720/single_repr_model_1_pred_0.npy,results/af2/single-repr-full/outputs/P00720__A129L/single_repr_model_1_pred_0.npy,"(164, 384)","(164, 384)",1152
P00720__A129M,P00720,A129M,129,1.900000,results/af2/single-repr-full/outputs/P00720/single_repr_model_1_pred_0.npy,results/af2/single-repr-full/outputs/P00720__A129M/single_repr_model_1_pred_0.npy,"(164, 384)","(164, 384)",1152
P00720__A129V,P00720,A129V,129,0.750000,results/af2/single-repr-full/outputs/P00720/single_repr_model_1_pred_0.npy,results/af2/single-repr-full/outputs/P00720__A129V/single_repr_model_1_pred_0.npy,"(164, 384)","(164, 384)",1152
P00720__A129W,P00720,A129W,129,3.200000,results/af2/single-repr-full/outputs/P00720/single_repr_model_1_pred_0.npy,results/af2/single-repr-full/outputs/P00720__A129W/single_repr_model_1_pred_0.npy,"(164, 384)","(164, 384)",1152
P00720__A130G,P00720,A130G,130,1.950000,results/af2/single-repr-full/outputs/P00720/single_repr_model_1_pred_0.npy,results/af2/single-repr-full/outputs/P00720__A130G/single_repr_model_1_pred_0.npy,"(164, 384)","(164, 384)",1152
P00720__A130S,P00720,A130S,130,0.900000,results/af2/single-repr-full/outputs/P00720/single_repr_model_1_pred_0.npy,results/af2/single-repr-full/outputs/P00720__A130S/single_repr_model_1_pred_0.npy,"(164, 384)","(164, 384)",1152
P00720__V131A,P00720,V131A,131,-0.270000,results/af2/single-repr-full/outputs/P00720/single_repr_model_1_pred_0.npy,results/af2/single-repr-full/outputs/P00720__V131A/single_repr_model_1_pred_0.npy,"(164, 384)","(164, 384)",1152
P00720__V131D,P00720,V131D,131,-0.080000,results/af2/single-repr-full/outputs/P00720/single_repr_model_1_pred_0.npy,results/af2/single-repr-full/outputs/P00720__V131D/single_repr_model_1_pred_0.npy,"(164, 384)","(164, 384)",1152
P00720__V131E,P00720,V131E,131,-0.200000,results/af2/single-repr-full/outputs/P00720/single_repr_model_1_pred_0.npy,results/af2/single-repr-full/outputs/P00720__V131E/single_repr_model_1_pred_0.npy,"(164, 384)","(164, 384)",1152
P00720__V131G,P00720,V131G,131,0.680000,results/af2/single-repr-full/outputs/P00720/single_repr_model_1_pred_0.npy,results/af2/single-repr-full/outputs/P00720__V131G/single_repr_model_1_pred_0.npy,"(164, 384)","(164, 384)",1152
P00720__V131I,P00720,V131I,131,-0.160000,results/af2/single-repr-full/outputs/P00720/single_repr_model_1_pred_0.npy,results/af2/single-repr-full/outputs/P00720__V131I/single_repr_model_1_pred_0.npy,"(164, 384)","(164, 384)",1152
P00720__V131L,P00720,V131L,131,-0.090000,results/af2/single-repr-full/outputs/P00720/single_repr_model_1_pred_0.npy,results/af2/single-repr-full/outputs/P00720__V131L/single_repr_model_1_pred_0.npy,"(164, 384)","(164, 384)",1152
P00720__V131M,P00720,V131M,131,-0.120000,results/af2/single-repr-full/outputs/P00720/single_repr_model_1_pred_0.npy,results/af2/single-repr-full/outputs/P00720__V131M/single_repr_model_1_pred_0.npy,"(164, 384)","(164, 384)",1152
P00720__V131S,P00720,V131S,131,0.050000,results/af2/single-repr-full/outputs/P00720/single_repr_model_1_pred_0.npy,results/af2/single-repr-full/outputs/P00720__V131S/single_repr_model_1_pred_0.npy,"(164, 384)","(164, 384)",1152
P00720__V131T,P00720,V131T,131,0.110000,results/af2/single-repr-full/outputs/P00720/single_repr_model_1_pred_0.npy,results/af2/single-repr-full/outputs/P00720__V131T/single_repr_model_1_pred_0.npy,"(164, 384)","(164, 384)",1152
P00720__N132F,P00720,N132F,132,-1.300000,results/af2/single-repr-full/outputs/P00720/single_repr_model_1_pred_0.npy,results/af2/single-repr-full/outputs/P00720__N132F/single_repr_model_1_pred_0.npy,"(164, 384)","(164, 384)",1152
P00720__N132I,P00720,N132I,132,-1.200000,results/af2/single-repr-full/outputs/P00720/single_repr_model_1_pred_0.npy,results/af2/single-repr-full/outputs/P00720__N132I/single_repr_model_1_pred_0.npy,"(164, 384)","(164, 384)",1152
P00720__N132M,P00720,N132M,132,-1.500000,results/af2/single-repr-full/outputs/P00720/single_repr_model_1_pred_0.npy,results/af2/single-repr-full/outputs/P00720__N132M/single_repr_model_1_pred_0.npy,"(164, 384)","(164, 384)",1152
P00720__L133A,P00720,L133A,133,4.190000,results/af2/single-repr-full/outputs/P00720/single_repr_model_1_pred_0.npy,results/af2/single-repr-full/outputs/P00720__L133A/single_repr_model_1_pred_0.npy,"(164, 384)","(164, 384)",1152
P00720__L133D,P00720,L133D,133,5.500000,results/af2/single-repr-full/outputs/P00720/single_repr_model_1_pred_0.npy,results/af2/single-repr-full/outputs/P00720__L133D/single_repr_model_1_pred_0.npy,"(164, 384)","(164, 384)",1152
P00720__L133F,P00720,L133F,133,0.300000,results/af2/single-repr-full/outputs/P00720/single_repr_model_1_pred_0.npy,results/af2/single-repr-full/outputs/P00720__L133F/single_repr_model_1_pred_0.npy,"(164, 384)","(164, 384)",1152
P00720__L133M,P00720,L133M,133,0.350000,results/af2/single-repr-full/outputs/P00720/single_repr_model_1_pred_0.npy,results/af2/single-repr-full/outputs/P00720__L133M/single_repr_model_1_pred_0.npy,"(164, 384)","(164, 384)",1152
P00720__A134S,P00720,A134S,134,0.150000,results/af2/single-repr-full/outputs/P00720/single_repr_model_1_pred_0.npy,results/af2/single-repr-full/outputs/P00720__A134S/single_repr_model_1_pred_0.npy,"(164, 384)","(164, 384)",1152
P00720__K135E,P00720,K135E,135,0.800000,results/af2/single-repr-full/outputs/P00720/single_repr_model_1_pred_0.npy,results/af2/single-repr-full/outputs/P00720__K135E/single_repr_model_1_pred_0.npy,"(164, 384)","(164, 384)",1152
P00720__W138Y,P00720,W138Y,138,2.400000,results/af2/single-repr-full/outputs/P00720/single_repr_model_1_pred_0.npy,results/af2/single-repr-full/outputs/P00720__W138Y/single_repr_model_1_pred_0.npy,"(164, 384)","(164, 384)",1152
P00720__P143A,P00720,P143A,143,1.000000,results/af2/single-repr-full/outputs/P00720/single_repr_model_1_pred_0.npy,results/af2/single-repr-full/outputs/P00720__P143A/single_repr_model_1_pred_0.npy,"(164, 384)","(164, 384)",1152
P00720__N144D,P00720,N144D,144,-0.400000,results/af2/single-repr-full/outputs/P00720/single_repr_model_1_pred_0.npy,results/af2/single-repr-full/outputs/P00720__N144D/single_repr_model_1_pred_0.npy,"(164, 384)","(164, 384)",1152
P00720__N144E,P00720,N144E,144,-0.500000,results/af2/single-repr-full/outputs/P00720/single_repr_model_1_pred_0.npy,results/af2/single-repr-full/outputs/P00720__N144E/single_repr_model_1_pred_0.npy,"(164, 384)","(164, 384)",1152
P00720__N144H,P00720,N144H,144,0.100000,results/af2/single-repr-full/outputs/P00720/single_repr_model_1_pred_0.npy,results/af2/single-repr-full/outputs/P00720__N144H/single_repr_model_1_pred_0.npy,"(164, 384)","(164, 384)",1152
P00720__A146I,P00720,A146I,146,4.005000,results/af2/single-repr-full/outputs/P00720/single_repr_model_1_pred_0.npy,results/af2/single-repr-full/outputs/P00720__A146I/single_repr_model_1_pred_0.npy,"(164, 384)","(164, 384)",1152
P00720__A146T,P00720,A146T,146,2.290000,results/af2/single-repr-full/outputs/P00720/single_repr_model_1_pred_0.npy,results/af2/single-repr-full/outputs/P00720__A146T/single_repr_model_1_pred_0.npy,"(164, 384)","(164, 384)",1152
P00720__A146V,P00720,A146V,146,4.005000,results/af2/single-repr-full/outputs/P00720/single_repr_model_1_pred_0.npy,results/af2/single-repr-full/outputs/P00720__A146V/single_repr_model_1_pred_0.npy,"(164, 384)","(164, 384)",1152
P00720__K147E,P00720,K147E,147,-0.100000,results/af2/single-repr-full/outputs/P00720/single_repr_model_1_pred_0.npy,results/af2/single-repr-full/outputs/P00720__K147E/single_repr_model_1_pred_0.npy,"(164, 384)","(164, 384)",1152
P00720__V149A,P00720,V149A,149,3.000000,results/af2/single-repr-full/outputs/P00720/single_repr_model_1_pred_0.npy,results/af2/single-repr-full/outputs/P00720__V149A/single_repr_model_1_pred_0.npy,"(164, 384)","(164, 384)",1152
P00720__V149C,P00720,V149C,149,2.100000,results/af2/single-repr-full/outputs/P00720/single_repr_model_1_pred_0.npy,results/af2/single-repr-full/outputs/P00720__V149C/single_repr_model_1_pred_0.npy,"(164, 384)","(164, 384)",1152
P00720__V149G,P00720,V149G,149,4.900000,results/af2/single-repr-full/outputs/P00720/single_repr_model_1_pred_0.npy,results/af2/single-repr-full/outputs/P00720__V149G/single_repr_model_1_pred_0.npy,"(164, 384)","(164, 384)",1152
P00720__V149I,P00720,V149I,149,0.100000,results/af2/single-repr-full/outputs/P00720/single_repr_model_1_pred_0.npy,results/af2/single-repr-full/outputs/P00720__V149I/single_repr_model_1_pred_0.npy,"(164, 384)","(164, 384)",1152
P00720__V149M,P00720,V149M,149,2.600000,results/af2/single-repr-full/outputs/P00720/single_repr_model_1_pred_0.npy,results/af2/single-repr-full/outputs/P00720__V149M/single_repr_model_1_pred_0.npy,"(164, 384)","(164, 384)",1152
P00720__V149S,P00720,V149S,149,4.400000,results/af2/single-repr-full/outputs/P00720/single_repr_model_1_pred_0.npy,results/af2/single-repr-full/outputs/P00720__V149S/single_repr_model_1_pred_0.npy,"(164, 384)","(164, 384)",1152
P00720__V149T,P00720,V149T,149,2.950000,results/af2/single-repr-full/outputs/P00720/single_repr_model_1_pred_0.npy,results/af2/single-repr-full/outputs/P00720__V149T/single_repr_model_1_pred_0.npy,"(164, 384)","(164, 384)",1152
P00720__I150V,P00720,I150V,150,1.950000,results/af2/single-repr-full/outputs/P00720/single_repr_model_1_pred_0.npy,results/af2/single-repr-full/outputs/P00720__I150V/single_repr_model_1_pred_0.npy,"(164, 384)","(164, 384)",1152
P00720__T151S,P00720,T151S,151,-0.395000,results/af2/single-repr-full/outputs/P00720/single_repr_model_1_pred_0.npy,results/af2/single-repr-full/outputs/P00720__T151S/single_repr_model_1_pred_0.npy,"(164, 384)","(164, 384)",1152
P00720__T152A,P00720,T152A,152,1.500000,results/af2/single-repr-full/outputs/P00720/single_repr_model_1_pred_0.npy,results/af2/single-repr-full/outputs/P00720__T152A/single_repr_model_1_pred_0.npy,"(164, 384)","(164, 384)",1152
P00720__T152C,P00720,T152C,152,0.500000,results/af2/single-repr-full/outputs/P00720/single_repr_model_1_pred_0.npy,results/af2/single-repr-full/outputs/P00720__T152C/single_repr_model_1_pred_0.npy,"(164, 384)","(164, 384)",1152
P00720__T152I,P00720,T152I,152,0.400000,results/af2/single-repr-full/outputs/P00720/single_repr_model_1_pred_0.npy,results/af2/single-repr-full/outputs/P00720__T152I/single_repr_model_1_pred_0.npy,"(164, 384)","(164, 384)",1152
P00720__T152S,P00720,T152S,152,2.200000,results/af2/single-repr-full/outputs/P00720/single_repr_model_1_pred_0.npy,results/af2/single-repr-full/outputs/P00720__T152S/single_repr_model_1_pred_0.npy,"(164, 384)","(164, 384)",1152
P00720__T152V,P00720,T152V,152,-0.200000,results/af2/single-repr-full/outputs/P00720/single_repr_model_1_pred_0.npy,results/af2/single-repr-full/outputs/P00720__T152V/single_repr_model_1_pred_0.npy,"(164, 384)","(164, 384)",1152
P00720__F153A,P00720,F153A,153,3.500000,results/af2/single-repr-full/outputs/P00720/single_repr_model_1_pred_0.npy,results/af2/single-repr-full/outputs/P00720__F153A/single_repr_model_1_pred_0.npy,"(164, 384)","(164, 384)",1152
P00720__F153C,P00720,F153C,153,2.855000,results/af2/single-repr-full/outputs/P00720/single_repr_model_1_pred_0.npy,results/af2/single-repr-full/outputs/P00720__F153C/single_repr_model_1_pred_0.npy,"(164, 384)","(164, 384)",1152
P00720__F153I,P00720,F153I,153,0.250000,results/af2/single-repr-full/outputs/P00720/single_repr_model_1_pred_0.npy,results/af2/single-repr-full/outputs/P00720__F153I/single_repr_model_1_pred_0.npy,"(164, 384)","(164, 384)",1152
P00720__F153L,P00720,F153L,153,-0.300000,results/af2/single-repr-full/outputs/P00720/single_repr_model_1_pred_0.npy,results/af2/single-repr-full/outputs/P00720__F153L/single_repr_model_1_pred_0.npy,"(164, 384)","(164, 384)",1152
P00720__F153M,P00720,F153M,153,0.600000,results/af2/single-repr-full/outputs/P00720/single_repr_model_1_pred_0.npy,results/af2/single-repr-full/outputs/P00720__F153M/single_repr_model_1_pred_0.npy,"(164, 384)","(164, 384)",1152
P00720__F153V,P00720,F153V,153,1.800000,results/af2/single-repr-full/outputs/P00720/single_repr_model_1_pred_0.npy,results/af2/single-repr-full/outputs/P00720__F153V/single_repr_model_1_pred_0.npy,"(164, 384)","(164, 384)",1152
P00720__R154E,P00720,R154E,154,-0.350000,results/af2/single-repr-full/outputs/P00720/single_repr_model_1_pred_0.npy,results/af2/single-repr-full/outputs/P00720__R154E/single_repr_model_1_pred_0.npy,"(164, 384)","(164, 384)",1152
P00720__G156D,P00720,G156D,156,2.900000,results/af2/single-repr-full/outputs/P00720/single_repr_model_1_pred_0.npy,results/af2/single-repr-full/outputs/P00720__G156D/single_repr_model_1_pred_0.npy,"(164, 384)","(164, 384)",1152
P00720__T157A,P00720,T157A,157,1.000000,results/af2/single-repr-full/outputs/P00720/single_repr_model_1_pred_0.npy,results/af2/single-repr-full/outputs/P00720__T157A/single_repr_model_1_pred_0.npy,"(164, 384)","(164, 384)",1152
P00720__T157C,P00720,T157C,157,1.300000,results/af2/single-repr-full/outputs/P00720/single_repr_model_1_pred_0.npy,results/af2/single-repr-full/outputs/P00720__T157C/single_repr_model_1_pred_0.npy,"(164, 384)","(164, 384)",1152
P00720__T157D,P00720,T157D,157,2.050000,results/af2/single-repr-full/outputs/P00720/single_repr_model_1_pred_0.npy,results/af2/single-repr-full/outputs/P00720__T157D/single_repr_model_1_pred_0.npy,"(164, 384)","(164, 384)",1152
P00720__T157E,P00720,T157E,157,1.300000,results/af2/single-repr-full/outputs/P00720/single_repr_model_1_pred_0.npy,results/af2/single-repr-full/outputs/P00720__T157E/single_repr_model_1_pred_0.npy,"(164, 384)","(164, 384)",1152
P00720__T157F,P00720,T157F,157,3.600000,results/af2/single-repr-full/outputs/P00720/single_repr_model_1_pred_0.npy,results/af2/single-repr-full/outputs/P00720__T157F/single_repr_model_1_pred_0.npy,"(164, 384)","(164, 384)",1152
P00720__T157G,P00720,T157G,157,1.100000,results/af2/single-repr-full/outputs/P00720/single_repr_model_1_pred_0.npy,results/af2/single-repr-full/outputs/P00720__T157G/single_repr_model_1_pred_0.npy,"(164, 384)","(164, 384)",1152
P00720__T157H,P00720,T157H,157,2.100000,results/af2/single-repr-full/outputs/P00720/single_repr_model_1_pred_0.npy,results/af2/single-repr-full/outputs/P00720__T157H/single_repr_model_1_pred_0.npy,"(164, 384)","(164, 384)",1152
P00720__T157I,P00720,T157I,157,1.900000,results/af2/single-repr-full/outputs/P00720/single_repr_model_1_pred_0.npy,results/af2/single-repr-full/outputs/P00720__T157I/single_repr_model_1_pred_0.npy,"(164, 384)","(164, 384)",1152
P00720__T157L,P00720,T157L,157,1.700000,results/af2/single-repr-full/outputs/P00720/single_repr_model_1_pred_0.npy,results/af2/single-repr-full/outputs/P00720__T157L/single_repr_model_1_pred_0.npy,"(164, 384)","(164, 384)",1152
P00720__T157N,P00720,T157N,157,1.000000,results/af2/single-repr-full/outputs/P00720/single_repr_model_1_pred_0.npy,results/af2/single-repr-full/outputs/P00720__T157N/single_repr_model_1_pred_0.npy,"(164, 384)","(164, 384)",1152
P00720__T157R,P00720,T157R,157,0.150000,results/af2/single-repr-full/outputs/P00720/single_repr_model_1_pred_0.npy,results/af2/single-repr-full/outputs/P00720__T157R/single_repr_model_1_pred_0.npy,"(164, 384)","(164, 384)",1152
P00720__T157S,P00720,T157S,157,0.660000,results/af2/single-repr-full/outputs/P00720/single_repr_model_1_pred_0.npy,results/af2/single-repr-full/outputs/P00720__T157S/single_repr_model_1_pred_0.npy,"(164, 384)","(164, 384)",1152
P00720__T157V,P00720,T157V,157,1.600000,results/af2/single-repr-full/outputs/P00720/single_repr_model_1_pred_0.npy,results/af2/single-repr-full/outputs/P00720__T157V/single_repr_model_1_pred_0.npy,"(164, 384)","(164, 384)",1152
P00720__A160T,P00720,A160T,160,3.500000,results/af2/single-repr-full/outputs/P00720/single_repr_model_1_pred_0.npy,results/af2/single-repr-full/outputs/P00720__A160T/single_repr_model_1_pred_0.npy,"(164, 384)","(164, 384)",1152
P00720__N163D,P00720,N163D,163,0.210000,results/af2/single-repr-full/outputs/P00720/single_repr_model_1_pred_0.npy,results/af2/single-repr-full/outputs/P00720__N163D/single_repr_model_1_pred_0.npy,"(164, 384)","(164, 384)",1152
P00750__V280A,P00750,V280A,280,2.000000,results/af2/single-repr-full/outputs/P00750/single_repr_model_1_pred_0.npy,results/af2/single-repr-full/outputs/P00750__V280A/single_repr_model_1_pred_0.npy,"(562, 384)","(562, 384)",1152
P00750__V280I,P00750,V280I,280,-0.300000,results/af2/single-repr-full/outputs/P00750/single_repr_model_1_pred_0.npy,results/af2/single-repr-full/outputs/P00750__V280I/single_repr_model_1_pred_0.npy,"(562, 384)","(562, 384)",1152
P00750__V280L,P00750,V280L,280,1.900000,results/af2/single-repr-full/outputs/P00750/single_repr_model_1_pred_0.npy,results/af2/single-repr-full/outputs/P00750__V280L/single_repr_model_1_pred_0.npy,"(562, 384)","(562, 384)",1152
P00750__V280M,P00750,V280M,280,2.200000,results/af2/single-repr-full/outputs/P00750/single_repr_model_1_pred_0.npy,results/af2/single-repr-full/outputs/P00750__V280M/single_repr_model_1_pred_0.npy,"(562, 384)","(562, 384)",1152
P00750__V280S,P00750,V280S,280,2.400000,results/af2/single-repr-full/outputs/P00750/single_repr_model_1_pred_0.npy,results/af2/single-repr-full/outputs/P00750__V280S/single_repr_model_1_pred_0.npy,"(562, 384)","(562, 384)",1152
P00750__V280T,P00750,V280T,280,1.000000,results/af2/single-repr-full/outputs/P00750/single_repr_model_1_pred_0.npy,results/af2/single-repr-full/outputs/P00750__V280T/single_repr_model_1_pred_0.npy,"(562, 384)","(562, 384)",1152
P00782__M157F,P00782,M157F,157,-0.480000,results/af2/single-repr-full/outputs/P00782/single_repr_model_1_pred_0.npy,results/af2/single-repr-full/outputs/P00782__M157F/single_repr_model_1_pred_0.npy,"(382, 384)","(382, 384)",1152
P00782__N183D,P00782,N183D,183,-0.450000,results/af2/single-repr-full/outputs/P00782/single_repr_model_1_pred_0.npy,results/af2/single-repr-full/outputs/P00782__N183D/single_repr_model_1_pred_0.npy,"(382, 384)","(382, 384)",1152
P00782__G276A,P00782,G276A,276,-0.300000,results/af2/single-repr-full/outputs/P00782/single_repr_model_1_pred_0.npy,results/af2/single-repr-full/outputs/P00782__G276A/single_repr_model_1_pred_0.npy,"(382, 384)","(382, 384)",1152
P00782__Q313C,P00782,Q313C,313,-1.250000,results/af2/single-repr-full/outputs/P00782/single_repr_model_1_pred_0.npy,results/af2/single-repr-full/outputs/P00782__Q313C/single_repr_model_1_pred_0.npy,"(382, 384)","(382, 384)",1152
P00782__Y324K,P00782,Y324K,324,-0.720000,results/af2/single-repr-full/outputs/P00782/single_repr_model_1_pred_0.npy,results/af2/single-repr-full/outputs/P00782__Y324K/single_repr_model_1_pred_0.npy,"(382, 384)","(382, 384)",1152
P00782__N325S,P00782,N325S,325,-1.070000,results/af2/single-repr-full/outputs/P00782/single_repr_model_1_pred_0.npy,results/af2/single-repr-full/outputs/P00782__N325S/single_repr_model_1_pred_0.npy,"(382, 384)","(382, 384)",1152
P00807__D170N,P00807,D170N,170,0.415000,results/af2/single-repr-full/outputs/P00807/single_repr_model_1_pred_0.npy,results/af2/single-repr-full/outputs/P00807__D170N/single_repr_model_1_pred_0.npy,"(281, 384)","(281, 384)",1152
P00808__S140C,P00808,S140C,140,0.700000,results/af2/single-repr-full/outputs/P00808/single_repr_model_1_pred_0.npy,results/af2/single-repr-full/outputs/P00808__S140C/single_repr_model_1_pred_0.npy,"(307, 384)","(307, 384)",1152
P00808__S277C,P00808,S277C,277,1.300000,results/af2/single-repr-full/outputs/P00808/single_repr_model_1_pred_0.npy,results/af2/single-repr-full/outputs/P00808__S277C/single_repr_model_1_pred_0.npy,"(307, 384)","(307, 384)",1152
P00811__Y166F,P00811,Y166F,166,0.900000,results/af2/single-repr-full/outputs/P00811/single_repr_model_1_pred_0.npy,results/af2/single-repr-full/outputs/P00811__Y166F/single_repr_model_1_pred_0.npy,"(377, 384)","(377, 384)",1152
P00818__Y12F,P00818,Y12F,12,-0.700000,results/af2/single-repr-full/outputs/P00818/single_repr_model_1_pred_0.npy,results/af2/single-repr-full/outputs/P00818__Y12F/single_repr_model_1_pred_0.npy,"(99, 384)","(99, 384)",1152
P00818__Y12I,P00818,Y12I,12,2.200000,results/af2/single-repr-full/outputs/P00818/single_repr_model_1_pred_0.npy,results/af2/single-repr-full/outputs/P00818__Y12I/single_repr_model_1_pred_0.npy,"(99, 384)","(99, 384)",1152
P00818__V14A,P00818,V14A,14,2.600000,results/af2/single-repr-full/outputs/P00818/single_repr_model_1_pred_0.npy,results/af2/single-repr-full/outputs/P00818__V14A/single_repr_model_1_pred_0.npy,"(99, 384)","(99, 384)",1152
P00818__V18A,P00818,V18A,18,1.800000,results/af2/single-repr-full/outputs/P00818/single_repr_model_1_pred_0.npy,results/af2/single-repr-full/outputs/P00818__V18A/single_repr_model_1_pred_0.npy,"(99, 384)","(99, 384)",1152
P00818__V21A,P00818,V21A,21,0.300000,results/af2/single-repr-full/outputs/P00818/single_repr_model_1_pred_0.npy,results/af2/single-repr-full/outputs/P00818__V21A/single_repr_model_1_pred_0.npy,"(99, 384)","(99, 384)",1152
P00818__F23L,P00818,F23L,23,1.300000,results/af2/single-repr-full/outputs/P00818/single_repr_model_1_pred_0.npy,results/af2/single-repr-full/outputs/P00818__F23L/single_repr_model_1_pred_0.npy,"(99, 384)","(99, 384)",1152
P00818__Y26A,P00818,Y26A,26,0.050000,results/af2/single-repr-full/outputs/P00818/single_repr_model_1_pred_0.npy,results/af2/single-repr-full/outputs/P00818__Y26A/single_repr_model_1_pred_0.npy,"(99, 384)","(99, 384)",1152
P00818__E30D,P00818,E30D,30,3.500000,results/af2/single-repr-full/outputs/P00818/single_repr_model_1_pred_0.npy,results/af2/single-repr-full/outputs/P00818__E30D/single_repr_model_1_pred_0.npy,"(99, 384)","(99, 384)",1152
P00818__A31G,P00818,A31G,31,1.600000,results/af2/single-repr-full/outputs/P00818/single_repr_model_1_pred_0.npy,results/af2/single-repr-full/outputs/P00818__A31G/single_repr_model_1_pred_0.npy,"(99, 384)","(99, 384)",1152
P00818__V36A,P00818,V36A,36,2.500000,results/af2/single-repr-full/outputs/P00818/single_repr_model_1_pred_0.npy,results/af2/single-repr-full/outputs/P00818__V36A/single_repr_model_1_pred_0.npy,"(99, 384)","(99, 384)",1152
P00818__W39F,P00818,W39F,39,0.000000,results/af2/single-repr-full/outputs/P00818/single_repr_model_1_pred_0.npy,results/af2/single-repr-full/outputs/P00818__W39F/single_repr_model_1_pred_0.npy,"(99, 384)","(99, 384)",1152
P00818__V40A,P00818,V40A,40,1.600000,results/af2/single-repr-full/outputs/P00818/single_repr_model_1_pred_0.npy,results/af2/single-repr-full/outputs/P00818__V40A/single_repr_model_1_pred_0.npy,"(99, 384)","(99, 384)",1152
P00818__T43A,P00818,T43A,43,1.800000,results/af2/single-repr-full/outputs/P00818/single_repr_model_1_pred_0.npy,results/af2/single-repr-full/outputs/P00818__T43A/single_repr_model_1_pred_0.npy,"(99, 384)","(99, 384)",1152
P00818__G46A,P00818,G46A,46,1.700000,results/af2/single-repr-full/outputs/P00818/single_repr_model_1_pred_0.npy,results/af2/single-repr-full/outputs/P00818__G46A/single_repr_model_1_pred_0.npy,"(99, 384)","(99, 384)",1152
P00818__V48A,P00818,V48A,48,1.900000,results/af2/single-repr-full/outputs/P00818/single_repr_model_1_pred_0.npy,results/af2/single-repr-full/outputs/P00818__V48A/single_repr_model_1_pred_0.npy,"(99, 384)","(99, 384)",1152
P00818__V52A,P00818,V52A,52,1.900000,results/af2/single-repr-full/outputs/P00818/single_repr_model_1_pred_0.npy,results/af2/single-repr-full/outputs/P00818__V52A/single_repr_model_1_pred_0.npy,"(99, 384)","(99, 384)",1152
P00818__P55A,P00818,P55A,55,0.500000,results/af2/single-repr-full/outputs/P00818/single_repr_model_1_pred_0.npy,results/af2/single-repr-full/outputs/P00818__P55A/single_repr_model_1_pred_0.npy,"(99, 384)","(99, 384)",1152
P00818__M62A,P00818,M62A,62,4.000000,results/af2/single-repr-full/outputs/P00818/single_repr_model_1_pred_0.npy,results/af2/single-repr-full/outputs/P00818__M62A/single_repr_model_1_pred_0.npy,"(99, 384)","(99, 384)",1152
P00818__W65A,P00818,W65A,65,1.500000,results/af2/single-repr-full/outputs/P00818/single_repr_model_1_pred_0.npy,results/af2/single-repr-full/outputs/P00818__W65A/single_repr_model_1_pred_0.npy,"(99, 384)","(99, 384)",1152
P00818__L66V,P00818,L66V,66,5.350000,results/af2/single-repr-full/outputs/P00818/single_repr_model_1_pred_0.npy,results/af2/single-repr-full/outputs/P00818__L66V/single_repr_model_1_pred_0.npy,"(99, 384)","(99, 384)",1152
P00818__P72A,P00818,P72A,72,1.600000,results/af2/single-repr-full/outputs/P00818/single_repr_model_1_pred_0.npy,results/af2/single-repr-full/outputs/P00818__P72A/single_repr_model_1_pred_0.npy,"(99, 384)","(99, 384)",1152
P00818__I76V,P00818,I76V,76,1.400000,results/af2/single-repr-full/outputs/P00818/single_repr_model_1_pred_0.npy,results/af2/single-repr-full/outputs/P00818__I76V/single_repr_model_1_pred_0.npy,"(99, 384)","(99, 384)",1152
P00818__T79S,P00818,T79S,79,1.400000,results/af2/single-repr-full/outputs/P00818/single_repr_model_1_pred_0.npy,results/af2/single-repr-full/outputs/P00818__T79S/single_repr_model_1_pred_0.npy,"(99, 384)","(99, 384)",1152
P00818__E84D,P00818,E84D,84,1.500000,results/af2/single-repr-full/outputs/P00818/single_repr_model_1_pred_0.npy,results/af2/single-repr-full/outputs/P00818__E84D/single_repr_model_1_pred_0.npy,"(99, 384)","(99, 384)",1152
P00818__I87V,P00818,I87V,87,1.700000,results/af2/single-repr-full/outputs/P00818/single_repr_model_1_pred_0.npy,results/af2/single-repr-full/outputs/P00818__I87V/single_repr_model_1_pred_0.npy,"(99, 384)","(99, 384)",1152
P00818__L90A,P00818,L90A,90,1.700000,results/af2/single-repr-full/outputs/P00818/single_repr_model_1_pred_0.npy,results/af2/single-repr-full/outputs/P00818__L90A/single_repr_model_1_pred_0.npy,"(99, 384)","(99, 384)",1152
P00818__F95L,P00818,F95L,95,4.300000,results/af2/single-repr-full/outputs/P00818/single_repr_model_1_pred_0.npy,results/af2/single-repr-full/outputs/P00818__F95L/single_repr_model_1_pred_0.npy,"(99, 384)","(99, 384)",1152
P00918__W5F,P00918,W5F,5,-0.650000,results/af2/single-repr-full/outputs/P00918/single_repr_model_1_pred_0.npy,results/af2/single-repr-full/outputs/P00918__W5F/single_repr_model_1_pred_0.npy,"(260, 384)","(260, 384)",1152
P00918__W16F,P00918,W16F,16,-3.000000,results/af2/single-repr-full/outputs/P00918/single_repr_model_1_pred_0.npy,results/af2/single-repr-full/outputs/P00918__W16F/single_repr_model_1_pred_0.npy,"(260, 384)","(260, 384)",1152
P00918__S56C,P00918,S56C,56,0.500000,results/af2/single-repr-full/outputs/P00918/single_repr_model_1_pred_0.npy,results/af2/single-repr-full/outputs/P00918__S56C/single_repr_model_1_pred_0.npy,"(260, 384)","(260, 384)",1152
P00918__L60C,P00918,L60C,60,0.100000,results/af2/single-repr-full/outputs/P00918/single_repr_model_1_pred_0.npy,results/af2/single-repr-full/outputs/P00918__L60C/single_repr_model_1_pred_0.npy,"(260, 384)","(260, 384)",1152
P00918__V68C,P00918,V68C,68,1.200000,results/af2/single-repr-full/outputs/P00918/single_repr_model_1_pred_0.npy,results/af2/single-repr-full/outputs/P00918__V68C/single_repr_model_1_pred_0.npy,"(260, 384)","(260, 384)",1152
P00918__H107A,P00918,H107A,107,8.300000,results/af2/single-repr-full/outputs/P00918/single_repr_model_1_pred_0.npy,results/af2/single-repr-full/outputs/P00918__H107A/single_repr_model_1_pred_0.npy,"(260, 384)","(260, 384)",1152
P00918__H107F,P00918,H107F,107,8.600000,results/af2/single-repr-full/outputs/P00918/single_repr_model_1_pred_0.npy,results/af2/single-repr-full/outputs/P00918__H107F/single_repr_model_1_pred_0.npy,"(260, 384)","(260, 384)",1152
P00918__H107N,P00918,H107N,107,5.400000,results/af2/single-repr-full/outputs/P00918/single_repr_model_1_pred_0.npy,results/af2/single-repr-full/outputs/P00918__H107N/single_repr_model_1_pred_0.npy,"(260, 384)","(260, 384)",1152
P00918__H107Y,P00918,H107Y,107,9.200000,results/af2/single-repr-full/outputs/P00918/single_repr_model_1_pred_0.npy,results/af2/single-repr-full/outputs/P00918__H107Y/single_repr_model_1_pred_0.npy,"(260, 384)","(260, 384)",1152
P00918__E117A,P00918,E117A,117,4.700000,results/af2/single-repr-full/outputs/P00918/single_repr_model_1_pred_0.npy,results/af2/single-repr-full/outputs/P00918__E117A/single_repr_model_1_pred_0.npy,"(260, 384)","(260, 384)",1152
P00918__W123C,P00918,W123C,123,0.000000,results/af2/single-repr-full/outputs/P00918/single_repr_model_1_pred_0.npy,results/af2/single-repr-full/outputs/P00918__W123C/single_repr_model_1_pred_0.npy,"(260, 384)","(260, 384)",1152
P00918__C205S,P00918,C205S,205,-0.100000,results/af2/single-repr-full/outputs/P00918/single_repr_model_1_pred_0.npy,results/af2/single-repr-full/outputs/P00918__C205S/single_repr_model_1_pred_0.npy,"(260, 384)","(260, 384)",1152
P00918__I255C,P00918,I255C,255,0.300000,results/af2/single-repr-full/outputs/P00918/single_repr_model_1_pred_0.npy,results/af2/single-repr-full/outputs/P00918__I255C/single_repr_model_1_pred_0.npy,"(260, 384)","(260, 384)",1152
P00929__A18G,P00929,A18G,18,2.100000,results/af2/single-repr-full/outputs/P00929/single_repr_model_1_pred_0.npy,results/af2/single-repr-full/outputs/P00929__A18G/single_repr_model_1_pred_0.npy,"(268, 384)","(268, 384)",1152
P00929__A18V,P00929,A18V,18,-0.200000,results/af2/single-repr-full/outputs/P00929/single_repr_model_1_pred_0.npy,results/af2/single-repr-full/outputs/P00929__A18V/single_repr_model_1_pred_0.npy,"(268, 384)","(268, 384)",1152
P00929__F22I,P00929,F22I,22,4.190000,results/af2/single-repr-full/outputs/P00929/single_repr_model_1_pred_0.npy,results/af2/single-repr-full/outputs/P00929__F22I/single_repr_model_1_pred_0.npy,"(268, 384)","(268, 384)",1152
P00929__F22L,P00929,F22L,22,1.010000,results/af2/single-repr-full/outputs/P00929/single_repr_model_1_pred_0.npy,results/af2/single-repr-full/outputs/P00929__F22L/single_repr_model_1_pred_0.npy,"(268, 384)","(268, 384)",1152
P00929__F22V,P00929,F22V,22,-0.060000,results/af2/single-repr-full/outputs/P00929/single_repr_model_1_pred_0.npy,results/af2/single-repr-full/outputs/P00929__F22V/single_repr_model_1_pred_0.npy,"(268, 384)","(268, 384)",1152
P00929__P28A,P00929,P28A,28,2.000000,results/af2/single-repr-full/outputs/P00929/single_repr_model_1_pred_0.npy,results/af2/single-repr-full/outputs/P00929__P28A/single_repr_model_1_pred_0.npy,"(268, 384)","(268, 384)",1152
P00929__P28G,P00929,P28G,28,1.600000,results/af2/single-repr-full/outputs/P00929/single_repr_model_1_pred_0.npy,results/af2/single-repr-full/outputs/P00929__P28G/single_repr_model_1_pred_0.npy,"(268, 384)","(268, 384)",1152
P00929__E49A,P00929,E49A,49,0.300000,results/af2/single-repr-full/outputs/P00929/single_repr_model_1_pred_0.npy,results/af2/single-repr-full/outputs/P00929__E49A/single_repr_model_1_pred_0.npy,"(268, 384)","(268, 384)",1152
P00929__E49C,P00929,E49C,49,-2.800000,results/af2/single-repr-full/outputs/P00929/single_repr_model_1_pred_0.npy,results/af2/single-repr-full/outputs/P00929__E49C/single_repr_model_1_pred_0.npy,"(268, 384)","(268, 384)",1152
P00929__E49D,P00929,E49D,49,-0.800000,results/af2/single-repr-full/outputs/P00929/single_repr_model_1_pred_0.npy,results/af2/single-repr-full/outputs/P00929__E49D/single_repr_model_1_pred_0.npy,"(268, 384)","(268, 384)",1152
P00929__E49F,P00929,E49F,49,-2.900000,results/af2/single-repr-full/outputs/P00929/single_repr_model_1_pred_0.npy,results/af2/single-repr-full/outputs/P00929__E49F/single_repr_model_1_pred_0.npy,"(268, 384)","(268, 384)",1152
P00929__E49G,P00929,E49G,49,1.700000,results/af2/single-repr-full/outputs/P00929/single_repr_model_1_pred_0.npy,results/af2/single-repr-full/outputs/P00929__E49G/single_repr_model_1_pred_0.npy,"(268, 384)","(268, 384)",1152
P00929__E49H,P00929,E49H,49,-2.800000,results/af2/single-repr-full/outputs/P00929/single_repr_model_1_pred_0.npy,results/af2/single-repr-full/outputs/P00929__E49H/single_repr_model_1_pred_0.npy,"(268, 384)","(268, 384)",1152
P00929__E49I,P00929,E49I,49,-6.550000,results/af2/single-repr-full/outputs/P00929/single_repr_model_1_pred_0.npy,results/af2/single-repr-full/outputs/P00929__E49I/single_repr_model_1_pred_0.npy,"(268, 384)","(268, 384)",1152
P00929__E49K,P00929,E49K,49,-0.850000,results/af2/single-repr-full/outputs/P00929/single_repr_model_1_pred_0.npy,results/af2/single-repr-full/outputs/P00929__E49K/single_repr_model_1_pred_0.npy,"(268, 384)","(268, 384)",1152
P00929__E49L,P00929,E49L,49,-6.750000,results/af2/single-repr-full/outputs/P00929/single_repr_model_1_pred_0.npy,results/af2/single-repr-full/outputs/P00929__E49L/single_repr_model_1_pred_0.npy,"(268, 384)","(268, 384)",1152
P00929__E49M,P00929,E49M,49,-3.600000,results/af2/single-repr-full/outputs/P00929/single_repr_model_1_pred_0.npy,results/af2/single-repr-full/outputs/P00929__E49M/single_repr_model_1_pred_0.npy,"(268, 384)","(268, 384)",1152
P00929__E49N,P00929,E49N,49,-0.350000,results/af2/single-repr-full/outputs/P00929/single_repr_model_1_pred_0.npy,results/af2/single-repr-full/outputs/P00929__E49N/single_repr_model_1_pred_0.npy,"(268, 384)","(268, 384)",1152
P00929__E49P,P00929,E49P,49,-0.700000,results/af2/single-repr-full/outputs/P00929/single_repr_model_1_pred_0.npy,results/af2/single-repr-full/outputs/P00929__E49P/single_repr_model_1_pred_0.npy,"(268, 384)","(268, 384)",1152
P00929__E49Q,P00929,E49Q,49,2.450000,results/af2/single-repr-full/outputs/P00929/single_repr_model_1_pred_0.npy,results/af2/single-repr-full/outputs/P00929__E49Q/single_repr_model_1_pred_0.npy,"(268, 384)","(268, 384)",1152
P00929__E49S,P00929,E49S,49,-0.800000,results/af2/single-repr-full/outputs/P00929/single_repr_model_1_pred_0.npy,results/af2/single-repr-full/outputs/P00929__E49S/single_repr_model_1_pred_0.npy,"(268, 384)","(268, 384)",1152
P00929__E49T,P00929,E49T,49,-0.950000,results/af2/single-repr-full/outputs/P00929/single_repr_model_1_pred_0.npy,results/af2/single-repr-full/outputs/P00929__E49T/single_repr_model_1_pred_0.npy,"(268, 384)","(268, 384)",1152
P00929__E49V,P00929,E49V,49,-3.200000,results/af2/single-repr-full/outputs/P00929/single_repr_model_1_pred_0.npy,results/af2/single-repr-full/outputs/P00929__E49V/single_repr_model_1_pred_0.npy,"(268, 384)","(268, 384)",1152
P00929__E49W,P00929,E49W,49,-0.950000,results/af2/single-repr-full/outputs/P00929/single_repr_model_1_pred_0.npy,results/af2/single-repr-full/outputs/P00929__E49W/single_repr_model_1_pred_0.npy,"(268, 384)","(268, 384)",1152
P00929__E49Y,P00929,E49Y,49,0.000000,results/af2/single-repr-full/outputs/P00929/single_repr_model_1_pred_0.npy,results/af2/single-repr-full/outputs/P00929__E49Y/single_repr_model_1_pred_0.npy,"(268, 384)","(268, 384)",1152
P00929__P57A,P00929,P57A,57,0.500000,results/af2/single-repr-full/outputs/P00929/single_repr_model_1_pred_0.npy,results/af2/single-repr-full/outputs/P00929__P57A/single_repr_model_1_pred_0.npy,"(268, 384)","(268, 384)",1152
P00929__P62A,P00929,P62A,62,0.300000,results/af2/single-repr-full/outputs/P00929/single_repr_model_1_pred_0.npy,results/af2/single-repr-full/outputs/P00929__P62A/single_repr_model_1_pred_0.npy,"(268, 384)","(268, 384)",1152
P00929__P96A,P00929,P96A,96,1.850000,results/af2/single-repr-full/outputs/P00929/single_repr_model_1_pred_0.npy,results/af2/single-repr-full/outputs/P00929__P96A/single_repr_model_1_pred_0.npy,"(268, 384)","(268, 384)",1152
P00929__P132A,P00929,P132A,132,1.000000,results/af2/single-repr-full/outputs/P00929/single_repr_model_1_pred_0.npy,results/af2/single-repr-full/outputs/P00929__P132A/single_repr_model_1_pred_0.npy,"(268, 384)","(268, 384)",1152
P00929__P132G,P00929,P132G,132,0.800000,results/af2/single-repr-full/outputs/P00929/single_repr_model_1_pred_0.npy,results/af2/single-repr-full/outputs/P00929__P132G/single_repr_model_1_pred_0.npy,"(268, 384)","(268, 384)",1152
P00929__F139W,P00929,F139W,139,0.650000,results/af2/single-repr-full/outputs/P00929/single_repr_model_1_pred_0.npy,results/af2/single-repr-full/outputs/P00929__F139W/single_repr_model_1_pred_0.npy,"(268, 384)","(268, 384)",1152
P00929__Y175Q,P00929,Y175Q,175,1.600000,results/af2/single-repr-full/outputs/P00929/single_repr_model_1_pred_0.npy,results/af2/single-repr-full/outputs/P00929__Y175Q/single_repr_model_1_pred_0.npy,"(268, 384)","(268, 384)",1152
P00929__P207A,P00929,P207A,207,1.500000,results/af2/single-repr-full/outputs/P00929/single_repr_model_1_pred_0.npy,results/af2/single-repr-full/outputs/P00929__P207A/single_repr_model_1_pred_0.npy,"(268, 384)","(268, 384)",1152
P00929__L209V,P00929,L209V,209,2.000000,results/af2/single-repr-full/outputs/P00929/single_repr_model_1_pred_0.npy,results/af2/single-repr-full/outputs/P00929__L209V/single_repr_model_1_pred_0.npy,"(268, 384)","(268, 384)",1152
P00929__G211D,P00929,G211D,211,0.550000,results/af2/single-repr-full/outputs/P00929/single_repr_model_1_pred_0.npy,results/af2/single-repr-full/outputs/P00929__G211D/single_repr_model_1_pred_0.npy,"(268, 384)","(268, 384)",1152
P00929__G211E,P00929,G211E,211,-0.500000,results/af2/single-repr-full/outputs/P00929/single_repr_model_1_pred_0.npy,results/af2/single-repr-full/outputs/P00929__G211E/single_repr_model_1_pred_0.npy,"(268, 384)","(268, 384)",1152
P00929__G211R,P00929,G211R,211,0.750000,results/af2/single-repr-full/outputs/P00929/single_repr_model_1_pred_0.npy,results/af2/single-repr-full/outputs/P00929__G211R/single_repr_model_1_pred_0.npy,"(268, 384)","(268, 384)",1152
P00929__G211S,P00929,G211S,211,-0.200000,results/af2/single-repr-full/outputs/P00929/single_repr_model_1_pred_0.npy,results/af2/single-repr-full/outputs/P00929__G211S/single_repr_model_1_pred_0.npy,"(268, 384)","(268, 384)",1152
P00929__G211V,P00929,G211V,211,-0.800000,results/af2/single-repr-full/outputs/P00929/single_repr_model_1_pred_0.npy,results/af2/single-repr-full/outputs/P00929__G211V/single_repr_model_1_pred_0.npy,"(268, 384)","(268, 384)",1152
P00929__G211W,P00929,G211W,211,1.350000,results/af2/single-repr-full/outputs/P00929/single_repr_model_1_pred_0.npy,results/af2/single-repr-full/outputs/P00929__G211W/single_repr_model_1_pred_0.npy,"(268, 384)","(268, 384)",1152
P00929__I232V,P00929,I232V,232,1.500000,results/af2/single-repr-full/outputs/P00929/single_repr_model_1_pred_0.npy,results/af2/single-repr-full/outputs/P00929__I232V/single_repr_model_1_pred_0.npy,"(268, 384)","(268, 384)",1152
P00929__G234D,P00929,G234D,234,-1.700000,results/af2/single-repr-full/outputs/P00929/single_repr_model_1_pred_0.npy,results/af2/single-repr-full/outputs/P00929__G234D/single_repr_model_1_pred_0.npy,"(268, 384)","(268, 384)",1152
P00929__G234K,P00929,G234K,234,-0.100000,results/af2/single-repr-full/outputs/P00929/single_repr_model_1_pred_0.npy,results/af2/single-repr-full/outputs/P00929__G234K/single_repr_model_1_pred_0.npy,"(268, 384)","(268, 384)",1152
P00929__F258W,P00929,F258W,258,1.200000,results/af2/single-repr-full/outputs/P00929/single_repr_model_1_pred_0.npy,results/af2/single-repr-full/outputs/P00929__F258W/single_repr_model_1_pred_0.npy,"(268, 384)","(268, 384)",1152
P00940__Q179A,P00940,Q179A,179,-0.100000,results/af2/single-repr-full/outputs/P00940/single_repr_model_1_pred_0.npy,results/af2/single-repr-full/outputs/P00940__Q179A/single_repr_model_1_pred_0.npy,"(248, 384)","(248, 384)",1152
P00940__K193A,P00940,K193A,193,-1.000000,results/af2/single-repr-full/outputs/P00940/single_repr_model_1_pred_0.npy,results/af2/single-repr-full/outputs/P00940__K193A/single_repr_model_1_pred_0.npy,"(248, 384)","(248, 384)",1152
P00952__T51P,P00952,T51P,51,0.770000,results/af2/single-repr-full/outputs/P00952/single_repr_model_1_pred_0.npy,results/af2/single-repr-full/outputs/P00952__T51P/single_repr_model_1_pred_0.npy,"(419, 384)","(419, 384)",1152
P00952__I52L,P00952,I52L,52,-0.050000,results/af2/single-repr-full/outputs/P00952/single_repr_model_1_pred_0.npy,results/af2/single-repr-full/outputs/P00952__I52L/single_repr_model_1_pred_0.npy,"(419, 384)","(419, 384)",1152
P00952__L105V,P00952,L105V,105,2.960000,results/af2/single-repr-full/outputs/P00952/single_repr_model_1_pred_0.npy,results/af2/single-repr-full/outputs/P00952__L105V/single_repr_model_1_pred_0.npy,"(419, 384)","(419, 384)",1152
P00974__R36A,P00974,R36A,36,0.500000,results/af2/single-repr-full/outputs/P00974/single_repr_model_1_pred_0.npy,results/af2/single-repr-full/outputs/P00974__R36A/single_repr_model_1_pred_0.npy,"(100, 384)","(100, 384)",1152
P00974__P37A,P00974,P37A,37,1.300000,results/af2/single-repr-full/outputs/P00974/single_repr_model_1_pred_0.npy,results/af2/single-repr-full/outputs/P00974__P37A/single_repr_model_1_pred_0.npy,"(100, 384)","(100, 384)",1152
P00974__D38A,P00974,D38A,38,-0.200000,results/af2/single-repr-full/outputs/P00974/single_repr_model_1_pred_0.npy,results/af2/single-repr-full/outputs/P00974__D38A/single_repr_model_1_pred_0.npy,"(100, 384)","(100, 384)",1152
P00974__F39A,P00974,F39A,39,3.000000,results/af2/single-repr-full/outputs/P00974/single_repr_model_1_pred_0.npy,results/af2/single-repr-full/outputs/P00974__F39A/single_repr_model_1_pred_0.npy,"(100, 384)","(100, 384)",1152
P00974__F39L,P00974,F39L,39,2.200000,results/af2/single-repr-full/outputs/P00974/single_repr_model_1_pred_0.npy,results/af2/single-repr-full/outputs/P00974__F39L/single_repr_model_1_pred_0.npy,"(100, 384)","(100, 384)",1152
P00974__L41A,P00974,L41A,41,0.600000,results/af2/single-repr-full/outputs/P00974/single_repr_model_1_pred_0.npy,results/af2/single-repr-full/outputs/P00974__L41A/single_repr_model_1_pred_0.npy,"(100, 384)","(100, 384)",1152
P00974__E42A,P00974,E42A,42,1.500000,results/af2/single-repr-full/outputs/P00974/single_repr_model_1_pred_0.npy,results/af2/single-repr-full/outputs/P00974__E42A/single_repr_model_1_pred_0.npy,"(100, 384)","(100, 384)",1152
P00974__P43A,P00974,P43A,43,0.300000,results/af2/single-repr-full/outputs/P00974/single_repr_model_1_pred_0.npy,results/af2/single-repr-full/outputs/P00974__P43A/single_repr_model_1_pred_0.npy,"(100, 384)","(100, 384)",1152
P00974__P44A,P00974,P44A,44,0.800000,results/af2/single-repr-full/outputs/P00974/single_repr_model_1_pred_0.npy,results/af2/single-repr-full/outputs/P00974__P44A/single_repr_model_1_pred_0.npy,"(100, 384)","(100, 384)",1152
P00974__Y45A,P00974,Y45A,45,1.200000,results/af2/single-repr-full/outputs/P00974/single_repr_model_1_pred_0.npy,results/af2/single-repr-full/outputs/P00974__Y45A/single_repr_model_1_pred_0.npy,"(100, 384)","(100, 384)",1152
P00974__Y45L,P00974,Y45L,45,2.900000,results/af2/single-repr-full/outputs/P00974/single_repr_model_1_pred_0.npy,results/af2/single-repr-full/outputs/P00974__Y45L/single_repr_model_1_pred_0.npy,"(100, 384)","(100, 384)",1152
P00974__T46A,P00974,T46A,46,0.000000,results/af2/single-repr-full/outputs/P00974/single_repr_model_1_pred_0.npy,results/af2/single-repr-full/outputs/P00974__T46A/single_repr_model_1_pred_0.npy,"(100, 384)","(100, 384)",1152
P00974__G47A,P00974,G47A,47,1.800000,results/af2/single-repr-full/outputs/P00974/single_repr_model_1_pred_0.npy,results/af2/single-repr-full/outputs/P00974__G47A/single_repr_model_1_pred_0.npy,"(100, 384)","(100, 384)",1152
P00974__G47D,P00974,G47D,47,4.300000,results/af2/single-repr-full/outputs/P00974/single_repr_model_1_pred_0.npy,results/af2/single-repr-full/outputs/P00974__G47D/single_repr_model_1_pred_0.npy,"(100, 384)","(100, 384)",1152
P00974__G47V,P00974,G47V,47,4.100000,results/af2/single-repr-full/outputs/P00974/single_repr_model_1_pred_0.npy,results/af2/single-repr-full/outputs/P00974__G47V/single_repr_model_1_pred_0.npy,"(100, 384)","(100, 384)",1152
P00974__P48A,P00974,P48A,48,1.400000,results/af2/single-repr-full/outputs/P00974/single_repr_model_1_pred_0.npy,results/af2/single-repr-full/outputs/P00974__P48A/single_repr_model_1_pred_0.npy,"(100, 384)","(100, 384)",1152
P00974__P48S,P00974,P48S,48,1.400000,results/af2/single-repr-full/outputs/P00974/single_repr_model_1_pred_0.npy,results/af2/single-repr-full/outputs/P00974__P48S/single_repr_model_1_pred_0.npy,"(100, 384)","(100, 384)",1152
P00974__K50A,P00974,K50A,50,0.400000,results/af2/single-repr-full/outputs/P00974/single_repr_model_1_pred_0.npy,results/af2/single-repr-full/outputs/P00974__K50A/single_repr_model_1_pred_0.npy,"(100, 384)","(100, 384)",1152
P00974__A51T,P00974,A51T,51,1.700000,results/af2/single-repr-full/outputs/P00974/single_repr_model_1_pred_0.npy,results/af2/single-repr-full/outputs/P00974__A51T/single_repr_model_1_pred_0.npy,"(100, 384)","(100, 384)",1152
P00974__A51V,P00974,A51V,51,1.300000,results/af2/single-repr-full/outputs/P00974/single_repr_model_1_pred_0.npy,results/af2/single-repr-full/outputs/P00974__A51V/single_repr_model_1_pred_0.npy,"(100, 384)","(100, 384)",1152
P00974__R52A,P00974,R52A,52,0.300000,results/af2/single-repr-full/outputs/P00974/single_repr_model_1_pred_0.npy,results/af2/single-repr-full/outputs/P00974__R52A/single_repr_model_1_pred_0.npy,"(100, 384)","(100, 384)",1152
P00974__I53A,P00974,I53A,53,1.500000,results/af2/single-repr-full/outputs/P00974/single_repr_model_1_pred_0.npy,results/af2/single-repr-full/outputs/P00974__I53A/single_repr_model_1_pred_0.npy,"(100, 384)","(100, 384)",1152
P00974__I54A,P00974,I54A,54,2.100000,results/af2/single-repr-full/outputs/P00974/single_repr_model_1_pred_0.npy,results/af2/single-repr-full/outputs/P00974__I54A/single_repr_model_1_pred_0.npy,"(100, 384)","(100, 384)",1152
P00974__R55A,P00974,R55A,55,1.800000,results/af2/single-repr-full/outputs/P00974/single_repr_model_1_pred_0.npy,results/af2/single-repr-full/outputs/P00974__R55A/single_repr_model_1_pred_0.npy,"(100, 384)","(100, 384)",1152
P00974__Y56A,P00974,Y56A,56,3.900000,results/af2/single-repr-full/outputs/P00974/single_repr_model_1_pred_0.npy,results/af2/single-repr-full/outputs/P00974__Y56A/single_repr_model_1_pred_0.npy,"(100, 384)","(100, 384)",1152
P00974__Y56L,P00974,Y56L,56,3.400000,results/af2/single-repr-full/outputs/P00974/single_repr_model_1_pred_0.npy,results/af2/single-repr-full/outputs/P00974__Y56L/single_repr_model_1_pred_0.npy,"(100, 384)","(100, 384)",1152
P00974__F57A,P00974,F57A,57,1.200000,results/af2/single-repr-full/outputs/P00974/single_repr_model_1_pred_0.npy,results/af2/single-repr-full/outputs/P00974__F57A/single_repr_model_1_pred_0.npy,"(100, 384)","(100, 384)",1152
P00974__Y58A,P00974,Y58A,58,5.950000,results/af2/single-repr-full/outputs/P00974/single_repr_model_1_pred_0.npy,results/af2/single-repr-full/outputs/P00974__Y58A/single_repr_model_1_pred_0.npy,"(100, 384)","(100, 384)",1152
P00974__N59A,P00974,N59A,59,2.200000,results/af2/single-repr-full/outputs/P00974/single_repr_model_1_pred_0.npy,results/af2/single-repr-full/outputs/P00974__N59A/single_repr_model_1_pred_0.npy,"(100, 384)","(100, 384)",1152
P00974__K61A,P00974,K61A,61,0.000000,results/af2/single-repr-full/outputs/P00974/single_repr_model_1_pred_0.npy,results/af2/single-repr-full/outputs/P00974__K61A/single_repr_model_1_pred_0.npy,"(100, 384)","(100, 384)",1152
P00974__G63A,P00974,G63A,63,1.000000,results/af2/single-repr-full/outputs/P00974/single_repr_model_1_pred_0.npy,results/af2/single-repr-full/outputs/P00974__G63A/single_repr_model_1_pred_0.npy,"(100, 384)","(100, 384)",1152
P00974__L64A,P00974,L64A,64,0.000000,results/af2/single-repr-full/outputs/P00974/single_repr_model_1_pred_0.npy,results/af2/single-repr-full/outputs/P00974__L64A/single_repr_model_1_pred_0.npy,"(100, 384)","(100, 384)",1152
P00974__C65A,P00974,C65A,65,6.100000,results/af2/single-repr-full/outputs/P00974/single_repr_model_1_pred_0.npy,results/af2/single-repr-full/outputs/P00974__C65A/single_repr_model_1_pred_0.npy,"(100, 384)","(100, 384)",1152
P00974__C65G,P00974,C65G,65,8.700000,results/af2/single-repr-full/outputs/P00974/single_repr_model_1_pred_0.npy,results/af2/single-repr-full/outputs/P00974__C65G/single_repr_model_1_pred_0.npy,"(100, 384)","(100, 384)",1152
P00974__C65S,P00974,C65S,65,8.000000,results/af2/single-repr-full/outputs/P00974/single_repr_model_1_pred_0.npy,results/af2/single-repr-full/outputs/P00974__C65S/single_repr_model_1_pred_0.npy,"(100, 384)","(100, 384)",1152
P00974__C65T,P00974,C65T,65,7.800000,results/af2/single-repr-full/outputs/P00974/single_repr_model_1_pred_0.npy,results/af2/single-repr-full/outputs/P00974__C65T/single_repr_model_1_pred_0.npy,"(100, 384)","(100, 384)",1152
P00974__C65V,P00974,C65V,65,6.000000,results/af2/single-repr-full/outputs/P00974/single_repr_model_1_pred_0.npy,results/af2/single-repr-full/outputs/P00974__C65V/single_repr_model_1_pred_0.npy,"(100, 384)","(100, 384)",1152
P00974__Q66A,P00974,Q66A,66,1.000000,results/af2/single-repr-full/outputs/P00974/single_repr_model_1_pred_0.npy,results/af2/single-repr-full/outputs/P00974__Q66A/single_repr_model_1_pred_0.npy,"(100, 384)","(100, 384)",1152
P00974__T67A,P00974,T67A,67,0.100000,results/af2/single-repr-full/outputs/P00974/single_repr_model_1_pred_0.npy,results/af2/single-repr-full/outputs/P00974__T67A/single_repr_model_1_pred_0.npy,"(100, 384)","(100, 384)",1152
P00974__F68I,P00974,F68I,68,2.400000,results/af2/single-repr-full/outputs/P00974/single_repr_model_1_pred_0.npy,results/af2/single-repr-full/outputs/P00974__F68I/single_repr_model_1_pred_0.npy,"(100, 384)","(100, 384)",1152
P00974__F68L,P00974,F68L,68,2.000000,results/af2/single-repr-full/outputs/P00974/single_repr_model_1_pred_0.npy,results/af2/single-repr-full/outputs/P00974__F68L/single_repr_model_1_pred_0.npy,"(100, 384)","(100, 384)",1152
P00974__V69A,P00974,V69A,69,1.200000,results/af2/single-repr-full/outputs/P00974/single_repr_model_1_pred_0.npy,results/af2/single-repr-full/outputs/P00974__V69A/single_repr_model_1_pred_0.npy,"(100, 384)","(100, 384)",1152
P00974__Y70A,P00974,Y70A,70,4.700000,results/af2/single-repr-full/outputs/P00974/single_repr_model_1_pred_0.npy,results/af2/single-repr-full/outputs/P00974__Y70A/single_repr_model_1_pred_0.npy,"(100, 384)","(100, 384)",1152
P00974__Y70D,P00974,Y70D,70,3.800000,results/af2/single-repr-full/outputs/P00974/single_repr_model_1_pred_0.npy,results/af2/single-repr-full/outputs/P00974__Y70D/single_repr_model_1_pred_0.npy,"(100, 384)","(100, 384)",1152
P00974__Y70F,P00974,Y70F,70,0.600000,results/af2/single-repr-full/outputs/P00974/single_repr_model_1_pred_0.npy,results/af2/single-repr-full/outputs/P00974__Y70F/single_repr_model_1_pred_0.npy,"(100, 384)","(100, 384)",1152
P00974__Y70G,P00974,Y70G,70,5.000000,results/af2/single-repr-full/outputs/P00974/single_repr_model_1_pred_0.npy,results/af2/single-repr-full/outputs/P00974__Y70G/single_repr_model_1_pred_0.npy,"(100, 384)","(100, 384)",1152
P00974__Y70L,P00974,Y70L,70,3.700000,results/af2/single-repr-full/outputs/P00974/single_repr_model_1_pred_0.npy,results/af2/single-repr-full/outputs/P00974__Y70L/single_repr_model_1_pred_0.npy,"(100, 384)","(100, 384)",1152
P00974__Y70N,P00974,Y70N,70,3.700000,results/af2/single-repr-full/outputs/P00974/single_repr_model_1_pred_0.npy,results/af2/single-repr-full/outputs/P00974__Y70N/single_repr_model_1_pred_0.npy,"(100, 384)","(100, 384)",1152
P00974__G71A,P00974,G71A,71,2.100000,results/af2/single-repr-full/outputs/P00974/single_repr_model_1_pred_0.npy,results/af2/single-repr-full/outputs/P00974__G71A/single_repr_model_1_pred_0.npy,"(100, 384)","(100, 384)",1152
P00974__G71D,P00974,G71D,71,2.800000,results/af2/single-repr-full/outputs/P00974/single_repr_model_1_pred_0.npy,results/af2/single-repr-full/outputs/P00974__G71D/single_repr_model_1_pred_0.npy,"(100, 384)","(100, 384)",1152
P00974__G71S,P00974,G71S,71,0.700000,results/af2/single-repr-full/outputs/P00974/single_repr_model_1_pred_0.npy,results/af2/single-repr-full/outputs/P00974__G71S/single_repr_model_1_pred_0.npy,"(100, 384)","(100, 384)",1152
P00974__G72A,P00974,G72A,72,2.700000,results/af2/single-repr-full/outputs/P00974/single_repr_model_1_pred_0.npy,results/af2/single-repr-full/outputs/P00974__G72A/single_repr_model_1_pred_0.npy,"(100, 384)","(100, 384)",1152
P00974__G72D,P00974,G72D,72,1.700000,results/af2/single-repr-full/outputs/P00974/single_repr_model_1_pred_0.npy,results/af2/single-repr-full/outputs/P00974__G72D/single_repr_model_1_pred_0.npy,"(100, 384)","(100, 384)",1152
P00974__R74A,P00974,R74A,74,0.000000,results/af2/single-repr-full/outputs/P00974/single_repr_model_1_pred_0.npy,results/af2/single-repr-full/outputs/P00974__R74A/single_repr_model_1_pred_0.npy,"(100, 384)","(100, 384)",1152
P00974__K76A,P00974,K76A,76,0.400000,results/af2/single-repr-full/outputs/P00974/single_repr_model_1_pred_0.npy,results/af2/single-repr-full/outputs/P00974__K76A/single_repr_model_1_pred_0.npy,"(100, 384)","(100, 384)",1152
P00974__R77A,P00974,R77A,77,0.500000,results/af2/single-repr-full/outputs/P00974/single_repr_model_1_pred_0.npy,results/af2/single-repr-full/outputs/P00974__R77A/single_repr_model_1_pred_0.npy,"(100, 384)","(100, 384)",1152
P00974__N78G,P00974,N78G,78,5.700000,results/af2/single-repr-full/outputs/P00974/single_repr_model_1_pred_0.npy,results/af2/single-repr-full/outputs/P00974__N78G/single_repr_model_1_pred_0.npy,"(100, 384)","(100, 384)",1152
P00974__N79A,P00974,N79A,79,3.300000,results/af2/single-repr-full/outputs/P00974/single_repr_model_1_pred_0.npy,results/af2/single-repr-full/outputs/P00974__N79A/single_repr_model_1_pred_0.npy,"(100, 384)","(100, 384)",1152
P00974__N79G,P00974,N79G,79,4.700000,results/af2/single-repr-full/outputs/P00974/single_repr_model_1_pred_0.npy,results/af2/single-repr-full/outputs/P00974__N79G/single_repr_model_1_pred_0.npy,"(100, 384)","(100, 384)",1152
P00974__F80A,P00974,F80A,80,6.850000,results/af2/single-repr-full/outputs/P00974/single_repr_model_1_pred_0.npy,results/af2/single-repr-full/outputs/P00974__F80A/single_repr_model_1_pred_0.npy,"(100, 384)","(100, 384)",1152
P00974__K81A,P00974,K81A,81,-0.100000,results/af2/single-repr-full/outputs/P00974/single_repr_model_1_pred_0.npy,results/af2/single-repr-full/outputs/P00974__K81A/single_repr_model_1_pred_0.npy,"(100, 384)","(100, 384)",1152
P00974__S82A,P00974,S82A,82,1.600000,results/af2/single-repr-full/outputs/P00974/single_repr_model_1_pred_0.npy,results/af2/single-repr-full/outputs/P00974__S82A/single_repr_model_1_pred_0.npy,"(100, 384)","(100, 384)",1152
P00974__E84A,P00974,E84A,84,0.200000,results/af2/single-repr-full/outputs/P00974/single_repr_model_1_pred_0.npy,results/af2/single-repr-full/outputs/P00974__E84A/single_repr_model_1_pred_0.npy,"(100, 384)","(100, 384)",1152
P00974__D85A,P00974,D85A,85,0.400000,results/af2/single-repr-full/outputs/P00974/single_repr_model_1_pred_0.npy,results/af2/single-repr-full/outputs/P00974__D85A/single_repr_model_1_pred_0.npy,"(100, 384)","(100, 384)",1152
P00974__M87A,P00974,M87A,87,1.700000,results/af2/single-repr-full/outputs/P00974/single_repr_model_1_pred_0.npy,results/af2/single-repr-full/outputs/P00974__M87A/single_repr_model_1_pred_0.npy,"(100, 384)","(100, 384)",1152
P00974__R88A,P00974,R88A,88,0.100000,results/af2/single-repr-full/outputs/P00974/single_repr_model_1_pred_0.npy,results/af2/single-repr-full/outputs/P00974__R88A/single_repr_model_1_pred_0.npy,"(100, 384)","(100, 384)",1152
P00974__T89A,P00974,T89A,89,0.100000,results/af2/single-repr-full/outputs/P00974/single_repr_model_1_pred_0.npy,results/af2/single-repr-full/outputs/P00974__T89A/single_repr_model_1_pred_0.npy,"(100, 384)","(100, 384)",1152
P00974__G91A,P00974,G91A,91,0.200000,results/af2/single-repr-full/outputs/P00974/single_repr_model_1_pred_0.npy,results/af2/single-repr-full/outputs/P00974__G91A/single_repr_model_1_pred_0.npy,"(100, 384)","(100, 384)",1152
P00974__G92A,P00974,G92A,92,0.200000,results/af2/single-repr-full/outputs/P00974/single_repr_model_1_pred_0.npy,results/af2/single-repr-full/outputs/P00974__G92A/single_repr_model_1_pred_0.npy,"(100, 384)","(100, 384)",1152
P01006__V44A,P01006,V44A,44,6.780000,results/af2/single-repr-full/outputs/P01006/single_repr_model_1_pred_0.npy,results/af2/single-repr-full/outputs/P01006__V44A/single_repr_model_1_pred_0.npy,"(144, 384)","(144, 384)",1152
P01006__V44F,P01006,V44F,44,5.415000,results/af2/single-repr-full/outputs/P01006/single_repr_model_1_pred_0.npy,results/af2/single-repr-full/outputs/P01006__V44F/single_repr_model_1_pred_0.npy,"(144, 384)","(144, 384)",1152
P01006__V44G,P01006,V44G,44,9.800000,results/af2/single-repr-full/outputs/P01006/single_repr_model_1_pred_0.npy,results/af2/single-repr-full/outputs/P01006__V44G/single_repr_model_1_pred_0.npy,"(144, 384)","(144, 384)",1152
P01006__V44I,P01006,V44I,44,0.840000,results/af2/single-repr-full/outputs/P01006/single_repr_model_1_pred_0.npy,results/af2/single-repr-full/outputs/P01006__V44I/single_repr_model_1_pred_0.npy,"(144, 384)","(144, 384)",1152
P01006__V44L,P01006,V44L,44,2.300000,results/af2/single-repr-full/outputs/P01006/single_repr_model_1_pred_0.npy,results/af2/single-repr-full/outputs/P01006__V44L/single_repr_model_1_pred_0.npy,"(144, 384)","(144, 384)",1152
P01006__V44M,P01006,V44M,44,5.565000,results/af2/single-repr-full/outputs/P01006/single_repr_model_1_pred_0.npy,results/af2/single-repr-full/outputs/P01006__V44M/single_repr_model_1_pred_0.npy,"(144, 384)","(144, 384)",1152
P01006__M104A,P01006,M104A,104,-0.300000,results/af2/single-repr-full/outputs/P01006/single_repr_model_1_pred_0.npy,results/af2/single-repr-full/outputs/P01006__M104A/single_repr_model_1_pred_0.npy,"(144, 384)","(144, 384)",1152
P01006__M104D,P01006,M104D,104,-1.250000,results/af2/single-repr-full/outputs/P01006/single_repr_model_1_pred_0.npy,results/af2/single-repr-full/outputs/P01006__M104D/single_repr_model_1_pred_0.npy,"(144, 384)","(144, 384)",1152
P01006__M104E,P01006,M104E,104,-0.560000,results/af2/single-repr-full/outputs/P01006/single_repr_model_1_pred_0.npy,results/af2/single-repr-full/outputs/P01006__M104E/single_repr_model_1_pred_0.npy,"(144, 384)","(144, 384)",1152
P01006__M104G,P01006,M104G,104,0.210000,results/af2/single-repr-full/outputs/P01006/single_repr_model_1_pred_0.npy,results/af2/single-repr-full/outputs/P01006__M104G/single_repr_model_1_pred_0.npy,"(144, 384)","(144, 384)",1152
P01006__M104I,P01006,M104I,104,0.940000,results/af2/single-repr-full/outputs/P01006/single_repr_model_1_pred_0.npy,results/af2/single-repr-full/outputs/P01006__M104I/single_repr_model_1_pred_0.npy,"(144, 384)","(144, 384)",1152
P01006__M104K,P01006,M104K,104,-0.350000,results/af2/single-repr-full/outputs/P01006/single_repr_model_1_pred_0.npy,results/af2/single-repr-full/outputs/P01006__M104K/single_repr_model_1_pred_0.npy,"(144, 384)","(144, 384)",1152
P01006__M104L,P01006,M104L,104,0.275000,results/af2/single-repr-full/outputs/P01006/single_repr_model_1_pred_0.npy,results/af2/single-repr-full/outputs/P01006__M104L/single_repr_model_1_pred_0.npy,"(144, 384)","(144, 384)",1152
P01006__M104V,P01006,M104V,104,0.560000,results/af2/single-repr-full/outputs/P01006/single_repr_model_1_pred_0.npy,results/af2/single-repr-full/outputs/P01006__M104V/single_repr_model_1_pred_0.npy,"(144, 384)","(144, 384)",1152
P01006__M134A,P01006,M134A,134,2.200000,results/af2/single-repr-full/outputs/P01006/single_repr_model_1_pred_0.npy,results/af2/single-repr-full/outputs/P01006__M134A/single_repr_model_1_pred_0.npy,"(144, 384)","(144, 384)",1152
P01006__M134G,P01006,M134G,134,6.900000,results/af2/single-repr-full/outputs/P01006/single_repr_model_1_pred_0.npy,results/af2/single-repr-full/outputs/P01006__M134G/single_repr_model_1_pred_0.npy,"(144, 384)","(144, 384)",1152
P01006__M134I,P01006,M134I,134,2.010000,results/af2/single-repr-full/outputs/P01006/single_repr_model_1_pred_0.npy,results/af2/single-repr-full/outputs/P01006__M134I/single_repr_model_1_pred_0.npy,"(144, 384)","(144, 384)",1152
P01006__M134L,P01006,M134L,134,0.025000,results/af2/single-repr-full/outputs/P01006/single_repr_model_1_pred_0.npy,results/af2/single-repr-full/outputs/P01006__M134L/single_repr_model_1_pred_0.npy,"(144, 384)","(144, 384)",1152
P01006__M134V,P01006,M134V,134,1.840000,results/af2/single-repr-full/outputs/P01006/single_repr_model_1_pred_0.npy,results/af2/single-repr-full/outputs/P01006__M134V/single_repr_model_1_pred_0.npy,"(144, 384)","(144, 384)",1152
P01009__A31I,P01009,A31I,31,-0.800000,results/af2/single-repr-full/outputs/P01009/single_repr_model_1_pred_0.npy,results/af2/single-repr-full/outputs/P01009__A31I/single_repr_model_1_pred_0.npy,"(418, 384)","(418, 384)",1152
P01009__A31L,P01009,A31L,31,-0.800000,results/af2/single-repr-full/outputs/P01009/single_repr_model_1_pred_0.npy,results/af2/single-repr-full/outputs/P01009__A31L/single_repr_model_1_pred_0.npy,"(418, 384)","(418, 384)",1152
P01009__A31P,P01009,A31P,31,-2.100000,results/af2/single-repr-full/outputs/P01009/single_repr_model_1_pred_0.npy,results/af2/single-repr-full/outputs/P01009__A31P/single_repr_model_1_pred_0.npy,"(418, 384)","(418, 384)",1152
P01009__A31V,P01009,A31V,31,-0.500000,results/af2/single-repr-full/outputs/P01009/single_repr_model_1_pred_0.npy,results/af2/single-repr-full/outputs/P01009__A31V/single_repr_model_1_pred_0.npy,"(418, 384)","(418, 384)",1152
P01009__A55I,P01009,A55I,55,-0.900000,results/af2/single-repr-full/outputs/P01009/single_repr_model_1_pred_0.npy,results/af2/single-repr-full/outputs/P01009__A55I/single_repr_model_1_pred_0.npy,"(418, 384)","(418, 384)",1152
P01009__A55L,P01009,A55L,55,-0.900000,results/af2/single-repr-full/outputs/P01009/single_repr_model_1_pred_0.npy,results/af2/single-repr-full/outputs/P01009__A55L/single_repr_model_1_pred_0.npy,"(418, 384)","(418, 384)",1152
P01009__A55P,P01009,A55P,55,-2.500000,results/af2/single-repr-full/outputs/P01009/single_repr_model_1_pred_0.npy,results/af2/single-repr-full/outputs/P01009__A55P/single_repr_model_1_pred_0.npy,"(418, 384)","(418, 384)",1152
P01009__A55V,P01009,A55V,55,-0.600000,results/af2/single-repr-full/outputs/P01009/single_repr_model_1_pred_0.npy,results/af2/single-repr-full/outputs/P01009__A55V/single_repr_model_1_pred_0.npy,"(418, 384)","(418, 384)",1152
P01009__F75C,P01009,F75C,75,-2.805000,results/af2/single-repr-full/outputs/P01009/single_repr_model_1_pred_0.npy,results/af2/single-repr-full/outputs/P01009__F75C/single_repr_model_1_pred_0.npy,"(418, 384)","(418, 384)",1152
P01009__F75L,P01009,F75L,75,-1.950000,results/af2/single-repr-full/outputs/P01009/single_repr_model_1_pred_0.npy,results/af2/single-repr-full/outputs/P01009__F75L/single_repr_model_1_pred_0.npy,"(418, 384)","(418, 384)",1152
P01009__V79I,P01009,V79I,79,0.200000,results/af2/single-repr-full/outputs/P01009/single_repr_model_1_pred_0.npy,results/af2/single-repr-full/outputs/P01009__V79I/single_repr_model_1_pred_0.npy,"(418, 384)","(418, 384)",1152
P01009__V79L,P01009,V79L,79,0.300000,results/af2/single-repr-full/outputs/P01009/single_repr_model_1_pred_0.npy,results/af2/single-repr-full/outputs/P01009__V79L/single_repr_model_1_pred_0.npy,"(418, 384)","(418, 384)",1152
P01009__T83A,P01009,T83A,83,-0.950000,results/af2/single-repr-full/outputs/P01009/single_repr_model_1_pred_0.npy,results/af2/single-repr-full/outputs/P01009__T83A/single_repr_model_1_pred_0.npy,"(418, 384)","(418, 384)",1152
P01009__T92A,P01009,T92A,92,-0.950000,results/af2/single-repr-full/outputs/P01009/single_repr_model_1_pred_0.npy,results/af2/single-repr-full/outputs/P01009__T92A/single_repr_model_1_pred_0.npy,"(418, 384)","(418, 384)",1152
P01009__A94G,P01009,A94G,94,-1.500000,results/af2/single-repr-full/outputs/P01009/single_repr_model_1_pred_0.npy,results/af2/single-repr-full/outputs/P01009__A94G/single_repr_model_1_pred_0.npy,"(418, 384)","(418, 384)",1152
P01009__V169I,P01009,V169I,169,-0.200000,results/af2/single-repr-full/outputs/P01009/single_repr_model_1_pred_0.npy,results/af2/single-repr-full/outputs/P01009__V169I/single_repr_model_1_pred_0.npy,"(418, 384)","(418, 384)",1152
P01009__V169L,P01009,V169L,169,0.650000,results/af2/single-repr-full/outputs/P01009/single_repr_model_1_pred_0.npy,results/af2/single-repr-full/outputs/P01009__V169L/single_repr_model_1_pred_0.npy,"(418, 384)","(418, 384)",1152
P01009__Y184A,P01009,Y184A,184,0.200000,results/af2/single-repr-full/outputs/P01009/single_repr_model_1_pred_0.npy,results/af2/single-repr-full/outputs/P01009__Y184A/single_repr_model_1_pred_0.npy,"(418, 384)","(418, 384)",1152
P01009__Y184W,P01009,Y184W,184,-1.200000,results/af2/single-repr-full/outputs/P01009/single_repr_model_1_pred_0.npy,results/af2/single-repr-full/outputs/P01009__Y184W/single_repr_model_1_pred_0.npy,"(418, 384)","(418, 384)",1152
P01009__V197I,P01009,V197I,197,-0.450000,results/af2/single-repr-full/outputs/P01009/single_repr_model_1_pred_0.npy,results/af2/single-repr-full/outputs/P01009__V197I/single_repr_model_1_pred_0.npy,"(418, 384)","(418, 384)",1152
P01009__V197L,P01009,V197L,197,0.550000,results/af2/single-repr-full/outputs/P01009/single_repr_model_1_pred_0.npy,results/af2/single-repr-full/outputs/P01009__V197L/single_repr_model_1_pred_0.npy,"(418, 384)","(418, 384)",1152
P01009__A207F,P01009,A207F,207,-1.400000,results/af2/single-repr-full/outputs/P01009/single_repr_model_1_pred_0.npy,results/af2/single-repr-full/outputs/P01009__A207F/single_repr_model_1_pred_0.npy,"(418, 384)","(418, 384)",1152
P01009__A207I,P01009,A207I,207,-1.650000,results/af2/single-repr-full/outputs/P01009/single_repr_model_1_pred_0.npy,results/af2/single-repr-full/outputs/P01009__A207I/single_repr_model_1_pred_0.npy,"(418, 384)","(418, 384)",1152
P01009__A207L,P01009,A207L,207,-1.300000,results/af2/single-repr-full/outputs/P01009/single_repr_model_1_pred_0.npy,results/af2/single-repr-full/outputs/P01009__A207L/single_repr_model_1_pred_0.npy,"(418, 384)","(418, 384)",1152
P01009__A207V,P01009,A207V,207,-3.500000,results/af2/single-repr-full/outputs/P01009/single_repr_model_1_pred_0.npy,results/af2/single-repr-full/outputs/P01009__A207V/single_repr_model_1_pred_0.npy,"(418, 384)","(418, 384)",1152
P01009__W218F,P01009,W218F,218,0.500000,results/af2/single-repr-full/outputs/P01009/single_repr_model_1_pred_0.npy,results/af2/single-repr-full/outputs/P01009__W218F/single_repr_model_1_pred_0.npy,"(418, 384)","(418, 384)",1152
P01009__W262F,P01009,W262F,262,-1.000000,results/af2/single-repr-full/outputs/P01009/single_repr_model_1_pred_0.npy,results/af2/single-repr-full/outputs/P01009__W262F/single_repr_model_1_pred_0.npy,"(418, 384)","(418, 384)",1152
P01009__A272F,P01009,A272F,272,-1.650000,results/af2/single-repr-full/outputs/P01009/single_repr_model_1_pred_0.npy,results/af2/single-repr-full/outputs/P01009__A272F/single_repr_model_1_pred_0.npy,"(418, 384)","(418, 384)",1152
P01009__A272I,P01009,A272I,272,-2.050000,results/af2/single-repr-full/outputs/P01009/single_repr_model_1_pred_0.npy,results/af2/single-repr-full/outputs/P01009__A272I/single_repr_model_1_pred_0.npy,"(418, 384)","(418, 384)",1152
P01009__A272L,P01009,A272L,272,0.300000,results/af2/single-repr-full/outputs/P01009/single_repr_model_1_pred_0.npy,results/af2/single-repr-full/outputs/P01009__A272L/single_repr_model_1_pred_0.npy,"(418, 384)","(418, 384)",1152
P01009__A272V,P01009,A272V,272,-2.150000,results/af2/single-repr-full/outputs/P01009/single_repr_model_1_pred_0.npy,results/af2/single-repr-full/outputs/P01009__A272V/single_repr_model_1_pred_0.npy,"(418, 384)","(418, 384)",1152
P01009__A274I,P01009,A274I,274,0.350000,results/af2/single-repr-full/outputs/P01009/single_repr_model_1_pred_0.npy,results/af2/single-repr-full/outputs/P01009__A274I/single_repr_model_1_pred_0.npy,"(418, 384)","(418, 384)",1152
P01009__A274L,P01009,A274L,274,0.950000,results/af2/single-repr-full/outputs/P01009/single_repr_model_1_pred_0.npy,results/af2/single-repr-full/outputs/P01009__A274L/single_repr_model_1_pred_0.npy,"(418, 384)","(418, 384)",1152
P01009__A274V,P01009,A274V,274,0.350000,results/af2/single-repr-full/outputs/P01009/single_repr_model_1_pred_0.npy,results/af2/single-repr-full/outputs/P01009__A274V/single_repr_model_1_pred_0.npy,"(418, 384)","(418, 384)",1152
P01009__A308I,P01009,A308I,308,0.000000,results/af2/single-repr-full/outputs/P01009/single_repr_model_1_pred_0.npy,results/af2/single-repr-full/outputs/P01009__A308I/single_repr_model_1_pred_0.npy,"(418, 384)","(418, 384)",1152
P01009__A308L,P01009,A308L,308,0.800000,results/af2/single-repr-full/outputs/P01009/single_repr_model_1_pred_0.npy,results/af2/single-repr-full/outputs/P01009__A308L/single_repr_model_1_pred_0.npy,"(418, 384)","(418, 384)",1152
P01009__A308V,P01009,A308V,308,-0.750000,results/af2/single-repr-full/outputs/P01009/single_repr_model_1_pred_0.npy,results/af2/single-repr-full/outputs/P01009__A308V/single_repr_model_1_pred_0.npy,"(418, 384)","(418, 384)",1152
P01009__V345I,P01009,V345I,345,-0.550000,results/af2/single-repr-full/outputs/P01009/single_repr_model_1_pred_0.npy,results/af2/single-repr-full/outputs/P01009__V345I/single_repr_model_1_pred_0.npy,"(418, 384)","(418, 384)",1152
P01009__V345L,P01009,V345L,345,1.100000,results/af2/single-repr-full/outputs/P01009/single_repr_model_1_pred_0.npy,results/af2/single-repr-full/outputs/P01009__V345L/single_repr_model_1_pred_0.npy,"(418, 384)","(418, 384)",1152
P01009__S354R,P01009,S354R,354,-1.610000,results/af2/single-repr-full/outputs/P01009/single_repr_model_1_pred_0.npy,results/af2/single-repr-full/outputs/P01009__S354R/single_repr_model_1_pred_0.npy,"(418, 384)","(418, 384)",1152
P01009__K355F,P01009,K355F,355,1.105000,results/af2/single-repr-full/outputs/P01009/single_repr_model_1_pred_0.npy,results/af2/single-repr-full/outputs/P01009__K355F/single_repr_model_1_pred_0.npy,"(418, 384)","(418, 384)",1152
P01009__K355I,P01009,K355I,355,0.400000,results/af2/single-repr-full/outputs/P01009/single_repr_model_1_pred_0.npy,results/af2/single-repr-full/outputs/P01009__K355I/single_repr_model_1_pred_0.npy,"(418, 384)","(418, 384)",1152
P01009__K355T,P01009,K355T,355,-0.365000,results/af2/single-repr-full/outputs/P01009/single_repr_model_1_pred_0.npy,results/af2/single-repr-full/outputs/P01009__K355T/single_repr_model_1_pred_0.npy,"(418, 384)","(418, 384)",1152
P01009__K355V,P01009,K355V,355,0.650000,results/af2/single-repr-full/outputs/P01009/single_repr_model_1_pred_0.npy,results/af2/single-repr-full/outputs/P01009__K355V/single_repr_model_1_pred_0.npy,"(418, 384)","(418, 384)",1152
P01009__V388I,P01009,V388I,388,-0.350000,results/af2/single-repr-full/outputs/P01009/single_repr_model_1_pred_0.npy,results/af2/single-repr-full/outputs/P01009__V388I/single_repr_model_1_pred_0.npy,"(418, 384)","(418, 384)",1152
P01009__V388L,P01009,V388L,388,0.300000,results/af2/single-repr-full/outputs/P01009/single_repr_model_1_pred_0.npy,results/af2/single-repr-full/outputs/P01009__V388L/single_repr_model_1_pred_0.npy,"(418, 384)","(418, 384)",1152
P01009__M398I,P01009,M398I,398,-2.150000,results/af2/single-repr-full/outputs/P01009/single_repr_model_1_pred_0.npy,results/af2/single-repr-full/outputs/P01009__M398I/single_repr_model_1_pred_0.npy,"(418, 384)","(418, 384)",1152
P01009__S405A,P01009,S405A,405,-0.950000,results/af2/single-repr-full/outputs/P01009/single_repr_model_1_pred_0.npy,results/af2/single-repr-full/outputs/P01009__S405A/single_repr_model_1_pred_0.npy,"(418, 384)","(418, 384)",1152
P01009__K411R,P01009,K411R,411,-0.950000,results/af2/single-repr-full/outputs/P01009/single_repr_model_1_pred_0.npy,results/af2/single-repr-full/outputs/P01009__K411R/single_repr_model_1_pred_0.npy,"(418, 384)","(418, 384)",1152
P01051__V14A,P01051,V14A,14,1.020000,results/af2/single-repr-full/outputs/P01051/single_repr_model_1_pred_0.npy,results/af2/single-repr-full/outputs/P01051__V14A/single_repr_model_1_pred_0.npy,"(70, 384)","(70, 384)",1152
P01051__V18A,P01051,V18A,18,1.200000,results/af2/single-repr-full/outputs/P01051/single_repr_model_1_pred_0.npy,results/af2/single-repr-full/outputs/P01051__V18A/single_repr_model_1_pred_0.npy,"(70, 384)","(70, 384)",1152
P01051__L27A,P01051,L27A,27,0.180000,results/af2/single-repr-full/outputs/P01051/single_repr_model_1_pred_0.npy,results/af2/single-repr-full/outputs/P01051__L27A/single_repr_model_1_pred_0.npy,"(70, 384)","(70, 384)",1152
P01051__V54A,P01051,V54A,54,1.590000,results/af2/single-repr-full/outputs/P01051/single_repr_model_1_pred_0.npy,results/af2/single-repr-full/outputs/P01051__V54A/single_repr_model_1_pred_0.npy,"(70, 384)","(70, 384)",1152
P01051__V62A,P01051,V62A,62,1.005000,results/af2/single-repr-full/outputs/P01051/single_repr_model_1_pred_0.npy,results/af2/single-repr-full/outputs/P01051__V62A/single_repr_model_1_pred_0.npy,"(70, 384)","(70, 384)",1152
P01053__K22A,P01053,K22A,22,0.700000,results/af2/single-repr-full/outputs/P01053/single_repr_model_1_pred_0.npy,results/af2/single-repr-full/outputs/P01053__K22A/single_repr_model_1_pred_0.npy,"(84, 384)","(84, 384)",1152
P01053__K22M,P01053,K22M,22,0.670000,results/af2/single-repr-full/outputs/P01053/single_repr_model_1_pred_0.npy,results/af2/single-repr-full/outputs/P01053__K22M/single_repr_model_1_pred_0.npy,"(84, 384)","(84, 384)",1152
P01053__T23A,P01053,T23A,23,0.850000,results/af2/single-repr-full/outputs/P01053/single_repr_model_1_pred_0.npy,results/af2/single-repr-full/outputs/P01053__T23A/single_repr_model_1_pred_0.npy,"(84, 384)","(84, 384)",1152
P01053__T23G,P01053,T23G,23,1.160000,results/af2/single-repr-full/outputs/P01053/single_repr_model_1_pred_0.npy,results/af2/single-repr-full/outputs/P01053__T23G/single_repr_model_1_pred_0.npy,"(84, 384)","(84, 384)",1152
P01053__T23V,P01053,T23V,23,0.320000,results/af2/single-repr-full/outputs/P01053/single_repr_model_1_pred_0.npy,results/af2/single-repr-full/outputs/P01053__T23V/single_repr_model_1_pred_0.npy,"(84, 384)","(84, 384)",1152
P01053__P26A,P01053,P26A,26,1.570000,results/af2/single-repr-full/outputs/P01053/single_repr_model_1_pred_0.npy,results/af2/single-repr-full/outputs/P01053__P26A/single_repr_model_1_pred_0.npy,"(84, 384)","(84, 384)",1152
P01053__E27A,P01053,E27A,27,0.800000,results/af2/single-repr-full/outputs/P01053/single_repr_model_1_pred_0.npy,results/af2/single-repr-full/outputs/P01053__E27A/single_repr_model_1_pred_0.npy,"(84, 384)","(84, 384)",1152
P01053__E27Q,P01053,E27Q,27,0.620000,results/af2/single-repr-full/outputs/P01053/single_repr_model_1_pred_0.npy,results/af2/single-repr-full/outputs/P01053__E27Q/single_repr_model_1_pred_0.npy,"(84, 384)","(84, 384)",1152
P01053__L28A,P01053,L28A,28,2.650000,results/af2/single-repr-full/outputs/P01053/single_repr_model_1_pred_0.npy,results/af2/single-repr-full/outputs/P01053__L28A/single_repr_model_1_pred_0.npy,"(84, 384)","(84, 384)",1152
P01053__K31A,P01053,K31A,31,-0.420000,results/af2/single-repr-full/outputs/P01053/single_repr_model_1_pred_0.npy,results/af2/single-repr-full/outputs/P01053__K31A/single_repr_model_1_pred_0.npy,"(84, 384)","(84, 384)",1152
P01053__S32A,P01053,S32A,32,-0.750000,results/af2/single-repr-full/outputs/P01053/single_repr_model_1_pred_0.npy,results/af2/single-repr-full/outputs/P01053__S32A/single_repr_model_1_pred_0.npy,"(84, 384)","(84, 384)",1152
P01053__S32G,P01053,S32G,32,-0.650000,results/af2/single-repr-full/outputs/P01053/single_repr_model_1_pred_0.npy,results/af2/single-repr-full/outputs/P01053__S32G/single_repr_model_1_pred_0.npy,"(84, 384)","(84, 384)",1152
P01053__E34A,P01053,E34A,34,-0.600000,results/af2/single-repr-full/outputs/P01053/single_repr_model_1_pred_0.npy,results/af2/single-repr-full/outputs/P01053__E34A/single_repr_model_1_pred_0.npy,"(84, 384)","(84, 384)",1152
P01053__E34D,P01053,E34D,34,0.520000,results/af2/single-repr-full/outputs/P01053/single_repr_model_1_pred_0.npy,results/af2/single-repr-full/outputs/P01053__E34D/single_repr_model_1_pred_0.npy,"(84, 384)","(84, 384)",1152
P01053__E34N,P01053,E34N,34,0.600000,results/af2/single-repr-full/outputs/P01053/single_repr_model_1_pred_0.npy,results/af2/single-repr-full/outputs/P01053__E34N/single_repr_model_1_pred_0.npy,"(84, 384)","(84, 384)",1152
P01053__E34Q,P01053,E34Q,34,0.500000,results/af2/single-repr-full/outputs/P01053/single_repr_model_1_pred_0.npy,results/af2/single-repr-full/outputs/P01053__E34Q/single_repr_model_1_pred_0.npy,"(84, 384)","(84, 384)",1152
P01053__E35D,P01053,E35D,35,0.740000,results/af2/single-repr-full/outputs/P01053/single_repr_model_1_pred_0.npy,results/af2/single-repr-full/outputs/P01053__E35D/single_repr_model_1_pred_0.npy,"(84, 384)","(84, 384)",1152
P01053__E35N,P01053,E35N,35,1.070000,results/af2/single-repr-full/outputs/P01053/single_repr_model_1_pred_0.npy,results/af2/single-repr-full/outputs/P01053__E35N/single_repr_model_1_pred_0.npy,"(84, 384)","(84, 384)",1152
P01053__E35Q,P01053,E35Q,35,0.470000,results/af2/single-repr-full/outputs/P01053/single_repr_model_1_pred_0.npy,results/af2/single-repr-full/outputs/P01053__E35Q/single_repr_model_1_pred_0.npy,"(84, 384)","(84, 384)",1152
P01053__A36G,P01053,A36G,36,1.150000,results/af2/single-repr-full/outputs/P01053/single_repr_model_1_pred_0.npy,results/af2/single-repr-full/outputs/P01053__A36G/single_repr_model_1_pred_0.npy,"(84, 384)","(84, 384)",1152
P01053__K37A,P01053,K37A,37,0.500000,results/af2/single-repr-full/outputs/P01053/single_repr_model_1_pred_0.npy,results/af2/single-repr-full/outputs/P01053__K37A/single_repr_model_1_pred_0.npy,"(84, 384)","(84, 384)",1152
P01053__K37G,P01053,K37G,37,2.000000,results/af2/single-repr-full/outputs/P01053/single_repr_model_1_pred_0.npy,results/af2/single-repr-full/outputs/P01053__K37G/single_repr_model_1_pred_0.npy,"(84, 384)","(84, 384)",1152
P01053__K38A,P01053,K38A,38,-0.220000,results/af2/single-repr-full/outputs/P01053/single_repr_model_1_pred_0.npy,results/af2/single-repr-full/outputs/P01053__K38A/single_repr_model_1_pred_0.npy,"(84, 384)","(84, 384)",1152
P01053__K38G,P01053,K38G,38,0.980000,results/af2/single-repr-full/outputs/P01053/single_repr_model_1_pred_0.npy,results/af2/single-repr-full/outputs/P01053__K38G/single_repr_model_1_pred_0.npy,"(84, 384)","(84, 384)",1152
P01053__V39A,P01053,V39A,39,0.460000,results/af2/single-repr-full/outputs/P01053/single_repr_model_1_pred_0.npy,results/af2/single-repr-full/outputs/P01053__V39A/single_repr_model_1_pred_0.npy,"(84, 384)","(84, 384)",1152
P01053__I40L,P01053,I40L,40,1.960000,results/af2/single-repr-full/outputs/P01053/single_repr_model_1_pred_0.npy,results/af2/single-repr-full/outputs/P01053__I40L/single_repr_model_1_pred_0.npy,"(84, 384)","(84, 384)",1152
P01053__I40V,P01053,I40V,40,1.200000,results/af2/single-repr-full/outputs/P01053/single_repr_model_1_pred_0.npy,results/af2/single-repr-full/outputs/P01053__I40V/single_repr_model_1_pred_0.npy,"(84, 384)","(84, 384)",1152
P01053__L41A,P01053,L41A,41,1.300000,results/af2/single-repr-full/outputs/P01053/single_repr_model_1_pred_0.npy,results/af2/single-repr-full/outputs/P01053__L41A/single_repr_model_1_pred_0.npy,"(84, 384)","(84, 384)",1152
P01053__L41G,P01053,L41G,41,1.900000,results/af2/single-repr-full/outputs/P01053/single_repr_model_1_pred_0.npy,results/af2/single-repr-full/outputs/P01053__L41G/single_repr_model_1_pred_0.npy,"(84, 384)","(84, 384)",1152
P01053__Q42A,P01053,Q42A,42,0.160000,results/af2/single-repr-full/outputs/P01053/single_repr_model_1_pred_0.npy,results/af2/single-repr-full/outputs/P01053__Q42A/single_repr_model_1_pred_0.npy,"(84, 384)","(84, 384)",1152
P01053__Q42G,P01053,Q42G,42,0.700000,results/af2/single-repr-full/outputs/P01053/single_repr_model_1_pred_0.npy,results/af2/single-repr-full/outputs/P01053__Q42G/single_repr_model_1_pred_0.npy,"(84, 384)","(84, 384)",1152
P01053__D43A,P01053,D43A,43,1.000000,results/af2/single-repr-full/outputs/P01053/single_repr_model_1_pred_0.npy,results/af2/single-repr-full/outputs/P01053__D43A/single_repr_model_1_pred_0.npy,"(84, 384)","(84, 384)",1152
P01053__K44A,P01053,K44A,44,0.650000,results/af2/single-repr-full/outputs/P01053/single_repr_model_1_pred_0.npy,results/af2/single-repr-full/outputs/P01053__K44A/single_repr_model_1_pred_0.npy,"(84, 384)","(84, 384)",1152
P01053__K44G,P01053,K44G,44,3.250000,results/af2/single-repr-full/outputs/P01053/single_repr_model_1_pred_0.npy,results/af2/single-repr-full/outputs/P01053__K44G/single_repr_model_1_pred_0.npy,"(84, 384)","(84, 384)",1152
P01053__P45A,P01053,P45A,45,1.680000,results/af2/single-repr-full/outputs/P01053/single_repr_model_1_pred_0.npy,results/af2/single-repr-full/outputs/P01053__P45A/single_repr_model_1_pred_0.npy,"(84, 384)","(84, 384)",1152
P01053__E46A,P01053,E46A,46,0.550000,results/af2/single-repr-full/outputs/P01053/single_repr_model_1_pred_0.npy,results/af2/single-repr-full/outputs/P01053__E46A/single_repr_model_1_pred_0.npy,"(84, 384)","(84, 384)",1152
P01053__E46Q,P01053,E46Q,46,0.600000,results/af2/single-repr-full/outputs/P01053/single_repr_model_1_pred_0.npy,results/af2/single-repr-full/outputs/P01053__E46Q/single_repr_model_1_pred_0.npy,"(84, 384)","(84, 384)",1152
P01053__Q48M,P01053,Q48M,48,-0.300000,results/af2/single-repr-full/outputs/P01053/single_repr_model_1_pred_0.npy,results/af2/single-repr-full/outputs/P01053__Q48M/single_repr_model_1_pred_0.npy,"(84, 384)","(84, 384)",1152
P01053__I49A,P01053,I49A,49,3.700000,results/af2/single-repr-full/outputs/P01053/single_repr_model_1_pred_0.npy,results/af2/single-repr-full/outputs/P01053__I49A/single_repr_model_1_pred_0.npy,"(84, 384)","(84, 384)",1152
P01053__I49G,P01053,I49G,49,3.350000,results/af2/single-repr-full/outputs/P01053/single_repr_model_1_pred_0.npy,results/af2/single-repr-full/outputs/P01053__I49G/single_repr_model_1_pred_0.npy,"(84, 384)","(84, 384)",1152
P01053__I49T,P01053,I49T,49,1.200000,results/af2/single-repr-full/outputs/P01053/single_repr_model_1_pred_0.npy,results/af2/single-repr-full/outputs/P01053__I49T/single_repr_model_1_pred_0.npy,"(84, 384)","(84, 384)",1152
P01053__I49V,P01053,I49V,49,1.000000,results/af2/single-repr-full/outputs/P01053/single_repr_model_1_pred_0.npy,results/af2/single-repr-full/outputs/P01053__I49V/single_repr_model_1_pred_0.npy,"(84, 384)","(84, 384)",1152
P01053__I50A,P01053,I50A,50,2.120000,results/af2/single-repr-full/outputs/P01053/single_repr_model_1_pred_0.npy,results/af2/single-repr-full/outputs/P01053__I50A/single_repr_model_1_pred_0.npy,"(84, 384)","(84, 384)",1152
P01053__I50G,P01053,I50G,50,3.520000,results/af2/single-repr-full/outputs/P01053/single_repr_model_1_pred_0.npy,results/af2/single-repr-full/outputs/P01053__I50G/single_repr_model_1_pred_0.npy,"(84, 384)","(84, 384)",1152
P01053__I50T,P01053,I50T,50,1.340000,results/af2/single-repr-full/outputs/P01053/single_repr_model_1_pred_0.npy,results/af2/single-repr-full/outputs/P01053__I50T/single_repr_model_1_pred_0.npy,"(84, 384)","(84, 384)",1152
P01053__I50V,P01053,I50V,50,-0.080000,results/af2/single-repr-full/outputs/P01053/single_repr_model_1_pred_0.npy,results/af2/single-repr-full/outputs/P01053__I50V/single_repr_model_1_pred_0.npy,"(84, 384)","(84, 384)",1152
P01053__L52A,P01053,L52A,52,2.370000,results/af2/single-repr-full/outputs/P01053/single_repr_model_1_pred_0.npy,results/af2/single-repr-full/outputs/P01053__L52A/single_repr_model_1_pred_0.npy,"(84, 384)","(84, 384)",1152
P01053__L52I,P01053,L52I,52,0.600000,results/af2/single-repr-full/outputs/P01053/single_repr_model_1_pred_0.npy,results/af2/single-repr-full/outputs/P01053__L52I/single_repr_model_1_pred_0.npy,"(84, 384)","(84, 384)",1152
P01053__L52V,P01053,L52V,52,0.600000,results/af2/single-repr-full/outputs/P01053/single_repr_model_1_pred_0.npy,results/af2/single-repr-full/outputs/P01053__L52V/single_repr_model_1_pred_0.npy,"(84, 384)","(84, 384)",1152
P01053__P53A,P01053,P53A,53,0.300000,results/af2/single-repr-full/outputs/P01053/single_repr_model_1_pred_0.npy,results/af2/single-repr-full/outputs/P01053__P53A/single_repr_model_1_pred_0.npy,"(84, 384)","(84, 384)",1152
P01053__V54A,P01053,V54A,54,0.635000,results/af2/single-repr-full/outputs/P01053/single_repr_model_1_pred_0.npy,results/af2/single-repr-full/outputs/P01053__V54A/single_repr_model_1_pred_0.npy,"(84, 384)","(84, 384)",1152
P01053__V54G,P01053,V54G,54,2.400000,results/af2/single-repr-full/outputs/P01053/single_repr_model_1_pred_0.npy,results/af2/single-repr-full/outputs/P01053__V54G/single_repr_model_1_pred_0.npy,"(84, 384)","(84, 384)",1152
P01053__V54T,P01053,V54T,54,1.030000,results/af2/single-repr-full/outputs/P01053/single_repr_model_1_pred_0.npy,results/af2/single-repr-full/outputs/P01053__V54T/single_repr_model_1_pred_0.npy,"(84, 384)","(84, 384)",1152
P01053__T56A,P01053,T56A,56,-0.415000,results/af2/single-repr-full/outputs/P01053/single_repr_model_1_pred_0.npy,results/af2/single-repr-full/outputs/P01053__T56A/single_repr_model_1_pred_0.npy,"(84, 384)","(84, 384)",1152
P01053__T56S,P01053,T56S,56,0.260000,results/af2/single-repr-full/outputs/P01053/single_repr_model_1_pred_0.npy,results/af2/single-repr-full/outputs/P01053__T56S/single_repr_model_1_pred_0.npy,"(84, 384)","(84, 384)",1152
P01053__T56V,P01053,T56V,56,1.000000,results/af2/single-repr-full/outputs/P01053/single_repr_model_1_pred_0.npy,results/af2/single-repr-full/outputs/P01053__T56V/single_repr_model_1_pred_0.npy,"(84, 384)","(84, 384)",1152
P01053__I57A,P01053,I57A,57,0.365000,results/af2/single-repr-full/outputs/P01053/single_repr_model_1_pred_0.npy,results/af2/single-repr-full/outputs/P01053__I57A/single_repr_model_1_pred_0.npy,"(84, 384)","(84, 384)",1152
P01053__V58A,P01053,V58A,58,1.100000,results/af2/single-repr-full/outputs/P01053/single_repr_model_1_pred_0.npy,results/af2/single-repr-full/outputs/P01053__V58A/single_repr_model_1_pred_0.npy,"(84, 384)","(84, 384)",1152
P01053__T59A,P01053,T59A,59,0.695000,results/af2/single-repr-full/outputs/P01053/single_repr_model_1_pred_0.npy,results/af2/single-repr-full/outputs/P01053__T59A/single_repr_model_1_pred_0.npy,"(84, 384)","(84, 384)",1152
P01053__T59D,P01053,T59D,59,-0.040000,results/af2/single-repr-full/outputs/P01053/single_repr_model_1_pred_0.npy,results/af2/single-repr-full/outputs/P01053__T59D/single_repr_model_1_pred_0.npy,"(84, 384)","(84, 384)",1152
P01053__E61A,P01053,E61A,61,0.700000,results/af2/single-repr-full/outputs/P01053/single_repr_model_1_pred_0.npy,results/af2/single-repr-full/outputs/P01053__E61A/single_repr_model_1_pred_0.npy,"(84, 384)","(84, 384)",1152
P01053__R63A,P01053,R63A,63,0.800000,results/af2/single-repr-full/outputs/P01053/single_repr_model_1_pred_0.npy,results/af2/single-repr-full/outputs/P01053__R63A/single_repr_model_1_pred_0.npy,"(84, 384)","(84, 384)",1152
P01053__D65A,P01053,D65A,65,0.850000,results/af2/single-repr-full/outputs/P01053/single_repr_model_1_pred_0.npy,results/af2/single-repr-full/outputs/P01053__D65A/single_repr_model_1_pred_0.npy,"(84, 384)","(84, 384)",1152
P01053__V67A,P01053,V67A,67,4.905000,results/af2/single-repr-full/outputs/P01053/single_repr_model_1_pred_0.npy,results/af2/single-repr-full/outputs/P01053__V67A/single_repr_model_1_pred_0.npy,"(84, 384)","(84, 384)",1152
P01053__R68A,P01053,R68A,68,1.305000,results/af2/single-repr-full/outputs/P01053/single_repr_model_1_pred_0.npy,results/af2/single-repr-full/outputs/P01053__R68A/single_repr_model_1_pred_0.npy,"(84, 384)","(84, 384)",1152
P01053__L69A,P01053,L69A,69,3.770000,results/af2/single-repr-full/outputs/P01053/single_repr_model_1_pred_0.npy,results/af2/single-repr-full/outputs/P01053__L69A/single_repr_model_1_pred_0.npy,"(84, 384)","(84, 384)",1152
P01053__F70A,P01053,F70A,70,3.650000,results/af2/single-repr-full/outputs/P01053/single_repr_model_1_pred_0.npy,results/af2/single-repr-full/outputs/P01053__F70A/single_repr_model_1_pred_0.npy,"(84, 384)","(84, 384)",1152
P01053__F70L,P01053,F70L,70,2.055000,results/af2/single-repr-full/outputs/P01053/single_repr_model_1_pred_0.npy,results/af2/single-repr-full/outputs/P01053__F70L/single_repr_model_1_pred_0.npy,"(84, 384)","(84, 384)",1152
P01053__F70V,P01053,F70V,70,1.900000,results/af2/single-repr-full/outputs/P01053/single_repr_model_1_pred_0.npy,results/af2/single-repr-full/outputs/P01053__F70V/single_repr_model_1_pred_0.npy,"(84, 384)","(84, 384)",1152
P01053__V71A,P01053,V71A,71,1.950000,results/af2/single-repr-full/outputs/P01053/single_repr_model_1_pred_0.npy,results/af2/single-repr-full/outputs/P01053__V71A/single_repr_model_1_pred_0.npy,"(84, 384)","(84, 384)",1152
P01053__D72A,P01053,D72A,72,3.350000,results/af2/single-repr-full/outputs/P01053/single_repr_model_1_pred_0.npy,results/af2/single-repr-full/outputs/P01053__D72A/single_repr_model_1_pred_0.npy,"(84, 384)","(84, 384)",1152
P01053__K73N,P01053,K73N,73,0.600000,results/af2/single-repr-full/outputs/P01053/single_repr_model_1_pred_0.npy,results/af2/single-repr-full/outputs/P01053__K73N/single_repr_model_1_pred_0.npy,"(84, 384)","(84, 384)",1152
P01053__D75N,P01053,D75N,75,0.000000,results/af2/single-repr-full/outputs/P01053/single_repr_model_1_pred_0.npy,results/af2/single-repr-full/outputs/P01053__D75N/single_repr_model_1_pred_0.npy,"(84, 384)","(84, 384)",1152
P01053__N76A,P01053,N76A,76,0.915000,results/af2/single-repr-full/outputs/P01053/single_repr_model_1_pred_0.npy,results/af2/single-repr-full/outputs/P01053__N76A/single_repr_model_1_pred_0.npy,"(84, 384)","(84, 384)",1152
P01053__N76D,P01053,N76D,76,1.305000,results/af2/single-repr-full/outputs/P01053/single_repr_model_1_pred_0.npy,results/af2/single-repr-full/outputs/P01053__N76D/single_repr_model_1_pred_0.npy,"(84, 384)","(84, 384)",1152
P01053__I77A,P01053,I77A,77,4.250000,results/af2/single-repr-full/outputs/P01053/single_repr_model_1_pred_0.npy,results/af2/single-repr-full/outputs/P01053__I77A/single_repr_model_1_pred_0.npy,"(84, 384)","(84, 384)",1152
P01053__I77V,P01053,I77V,77,-0.195000,results/af2/single-repr-full/outputs/P01053/single_repr_model_1_pred_0.npy,results/af2/single-repr-full/outputs/P01053__I77V/single_repr_model_1_pred_0.npy,"(84, 384)","(84, 384)",1152
P01053__A78G,P01053,A78G,78,1.880000,results/af2/single-repr-full/outputs/P01053/single_repr_model_1_pred_0.npy,results/af2/single-repr-full/outputs/P01053__A78G/single_repr_model_1_pred_0.npy,"(84, 384)","(84, 384)",1152
P01053__V80A,P01053,V80A,80,1.505000,results/af2/single-repr-full/outputs/P01053/single_repr_model_1_pred_0.npy,results/af2/single-repr-full/outputs/P01053__V80A/single_repr_model_1_pred_0.npy,"(84, 384)","(84, 384)",1152
P01053__V80G,P01053,V80G,80,3.200000,results/af2/single-repr-full/outputs/P01053/single_repr_model_1_pred_0.npy,results/af2/single-repr-full/outputs/P01053__V80G/single_repr_model_1_pred_0.npy,"(84, 384)","(84, 384)",1152
P01053__V80T,P01053,V80T,80,0.400000,results/af2/single-repr-full/outputs/P01053/single_repr_model_1_pred_0.npy,results/af2/single-repr-full/outputs/P01053__V80T/single_repr_model_1_pred_0.npy,"(84, 384)","(84, 384)",1152
P01053__P81A,P01053,P81A,81,3.370000,results/af2/single-repr-full/outputs/P01053/single_repr_model_1_pred_0.npy,results/af2/single-repr-full/outputs/P01053__P81A/single_repr_model_1_pred_0.npy,"(84, 384)","(84, 384)",1152
P01053__R82A,P01053,R82A,82,0.600000,results/af2/single-repr-full/outputs/P01053/single_repr_model_1_pred_0.npy,results/af2/single-repr-full/outputs/P01053__R82A/single_repr_model_1_pred_0.npy,"(84, 384)","(84, 384)",1152
P01053__V83A,P01053,V83A,83,1.425000,results/af2/single-repr-full/outputs/P01053/single_repr_model_1_pred_0.npy,results/af2/single-repr-full/outputs/P01053__V83A/single_repr_model_1_pred_0.npy,"(84, 384)","(84, 384)",1152
P01053__V83G,P01053,V83G,83,3.500000,results/af2/single-repr-full/outputs/P01053/single_repr_model_1_pred_0.npy,results/af2/single-repr-full/outputs/P01053__V83G/single_repr_model_1_pred_0.npy,"(84, 384)","(84, 384)",1152
P01053__V83T,P01053,V83T,83,1.150000,results/af2/single-repr-full/outputs/P01053/single_repr_model_1_pred_0.npy,results/af2/single-repr-full/outputs/P01053__V83T/single_repr_model_1_pred_0.npy,"(84, 384)","(84, 384)",1152
P01236__H55A,P01236,H55A,55,-0.700000,results/af2/single-repr-full/outputs/P01236/single_repr_model_1_pred_0.npy,results/af2/single-repr-full/outputs/P01236__H55A/single_repr_model_1_pred_0.npy,"(227, 384)","(227, 384)",1152
P01236__H58A,P01236,H58A,58,-2.600000,results/af2/single-repr-full/outputs/P01236/single_repr_model_1_pred_0.npy,results/af2/single-repr-full/outputs/P01236__H58A/single_repr_model_1_pred_0.npy,"(227, 384)","(227, 384)",1152
P01236__H74A,P01236,H74A,74,0.600000,results/af2/single-repr-full/outputs/P01236/single_repr_model_1_pred_0.npy,results/af2/single-repr-full/outputs/P01236__H74A/single_repr_model_1_pred_0.npy,"(227, 384)","(227, 384)",1152
P01236__H87A,P01236,H87A,87,1.000000,results/af2/single-repr-full/outputs/P01236/single_repr_model_1_pred_0.npy,results/af2/single-repr-full/outputs/P01236__H87A/single_repr_model_1_pred_0.npy,"(227, 384)","(227, 384)",1152
P01236__H125A,P01236,H125A,125,-0.700000,results/af2/single-repr-full/outputs/P01236/single_repr_model_1_pred_0.npy,results/af2/single-repr-full/outputs/P01236__H125A/single_repr_model_1_pred_0.npy,"(227, 384)","(227, 384)",1152
P01236__H166A,P01236,H166A,166,-1.300000,results/af2/single-repr-full/outputs/P01236/single_repr_model_1_pred_0.npy,results/af2/single-repr-full/outputs/P01236__H166A/single_repr_model_1_pred_0.npy,"(227, 384)","(227, 384)",1152
P01236__H201A,P01236,H201A,201,-0.100000,results/af2/single-repr-full/outputs/P01236/single_repr_model_1_pred_0.npy,results/af2/single-repr-full/outputs/P01236__H201A/single_repr_model_1_pred_0.npy,"(227, 384)","(227, 384)",1152
P01236__H208A,P01236,H208A,208,0.600000,results/af2/single-repr-full/outputs/P01236/single_repr_model_1_pred_0.npy,results/af2/single-repr-full/outputs/P01236__H208A/single_repr_model_1_pred_0.npy,"(227, 384)","(227, 384)",1152
P01236__H223A,P01236,H223A,223,0.000000,results/af2/single-repr-full/outputs/P01236/single_repr_model_1_pred_0.npy,results/af2/single-repr-full/outputs/P01236__H223A/single_repr_model_1_pred_0.npy,"(227, 384)","(227, 384)",1152
P01241__S97A,P01241,S97A,97,1.050000,results/af2/single-repr-full/outputs/P01241/single_repr_model_1_pred_0.npy,results/af2/single-repr-full/outputs/P01241__S97A/single_repr_model_1_pred_0.npy,"(217, 384)","(217, 384)",1152
P01241__S97Q,P01241,S97Q,97,1.400000,results/af2/single-repr-full/outputs/P01241/single_repr_model_1_pred_0.npy,results/af2/single-repr-full/outputs/P01241__S97Q/single_repr_model_1_pred_0.npy,"(217, 384)","(217, 384)",1152
P01241__S97T,P01241,S97T,97,0.200000,results/af2/single-repr-full/outputs/P01241/single_repr_model_1_pred_0.npy,results/af2/single-repr-full/outputs/P01241__S97T/single_repr_model_1_pred_0.npy,"(217, 384)","(217, 384)",1152
P01241__S97V,P01241,S97V,97,1.250000,results/af2/single-repr-full/outputs/P01241/single_repr_model_1_pred_0.npy,results/af2/single-repr-full/outputs/P01241__S97V/single_repr_model_1_pred_0.npy,"(217, 384)","(217, 384)",1152
P01241__E100A,P01241,E100A,100,0.900000,results/af2/single-repr-full/outputs/P01241/single_repr_model_1_pred_0.npy,results/af2/single-repr-full/outputs/P01241__E100A/single_repr_model_1_pred_0.npy,"(217, 384)","(217, 384)",1152
P01241__E100D,P01241,E100D,100,1.300000,results/af2/single-repr-full/outputs/P01241/single_repr_model_1_pred_0.npy,results/af2/single-repr-full/outputs/P01241__E100D/single_repr_model_1_pred_0.npy,"(217, 384)","(217, 384)",1152
P01241__E100L,P01241,E100L,100,1.000000,results/af2/single-repr-full/outputs/P01241/single_repr_model_1_pred_0.npy,results/af2/single-repr-full/outputs/P01241__E100L/single_repr_model_1_pred_0.npy,"(217, 384)","(217, 384)",1152
P01241__E100Q,P01241,E100Q,100,0.700000,results/af2/single-repr-full/outputs/P01241/single_repr_model_1_pred_0.npy,results/af2/single-repr-full/outputs/P01241__E100Q/single_repr_model_1_pred_0.npy,"(217, 384)","(217, 384)",1152
P01241__E100S,P01241,E100S,100,1.000000,results/af2/single-repr-full/outputs/P01241/single_repr_model_1_pred_0.npy,results/af2/single-repr-full/outputs/P01241__E100S/single_repr_model_1_pred_0.npy,"(217, 384)","(217, 384)",1152
P01241__E100T,P01241,E100T,100,1.100000,results/af2/single-repr-full/outputs/P01241/single_repr_model_1_pred_0.npy,results/af2/single-repr-full/outputs/P01241__E100T/single_repr_model_1_pred_0.npy,"(217, 384)","(217, 384)",1152
P01308__S33D,P01308,S33D,33,-0.100000,results/af2/single-repr-full/outputs/P01308/single_repr_model_1_pred_0.npy,results/af2/single-repr-full/outputs/P01308__S33D/single_repr_model_1_pred_0.npy,"(110, 384)","(110, 384)",1152
P01308__H34D,P01308,H34D,34,-1.300000,results/af2/single-repr-full/outputs/P01308/single_repr_model_1_pred_0.npy,results/af2/single-repr-full/outputs/P01308__H34D/single_repr_model_1_pred_0.npy,"(110, 384)","(110, 384)",1152
P01308__H34E,P01308,H34E,34,-1.440000,results/af2/single-repr-full/outputs/P01308/single_repr_model_1_pred_0.npy,results/af2/single-repr-full/outputs/P01308__H34E/single_repr_model_1_pred_0.npy,"(110, 384)","(110, 384)",1152
P01308__H34T,P01308,H34T,34,0.220000,results/af2/single-repr-full/outputs/P01308/single_repr_model_1_pred_0.npy,results/af2/single-repr-full/outputs/P01308__H34T/single_repr_model_1_pred_0.npy,"(110, 384)","(110, 384)",1152
P01308__F49D,P01308,F49D,49,-0.600000,results/af2/single-repr-full/outputs/P01308/single_repr_model_1_pred_0.npy,results/af2/single-repr-full/outputs/P01308__F49D/single_repr_model_1_pred_0.npy,"(110, 384)","(110, 384)",1152
P01308__F49H,P01308,F49H,49,-1.000000,results/af2/single-repr-full/outputs/P01308/single_repr_model_1_pred_0.npy,results/af2/single-repr-full/outputs/P01308__F49H/single_repr_model_1_pred_0.npy,"(110, 384)","(110, 384)",1152
P01308__Y50T,P01308,Y50T,50,0.300000,results/af2/single-repr-full/outputs/P01308/single_repr_model_1_pred_0.npy,results/af2/single-repr-full/outputs/P01308__Y50T/single_repr_model_1_pred_0.npy,"(110, 384)","(110, 384)",1152
P01308__T97A,P01308,T97A,97,-0.160000,results/af2/single-repr-full/outputs/P01308/single_repr_model_1_pred_0.npy,results/af2/single-repr-full/outputs/P01308__T97A/single_repr_model_1_pred_0.npy,"(110, 384)","(110, 384)",1152
P01308__T97H,P01308,T97H,97,-1.760000,results/af2/single-repr-full/outputs/P01308/single_repr_model_1_pred_0.npy,results/af2/single-repr-full/outputs/P01308__T97H/single_repr_model_1_pred_0.npy,"(110, 384)","(110, 384)",1152
P01308__T97R,P01308,T97R,97,-1.250000,results/af2/single-repr-full/outputs/P01308/single_repr_model_1_pred_0.npy,results/af2/single-repr-full/outputs/P01308__T97R/single_repr_model_1_pred_0.npy,"(110, 384)","(110, 384)",1152
P01584__R120P,P01584,R120P,120,0.350000,results/af2/single-repr-full/outputs/P01584/single_repr_model_1_pred_0.npy,results/af2/single-repr-full/outputs/P01584__R120P/single_repr_model_1_pred_0.npy,"(269, 384)","(269, 384)",1152
P01584__R120Q,P01584,R120Q,120,0.900000,results/af2/single-repr-full/outputs/P01584/single_repr_model_1_pred_0.npy,results/af2/single-repr-full/outputs/P01584__R120Q/single_repr_model_1_pred_0.npy,"(269, 384)","(269, 384)",1152
P01584__L122A,P01584,L122A,122,2.600000,results/af2/single-repr-full/outputs/P01584/single_repr_model_1_pred_0.npy,results/af2/single-repr-full/outputs/P01584__L122A/single_repr_model_1_pred_0.npy,"(269, 384)","(269, 384)",1152
P01584__N123D,P01584,N123D,123,-0.265000,results/af2/single-repr-full/outputs/P01584/single_repr_model_1_pred_0.npy,results/af2/single-repr-full/outputs/P01584__N123D/single_repr_model_1_pred_0.npy,"(269, 384)","(269, 384)",1152
P01584__N123G,P01584,N123G,123,2.200000,results/af2/single-repr-full/outputs/P01584/single_repr_model_1_pred_0.npy,results/af2/single-repr-full/outputs/P01584__N123G/single_repr_model_1_pred_0.npy,"(269, 384)","(269, 384)",1152
P01584__C124A,P01584,C124A,124,2.100000,results/af2/single-repr-full/outputs/P01584/single_repr_model_1_pred_0.npy,results/af2/single-repr-full/outputs/P01584__C124A/single_repr_model_1_pred_0.npy,"(269, 384)","(269, 384)",1152
P01584__C124S,P01584,C124S,124,4.100000,results/af2/single-repr-full/outputs/P01584/single_repr_model_1_pred_0.npy,results/af2/single-repr-full/outputs/P01584__C124S/single_repr_model_1_pred_0.npy,"(269, 384)","(269, 384)",1152
P01584__T125A,P01584,T125A,125,1.400000,results/af2/single-repr-full/outputs/P01584/single_repr_model_1_pred_0.npy,results/af2/single-repr-full/outputs/P01584__T125A/single_repr_model_1_pred_0.npy,"(269, 384)","(269, 384)",1152
P01584__T125G,P01584,T125G,125,3.200000,results/af2/single-repr-full/outputs/P01584/single_repr_model_1_pred_0.npy,results/af2/single-repr-full/outputs/P01584__T125G/single_repr_model_1_pred_0.npy,"(269, 384)","(269, 384)",1152
P01584__T125L,P01584,T125L,125,1.900000,results/af2/single-repr-full/outputs/P01584/single_repr_model_1_pred_0.npy,results/af2/single-repr-full/outputs/P01584__T125L/single_repr_model_1_pred_0.npy,"(269, 384)","(269, 384)",1152
P01584__T125Q,P01584,T125Q,125,2.700000,results/af2/single-repr-full/outputs/P01584/single_repr_model_1_pred_0.npy,results/af2/single-repr-full/outputs/P01584__T125Q/single_repr_model_1_pred_0.npy,"(269, 384)","(269, 384)",1152
P01584__L126A,P01584,L126A,126,4.300000,results/af2/single-repr-full/outputs/P01584/single_repr_model_1_pred_0.npy,results/af2/single-repr-full/outputs/P01584__L126A/single_repr_model_1_pred_0.npy,"(269, 384)","(269, 384)",1152
P01584__K213G,P01584,K213G,213,1.600000,results/af2/single-repr-full/outputs/P01584/single_repr_model_1_pred_0.npy,results/af2/single-repr-full/outputs/P01584__K213G/single_repr_model_1_pred_0.npy,"(269, 384)","(269, 384)",1152
P01584__K213R,P01584,K213R,213,1.800000,results/af2/single-repr-full/outputs/P01584/single_repr_model_1_pred_0.npy,results/af2/single-repr-full/outputs/P01584__K213R/single_repr_model_1_pred_0.npy,"(269, 384)","(269, 384)",1152
P01584__K213V,P01584,K213V,213,-1.100000,results/af2/single-repr-full/outputs/P01584/single_repr_model_1_pred_0.npy,results/af2/single-repr-full/outputs/P01584__K213V/single_repr_model_1_pred_0.npy,"(269, 384)","(269, 384)",1152
P01625__M24L,P01625,M24L,24,-1.050000,results/af2/single-repr-full/outputs/P01625/single_repr_model_1_pred_0.npy,results/af2/single-repr-full/outputs/P01625__M24L/single_repr_model_1_pred_0.npy,"(121, 384)","(121, 384)",1152
P01625__L35P,P01625,L35P,35,1.500000,results/af2/single-repr-full/outputs/P01625/single_repr_model_1_pred_0.npy,results/af2/single-repr-full/outputs/P01625__L35P/single_repr_model_1_pred_0.npy,"(121, 384)","(121, 384)",1152
P01625__N54F,P01625,N54F,54,2.750000,results/af2/single-repr-full/outputs/P01625/single_repr_model_1_pred_0.npy,results/af2/single-repr-full/outputs/P01625__N54F/single_repr_model_1_pred_0.npy,"(121, 384)","(121, 384)",1152
P01625__K56R,P01625,K56R,56,0.800000,results/af2/single-repr-full/outputs/P01625/single_repr_model_1_pred_0.npy,results/af2/single-repr-full/outputs/P01625__K56R/single_repr_model_1_pred_0.npy,"(121, 384)","(121, 384)",1152
P01625__K56T,P01625,K56T,56,1.300000,results/af2/single-repr-full/outputs/P01625/single_repr_model_1_pred_0.npy,results/af2/single-repr-full/outputs/P01625__K56T/single_repr_model_1_pred_0.npy,"(121, 384)","(121, 384)",1152
P01625__Q64N,P01625,Q64N,64,1.350000,results/af2/single-repr-full/outputs/P01625/single_repr_model_1_pred_0.npy,results/af2/single-repr-full/outputs/P01625__Q64N/single_repr_model_1_pred_0.npy,"(121, 384)","(121, 384)",1152
P01625__K65T,P01625,K65T,65,2.450000,results/af2/single-repr-full/outputs/P01625/single_repr_model_1_pred_0.npy,results/af2/single-repr-full/outputs/P01625__K65T/single_repr_model_1_pred_0.npy,"(121, 384)","(121, 384)",1152
P01625__P66L,P01625,P66L,66,1.700000,results/af2/single-repr-full/outputs/P01625/single_repr_model_1_pred_0.npy,results/af2/single-repr-full/outputs/P01625__P66L/single_repr_model_1_pred_0.npy,"(121, 384)","(121, 384)",1152
P01625__K71T,P01625,K71T,71,2.300000,results/af2/single-repr-full/outputs/P01625/single_repr_model_1_pred_0.npy,results/af2/single-repr-full/outputs/P01625__K71T/single_repr_model_1_pred_0.npy,"(121, 384)","(121, 384)",1152
P01625__T100H,P01625,T100H,100,-0.700000,results/af2/single-repr-full/outputs/P01625/single_repr_model_1_pred_0.npy,results/af2/single-repr-full/outputs/P01625__T100H/single_repr_model_1_pred_0.npy,"(121, 384)","(121, 384)",1152
P01625__S103T,P01625,S103T,103,-0.100000,results/af2/single-repr-full/outputs/P01625/single_repr_model_1_pred_0.npy,results/af2/single-repr-full/outputs/P01625__S103T/single_repr_model_1_pred_0.npy,"(121, 384)","(121, 384)",1152
P01625__Q115H,P01625,Q115H,115,0.850000,results/af2/single-repr-full/outputs/P01625/single_repr_model_1_pred_0.npy,results/af2/single-repr-full/outputs/P01625__Q115H/single_repr_model_1_pred_0.npy,"(121, 384)","(121, 384)",1152
P01625__Q115N,P01625,Q115N,115,1.450000,results/af2/single-repr-full/outputs/P01625/single_repr_model_1_pred_0.npy,results/af2/single-repr-full/outputs/P01625__Q115N/single_repr_model_1_pred_0.npy,"(121, 384)","(121, 384)",1152
P01625__T120H,P01625,T120H,120,-0.700000,results/af2/single-repr-full/outputs/P01625/single_repr_model_1_pred_0.npy,results/af2/single-repr-full/outputs/P01625__T120H/single_repr_model_1_pred_0.npy,"(121, 384)","(121, 384)",1152
P01857__Q230A,P01857,Q230A,230,1.100000,results/af2/single-repr-full/outputs/P01857/single_repr_model_1_pred_0.npy,results/af2/single-repr-full/outputs/P01857__Q230A/single_repr_model_1_pred_0.npy,"(330, 384)","(330, 384)",1152
P01857__Y232A,P01857,Y232A,232,0.700000,results/af2/single-repr-full/outputs/P01857/single_repr_model_1_pred_0.npy,results/af2/single-repr-full/outputs/P01857__Y232A/single_repr_model_1_pred_0.npy,"(330, 384)","(330, 384)",1152
P01857__T233A,P01857,T233A,233,0.100000,results/af2/single-repr-full/outputs/P01857/single_repr_model_1_pred_0.npy,results/af2/single-repr-full/outputs/P01857__T233A/single_repr_model_1_pred_0.npy,"(330, 384)","(330, 384)",1152
P01857__L234A,P01857,L234A,234,1.300000,results/af2/single-repr-full/outputs/P01857/single_repr_model_1_pred_0.npy,results/af2/single-repr-full/outputs/P01857__L234A/single_repr_model_1_pred_0.npy,"(330, 384)","(330, 384)",1152
P01857__T249A,P01857,T249A,249,2.300000,results/af2/single-repr-full/outputs/P01857/single_repr_model_1_pred_0.npy,results/af2/single-repr-full/outputs/P01857__T249A/single_repr_model_1_pred_0.npy,"(330, 384)","(330, 384)",1152
P01857__L251A,P01857,L251A,251,2.200000,results/af2/single-repr-full/outputs/P01857/single_repr_model_1_pred_0.npy,results/af2/single-repr-full/outputs/P01857__L251A/single_repr_model_1_pred_0.npy,"(330, 384)","(330, 384)",1152
P01857__K253A,P01857,K253A,253,1.100000,results/af2/single-repr-full/outputs/P01857/single_repr_model_1_pred_0.npy,results/af2/single-repr-full/outputs/P01857__K253A/single_repr_model_1_pred_0.npy,"(330, 384)","(330, 384)",1152
P01857__K275A,P01857,K275A,275,0.400000,results/af2/single-repr-full/outputs/P01857/single_repr_model_1_pred_0.npy,results/af2/single-repr-full/outputs/P01857__K275A/single_repr_model_1_pred_0.npy,"(330, 384)","(330, 384)",1152
P01857__T277A,P01857,T277A,277,0.600000,results/af2/single-repr-full/outputs/P01857/single_repr_model_1_pred_0.npy,results/af2/single-repr-full/outputs/P01857__T277A/single_repr_model_1_pred_0.npy,"(330, 384)","(330, 384)",1152
P01857__P278A,P01857,P278A,278,3.200000,results/af2/single-repr-full/outputs/P01857/single_repr_model_1_pred_0.npy,results/af2/single-repr-full/outputs/P01857__P278A/single_repr_model_1_pred_0.npy,"(330, 384)","(330, 384)",1152
P01857__V280A,P01857,V280A,280,0.600000,results/af2/single-repr-full/outputs/P01857/single_repr_model_1_pred_0.npy,results/af2/single-repr-full/outputs/P01857__V280A/single_repr_model_1_pred_0.npy,"(330, 384)","(330, 384)",1152
P01857__L281A,P01857,L281A,281,0.100000,results/af2/single-repr-full/outputs/P01857/single_repr_model_1_pred_0.npy,results/af2/single-repr-full/outputs/P01857__L281A/single_repr_model_1_pred_0.npy,"(330, 384)","(330, 384)",1152
P01857__D282A,P01857,D282A,282,0.700000,results/af2/single-repr-full/outputs/P01857/single_repr_model_1_pred_0.npy,results/af2/single-repr-full/outputs/P01857__D282A/single_repr_model_1_pred_0.npy,"(330, 384)","(330, 384)",1152
P01857__F288A,P01857,F288A,288,2.500000,results/af2/single-repr-full/outputs/P01857/single_repr_model_1_pred_0.npy,results/af2/single-repr-full/outputs/P01857__F288A/single_repr_model_1_pred_0.npy,"(330, 384)","(330, 384)",1152
P01857__Y290A,P01857,Y290A,290,2.100000,results/af2/single-repr-full/outputs/P01857/single_repr_model_1_pred_0.npy,results/af2/single-repr-full/outputs/P01857__Y290A/single_repr_model_1_pred_0.npy,"(330, 384)","(330, 384)",1152
P01857__K292A,P01857,K292A,292,2.400000,results/af2/single-repr-full/outputs/P01857/single_repr_model_1_pred_0.npy,results/af2/single-repr-full/outputs/P01857__K292A/single_repr_model_1_pred_0.npy,"(330, 384)","(330, 384)",1152
P02185__E5A,P02185,E5A,5,0.625000,results/af2/single-repr-full/outputs/P02185/single_repr_model_1_pred_0.npy,results/af2/single-repr-full/outputs/P02185__E5A/single_repr_model_1_pred_0.npy,"(154, 384)","(154, 384)",1152
P02185__W8F,P02185,W8F,8,0.400000,results/af2/single-repr-full/outputs/P02185/single_repr_model_1_pred_0.npy,results/af2/single-repr-full/outputs/P02185__W8F/single_repr_model_1_pred_0.npy,"(154, 384)","(154, 384)",1152
P02185__Q9A,P02185,Q9A,9,-0.950000,results/af2/single-repr-full/outputs/P02185/single_repr_model_1_pred_0.npy,results/af2/single-repr-full/outputs/P02185__Q9A/single_repr_model_1_pred_0.npy,"(154, 384)","(154, 384)",1152
P02185__Q9G,P02185,Q9G,9,0.500000,results/af2/single-repr-full/outputs/P02185/single_repr_model_1_pred_0.npy,results/af2/single-repr-full/outputs/P02185__Q9G/single_repr_model_1_pred_0.npy,"(154, 384)","(154, 384)",1152
P02185__L10A,P02185,L10A,10,0.400000,results/af2/single-repr-full/outputs/P02185/single_repr_model_1_pred_0.npy,results/af2/single-repr-full/outputs/P02185__L10A/single_repr_model_1_pred_0.npy,"(154, 384)","(154, 384)",1152
P02185__L12A,P02185,L12A,12,0.500000,results/af2/single-repr-full/outputs/P02185/single_repr_model_1_pred_0.npy,results/af2/single-repr-full/outputs/P02185__L12A/single_repr_model_1_pred_0.npy,"(154, 384)","(154, 384)",1152
P02185__V14A,P02185,V14A,14,0.100000,results/af2/single-repr-full/outputs/P02185/single_repr_model_1_pred_0.npy,results/af2/single-repr-full/outputs/P02185__V14A/single_repr_model_1_pred_0.npy,"(154, 384)","(154, 384)",1152
P02185__W15F,P02185,W15F,15,0.650000,results/af2/single-repr-full/outputs/P02185/single_repr_model_1_pred_0.npy,results/af2/single-repr-full/outputs/P02185__W15F/single_repr_model_1_pred_0.npy,"(154, 384)","(154, 384)",1152
P02185__A16L,P02185,A16L,16,-0.150000,results/af2/single-repr-full/outputs/P02185/single_repr_model_1_pred_0.npy,results/af2/single-repr-full/outputs/P02185__A16L/single_repr_model_1_pred_0.npy,"(154, 384)","(154, 384)",1152
P02185__E19A,P02185,E19A,19,0.600000,results/af2/single-repr-full/outputs/P02185/single_repr_model_1_pred_0.npy,results/af2/single-repr-full/outputs/P02185__E19A/single_repr_model_1_pred_0.npy,"(154, 384)","(154, 384)",1152
P02185__G24A,P02185,G24A,24,0.900000,results/af2/single-repr-full/outputs/P02185/single_repr_model_1_pred_0.npy,results/af2/single-repr-full/outputs/P02185__G24A/single_repr_model_1_pred_0.npy,"(154, 384)","(154, 384)",1152
P02185__H25V,P02185,H25V,25,-0.020000,results/af2/single-repr-full/outputs/P02185/single_repr_model_1_pred_0.npy,results/af2/single-repr-full/outputs/P02185__H25V/single_repr_model_1_pred_0.npy,"(154, 384)","(154, 384)",1152
P02185__I29A,P02185,I29A,29,-0.080000,results/af2/single-repr-full/outputs/P02185/single_repr_model_1_pred_0.npy,results/af2/single-repr-full/outputs/P02185__I29A/single_repr_model_1_pred_0.npy,"(154, 384)","(154, 384)",1152
P02185__I29L,P02185,I29L,29,0.600000,results/af2/single-repr-full/outputs/P02185/single_repr_model_1_pred_0.npy,results/af2/single-repr-full/outputs/P02185__I29L/single_repr_model_1_pred_0.npy,"(154, 384)","(154, 384)",1152
P02185__I29M,P02185,I29M,29,0.600000,results/af2/single-repr-full/outputs/P02185/single_repr_model_1_pred_0.npy,results/af2/single-repr-full/outputs/P02185__I29M/single_repr_model_1_pred_0.npy,"(154, 384)","(154, 384)",1152
P02185__I29V,P02185,I29V,29,0.000000,results/af2/single-repr-full/outputs/P02185/single_repr_model_1_pred_0.npy,results/af2/single-repr-full/outputs/P02185__I29V/single_repr_model_1_pred_0.npy,"(154, 384)","(154, 384)",1152
P02185__L30A,P02185,L30A,30,0.600000,results/af2/single-repr-full/outputs/P02185/single_repr_model_1_pred_0.npy,results/af2/single-repr-full/outputs/P02185__L30A/single_repr_model_1_pred_0.npy,"(154, 384)","(154, 384)",1152
P02185__L30I,P02185,L30I,30,1.100000,results/af2/single-repr-full/outputs/P02185/single_repr_model_1_pred_0.npy,results/af2/single-repr-full/outputs/P02185__L30I/single_repr_model_1_pred_0.npy,"(154, 384)","(154, 384)",1152
P02185__L30M,P02185,L30M,30,-0.100000,results/af2/single-repr-full/outputs/P02185/single_repr_model_1_pred_0.npy,results/af2/single-repr-full/outputs/P02185__L30M/single_repr_model_1_pred_0.npy,"(154, 384)","(154, 384)",1152
P02185__L30V,P02185,L30V,30,1.700000,results/af2/single-repr-full/outputs/P02185/single_repr_model_1_pred_0.npy,results/af2/single-repr-full/outputs/P02185__L30V/single_repr_model_1_pred_0.npy,"(154, 384)","(154, 384)",1152
P02185__I31A,P02185,I31A,31,-0.455000,results/af2/single-repr-full/outputs/P02185/single_repr_model_1_pred_0.npy,results/af2/single-repr-full/outputs/P02185__I31A/single_repr_model_1_pred_0.npy,"(154, 384)","(154, 384)",1152
P02185__L33A,P02185,L33A,33,1.050000,results/af2/single-repr-full/outputs/P02185/single_repr_model_1_pred_0.npy,results/af2/single-repr-full/outputs/P02185__L33A/single_repr_model_1_pred_0.npy,"(154, 384)","(154, 384)",1152
P02185__H37Q,P02185,H37Q,37,0.600000,results/af2/single-repr-full/outputs/P02185/single_repr_model_1_pred_0.npy,results/af2/single-repr-full/outputs/P02185__H37Q/single_repr_model_1_pred_0.npy,"(154, 384)","(154, 384)",1152
P02185__D45A,P02185,D45A,45,0.175000,results/af2/single-repr-full/outputs/P02185/single_repr_model_1_pred_0.npy,results/af2/single-repr-full/outputs/P02185__D45A/single_repr_model_1_pred_0.npy,"(154, 384)","(154, 384)",1152
P02185__H49Q,P02185,H49Q,49,0.405000,results/af2/single-repr-full/outputs/P02185/single_repr_model_1_pred_0.npy,results/af2/single-repr-full/outputs/P02185__H49Q/single_repr_model_1_pred_0.npy,"(154, 384)","(154, 384)",1152
P02185__L50I,P02185,L50I,50,0.800000,results/af2/single-repr-full/outputs/P02185/single_repr_model_1_pred_0.npy,results/af2/single-repr-full/outputs/P02185__L50I/single_repr_model_1_pred_0.npy,"(154, 384)","(154, 384)",1152
P02185__T52A,P02185,T52A,52,1.400000,results/af2/single-repr-full/outputs/P02185/single_repr_model_1_pred_0.npy,results/af2/single-repr-full/outputs/P02185__T52A/single_repr_model_1_pred_0.npy,"(154, 384)","(154, 384)",1152
P02185__K57A,P02185,K57A,57,0.225000,results/af2/single-repr-full/outputs/P02185/single_repr_model_1_pred_0.npy,results/af2/single-repr-full/outputs/P02185__K57A/single_repr_model_1_pred_0.npy,"(154, 384)","(154, 384)",1152
P02185__D61A,P02185,D61A,61,0.125000,results/af2/single-repr-full/outputs/P02185/single_repr_model_1_pred_0.npy,results/af2/single-repr-full/outputs/P02185__D61A/single_repr_model_1_pred_0.npy,"(154, 384)","(154, 384)",1152
P02185__H65Q,P02185,H65Q,65,0.275000,results/af2/single-repr-full/outputs/P02185/single_repr_model_1_pred_0.npy,results/af2/single-repr-full/outputs/P02185__H65Q/single_repr_model_1_pred_0.npy,"(154, 384)","(154, 384)",1152
P02185__G66A,P02185,G66A,66,0.100000,results/af2/single-repr-full/outputs/P02185/single_repr_model_1_pred_0.npy,results/af2/single-repr-full/outputs/P02185__G66A/single_repr_model_1_pred_0.npy,"(154, 384)","(154, 384)",1152
P02185__V67A,P02185,V67A,67,-0.500000,results/af2/single-repr-full/outputs/P02185/single_repr_model_1_pred_0.npy,results/af2/single-repr-full/outputs/P02185__V67A/single_repr_model_1_pred_0.npy,"(154, 384)","(154, 384)",1152
P02185__T68A,P02185,T68A,68,0.300000,results/af2/single-repr-full/outputs/P02185/single_repr_model_1_pred_0.npy,results/af2/single-repr-full/outputs/P02185__T68A/single_repr_model_1_pred_0.npy,"(154, 384)","(154, 384)",1152
P02185__V69T,P02185,V69T,69,0.400000,results/af2/single-repr-full/outputs/P02185/single_repr_model_1_pred_0.npy,results/af2/single-repr-full/outputs/P02185__V69T/single_repr_model_1_pred_0.npy,"(154, 384)","(154, 384)",1152
P02185__L70A,P02185,L70A,70,1.200000,results/af2/single-repr-full/outputs/P02185/single_repr_model_1_pred_0.npy,results/af2/single-repr-full/outputs/P02185__L70A/single_repr_model_1_pred_0.npy,"(154, 384)","(154, 384)",1152
P02185__L70I,P02185,L70I,70,0.000000,results/af2/single-repr-full/outputs/P02185/single_repr_model_1_pred_0.npy,results/af2/single-repr-full/outputs/P02185__L70I/single_repr_model_1_pred_0.npy,"(154, 384)","(154, 384)",1152
P02185__L70M,P02185,L70M,70,0.000000,results/af2/single-repr-full/outputs/P02185/single_repr_model_1_pred_0.npy,results/af2/single-repr-full/outputs/P02185__L70M/single_repr_model_1_pred_0.npy,"(154, 384)","(154, 384)",1152
P02185__L70V,P02185,L70V,70,0.100000,results/af2/single-repr-full/outputs/P02185/single_repr_model_1_pred_0.npy,results/af2/single-repr-full/outputs/P02185__L70V/single_repr_model_1_pred_0.npy,"(154, 384)","(154, 384)",1152
P02185__K78A,P02185,K78A,78,0.035000,results/af2/single-repr-full/outputs/P02185/single_repr_model_1_pred_0.npy,results/af2/single-repr-full/outputs/P02185__K78A/single_repr_model_1_pred_0.npy,"(154, 384)","(154, 384)",1152
P02185__H82Q,P02185,H82Q,82,0.000000,results/af2/single-repr-full/outputs/P02185/single_repr_model_1_pred_0.npy,results/af2/single-repr-full/outputs/P02185__H82Q/single_repr_model_1_pred_0.npy,"(154, 384)","(154, 384)",1152
P02185__H83Q,P02185,H83Q,83,0.025000,results/af2/single-repr-full/outputs/P02185/single_repr_model_1_pred_0.npy,results/af2/single-repr-full/outputs/P02185__H83Q/single_repr_model_1_pred_0.npy,"(154, 384)","(154, 384)",1152
P02185__P89A,P02185,P89A,89,-0.600000,results/af2/single-repr-full/outputs/P02185/single_repr_model_1_pred_0.npy,results/af2/single-repr-full/outputs/P02185__P89A/single_repr_model_1_pred_0.npy,"(154, 384)","(154, 384)",1152
P02185__H94G,P02185,H94G,94,-0.020000,results/af2/single-repr-full/outputs/P02185/single_repr_model_1_pred_0.npy,results/af2/single-repr-full/outputs/P02185__H94G/single_repr_model_1_pred_0.npy,"(154, 384)","(154, 384)",1152
P02185__H98Q,P02185,H98Q,98,0.055000,results/af2/single-repr-full/outputs/P02185/single_repr_model_1_pred_0.npy,results/af2/single-repr-full/outputs/P02185__H98Q/single_repr_model_1_pred_0.npy,"(154, 384)","(154, 384)",1152
P02185__F107A,P02185,F107A,107,0.450000,results/af2/single-repr-full/outputs/P02185/single_repr_model_1_pred_0.npy,results/af2/single-repr-full/outputs/P02185__F107A/single_repr_model_1_pred_0.npy,"(154, 384)","(154, 384)",1152
P02185__E110A,P02185,E110A,110,-0.250000,results/af2/single-repr-full/outputs/P02185/single_repr_model_1_pred_0.npy,results/af2/single-repr-full/outputs/P02185__E110A/single_repr_model_1_pred_0.npy,"(154, 384)","(154, 384)",1152
P02185__E110G,P02185,E110G,110,0.900000,results/af2/single-repr-full/outputs/P02185/single_repr_model_1_pred_0.npy,results/af2/single-repr-full/outputs/P02185__E110G/single_repr_model_1_pred_0.npy,"(154, 384)","(154, 384)",1152
P02185__I112A,P02185,I112A,112,1.800000,results/af2/single-repr-full/outputs/P02185/single_repr_model_1_pred_0.npy,results/af2/single-repr-full/outputs/P02185__I112A/single_repr_model_1_pred_0.npy,"(154, 384)","(154, 384)",1152
P02185__I112L,P02185,I112L,112,0.600000,results/af2/single-repr-full/outputs/P02185/single_repr_model_1_pred_0.npy,results/af2/single-repr-full/outputs/P02185__I112L/single_repr_model_1_pred_0.npy,"(154, 384)","(154, 384)",1152
P02185__I112M,P02185,I112M,112,1.100000,results/af2/single-repr-full/outputs/P02185/single_repr_model_1_pred_0.npy,results/af2/single-repr-full/outputs/P02185__I112M/single_repr_model_1_pred_0.npy,"(154, 384)","(154, 384)",1152
P02185__H114Q,P02185,H114Q,114,-0.100000,results/af2/single-repr-full/outputs/P02185/single_repr_model_1_pred_0.npy,results/af2/single-repr-full/outputs/P02185__H114Q/single_repr_model_1_pred_0.npy,"(154, 384)","(154, 384)",1152
P02185__V115A,P02185,V115A,115,0.850000,results/af2/single-repr-full/outputs/P02185/single_repr_model_1_pred_0.npy,results/af2/single-repr-full/outputs/P02185__V115A/single_repr_model_1_pred_0.npy,"(154, 384)","(154, 384)",1152
P02185__L116A,P02185,L116A,116,1.200000,results/af2/single-repr-full/outputs/P02185/single_repr_model_1_pred_0.npy,results/af2/single-repr-full/outputs/P02185__L116A/single_repr_model_1_pred_0.npy,"(154, 384)","(154, 384)",1152
P02185__H117A,P02185,H117A,117,-0.200000,results/af2/single-repr-full/outputs/P02185/single_repr_model_1_pred_0.npy,results/af2/single-repr-full/outputs/P02185__H117A/single_repr_model_1_pred_0.npy,"(154, 384)","(154, 384)",1152
P02185__S118A,P02185,S118A,118,0.300000,results/af2/single-repr-full/outputs/P02185/single_repr_model_1_pred_0.npy,results/af2/single-repr-full/outputs/P02185__S118A/single_repr_model_1_pred_0.npy,"(154, 384)","(154, 384)",1152
P02185__H120F,P02185,H120F,120,-0.030000,results/af2/single-repr-full/outputs/P02185/single_repr_model_1_pred_0.npy,results/af2/single-repr-full/outputs/P02185__H120F/single_repr_model_1_pred_0.npy,"(154, 384)","(154, 384)",1152
P02185__F124A,P02185,F124A,124,0.700000,results/af2/single-repr-full/outputs/P02185/single_repr_model_1_pred_0.npy,results/af2/single-repr-full/outputs/P02185__F124A/single_repr_model_1_pred_0.npy,"(154, 384)","(154, 384)",1152
P02185__F124K,P02185,F124K,124,1.400000,results/af2/single-repr-full/outputs/P02185/single_repr_model_1_pred_0.npy,results/af2/single-repr-full/outputs/P02185__F124K/single_repr_model_1_pred_0.npy,"(154, 384)","(154, 384)",1152
P02185__F124T,P02185,F124T,124,3.050000,results/af2/single-repr-full/outputs/P02185/single_repr_model_1_pred_0.npy,results/af2/single-repr-full/outputs/P02185__F124T/single_repr_model_1_pred_0.npy,"(154, 384)","(154, 384)",1152
P02185__A126L,P02185,A126L,126,-0.500000,results/af2/single-repr-full/outputs/P02185/single_repr_model_1_pred_0.npy,results/af2/single-repr-full/outputs/P02185__A126L/single_repr_model_1_pred_0.npy,"(154, 384)","(154, 384)",1152
P02185__G130A,P02185,G130A,130,-1.000000,results/af2/single-repr-full/outputs/P02185/single_repr_model_1_pred_0.npy,results/af2/single-repr-full/outputs/P02185__G130A/single_repr_model_1_pred_0.npy,"(154, 384)","(154, 384)",1152
P02185__A131K,P02185,A131K,131,1.750000,results/af2/single-repr-full/outputs/P02185/single_repr_model_1_pred_0.npy,results/af2/single-repr-full/outputs/P02185__A131K/single_repr_model_1_pred_0.npy,"(154, 384)","(154, 384)",1152
P02185__A131L,P02185,A131L,131,0.900000,results/af2/single-repr-full/outputs/P02185/single_repr_model_1_pred_0.npy,results/af2/single-repr-full/outputs/P02185__A131L/single_repr_model_1_pred_0.npy,"(154, 384)","(154, 384)",1152
P02185__M132A,P02185,M132A,132,1.300000,results/af2/single-repr-full/outputs/P02185/single_repr_model_1_pred_0.npy,results/af2/single-repr-full/outputs/P02185__M132A/single_repr_model_1_pred_0.npy,"(154, 384)","(154, 384)",1152
P02185__L136A,P02185,L136A,136,1.250000,results/af2/single-repr-full/outputs/P02185/single_repr_model_1_pred_0.npy,results/af2/single-repr-full/outputs/P02185__L136A/single_repr_model_1_pred_0.npy,"(154, 384)","(154, 384)",1152
P02185__L136I,P02185,L136I,136,1.500000,results/af2/single-repr-full/outputs/P02185/single_repr_model_1_pred_0.npy,results/af2/single-repr-full/outputs/P02185__L136I/single_repr_model_1_pred_0.npy,"(154, 384)","(154, 384)",1152
P02185__L136M,P02185,L136M,136,0.800000,results/af2/single-repr-full/outputs/P02185/single_repr_model_1_pred_0.npy,results/af2/single-repr-full/outputs/P02185__L136M/single_repr_model_1_pred_0.npy,"(154, 384)","(154, 384)",1152
P02185__L136V,P02185,L136V,136,2.200000,results/af2/single-repr-full/outputs/P02185/single_repr_model_1_pred_0.npy,results/af2/single-repr-full/outputs/P02185__L136V/single_repr_model_1_pred_0.npy,"(154, 384)","(154, 384)",1152
P02185__L138A,P02185,L138A,138,0.300000,results/af2/single-repr-full/outputs/P02185/single_repr_model_1_pred_0.npy,results/af2/single-repr-full/outputs/P02185__L138A/single_repr_model_1_pred_0.npy,"(154, 384)","(154, 384)",1152
P02185__K141A,P02185,K141A,141,-0.425000,results/af2/single-repr-full/outputs/P02185/single_repr_model_1_pred_0.npy,results/af2/single-repr-full/outputs/P02185__K141A/single_repr_model_1_pred_0.npy,"(154, 384)","(154, 384)",1152
P02185__I143A,P02185,I143A,143,1.550000,results/af2/single-repr-full/outputs/P02185/single_repr_model_1_pred_0.npy,results/af2/single-repr-full/outputs/P02185__I143A/single_repr_model_1_pred_0.npy,"(154, 384)","(154, 384)",1152
P02185__I143L,P02185,I143L,143,-0.600000,results/af2/single-repr-full/outputs/P02185/single_repr_model_1_pred_0.npy,results/af2/single-repr-full/outputs/P02185__I143L/single_repr_model_1_pred_0.npy,"(154, 384)","(154, 384)",1152
P02185__I143M,P02185,I143M,143,-0.900000,results/af2/single-repr-full/outputs/P02185/single_repr_model_1_pred_0.npy,results/af2/single-repr-full/outputs/P02185__I143M/single_repr_model_1_pred_0.npy,"(154, 384)","(154, 384)",1152
P02185__I143V,P02185,I143V,143,0.100000,results/af2/single-repr-full/outputs/P02185/single_repr_model_1_pred_0.npy,results/af2/single-repr-full/outputs/P02185__I143V/single_repr_model_1_pred_0.npy,"(154, 384)","(154, 384)",1152
P02185__A145L,P02185,A145L,145,-0.250000,results/af2/single-repr-full/outputs/P02185/single_repr_model_1_pred_0.npy,results/af2/single-repr-full/outputs/P02185__A145L/single_repr_model_1_pred_0.npy,"(154, 384)","(154, 384)",1152
P02185__L150A,P02185,L150A,150,1.600000,results/af2/single-repr-full/outputs/P02185/single_repr_model_1_pred_0.npy,results/af2/single-repr-full/outputs/P02185__L150A/single_repr_model_1_pred_0.npy,"(154, 384)","(154, 384)",1152
P02417__M1A,P02417,M1A,1,1.460000,results/af2/single-repr-full/outputs/P02417/single_repr_model_1_pred_0.npy,results/af2/single-repr-full/outputs/P02417__M1A/single_repr_model_1_pred_0.npy,"(149, 384)","(149, 384)",1152
P02417__M1G,P02417,M1G,1,2.360000,results/af2/single-repr-full/outputs/P02417/single_repr_model_1_pred_0.npy,results/af2/single-repr-full/outputs/P02417__M1G/single_repr_model_1_pred_0.npy,"(149, 384)","(149, 384)",1152
P02417__V3A,P02417,V3A,3,2.550000,results/af2/single-repr-full/outputs/P02417/single_repr_model_1_pred_0.npy,results/af2/single-repr-full/outputs/P02417__V3A/single_repr_model_1_pred_0.npy,"(149, 384)","(149, 384)",1152
P02417__V3I,P02417,V3I,3,0.310000,results/af2/single-repr-full/outputs/P02417/single_repr_model_1_pred_0.npy,results/af2/single-repr-full/outputs/P02417__V3I/single_repr_model_1_pred_0.npy,"(149, 384)","(149, 384)",1152
P02417__V3L,P02417,V3L,3,2.210000,results/af2/single-repr-full/outputs/P02417/single_repr_model_1_pred_0.npy,results/af2/single-repr-full/outputs/P02417__V3L/single_repr_model_1_pred_0.npy,"(149, 384)","(149, 384)",1152
P02417__I4A,P02417,I4A,4,2.220000,results/af2/single-repr-full/outputs/P02417/single_repr_model_1_pred_0.npy,results/af2/single-repr-full/outputs/P02417__I4A/single_repr_model_1_pred_0.npy,"(149, 384)","(149, 384)",1152
P02417__I4V,P02417,I4V,4,0.590000,results/af2/single-repr-full/outputs/P02417/single_repr_model_1_pred_0.npy,results/af2/single-repr-full/outputs/P02417__I4V/single_repr_model_1_pred_0.npy,"(149, 384)","(149, 384)",1152
P02417__F5V,P02417,F5V,5,3.990000,results/af2/single-repr-full/outputs/P02417/single_repr_model_1_pred_0.npy,results/af2/single-repr-full/outputs/P02417__F5V/single_repr_model_1_pred_0.npy,"(149, 384)","(149, 384)",1152
P02417__L6A,P02417,L6A,6,3.100000,results/af2/single-repr-full/outputs/P02417/single_repr_model_1_pred_0.npy,results/af2/single-repr-full/outputs/P02417__L6A/single_repr_model_1_pred_0.npy,"(149, 384)","(149, 384)",1152
P02417__L6I,P02417,L6I,6,0.130000,results/af2/single-repr-full/outputs/P02417/single_repr_model_1_pred_0.npy,results/af2/single-repr-full/outputs/P02417__L6I/single_repr_model_1_pred_0.npy,"(149, 384)","(149, 384)",1152
P02417__L6V,P02417,L6V,6,0.410000,results/af2/single-repr-full/outputs/P02417/single_repr_model_1_pred_0.npy,results/af2/single-repr-full/outputs/P02417__L6V/single_repr_model_1_pred_0.npy,"(149, 384)","(149, 384)",1152
P02417__K7M,P02417,K7M,7,-0.350000,results/af2/single-repr-full/outputs/P02417/single_repr_model_1_pred_0.npy,results/af2/single-repr-full/outputs/P02417__K7M/single_repr_model_1_pred_0.npy,"(149, 384)","(149, 384)",1152
P02417__D8N,P02417,D8N,8,0.300000,results/af2/single-repr-full/outputs/P02417/single_repr_model_1_pred_0.npy,results/af2/single-repr-full/outputs/P02417__D8N/single_repr_model_1_pred_0.npy,"(149, 384)","(149, 384)",1152
P02417__K10M,P02417,K10M,10,-0.050000,results/af2/single-repr-full/outputs/P02417/single_repr_model_1_pred_0.npy,results/af2/single-repr-full/outputs/P02417__K10M/single_repr_model_1_pred_0.npy,"(149, 384)","(149, 384)",1152
P02417__K12M,P02417,K12M,12,-1.730000,results/af2/single-repr-full/outputs/P02417/single_repr_model_1_pred_0.npy,results/af2/single-repr-full/outputs/P02417__K12M/single_repr_model_1_pred_0.npy,"(149, 384)","(149, 384)",1152
P02417__K14M,P02417,K14M,14,-0.010000,results/af2/single-repr-full/outputs/P02417/single_repr_model_1_pred_0.npy,results/af2/single-repr-full/outputs/P02417__K14M/single_repr_model_1_pred_0.npy,"(149, 384)","(149, 384)",1152
P02417__K15M,P02417,K15M,15,0.310000,results/af2/single-repr-full/outputs/P02417/single_repr_model_1_pred_0.npy,results/af2/single-repr-full/outputs/P02417__K15M/single_repr_model_1_pred_0.npy,"(149, 384)","(149, 384)",1152
P02417__E17Q,P02417,E17Q,17,0.210000,results/af2/single-repr-full/outputs/P02417/single_repr_model_1_pred_0.npy,results/af2/single-repr-full/outputs/P02417__E17Q/single_repr_model_1_pred_0.npy,"(149, 384)","(149, 384)",1152
P02417__V21A,P02417,V21A,21,2.330000,results/af2/single-repr-full/outputs/P02417/single_repr_model_1_pred_0.npy,results/af2/single-repr-full/outputs/P02417__V21A/single_repr_model_1_pred_0.npy,"(149, 384)","(149, 384)",1152
P02417__V21I,P02417,V21I,21,0.400000,results/af2/single-repr-full/outputs/P02417/single_repr_model_1_pred_0.npy,results/af2/single-repr-full/outputs/P02417__V21I/single_repr_model_1_pred_0.npy,"(149, 384)","(149, 384)",1152
P02417__V21L,P02417,V21L,21,1.230000,results/af2/single-repr-full/outputs/P02417/single_repr_model_1_pred_0.npy,results/af2/single-repr-full/outputs/P02417__V21L/single_repr_model_1_pred_0.npy,"(149, 384)","(149, 384)",1152
P02417__D23A,P02417,D23A,23,-0.100000,results/af2/single-repr-full/outputs/P02417/single_repr_model_1_pred_0.npy,results/af2/single-repr-full/outputs/P02417__D23A/single_repr_model_1_pred_0.npy,"(149, 384)","(149, 384)",1152
P02417__D23N,P02417,D23N,23,0.580000,results/af2/single-repr-full/outputs/P02417/single_repr_model_1_pred_0.npy,results/af2/single-repr-full/outputs/P02417__D23N/single_repr_model_1_pred_0.npy,"(149, 384)","(149, 384)",1152
P02417__L30A,P02417,L30A,30,2.760000,results/af2/single-repr-full/outputs/P02417/single_repr_model_1_pred_0.npy,results/af2/single-repr-full/outputs/P02417__L30A/single_repr_model_1_pred_0.npy,"(149, 384)","(149, 384)",1152
P02417__L30V,P02417,L30V,30,3.620000,results/af2/single-repr-full/outputs/P02417/single_repr_model_1_pred_0.npy,results/af2/single-repr-full/outputs/P02417__L30V/single_repr_model_1_pred_0.npy,"(149, 384)","(149, 384)",1152
P02417__E38Q,P02417,E38Q,38,0.560000,results/af2/single-repr-full/outputs/P02417/single_repr_model_1_pred_0.npy,results/af2/single-repr-full/outputs/P02417__E38Q/single_repr_model_1_pred_0.npy,"(149, 384)","(149, 384)",1152
P02417__E48Q,P02417,E48Q,48,-0.030000,results/af2/single-repr-full/outputs/P02417/single_repr_model_1_pred_0.npy,results/af2/single-repr-full/outputs/P02417__E48Q/single_repr_model_1_pred_0.npy,"(149, 384)","(149, 384)",1152
P02417__E54Q,P02417,E54Q,54,-0.330000,results/af2/single-repr-full/outputs/P02417/single_repr_model_1_pred_0.npy,results/af2/single-repr-full/outputs/P02417__E54Q/single_repr_model_1_pred_0.npy,"(149, 384)","(149, 384)",1152
P02417__H106Q,P02417,H106Q,106,1.335000,results/af2/single-repr-full/outputs/P02417/single_repr_model_1_pred_0.npy,results/af2/single-repr-full/outputs/P02417__H106Q/single_repr_model_1_pred_0.npy,"(149, 384)","(149, 384)",1152
P02417__H134Q,P02417,H134Q,134,1.300000,results/af2/single-repr-full/outputs/P02417/single_repr_model_1_pred_0.npy,results/af2/single-repr-full/outputs/P02417__H134Q/single_repr_model_1_pred_0.npy,"(149, 384)","(149, 384)",1152
P02417__H144Q,P02417,H144Q,144,0.840000,results/af2/single-repr-full/outputs/P02417/single_repr_model_1_pred_0.npy,results/af2/single-repr-full/outputs/P02417__H144Q/single_repr_model_1_pred_0.npy,"(149, 384)","(149, 384)",1152
P02625__A21P,P02625,A21P,21,0.000000,results/af2/single-repr-full/outputs/P02625/single_repr_model_1_pred_0.npy,results/af2/single-repr-full/outputs/P02625__A21P/single_repr_model_1_pred_0.npy,"(110, 384)","(110, 384)",1152
P02625__A22P,P02625,A22P,22,0.485000,results/af2/single-repr-full/outputs/P02625/single_repr_model_1_pred_0.npy,results/af2/single-repr-full/outputs/P02625__A22P/single_repr_model_1_pred_0.npy,"(110, 384)","(110, 384)",1152
P02625__H27P,P02625,H27P,27,-1.250000,results/af2/single-repr-full/outputs/P02625/single_repr_model_1_pred_0.npy,results/af2/single-repr-full/outputs/P02625__H27P/single_repr_model_1_pred_0.npy,"(110, 384)","(110, 384)",1152
P02625__K81S,P02625,K81S,81,0.290000,results/af2/single-repr-full/outputs/P02625/single_repr_model_1_pred_0.npy,results/af2/single-repr-full/outputs/P02625__K81S/single_repr_model_1_pred_0.npy,"(110, 384)","(110, 384)",1152
P02631__P22A,P02631,P22A,22,0.700000,results/af2/single-repr-full/outputs/P02631/single_repr_model_1_pred_0.npy,results/af2/single-repr-full/outputs/P02631__P22A/single_repr_model_1_pred_0.npy,"(109, 384)","(109, 384)",1152
P02631__P27A,P02631,P27A,27,0.700000,results/af2/single-repr-full/outputs/P02631/single_repr_model_1_pred_0.npy,results/af2/single-repr-full/outputs/P02631__P27A/single_repr_model_1_pred_0.npy,"(109, 384)","(109, 384)",1152
P02633__L10V,P02633,L10V,10,1.950000,results/af2/single-repr-full/outputs/P02633/single_repr_model_1_pred_0.npy,results/af2/single-repr-full/outputs/P02633__L10V/single_repr_model_1_pred_0.npy,"(79, 384)","(79, 384)",1152
P02633__F14A,P02633,F14A,14,4.465000,results/af2/single-repr-full/outputs/P02633/single_repr_model_1_pred_0.npy,results/af2/single-repr-full/outputs/P02633__F14A/single_repr_model_1_pred_0.npy,"(79, 384)","(79, 384)",1152
P02633__Y17F,P02633,Y17F,17,1.145000,results/af2/single-repr-full/outputs/P02633/single_repr_model_1_pred_0.npy,results/af2/single-repr-full/outputs/P02633__Y17F/single_repr_model_1_pred_0.npy,"(79, 384)","(79, 384)",1152
P02633__E21Q,P02633,E21Q,21,-0.380000,results/af2/single-repr-full/outputs/P02633/single_repr_model_1_pred_0.npy,results/af2/single-repr-full/outputs/P02633__E21Q/single_repr_model_1_pred_0.npy,"(79, 384)","(79, 384)",1152
P02633__D23N,P02633,D23N,23,-0.740000,results/af2/single-repr-full/outputs/P02633/single_repr_model_1_pred_0.npy,results/af2/single-repr-full/outputs/P02633__D23N/single_repr_model_1_pred_0.npy,"(79, 384)","(79, 384)",1152
P02633__P24G,P02633,P24G,24,1.190000,results/af2/single-repr-full/outputs/P02633/single_repr_model_1_pred_0.npy,results/af2/single-repr-full/outputs/P02633__P24G/single_repr_model_1_pred_0.npy,"(79, 384)","(79, 384)",1152
P02633__L27A,P02633,L27A,27,3.465000,results/af2/single-repr-full/outputs/P02633/single_repr_model_1_pred_0.npy,results/af2/single-repr-full/outputs/P02633__L27A/single_repr_model_1_pred_0.npy,"(79, 384)","(79, 384)",1152
P02633__L27G,P02633,L27G,27,4.140000,results/af2/single-repr-full/outputs/P02633/single_repr_model_1_pred_0.npy,results/af2/single-repr-full/outputs/P02633__L27G/single_repr_model_1_pred_0.npy,"(79, 384)","(79, 384)",1152
P02633__E30Q,P02633,E30Q,30,-0.045000,results/af2/single-repr-full/outputs/P02633/single_repr_model_1_pred_0.npy,results/af2/single-repr-full/outputs/P02633__E30Q/single_repr_model_1_pred_0.npy,"(79, 384)","(79, 384)",1152
P02633__L32A,P02633,L32A,32,2.450000,results/af2/single-repr-full/outputs/P02633/single_repr_model_1_pred_0.npy,results/af2/single-repr-full/outputs/P02633__L32A/single_repr_model_1_pred_0.npy,"(79, 384)","(79, 384)",1152
P02633__V65A,P02633,V65A,65,3.340000,results/af2/single-repr-full/outputs/P02633/single_repr_model_1_pred_0.npy,results/af2/single-repr-full/outputs/P02633__V65A/single_repr_model_1_pred_0.npy,"(79, 384)","(79, 384)",1152
P02633__V65G,P02633,V65G,65,3.975000,results/af2/single-repr-full/outputs/P02633/single_repr_model_1_pred_0.npy,results/af2/single-repr-full/outputs/P02633__V65G/single_repr_model_1_pred_0.npy,"(79, 384)","(79, 384)",1152
P02633__F70A,P02633,F70A,70,4.585000,results/af2/single-repr-full/outputs/P02633/single_repr_model_1_pred_0.npy,results/af2/single-repr-full/outputs/P02633__F70A/single_repr_model_1_pred_0.npy,"(79, 384)","(79, 384)",1152
P02633__F70W,P02633,F70W,70,1.620000,results/af2/single-repr-full/outputs/P02633/single_repr_model_1_pred_0.npy,results/af2/single-repr-full/outputs/P02633__F70W/single_repr_model_1_pred_0.npy,"(79, 384)","(79, 384)",1152
P02633__V74L,P02633,V74L,74,0.645000,results/af2/single-repr-full/outputs/P02633/single_repr_model_1_pred_0.npy,results/af2/single-repr-full/outputs/P02633__V74L/single_repr_model_1_pred_0.npy,"(79, 384)","(79, 384)",1152
P02633__I77V,P02633,I77V,77,1.415000,results/af2/single-repr-full/outputs/P02633/single_repr_model_1_pred_0.npy,results/af2/single-repr-full/outputs/P02633__I77V/single_repr_model_1_pred_0.npy,"(79, 384)","(79, 384)",1152
P02640__H791Y,P02640,H791Y,791,-1.150000,results/af2/single-repr-full/outputs/P02640/single_repr_model_1_pred_0.npy,results/af2/single-repr-full/outputs/P02640__H791Y/single_repr_model_1_pred_0.npy,"(826, 384)","(826, 384)",1152
P02647__L165R,P02647,L165R,165,0.700000,results/af2/single-repr-full/outputs/P02647/single_repr_model_1_pred_0.npy,results/af2/single-repr-full/outputs/P02647__L165R/single_repr_model_1_pred_0.npy,"(267, 384)","(267, 384)",1152
P02693__W7Y,P02693,W7Y,7,0.900000,results/af2/single-repr-full/outputs/P02693/single_repr_model_1_pred_0.npy,results/af2/single-repr-full/outputs/P02693__W7Y/single_repr_model_1_pred_0.npy,"(132, 384)","(132, 384)",1152
P02693__I24C,P02693,I24C,24,-1.100000,results/af2/single-repr-full/outputs/P02693/single_repr_model_1_pred_0.npy,results/af2/single-repr-full/outputs/P02693__I24C/single_repr_model_1_pred_0.npy,"(132, 384)","(132, 384)",1152
P02693__S53C,P02693,S53C,53,-0.750000,results/af2/single-repr-full/outputs/P02693/single_repr_model_1_pred_0.npy,results/af2/single-repr-full/outputs/P02693__S53C/single_repr_model_1_pred_0.npy,"(132, 384)","(132, 384)",1152
P02693__V61C,P02693,V61C,61,-0.650000,results/af2/single-repr-full/outputs/P02693/single_repr_model_1_pred_0.npy,results/af2/single-repr-full/outputs/P02693__V61C/single_repr_model_1_pred_0.npy,"(132, 384)","(132, 384)",1152
P02693__V61N,P02693,V61N,61,0.800000,results/af2/single-repr-full/outputs/P02693/single_repr_model_1_pred_0.npy,results/af2/single-repr-full/outputs/P02693__V61N/single_repr_model_1_pred_0.npy,"(132, 384)","(132, 384)",1152
P02693__L65A,P02693,L65A,65,2.100000,results/af2/single-repr-full/outputs/P02693/single_repr_model_1_pred_0.npy,results/af2/single-repr-full/outputs/P02693__L65A/single_repr_model_1_pred_0.npy,"(132, 384)","(132, 384)",1152
P02693__L65G,P02693,L65G,65,2.600000,results/af2/single-repr-full/outputs/P02693/single_repr_model_1_pred_0.npy,results/af2/single-repr-full/outputs/P02693__L65G/single_repr_model_1_pred_0.npy,"(132, 384)","(132, 384)",1152
P02693__G66A,P02693,G66A,66,1.100000,results/af2/single-repr-full/outputs/P02693/single_repr_model_1_pred_0.npy,results/af2/single-repr-full/outputs/P02693__G66A/single_repr_model_1_pred_0.npy,"(132, 384)","(132, 384)",1152
P02693__F69A,P02693,F69A,69,-1.200000,results/af2/single-repr-full/outputs/P02693/single_repr_model_1_pred_0.npy,results/af2/single-repr-full/outputs/P02693__F69A/single_repr_model_1_pred_0.npy,"(132, 384)","(132, 384)",1152
P02693__L73C,P02693,L73C,73,0.050000,results/af2/single-repr-full/outputs/P02693/single_repr_model_1_pred_0.npy,results/af2/single-repr-full/outputs/P02693__L73C/single_repr_model_1_pred_0.npy,"(132, 384)","(132, 384)",1152
P02693__W83Y,P02693,W83Y,83,-0.245000,results/af2/single-repr-full/outputs/P02693/single_repr_model_1_pred_0.npy,results/af2/single-repr-full/outputs/P02693__W83Y/single_repr_model_1_pred_0.npy,"(132, 384)","(132, 384)",1152
P02693__L90C,P02693,L90C,90,1.100000,results/af2/single-repr-full/outputs/P02693/single_repr_model_1_pred_0.npy,results/af2/single-repr-full/outputs/P02693__L90C/single_repr_model_1_pred_0.npy,"(132, 384)","(132, 384)",1152
P02693__F94A,P02693,F94A,94,2.400000,results/af2/single-repr-full/outputs/P02693/single_repr_model_1_pred_0.npy,results/af2/single-repr-full/outputs/P02693__F94A/single_repr_model_1_pred_0.npy,"(132, 384)","(132, 384)",1152
P02693__A105C,P02693,A105C,105,-1.800000,results/af2/single-repr-full/outputs/P02693/single_repr_model_1_pred_0.npy,results/af2/single-repr-full/outputs/P02693__A105C/single_repr_model_1_pred_0.npy,"(132, 384)","(132, 384)",1152
P02751__L1530P,P02751,L1530P,1530,0.000000,results/af2/single-repr-full/outputs/P02751/single_repr_model_1_pred_0.npy,results/af2/single-repr-full/outputs/P02751__L1530P/single_repr_model_1_pred_0.npy,"(2477, 384)","(2477, 384)",1152
P02751__P1542A,P02751,P1542A,1542,-0.110000,results/af2/single-repr-full/outputs/P02751/single_repr_model_1_pred_0.npy,results/af2/single-repr-full/outputs/P02751__P1542A/single_repr_model_1_pred_0.npy,"(2477, 384)","(2477, 384)",1152
P02751__L1545A,P02751,L1545A,1545,1.640000,results/af2/single-repr-full/outputs/P02751/single_repr_model_1_pred_0.npy,results/af2/single-repr-full/outputs/P02751__L1545A/single_repr_model_1_pred_0.npy,"(2477, 384)","(2477, 384)",1152
P02751__V1547A,P02751,V1547A,1547,1.200000,results/af2/single-repr-full/outputs/P02751/single_repr_model_1_pred_0.npy,results/af2/single-repr-full/outputs/P02751__V1547A/single_repr_model_1_pred_0.npy,"(2477, 384)","(2477, 384)",1152
P02751__A1550G,P02751,A1550G,1550,0.930000,results/af2/single-repr-full/outputs/P02751/single_repr_model_1_pred_0.npy,results/af2/single-repr-full/outputs/P02751__A1550G/single_repr_model_1_pred_0.npy,"(2477, 384)","(2477, 384)",1152
P02751__L1555A,P02751,L1555A,1555,0.870000,results/af2/single-repr-full/outputs/P02751/single_repr_model_1_pred_0.npy,results/af2/single-repr-full/outputs/P02751__L1555A/single_repr_model_1_pred_0.npy,"(2477, 384)","(2477, 384)",1152
P02751__I1557A,P02751,I1557A,1557,0.700000,results/af2/single-repr-full/outputs/P02751/single_repr_model_1_pred_0.npy,results/af2/single-repr-full/outputs/P02751__I1557A/single_repr_model_1_pred_0.npy,"(2477, 384)","(2477, 384)",1152
P02751__I1557V,P02751,I1557V,1557,0.300000,results/af2/single-repr-full/outputs/P02751/single_repr_model_1_pred_0.npy,results/af2/single-repr-full/outputs/P02751__I1557V/single_repr_model_1_pred_0.npy,"(2477, 384)","(2477, 384)",1152
P02751__W1559F,P02751,W1559F,1559,1.940000,results/af2/single-repr-full/outputs/P02751/single_repr_model_1_pred_0.npy,results/af2/single-repr-full/outputs/P02751__W1559F/single_repr_model_1_pred_0.npy,"(2477, 384)","(2477, 384)",1152
P02751__P1562A,P02751,P1562A,1562,0.440000,results/af2/single-repr-full/outputs/P02751/single_repr_model_1_pred_0.npy,results/af2/single-repr-full/outputs/P02751__P1562A/single_repr_model_1_pred_0.npy,"(2477, 384)","(2477, 384)",1152
P02751__V1566A,P02751,V1566A,1566,1.400000,results/af2/single-repr-full/outputs/P02751/single_repr_model_1_pred_0.npy,results/af2/single-repr-full/outputs/P02751__V1566A/single_repr_model_1_pred_0.npy,"(2477, 384)","(2477, 384)",1152
P02751__Y1569A,P02751,Y1569A,1569,4.200000,results/af2/single-repr-full/outputs/P02751/single_repr_model_1_pred_0.npy,results/af2/single-repr-full/outputs/P02751__Y1569A/single_repr_model_1_pred_0.npy,"(2477, 384)","(2477, 384)",1152
P02751__Y1569F,P02751,Y1569F,1569,0.410000,results/af2/single-repr-full/outputs/P02751/single_repr_model_1_pred_0.npy,results/af2/single-repr-full/outputs/P02751__Y1569F/single_repr_model_1_pred_0.npy,"(2477, 384)","(2477, 384)",1152
P02751__Y1569L,P02751,Y1569L,1569,2.600000,results/af2/single-repr-full/outputs/P02751/single_repr_model_1_pred_0.npy,results/af2/single-repr-full/outputs/P02751__Y1569L/single_repr_model_1_pred_0.npy,"(2477, 384)","(2477, 384)",1152
P02751__I1571A,P02751,I1571A,1571,4.900000,results/af2/single-repr-full/outputs/P02751/single_repr_model_1_pred_0.npy,results/af2/single-repr-full/outputs/P02751__I1571A/single_repr_model_1_pred_0.npy,"(2477, 384)","(2477, 384)",1152
P02751__I1571V,P02751,I1571V,1571,0.300000,results/af2/single-repr-full/outputs/P02751/single_repr_model_1_pred_0.npy,results/af2/single-repr-full/outputs/P02751__I1571V/single_repr_model_1_pred_0.npy,"(2477, 384)","(2477, 384)",1152
P02751__Y1573A,P02751,Y1573A,1573,2.000000,results/af2/single-repr-full/outputs/P02751/single_repr_model_1_pred_0.npy,results/af2/single-repr-full/outputs/P02751__Y1573A/single_repr_model_1_pred_0.npy,"(2477, 384)","(2477, 384)",1152
P02751__F1585A,P02751,F1585A,1585,2.000000,results/af2/single-repr-full/outputs/P02751/single_repr_model_1_pred_0.npy,results/af2/single-repr-full/outputs/P02751__F1585A/single_repr_model_1_pred_0.npy,"(2477, 384)","(2477, 384)",1152
P02751__V1587A,P02751,V1587A,1587,2.420000,results/af2/single-repr-full/outputs/P02751/single_repr_model_1_pred_0.npy,results/af2/single-repr-full/outputs/P02751__V1587A/single_repr_model_1_pred_0.npy,"(2477, 384)","(2477, 384)",1152
P02751__A1594G,P02751,A1594G,1594,2.500000,results/af2/single-repr-full/outputs/P02751/single_repr_model_1_pred_0.npy,results/af2/single-repr-full/outputs/P02751__A1594G/single_repr_model_1_pred_0.npy,"(2477, 384)","(2477, 384)",1152
P02751__I1596A,P02751,I1596A,1596,3.300000,results/af2/single-repr-full/outputs/P02751/single_repr_model_1_pred_0.npy,results/af2/single-repr-full/outputs/P02751__I1596A/single_repr_model_1_pred_0.npy,"(2477, 384)","(2477, 384)",1152
P02751__I1596V,P02751,I1596V,1596,1.000000,results/af2/single-repr-full/outputs/P02751/single_repr_model_1_pred_0.npy,results/af2/single-repr-full/outputs/P02751__I1596V/single_repr_model_1_pred_0.npy,"(2477, 384)","(2477, 384)",1152
P02751__L1599A,P02751,L1599A,1599,2.900000,results/af2/single-repr-full/outputs/P02751/single_repr_model_1_pred_0.npy,results/af2/single-repr-full/outputs/P02751__L1599A/single_repr_model_1_pred_0.npy,"(2477, 384)","(2477, 384)",1152
P02751__P1601A,P02751,P1601A,1601,0.355000,results/af2/single-repr-full/outputs/P02751/single_repr_model_1_pred_0.npy,results/af2/single-repr-full/outputs/P02751__P1601A/single_repr_model_1_pred_0.npy,"(2477, 384)","(2477, 384)",1152
P02751__V1603A,P02751,V1603A,1603,0.670000,results/af2/single-repr-full/outputs/P02751/single_repr_model_1_pred_0.npy,results/af2/single-repr-full/outputs/P02751__V1603A/single_repr_model_1_pred_0.npy,"(2477, 384)","(2477, 384)",1152
P02751__Y1605F,P02751,Y1605F,1605,2.030000,results/af2/single-repr-full/outputs/P02751/single_repr_model_1_pred_0.npy,results/af2/single-repr-full/outputs/P02751__Y1605F/single_repr_model_1_pred_0.npy,"(2477, 384)","(2477, 384)",1152
P02751__I1607A,P02751,I1607A,1607,3.720000,results/af2/single-repr-full/outputs/P02751/single_repr_model_1_pred_0.npy,results/af2/single-repr-full/outputs/P02751__I1607A/single_repr_model_1_pred_0.npy,"(2477, 384)","(2477, 384)",1152
P02751__I1607V,P02751,I1607V,1607,0.610000,results/af2/single-repr-full/outputs/P02751/single_repr_model_1_pred_0.npy,results/af2/single-repr-full/outputs/P02751__I1607V/single_repr_model_1_pred_0.npy,"(2477, 384)","(2477, 384)",1152
P02751__V1609A,P02751,V1609A,1609,3.200000,results/af2/single-repr-full/outputs/P02751/single_repr_model_1_pred_0.npy,results/af2/single-repr-full/outputs/P02751__V1609A/single_repr_model_1_pred_0.npy,"(2477, 384)","(2477, 384)",1152
P02751__Y1610A,P02751,Y1610A,1610,1.900000,results/af2/single-repr-full/outputs/P02751/single_repr_model_1_pred_0.npy,results/af2/single-repr-full/outputs/P02751__Y1610A/single_repr_model_1_pred_0.npy,"(2477, 384)","(2477, 384)",1152
P02751__Y1610F,P02751,Y1610F,1610,2.100000,results/af2/single-repr-full/outputs/P02751/single_repr_model_1_pred_0.npy,results/af2/single-repr-full/outputs/P02751__Y1610F/single_repr_model_1_pred_0.npy,"(2477, 384)","(2477, 384)",1152
P02751__A1611G,P02751,A1611G,1611,1.380000,results/af2/single-repr-full/outputs/P02751/single_repr_model_1_pred_0.npy,results/af2/single-repr-full/outputs/P02751__A1611G/single_repr_model_1_pred_0.npy,"(2477, 384)","(2477, 384)",1152
P02751__P1619A,P02751,P1619A,1619,0.420000,results/af2/single-repr-full/outputs/P02751/single_repr_model_1_pred_0.npy,results/af2/single-repr-full/outputs/P02751__P1619A/single_repr_model_1_pred_0.npy,"(2477, 384)","(2477, 384)",1152
P02751__S1622A,P02751,S1622A,1622,-0.105000,results/af2/single-repr-full/outputs/P02751/single_repr_model_1_pred_0.npy,results/af2/single-repr-full/outputs/P02751__S1622A/single_repr_model_1_pred_0.npy,"(2477, 384)","(2477, 384)",1152
P02751__P1624A,P02751,P1624A,1624,0.210000,results/af2/single-repr-full/outputs/P02751/single_repr_model_1_pred_0.npy,results/af2/single-repr-full/outputs/P02751__P1624A/single_repr_model_1_pred_0.npy,"(2477, 384)","(2477, 384)",1152
P02751__I1625A,P02751,I1625A,1625,0.525000,results/af2/single-repr-full/outputs/P02751/single_repr_model_1_pred_0.npy,results/af2/single-repr-full/outputs/P02751__I1625A/single_repr_model_1_pred_0.npy,"(2477, 384)","(2477, 384)",1152
P02751__I1625V,P02751,I1625V,1625,0.325000,results/af2/single-repr-full/outputs/P02751/single_repr_model_1_pred_0.npy,results/af2/single-repr-full/outputs/P02751__I1625V/single_repr_model_1_pred_0.npy,"(2477, 384)","(2477, 384)",1152
P02751__I1627A,P02751,I1627A,1627,0.525000,results/af2/single-repr-full/outputs/P02751/single_repr_model_1_pred_0.npy,results/af2/single-repr-full/outputs/P02751__I1627A/single_repr_model_1_pred_0.npy,"(2477, 384)","(2477, 384)",1152
P02751__I1627V,P02751,I1627V,1627,0.280000,results/af2/single-repr-full/outputs/P02751/single_repr_model_1_pred_0.npy,results/af2/single-repr-full/outputs/P02751__I1627V/single_repr_model_1_pred_0.npy,"(2477, 384)","(2477, 384)",1152
P02751__Y1629A,P02751,Y1629A,1629,1.100000,results/af2/single-repr-full/outputs/P02751/single_repr_model_1_pred_0.npy,results/af2/single-repr-full/outputs/P02751__Y1629A/single_repr_model_1_pred_0.npy,"(2477, 384)","(2477, 384)",1152
P02751__Y1629F,P02751,Y1629F,1629,-0.105000,results/af2/single-repr-full/outputs/P02751/single_repr_model_1_pred_0.npy,results/af2/single-repr-full/outputs/P02751__Y1629F/single_repr_model_1_pred_0.npy,"(2477, 384)","(2477, 384)",1152
P02753__W42F,P02753,W42F,42,2.500000,results/af2/single-repr-full/outputs/P02753/single_repr_model_1_pred_0.npy,results/af2/single-repr-full/outputs/P02753__W42F/single_repr_model_1_pred_0.npy,"(201, 384)","(201, 384)",1152
P02753__W42L,P02753,W42L,42,2.600000,results/af2/single-repr-full/outputs/P02753/single_repr_model_1_pred_0.npy,results/af2/single-repr-full/outputs/P02753__W42L/single_repr_model_1_pred_0.npy,"(201, 384)","(201, 384)",1152
P02753__W42Y,P02753,W42Y,42,2.200000,results/af2/single-repr-full/outputs/P02753/single_repr_model_1_pred_0.npy,results/af2/single-repr-full/outputs/P02753__W42Y/single_repr_model_1_pred_0.npy,"(201, 384)","(201, 384)",1152
P02753__W109H,P02753,W109H,109,0.100000,results/af2/single-repr-full/outputs/P02753/single_repr_model_1_pred_0.npy,results/af2/single-repr-full/outputs/P02753__W109H/single_repr_model_1_pred_0.npy,"(201, 384)","(201, 384)",1152
P02753__W123F,P02753,W123F,123,0.400000,results/af2/single-repr-full/outputs/P02753/single_repr_model_1_pred_0.npy,results/af2/single-repr-full/outputs/P02753__W123F/single_repr_model_1_pred_0.npy,"(201, 384)","(201, 384)",1152
P02753__R139Q,P02753,R139Q,139,2.600000,results/af2/single-repr-full/outputs/P02753/single_repr_model_1_pred_0.npy,results/af2/single-repr-full/outputs/P02753__R139Q/single_repr_model_1_pred_0.npy,"(201, 384)","(201, 384)",1152
P02754__W35Y,P02754,W35Y,35,5.205000,results/af2/single-repr-full/outputs/P02754/single_repr_model_1_pred_0.npy,results/af2/single-repr-full/outputs/P02754__W35Y/single_repr_model_1_pred_0.npy,"(178, 384)","(178, 384)",1152
P02925__A52T,P02925,A52T,52,3.300000,results/af2/single-repr-full/outputs/P02925/single_repr_model_1_pred_0.npy,results/af2/single-repr-full/outputs/P02925__A52T/single_repr_model_1_pred_0.npy,"(296, 384)","(296, 384)",1152
P02925__V75E,P02925,V75E,75,3.500000,results/af2/single-repr-full/outputs/P02925/single_repr_model_1_pred_0.npy,results/af2/single-repr-full/outputs/P02925__V75E/single_repr_model_1_pred_0.npy,"(296, 384)","(296, 384)",1152
P02945__S48A,P02945,S48A,48,0.300000,results/af2/single-repr-full/outputs/P02945/single_repr_model_1_pred_0.npy,results/af2/single-repr-full/outputs/P02945__S48A/single_repr_model_1_pred_0.npy,"(262, 384)","(262, 384)",1152
P02945__D49A,P02945,D49A,49,0.900000,results/af2/single-repr-full/outputs/P02945/single_repr_model_1_pred_0.npy,results/af2/single-repr-full/outputs/P02945__D49A/single_repr_model_1_pred_0.npy,"(262, 384)","(262, 384)",1152
P02945__P50A,P02945,P50A,50,0.200000,results/af2/single-repr-full/outputs/P02945/single_repr_model_1_pred_0.npy,results/af2/single-repr-full/outputs/P02945__P50A/single_repr_model_1_pred_0.npy,"(262, 384)","(262, 384)",1152
P02945__D51A,P02945,D51A,51,0.500000,results/af2/single-repr-full/outputs/P02945/single_repr_model_1_pred_0.npy,results/af2/single-repr-full/outputs/P02945__D51A/single_repr_model_1_pred_0.npy,"(262, 384)","(262, 384)",1152
P02945__K53A,P02945,K53A,53,0.300000,results/af2/single-repr-full/outputs/P02945/single_repr_model_1_pred_0.npy,results/af2/single-repr-full/outputs/P02945__K53A/single_repr_model_1_pred_0.npy,"(262, 384)","(262, 384)",1152
P02945__K54A,P02945,K54A,54,1.600000,results/af2/single-repr-full/outputs/P02945/single_repr_model_1_pred_0.npy,results/af2/single-repr-full/outputs/P02945__K54A/single_repr_model_1_pred_0.npy,"(262, 384)","(262, 384)",1152
P02945__F55A,P02945,F55A,55,1.600000,results/af2/single-repr-full/outputs/P02945/single_repr_model_1_pred_0.npy,results/af2/single-repr-full/outputs/P02945__F55A/single_repr_model_1_pred_0.npy,"(262, 384)","(262, 384)",1152
P02945__Y56A,P02945,Y56A,56,1.300000,results/af2/single-repr-full/outputs/P02945/single_repr_model_1_pred_0.npy,results/af2/single-repr-full/outputs/P02945__Y56A/single_repr_model_1_pred_0.npy,"(262, 384)","(262, 384)",1152
P02945__I58A,P02945,I58A,58,1.900000,results/af2/single-repr-full/outputs/P02945/single_repr_model_1_pred_0.npy,results/af2/single-repr-full/outputs/P02945__I58A/single_repr_model_1_pred_0.npy,"(262, 384)","(262, 384)",1152
P02945__T59A,P02945,T59A,59,2.200000,results/af2/single-repr-full/outputs/P02945/single_repr_model_1_pred_0.npy,results/af2/single-repr-full/outputs/P02945__T59A/single_repr_model_1_pred_0.npy,"(262, 384)","(262, 384)",1152
P02945__T60A,P02945,T60A,60,1.000000,results/af2/single-repr-full/outputs/P02945/single_repr_model_1_pred_0.npy,results/af2/single-repr-full/outputs/P02945__T60A/single_repr_model_1_pred_0.npy,"(262, 384)","(262, 384)",1152
P02945__L61A,P02945,L61A,61,0.100000,results/af2/single-repr-full/outputs/P02945/single_repr_model_1_pred_0.npy,results/af2/single-repr-full/outputs/P02945__L61A/single_repr_model_1_pred_0.npy,"(262, 384)","(262, 384)",1152
P02945__V62A,P02945,V62A,62,-0.700000,results/af2/single-repr-full/outputs/P02945/single_repr_model_1_pred_0.npy,results/af2/single-repr-full/outputs/P02945__V62A/single_repr_model_1_pred_0.npy,"(262, 384)","(262, 384)",1152
P02945__P63A,P02945,P63A,63,-0.100000,results/af2/single-repr-full/outputs/P02945/single_repr_model_1_pred_0.npy,results/af2/single-repr-full/outputs/P02945__P63A/single_repr_model_1_pred_0.npy,"(262, 384)","(262, 384)",1152
P02945__I65A,P02945,I65A,65,1.400000,results/af2/single-repr-full/outputs/P02945/single_repr_model_1_pred_0.npy,results/af2/single-repr-full/outputs/P02945__I65A/single_repr_model_1_pred_0.npy,"(262, 384)","(262, 384)",1152
P02945__F67A,P02945,F67A,67,1.000000,results/af2/single-repr-full/outputs/P02945/single_repr_model_1_pred_0.npy,results/af2/single-repr-full/outputs/P02945__F67A/single_repr_model_1_pred_0.npy,"(262, 384)","(262, 384)",1152
P02945__T68A,P02945,T68A,68,0.100000,results/af2/single-repr-full/outputs/P02945/single_repr_model_1_pred_0.npy,results/af2/single-repr-full/outputs/P02945__T68A/single_repr_model_1_pred_0.npy,"(262, 384)","(262, 384)",1152
P02945__M69A,P02945,M69A,69,-1.400000,results/af2/single-repr-full/outputs/P02945/single_repr_model_1_pred_0.npy,results/af2/single-repr-full/outputs/P02945__M69A/single_repr_model_1_pred_0.npy,"(262, 384)","(262, 384)",1152
P02945__Y70A,P02945,Y70A,70,3.700000,results/af2/single-repr-full/outputs/P02945/single_repr_model_1_pred_0.npy,results/af2/single-repr-full/outputs/P02945__Y70A/single_repr_model_1_pred_0.npy,"(262, 384)","(262, 384)",1152
P02945__L71A,P02945,L71A,71,-0.300000,results/af2/single-repr-full/outputs/P02945/single_repr_model_1_pred_0.npy,results/af2/single-repr-full/outputs/P02945__L71A/single_repr_model_1_pred_0.npy,"(262, 384)","(262, 384)",1152
P02945__S72A,P02945,S72A,72,-0.100000,results/af2/single-repr-full/outputs/P02945/single_repr_model_1_pred_0.npy,results/af2/single-repr-full/outputs/P02945__S72A/single_repr_model_1_pred_0.npy,"(262, 384)","(262, 384)",1152
P02945__M73A,P02945,M73A,73,0.800000,results/af2/single-repr-full/outputs/P02945/single_repr_model_1_pred_0.npy,results/af2/single-repr-full/outputs/P02945__M73A/single_repr_model_1_pred_0.npy,"(262, 384)","(262, 384)",1152
P02945__L74A,P02945,L74A,74,-0.700000,results/af2/single-repr-full/outputs/P02945/single_repr_model_1_pred_0.npy,results/af2/single-repr-full/outputs/P02945__L74A/single_repr_model_1_pred_0.npy,"(262, 384)","(262, 384)",1152
P02945__L75A,P02945,L75A,75,-0.500000,results/af2/single-repr-full/outputs/P02945/single_repr_model_1_pred_0.npy,results/af2/single-repr-full/outputs/P02945__L75A/single_repr_model_1_pred_0.npy,"(262, 384)","(262, 384)",1152
P03023__K84L,P03023,K84L,84,0.200000,results/af2/single-repr-full/outputs/P03023/single_repr_model_1_pred_0.npy,results/af2/single-repr-full/outputs/P03023__K84L/single_repr_model_1_pred_0.npy,"(360, 384)","(360, 384)",1152
P03034__K5Q,P03034,K5Q,5,-0.430000,results/af2/single-repr-full/outputs/P03034/single_repr_model_1_pred_0.npy,results/af2/single-repr-full/outputs/P03034__K5Q/single_repr_model_1_pred_0.npy,"(237, 384)","(237, 384)",1152
P03034__A16G,P03034,A16G,16,0.600000,results/af2/single-repr-full/outputs/P03034/single_repr_model_1_pred_0.npy,results/af2/single-repr-full/outputs/P03034__A16G/single_repr_model_1_pred_0.npy,"(237, 384)","(237, 384)",1152
P03034__A21G,P03034,A21G,21,-0.900000,results/af2/single-repr-full/outputs/P03034/single_repr_model_1_pred_0.npy,results/af2/single-repr-full/outputs/P03034__A21G/single_repr_model_1_pred_0.npy,"(237, 384)","(237, 384)",1152
P03034__Y23H,P03034,Y23H,23,2.250000,results/af2/single-repr-full/outputs/P03034/single_repr_model_1_pred_0.npy,results/af2/single-repr-full/outputs/P03034__Y23H/single_repr_model_1_pred_0.npy,"(237, 384)","(237, 384)",1152
P03034__Q34Y,P03034,Q34Y,34,-1.320000,results/af2/single-repr-full/outputs/P03034/single_repr_model_1_pred_0.npy,results/af2/single-repr-full/outputs/P03034__Q34Y/single_repr_model_1_pred_0.npy,"(237, 384)","(237, 384)",1152
P03034__V37I,P03034,V37I,37,-0.800000,results/af2/single-repr-full/outputs/P03034/single_repr_model_1_pred_0.npy,results/af2/single-repr-full/outputs/P03034__V37I/single_repr_model_1_pred_0.npy,"(237, 384)","(237, 384)",1152
P03034__A38G,P03034,A38G,38,-0.600000,results/af2/single-repr-full/outputs/P03034/single_repr_model_1_pred_0.npy,results/af2/single-repr-full/outputs/P03034__A38G/single_repr_model_1_pred_0.npy,"(237, 384)","(237, 384)",1152
P03034__M41A,P03034,M41A,41,2.100000,results/af2/single-repr-full/outputs/P03034/single_repr_model_1_pred_0.npy,results/af2/single-repr-full/outputs/P03034__M41A/single_repr_model_1_pred_0.npy,"(237, 384)","(237, 384)",1152
P03034__Q45Y,P03034,Q45Y,45,0.020000,results/af2/single-repr-full/outputs/P03034/single_repr_model_1_pred_0.npy,results/af2/single-repr-full/outputs/P03034__Q45Y/single_repr_model_1_pred_0.npy,"(237, 384)","(237, 384)",1152
P03034__G47A,P03034,G47A,47,-0.660000,results/af2/single-repr-full/outputs/P03034/single_repr_model_1_pred_0.npy,results/af2/single-repr-full/outputs/P03034__G47A/single_repr_model_1_pred_0.npy,"(237, 384)","(237, 384)",1152
P03034__G49A,P03034,G49A,49,-0.870000,results/af2/single-repr-full/outputs/P03034/single_repr_model_1_pred_0.npy,results/af2/single-repr-full/outputs/P03034__G49A/single_repr_model_1_pred_0.npy,"(237, 384)","(237, 384)",1152
P03034__G49N,P03034,G49N,49,-0.790000,results/af2/single-repr-full/outputs/P03034/single_repr_model_1_pred_0.npy,results/af2/single-repr-full/outputs/P03034__G49N/single_repr_model_1_pred_0.npy,"(237, 384)","(237, 384)",1152
P03034__G49S,P03034,G49S,49,-0.680000,results/af2/single-repr-full/outputs/P03034/single_repr_model_1_pred_0.npy,results/af2/single-repr-full/outputs/P03034__G49S/single_repr_model_1_pred_0.npy,"(237, 384)","(237, 384)",1152
P03034__A50G,P03034,A50G,50,-1.200000,results/af2/single-repr-full/outputs/P03034/single_repr_model_1_pred_0.npy,results/af2/single-repr-full/outputs/P03034__A50G/single_repr_model_1_pred_0.npy,"(237, 384)","(237, 384)",1152
P03034__A50V,P03034,A50V,50,1.220000,results/af2/single-repr-full/outputs/P03034/single_repr_model_1_pred_0.npy,results/af2/single-repr-full/outputs/P03034__A50V/single_repr_model_1_pred_0.npy,"(237, 384)","(237, 384)",1152
P03034__A63G,P03034,A63G,63,-1.500000,results/af2/single-repr-full/outputs/P03034/single_repr_model_1_pred_0.npy,results/af2/single-repr-full/outputs/P03034__A63G/single_repr_model_1_pred_0.npy,"(237, 384)","(237, 384)",1152
P03034__A67G,P03034,A67G,67,-0.100000,results/af2/single-repr-full/outputs/P03034/single_repr_model_1_pred_0.npy,results/af2/single-repr-full/outputs/P03034__A67G/single_repr_model_1_pred_0.npy,"(237, 384)","(237, 384)",1152
P03034__A67T,P03034,A67T,67,2.990000,results/af2/single-repr-full/outputs/P03034/single_repr_model_1_pred_0.npy,results/af2/single-repr-full/outputs/P03034__A67T/single_repr_model_1_pred_0.npy,"(237, 384)","(237, 384)",1152
P03034__P79A,P03034,P79A,79,1.600000,results/af2/single-repr-full/outputs/P03034/single_repr_model_1_pred_0.npy,results/af2/single-repr-full/outputs/P03034__P79A/single_repr_model_1_pred_0.npy,"(237, 384)","(237, 384)",1152
P03034__A82G,P03034,A82G,82,-0.800000,results/af2/single-repr-full/outputs/P03034/single_repr_model_1_pred_0.npy,results/af2/single-repr-full/outputs/P03034__A82G/single_repr_model_1_pred_0.npy,"(237, 384)","(237, 384)",1152
P03034__I85S,P03034,I85S,85,2.250000,results/af2/single-repr-full/outputs/P03034/single_repr_model_1_pred_0.npy,results/af2/single-repr-full/outputs/P03034__I85S/single_repr_model_1_pred_0.npy,"(237, 384)","(237, 384)",1152
P03034__Y89C,P03034,Y89C,89,-2.400000,results/af2/single-repr-full/outputs/P03034/single_repr_model_1_pred_0.npy,results/af2/single-repr-full/outputs/P03034__Y89C/single_repr_model_1_pred_0.npy,"(237, 384)","(237, 384)",1152
P03040__Q16L,P03040,Q16L,16,-2.100000,results/af2/single-repr-full/outputs/P03040/single_repr_model_1_pred_0.npy,results/af2/single-repr-full/outputs/P03040__Q16L/single_repr_model_1_pred_0.npy,"(66, 384)","(66, 384)",1152
P03040__Y26C,P03040,Y26C,26,-2.200000,results/af2/single-repr-full/outputs/P03040/single_repr_model_1_pred_0.npy,results/af2/single-repr-full/outputs/P03040__Y26C/single_repr_model_1_pred_0.npy,"(66, 384)","(66, 384)",1152
P03040__Y26D,P03040,Y26D,26,-2.050000,results/af2/single-repr-full/outputs/P03040/single_repr_model_1_pred_0.npy,results/af2/single-repr-full/outputs/P03040__Y26D/single_repr_model_1_pred_0.npy,"(66, 384)","(66, 384)",1152
P03040__Y26F,P03040,Y26F,26,-0.300000,results/af2/single-repr-full/outputs/P03040/single_repr_model_1_pred_0.npy,results/af2/single-repr-full/outputs/P03040__Y26F/single_repr_model_1_pred_0.npy,"(66, 384)","(66, 384)",1152
P03040__Y26H,P03040,Y26H,26,-1.400000,results/af2/single-repr-full/outputs/P03040/single_repr_model_1_pred_0.npy,results/af2/single-repr-full/outputs/P03040__Y26H/single_repr_model_1_pred_0.npy,"(66, 384)","(66, 384)",1152
P03040__Y26L,P03040,Y26L,26,-0.850000,results/af2/single-repr-full/outputs/P03040/single_repr_model_1_pred_0.npy,results/af2/single-repr-full/outputs/P03040__Y26L/single_repr_model_1_pred_0.npy,"(66, 384)","(66, 384)",1152
P03040__Y26Q,P03040,Y26Q,26,-1.050000,results/af2/single-repr-full/outputs/P03040/single_repr_model_1_pred_0.npy,results/af2/single-repr-full/outputs/P03040__Y26Q/single_repr_model_1_pred_0.npy,"(66, 384)","(66, 384)",1152
P03040__Y26V,P03040,Y26V,26,-0.700000,results/af2/single-repr-full/outputs/P03040/single_repr_model_1_pred_0.npy,results/af2/single-repr-full/outputs/P03040__Y26V/single_repr_model_1_pred_0.npy,"(66, 384)","(66, 384)",1152
P03040__Y26W,P03040,Y26W,26,0.100000,results/af2/single-repr-full/outputs/P03040/single_repr_model_1_pred_0.npy,results/af2/single-repr-full/outputs/P03040__Y26W/single_repr_model_1_pred_0.npy,"(66, 384)","(66, 384)",1152
P03040__A36S,P03040,A36S,36,-0.300000,results/af2/single-repr-full/outputs/P03040/single_repr_model_1_pred_0.npy,results/af2/single-repr-full/outputs/P03040__A36S/single_repr_model_1_pred_0.npy,"(66, 384)","(66, 384)",1152
P03050__M1A,P03050,M1A,1,0.100000,results/af2/single-repr-full/outputs/P03050/single_repr_model_1_pred_0.npy,results/af2/single-repr-full/outputs/P03050__M1A/single_repr_model_1_pred_0.npy,"(53, 384)","(53, 384)",1152
P03050__K2A,P03050,K2A,2,-0.100000,results/af2/single-repr-full/outputs/P03050/single_repr_model_1_pred_0.npy,results/af2/single-repr-full/outputs/P03050__K2A/single_repr_model_1_pred_0.npy,"(53, 384)","(53, 384)",1152
P03050__G3A,P03050,G3A,3,-0.300000,results/af2/single-repr-full/outputs/P03050/single_repr_model_1_pred_0.npy,results/af2/single-repr-full/outputs/P03050__G3A/single_repr_model_1_pred_0.npy,"(53, 384)","(53, 384)",1152
P03050__M4A,P03050,M4A,4,-0.200000,results/af2/single-repr-full/outputs/P03050/single_repr_model_1_pred_0.npy,results/af2/single-repr-full/outputs/P03050__M4A/single_repr_model_1_pred_0.npy,"(53, 384)","(53, 384)",1152
P03050__S5A,P03050,S5A,5,-0.100000,results/af2/single-repr-full/outputs/P03050/single_repr_model_1_pred_0.npy,results/af2/single-repr-full/outputs/P03050__S5A/single_repr_model_1_pred_0.npy,"(53, 384)","(53, 384)",1152
P03050__K6A,P03050,K6A,6,-0.400000,results/af2/single-repr-full/outputs/P03050/single_repr_model_1_pred_0.npy,results/af2/single-repr-full/outputs/P03050__K6A/single_repr_model_1_pred_0.npy,"(53, 384)","(53, 384)",1152
P03050__M7A,P03050,M7A,7,0.600000,results/af2/single-repr-full/outputs/P03050/single_repr_model_1_pred_0.npy,results/af2/single-repr-full/outputs/P03050__M7A/single_repr_model_1_pred_0.npy,"(53, 384)","(53, 384)",1152
P03050__P8A,P03050,P8A,8,-2.900000,results/af2/single-repr-full/outputs/P03050/single_repr_model_1_pred_0.npy,results/af2/single-repr-full/outputs/P03050__P8A/single_repr_model_1_pred_0.npy,"(53, 384)","(53, 384)",1152
P03050__P8L,P03050,P8L,8,-2.490000,results/af2/single-repr-full/outputs/P03050/single_repr_model_1_pred_0.npy,results/af2/single-repr-full/outputs/P03050__P8L/single_repr_model_1_pred_0.npy,"(53, 384)","(53, 384)",1152
P03050__Q9A,P03050,Q9A,9,0.100000,results/af2/single-repr-full/outputs/P03050/single_repr_model_1_pred_0.npy,results/af2/single-repr-full/outputs/P03050__Q9A/single_repr_model_1_pred_0.npy,"(53, 384)","(53, 384)",1152
P03050__Q9G,P03050,Q9G,9,-0.440000,results/af2/single-repr-full/outputs/P03050/single_repr_model_1_pred_0.npy,results/af2/single-repr-full/outputs/P03050__Q9G/single_repr_model_1_pred_0.npy,"(53, 384)","(53, 384)",1152
P03050__F10A,P03050,F10A,10,2.700000,results/af2/single-repr-full/outputs/P03050/single_repr_model_1_pred_0.npy,results/af2/single-repr-full/outputs/P03050__F10A/single_repr_model_1_pred_0.npy,"(53, 384)","(53, 384)",1152
P03050__N11A,P03050,N11A,11,-0.500000,results/af2/single-repr-full/outputs/P03050/single_repr_model_1_pred_0.npy,results/af2/single-repr-full/outputs/P03050__N11A/single_repr_model_1_pred_0.npy,"(53, 384)","(53, 384)",1152
P03050__L12A,P03050,L12A,12,2.010000,results/af2/single-repr-full/outputs/P03050/single_repr_model_1_pred_0.npy,results/af2/single-repr-full/outputs/P03050__L12A/single_repr_model_1_pred_0.npy,"(53, 384)","(53, 384)",1152
P03050__R13A,P03050,R13A,13,0.600000,results/af2/single-repr-full/outputs/P03050/single_repr_model_1_pred_0.npy,results/af2/single-repr-full/outputs/P03050__R13A/single_repr_model_1_pred_0.npy,"(53, 384)","(53, 384)",1152
P03050__R13G,P03050,R13G,13,-0.330000,results/af2/single-repr-full/outputs/P03050/single_repr_model_1_pred_0.npy,results/af2/single-repr-full/outputs/P03050__R13G/single_repr_model_1_pred_0.npy,"(53, 384)","(53, 384)",1152
P03050__W14A,P03050,W14A,14,4.000000,results/af2/single-repr-full/outputs/P03050/single_repr_model_1_pred_0.npy,results/af2/single-repr-full/outputs/P03050__W14A/single_repr_model_1_pred_0.npy,"(53, 384)","(53, 384)",1152
P03050__P15A,P03050,P15A,15,1.900000,results/af2/single-repr-full/outputs/P03050/single_repr_model_1_pred_0.npy,results/af2/single-repr-full/outputs/P03050__P15A/single_repr_model_1_pred_0.npy,"(53, 384)","(53, 384)",1152
P03050__R16A,P03050,R16A,16,-0.200000,results/af2/single-repr-full/outputs/P03050/single_repr_model_1_pred_0.npy,results/af2/single-repr-full/outputs/P03050__R16A/single_repr_model_1_pred_0.npy,"(53, 384)","(53, 384)",1152
P03050__R16G,P03050,R16G,16,1.075000,results/af2/single-repr-full/outputs/P03050/single_repr_model_1_pred_0.npy,results/af2/single-repr-full/outputs/P03050__R16G/single_repr_model_1_pred_0.npy,"(53, 384)","(53, 384)",1152
P03050__E17A,P03050,E17A,17,0.500000,results/af2/single-repr-full/outputs/P03050/single_repr_model_1_pred_0.npy,results/af2/single-repr-full/outputs/P03050__E17A/single_repr_model_1_pred_0.npy,"(53, 384)","(53, 384)",1152
P03050__E17G,P03050,E17G,17,0.895000,results/af2/single-repr-full/outputs/P03050/single_repr_model_1_pred_0.npy,results/af2/single-repr-full/outputs/P03050__E17G/single_repr_model_1_pred_0.npy,"(53, 384)","(53, 384)",1152
P03050__V18A,P03050,V18A,18,0.645000,results/af2/single-repr-full/outputs/P03050/single_repr_model_1_pred_0.npy,results/af2/single-repr-full/outputs/P03050__V18A/single_repr_model_1_pred_0.npy,"(53, 384)","(53, 384)",1152
P03050__L19A,P03050,L19A,19,1.360000,results/af2/single-repr-full/outputs/P03050/single_repr_model_1_pred_0.npy,results/af2/single-repr-full/outputs/P03050__L19A/single_repr_model_1_pred_0.npy,"(53, 384)","(53, 384)",1152
P03050__L19Q,P03050,L19Q,19,1.350000,results/af2/single-repr-full/outputs/P03050/single_repr_model_1_pred_0.npy,results/af2/single-repr-full/outputs/P03050__L19Q/single_repr_model_1_pred_0.npy,"(53, 384)","(53, 384)",1152
P03050__D20A,P03050,D20A,20,0.800000,results/af2/single-repr-full/outputs/P03050/single_repr_model_1_pred_0.npy,results/af2/single-repr-full/outputs/P03050__D20A/single_repr_model_1_pred_0.npy,"(53, 384)","(53, 384)",1152
P03050__D20G,P03050,D20G,20,2.095000,results/af2/single-repr-full/outputs/P03050/single_repr_model_1_pred_0.npy,results/af2/single-repr-full/outputs/P03050__D20G/single_repr_model_1_pred_0.npy,"(53, 384)","(53, 384)",1152
P03050__L21A,P03050,L21A,21,3.400000,results/af2/single-repr-full/outputs/P03050/single_repr_model_1_pred_0.npy,results/af2/single-repr-full/outputs/P03050__L21A/single_repr_model_1_pred_0.npy,"(53, 384)","(53, 384)",1152
P03050__V22A,P03050,V22A,22,3.020000,results/af2/single-repr-full/outputs/P03050/single_repr_model_1_pred_0.npy,results/af2/single-repr-full/outputs/P03050__V22A/single_repr_model_1_pred_0.npy,"(53, 384)","(53, 384)",1152
P03050__R23A,P03050,R23A,23,1.100000,results/af2/single-repr-full/outputs/P03050/single_repr_model_1_pred_0.npy,results/af2/single-repr-full/outputs/P03050__R23A/single_repr_model_1_pred_0.npy,"(53, 384)","(53, 384)",1152
P03050__R23G,P03050,R23G,23,1.570000,results/af2/single-repr-full/outputs/P03050/single_repr_model_1_pred_0.npy,results/af2/single-repr-full/outputs/P03050__R23G/single_repr_model_1_pred_0.npy,"(53, 384)","(53, 384)",1152
P03050__K24A,P03050,K24A,24,0.600000,results/af2/single-repr-full/outputs/P03050/single_repr_model_1_pred_0.npy,results/af2/single-repr-full/outputs/P03050__K24A/single_repr_model_1_pred_0.npy,"(53, 384)","(53, 384)",1152
P03050__K24G,P03050,K24G,24,1.825000,results/af2/single-repr-full/outputs/P03050/single_repr_model_1_pred_0.npy,results/af2/single-repr-full/outputs/P03050__K24G/single_repr_model_1_pred_0.npy,"(53, 384)","(53, 384)",1152
P03050__K24T,P03050,K24T,24,0.900000,results/af2/single-repr-full/outputs/P03050/single_repr_model_1_pred_0.npy,results/af2/single-repr-full/outputs/P03050__K24T/single_repr_model_1_pred_0.npy,"(53, 384)","(53, 384)",1152
P03050__V25A,P03050,V25A,25,0.180000,results/af2/single-repr-full/outputs/P03050/single_repr_model_1_pred_0.npy,results/af2/single-repr-full/outputs/P03050__V25A/single_repr_model_1_pred_0.npy,"(53, 384)","(53, 384)",1152
P03050__E27A,P03050,E27A,27,-0.400000,results/af2/single-repr-full/outputs/P03050/single_repr_model_1_pred_0.npy,results/af2/single-repr-full/outputs/P03050__E27A/single_repr_model_1_pred_0.npy,"(53, 384)","(53, 384)",1152
P03050__E27G,P03050,E27G,27,0.575000,results/af2/single-repr-full/outputs/P03050/single_repr_model_1_pred_0.npy,results/af2/single-repr-full/outputs/P03050__E27G/single_repr_model_1_pred_0.npy,"(53, 384)","(53, 384)",1152
P03050__E28A,P03050,E28A,28,0.500000,results/af2/single-repr-full/outputs/P03050/single_repr_model_1_pred_0.npy,results/af2/single-repr-full/outputs/P03050__E28A/single_repr_model_1_pred_0.npy,"(53, 384)","(53, 384)",1152
P03050__E28G,P03050,E28G,28,1.245000,results/af2/single-repr-full/outputs/P03050/single_repr_model_1_pred_0.npy,results/af2/single-repr-full/outputs/P03050__E28G/single_repr_model_1_pred_0.npy,"(53, 384)","(53, 384)",1152
P03050__N29A,P03050,N29A,29,0.400000,results/af2/single-repr-full/outputs/P03050/single_repr_model_1_pred_0.npy,results/af2/single-repr-full/outputs/P03050__N29A/single_repr_model_1_pred_0.npy,"(53, 384)","(53, 384)",1152
P03050__G30A,P03050,G30A,30,1.895000,results/af2/single-repr-full/outputs/P03050/single_repr_model_1_pred_0.npy,results/af2/single-repr-full/outputs/P03050__G30A/single_repr_model_1_pred_0.npy,"(53, 384)","(53, 384)",1152
P03050__R31A,P03050,R31A,31,3.400000,results/af2/single-repr-full/outputs/P03050/single_repr_model_1_pred_0.npy,results/af2/single-repr-full/outputs/P03050__R31A/single_repr_model_1_pred_0.npy,"(53, 384)","(53, 384)",1152
P03050__S32A,P03050,S32A,32,3.780000,results/af2/single-repr-full/outputs/P03050/single_repr_model_1_pred_0.npy,results/af2/single-repr-full/outputs/P03050__S32A/single_repr_model_1_pred_0.npy,"(53, 384)","(53, 384)",1152
P03050__V33A,P03050,V33A,33,1.935000,results/af2/single-repr-full/outputs/P03050/single_repr_model_1_pred_0.npy,results/af2/single-repr-full/outputs/P03050__V33A/single_repr_model_1_pred_0.npy,"(53, 384)","(53, 384)",1152
P03050__N34A,P03050,N34A,34,0.000000,results/af2/single-repr-full/outputs/P03050/single_repr_model_1_pred_0.npy,results/af2/single-repr-full/outputs/P03050__N34A/single_repr_model_1_pred_0.npy,"(53, 384)","(53, 384)",1152
P03050__N34G,P03050,N34G,34,-0.420000,results/af2/single-repr-full/outputs/P03050/single_repr_model_1_pred_0.npy,results/af2/single-repr-full/outputs/P03050__N34G/single_repr_model_1_pred_0.npy,"(53, 384)","(53, 384)",1152
P03050__S35A,P03050,S35A,35,-0.200000,results/af2/single-repr-full/outputs/P03050/single_repr_model_1_pred_0.npy,results/af2/single-repr-full/outputs/P03050__S35A/single_repr_model_1_pred_0.npy,"(53, 384)","(53, 384)",1152
P03050__S35G,P03050,S35G,35,0.330000,results/af2/single-repr-full/outputs/P03050/single_repr_model_1_pred_0.npy,results/af2/single-repr-full/outputs/P03050__S35G/single_repr_model_1_pred_0.npy,"(53, 384)","(53, 384)",1152
P03050__I37V,P03050,I37V,37,1.370000,results/af2/single-repr-full/outputs/P03050/single_repr_model_1_pred_0.npy,results/af2/single-repr-full/outputs/P03050__I37V/single_repr_model_1_pred_0.npy,"(53, 384)","(53, 384)",1152
P03050__Y38A,P03050,Y38A,38,3.400000,results/af2/single-repr-full/outputs/P03050/single_repr_model_1_pred_0.npy,results/af2/single-repr-full/outputs/P03050__Y38A/single_repr_model_1_pred_0.npy,"(53, 384)","(53, 384)",1152
P03050__Q39A,P03050,Q39A,39,-0.100000,results/af2/single-repr-full/outputs/P03050/single_repr_model_1_pred_0.npy,results/af2/single-repr-full/outputs/P03050__Q39A/single_repr_model_1_pred_0.npy,"(53, 384)","(53, 384)",1152
P03050__Q39G,P03050,Q39G,39,0.960000,results/af2/single-repr-full/outputs/P03050/single_repr_model_1_pred_0.npy,results/af2/single-repr-full/outputs/P03050__Q39G/single_repr_model_1_pred_0.npy,"(53, 384)","(53, 384)",1152
P03050__R40A,P03050,R40A,40,4.600000,results/af2/single-repr-full/outputs/P03050/single_repr_model_1_pred_0.npy,results/af2/single-repr-full/outputs/P03050__R40A/single_repr_model_1_pred_0.npy,"(53, 384)","(53, 384)",1152
P03050__V41A,P03050,V41A,41,3.710000,results/af2/single-repr-full/outputs/P03050/single_repr_model_1_pred_0.npy,results/af2/single-repr-full/outputs/P03050__V41A/single_repr_model_1_pred_0.npy,"(53, 384)","(53, 384)",1152
P03050__M42A,P03050,M42A,42,3.285000,results/af2/single-repr-full/outputs/P03050/single_repr_model_1_pred_0.npy,results/af2/single-repr-full/outputs/P03050__M42A/single_repr_model_1_pred_0.npy,"(53, 384)","(53, 384)",1152
P03050__E43A,P03050,E43A,43,0.300000,results/af2/single-repr-full/outputs/P03050/single_repr_model_1_pred_0.npy,results/af2/single-repr-full/outputs/P03050__E43A/single_repr_model_1_pred_0.npy,"(53, 384)","(53, 384)",1152
P03050__S44A,P03050,S44A,44,-0.300000,results/af2/single-repr-full/outputs/P03050/single_repr_model_1_pred_0.npy,results/af2/single-repr-full/outputs/P03050__S44A/single_repr_model_1_pred_0.npy,"(53, 384)","(53, 384)",1152
P03050__F45A,P03050,F45A,45,2.700000,results/af2/single-repr-full/outputs/P03050/single_repr_model_1_pred_0.npy,results/af2/single-repr-full/outputs/P03050__F45A/single_repr_model_1_pred_0.npy,"(53, 384)","(53, 384)",1152
P03050__K46A,P03050,K46A,46,0.000000,results/af2/single-repr-full/outputs/P03050/single_repr_model_1_pred_0.npy,results/af2/single-repr-full/outputs/P03050__K46A/single_repr_model_1_pred_0.npy,"(53, 384)","(53, 384)",1152
P03050__K46G,P03050,K46G,46,1.150000,results/af2/single-repr-full/outputs/P03050/single_repr_model_1_pred_0.npy,results/af2/single-repr-full/outputs/P03050__K46G/single_repr_model_1_pred_0.npy,"(53, 384)","(53, 384)",1152
P03050__K47A,P03050,K47A,47,1.800000,results/af2/single-repr-full/outputs/P03050/single_repr_model_1_pred_0.npy,results/af2/single-repr-full/outputs/P03050__K47A/single_repr_model_1_pred_0.npy,"(53, 384)","(53, 384)",1152
P03050__K47G,P03050,K47G,47,0.880000,results/af2/single-repr-full/outputs/P03050/single_repr_model_1_pred_0.npy,results/af2/single-repr-full/outputs/P03050__K47G/single_repr_model_1_pred_0.npy,"(53, 384)","(53, 384)",1152
P03050__E48A,P03050,E48A,48,-0.130000,results/af2/single-repr-full/outputs/P03050/single_repr_model_1_pred_0.npy,results/af2/single-repr-full/outputs/P03050__E48A/single_repr_model_1_pred_0.npy,"(53, 384)","(53, 384)",1152
P03050__E48G,P03050,E48G,48,1.845000,results/af2/single-repr-full/outputs/P03050/single_repr_model_1_pred_0.npy,results/af2/single-repr-full/outputs/P03050__E48G/single_repr_model_1_pred_0.npy,"(53, 384)","(53, 384)",1152
P03050__G49A,P03050,G49A,49,2.000000,results/af2/single-repr-full/outputs/P03050/single_repr_model_1_pred_0.npy,results/af2/single-repr-full/outputs/P03050__G49A/single_repr_model_1_pred_0.npy,"(53, 384)","(53, 384)",1152
P03050__R50A,P03050,R50A,50,1.900000,results/af2/single-repr-full/outputs/P03050/single_repr_model_1_pred_0.npy,results/af2/single-repr-full/outputs/P03050__R50A/single_repr_model_1_pred_0.npy,"(53, 384)","(53, 384)",1152
P03050__I51A,P03050,I51A,51,1.900000,results/af2/single-repr-full/outputs/P03050/single_repr_model_1_pred_0.npy,results/af2/single-repr-full/outputs/P03050__I51A/single_repr_model_1_pred_0.npy,"(53, 384)","(53, 384)",1152
P03050__G52A,P03050,G52A,52,-0.200000,results/af2/single-repr-full/outputs/P03050/single_repr_model_1_pred_0.npy,results/af2/single-repr-full/outputs/P03050__G52A/single_repr_model_1_pred_0.npy,"(53, 384)","(53, 384)",1152
P03051__D30A,P03051,D30A,30,-0.300000,results/af2/single-repr-full/outputs/P03051/single_repr_model_1_pred_0.npy,results/af2/single-repr-full/outputs/P03051__D30A/single_repr_model_1_pred_0.npy,"(63, 384)","(63, 384)",1152
P03051__D30C,P03051,D30C,30,-0.800000,results/af2/single-repr-full/outputs/P03051/single_repr_model_1_pred_0.npy,results/af2/single-repr-full/outputs/P03051__D30C/single_repr_model_1_pred_0.npy,"(63, 384)","(63, 384)",1152
P03051__D30E,P03051,D30E,30,-1.000000,results/af2/single-repr-full/outputs/P03051/single_repr_model_1_pred_0.npy,results/af2/single-repr-full/outputs/P03051__D30E/single_repr_model_1_pred_0.npy,"(63, 384)","(63, 384)",1152
P03051__D30F,P03051,D30F,30,0.100000,results/af2/single-repr-full/outputs/P03051/single_repr_model_1_pred_0.npy,results/af2/single-repr-full/outputs/P03051__D30F/single_repr_model_1_pred_0.npy,"(63, 384)","(63, 384)",1152
P03051__D30G,P03051,D30G,30,-2.000000,results/af2/single-repr-full/outputs/P03051/single_repr_model_1_pred_0.npy,results/af2/single-repr-full/outputs/P03051__D30G/single_repr_model_1_pred_0.npy,"(63, 384)","(63, 384)",1152
P03051__D30H,P03051,D30H,30,-0.900000,results/af2/single-repr-full/outputs/P03051/single_repr_model_1_pred_0.npy,results/af2/single-repr-full/outputs/P03051__D30H/single_repr_model_1_pred_0.npy,"(63, 384)","(63, 384)",1152
P03051__D30I,P03051,D30I,30,0.800000,results/af2/single-repr-full/outputs/P03051/single_repr_model_1_pred_0.npy,results/af2/single-repr-full/outputs/P03051__D30I/single_repr_model_1_pred_0.npy,"(63, 384)","(63, 384)",1152
P03051__D30K,P03051,D30K,30,-0.900000,results/af2/single-repr-full/outputs/P03051/single_repr_model_1_pred_0.npy,results/af2/single-repr-full/outputs/P03051__D30K/single_repr_model_1_pred_0.npy,"(63, 384)","(63, 384)",1152
P03051__D30L,P03051,D30L,30,0.100000,results/af2/single-repr-full/outputs/P03051/single_repr_model_1_pred_0.npy,results/af2/single-repr-full/outputs/P03051__D30L/single_repr_model_1_pred_0.npy,"(63, 384)","(63, 384)",1152
P03051__D30M,P03051,D30M,30,-0.600000,results/af2/single-repr-full/outputs/P03051/single_repr_model_1_pred_0.npy,results/af2/single-repr-full/outputs/P03051__D30M/single_repr_model_1_pred_0.npy,"(63, 384)","(63, 384)",1152
P03051__D30N,P03051,D30N,30,-0.800000,results/af2/single-repr-full/outputs/P03051/single_repr_model_1_pred_0.npy,results/af2/single-repr-full/outputs/P03051__D30N/single_repr_model_1_pred_0.npy,"(63, 384)","(63, 384)",1152
P03051__D30P,P03051,D30P,30,1.600000,results/af2/single-repr-full/outputs/P03051/single_repr_model_1_pred_0.npy,results/af2/single-repr-full/outputs/P03051__D30P/single_repr_model_1_pred_0.npy,"(63, 384)","(63, 384)",1152
P03051__D30Q,P03051,D30Q,30,-1.800000,results/af2/single-repr-full/outputs/P03051/single_repr_model_1_pred_0.npy,results/af2/single-repr-full/outputs/P03051__D30Q/single_repr_model_1_pred_0.npy,"(63, 384)","(63, 384)",1152
P03051__D30R,P03051,D30R,30,-0.800000,results/af2/single-repr-full/outputs/P03051/single_repr_model_1_pred_0.npy,results/af2/single-repr-full/outputs/P03051__D30R/single_repr_model_1_pred_0.npy,"(63, 384)","(63, 384)",1152
P03051__D30S,P03051,D30S,30,-1.000000,results/af2/single-repr-full/outputs/P03051/single_repr_model_1_pred_0.npy,results/af2/single-repr-full/outputs/P03051__D30S/single_repr_model_1_pred_0.npy,"(63, 384)","(63, 384)",1152
P03051__D30T,P03051,D30T,30,0.400000,results/af2/single-repr-full/outputs/P03051/single_repr_model_1_pred_0.npy,results/af2/single-repr-full/outputs/P03051__D30T/single_repr_model_1_pred_0.npy,"(63, 384)","(63, 384)",1152
P03051__D30V,P03051,D30V,30,0.400000,results/af2/single-repr-full/outputs/P03051/single_repr_model_1_pred_0.npy,results/af2/single-repr-full/outputs/P03051__D30V/single_repr_model_1_pred_0.npy,"(63, 384)","(63, 384)",1152
P03051__D30W,P03051,D30W,30,0.400000,results/af2/single-repr-full/outputs/P03051/single_repr_model_1_pred_0.npy,results/af2/single-repr-full/outputs/P03051__D30W/single_repr_model_1_pred_0.npy,"(63, 384)","(63, 384)",1152
P03051__D30Y,P03051,D30Y,30,-0.200000,results/af2/single-repr-full/outputs/P03051/single_repr_model_1_pred_0.npy,results/af2/single-repr-full/outputs/P03051__D30Y/single_repr_model_1_pred_0.npy,"(63, 384)","(63, 384)",1152
P03051__L41A,P03051,L41A,41,4.610000,results/af2/single-repr-full/outputs/P03051/single_repr_model_1_pred_0.npy,results/af2/single-repr-full/outputs/P03051__L41A/single_repr_model_1_pred_0.npy,"(63, 384)","(63, 384)",1152
P03051__L41V,P03051,L41V,41,1.915000,results/af2/single-repr-full/outputs/P03051/single_repr_model_1_pred_0.npy,results/af2/single-repr-full/outputs/P03051__L41V/single_repr_model_1_pred_0.npy,"(63, 384)","(63, 384)",1152
P03069__K256A,P03069,K256A,256,0.390000,results/af2/single-repr-full/outputs/P03069/single_repr_model_1_pred_0.npy,results/af2/single-repr-full/outputs/P03069__K256A/single_repr_model_1_pred_0.npy,"(281, 384)","(281, 384)",1152
P03069__E259Q,P03069,E259Q,259,0.740000,results/af2/single-repr-full/outputs/P03069/single_repr_model_1_pred_0.npy,results/af2/single-repr-full/outputs/P03069__E259Q/single_repr_model_1_pred_0.npy,"(281, 384)","(281, 384)",1152
P03069__K263A,P03069,K263A,263,0.410000,results/af2/single-repr-full/outputs/P03069/single_repr_model_1_pred_0.npy,results/af2/single-repr-full/outputs/P03069__K263A/single_repr_model_1_pred_0.npy,"(281, 384)","(281, 384)",1152
P03069__E268Q,P03069,E268Q,268,-0.200000,results/af2/single-repr-full/outputs/P03069/single_repr_model_1_pred_0.npy,results/af2/single-repr-full/outputs/P03069__E268Q/single_repr_model_1_pred_0.npy,"(281, 384)","(281, 384)",1152
P03069__E270Q,P03069,E270Q,270,1.830000,results/af2/single-repr-full/outputs/P03069/single_repr_model_1_pred_0.npy,results/af2/single-repr-full/outputs/P03069__E270Q/single_repr_model_1_pred_0.npy,"(281, 384)","(281, 384)",1152
P03069__R273A,P03069,R273A,273,1.660000,results/af2/single-repr-full/outputs/P03069/single_repr_model_1_pred_0.npy,results/af2/single-repr-full/outputs/P03069__R273A/single_repr_model_1_pred_0.npy,"(281, 384)","(281, 384)",1152
P03069__K275A,P03069,K275A,275,0.910000,results/af2/single-repr-full/outputs/P03069/single_repr_model_1_pred_0.npy,results/af2/single-repr-full/outputs/P03069__K275A/single_repr_model_1_pred_0.npy,"(281, 384)","(281, 384)",1152
P03069__K276A,P03069,K276A,276,0.060000,results/af2/single-repr-full/outputs/P03069/single_repr_model_1_pred_0.npy,results/af2/single-repr-full/outputs/P03069__K276A/single_repr_model_1_pred_0.npy,"(281, 384)","(281, 384)",1152
P03706__H31D,P03706,H31D,31,1.600000,results/af2/single-repr-full/outputs/P03706/single_repr_model_1_pred_0.npy,results/af2/single-repr-full/outputs/P03706__H31D/single_repr_model_1_pred_0.npy,"(158, 384)","(158, 384)",1152
P03706__H31N,P03706,H31N,31,-1.800000,results/af2/single-repr-full/outputs/P03706/single_repr_model_1_pred_0.npy,results/af2/single-repr-full/outputs/P03706__H31N/single_repr_model_1_pred_0.npy,"(158, 384)","(158, 384)",1152
P03706__H48N,P03706,H48N,48,5.000000,results/af2/single-repr-full/outputs/P03706/single_repr_model_1_pred_0.npy,results/af2/single-repr-full/outputs/P03706__H48N/single_repr_model_1_pred_0.npy,"(158, 384)","(158, 384)",1152
P03958__W117F,P03958,W117F,117,-4.700000,results/af2/single-repr-full/outputs/P03958/single_repr_model_1_pred_0.npy,results/af2/single-repr-full/outputs/P03958__W117F/single_repr_model_1_pred_0.npy,"(352, 384)","(352, 384)",1152
P03958__W161F,P03958,W161F,161,-7.300000,results/af2/single-repr-full/outputs/P03958/single_repr_model_1_pred_0.npy,results/af2/single-repr-full/outputs/P03958__W161F/single_repr_model_1_pred_0.npy,"(352, 384)","(352, 384)",1152
P03958__W264F,P03958,W264F,264,-8.640000,results/af2/single-repr-full/outputs/P03958/single_repr_model_1_pred_0.npy,results/af2/single-repr-full/outputs/P03958__W264F/single_repr_model_1_pred_0.npy,"(352, 384)","(352, 384)",1152
P03958__W272F,P03958,W272F,272,-4.700000,results/af2/single-repr-full/outputs/P03958/single_repr_model_1_pred_0.npy,results/af2/single-repr-full/outputs/P03958__W272F/single_repr_model_1_pred_0.npy,"(352, 384)","(352, 384)",1152
P04164__M69A,P04164,M69A,69,-5.000000,results/af2/single-repr-full/outputs/P04164/single_repr_model_1_pred_0.npy,results/af2/single-repr-full/outputs/P04164__M69A/single_repr_model_1_pred_0.npy,"(131, 384)","(131, 384)",1152
P04164__M69H,P04164,M69H,69,0.700000,results/af2/single-repr-full/outputs/P04164/single_repr_model_1_pred_0.npy,results/af2/single-repr-full/outputs/P04164__M69H/single_repr_model_1_pred_0.npy,"(131, 384)","(131, 384)",1152
P04166__R31H,P04166,R31H,31,-1.400000,results/af2/single-repr-full/outputs/P04166/single_repr_model_1_pred_0.npy,results/af2/single-repr-full/outputs/P04166__R31H/single_repr_model_1_pred_0.npy,"(146, 384)","(146, 384)",1152
P04166__D76R,P04166,D76R,76,-0.150000,results/af2/single-repr-full/outputs/P04166/single_repr_model_1_pred_0.npy,results/af2/single-repr-full/outputs/P04166__D76R/single_repr_model_1_pred_0.npy,"(146, 384)","(146, 384)",1152
P04166__P81A,P04166,P81A,81,1.100000,results/af2/single-repr-full/outputs/P04166/single_repr_model_1_pred_0.npy,results/af2/single-repr-full/outputs/P04166__P81A/single_repr_model_1_pred_0.npy,"(146, 384)","(146, 384)",1152
P04166__P97A,P04166,P97A,97,0.700000,results/af2/single-repr-full/outputs/P04166/single_repr_model_1_pred_0.npy,results/af2/single-repr-full/outputs/P04166__P97A/single_repr_model_1_pred_0.npy,"(146, 384)","(146, 384)",1152
P04168__Y12F,P04168,Y12F,12,2.300000,results/af2/single-repr-full/outputs/P04168/single_repr_model_1_pred_0.npy,results/af2/single-repr-full/outputs/P04168__Y12F/single_repr_model_1_pred_0.npy,"(71, 384)","(71, 384)",1152
P04179__Y58F,P04179,Y58F,58,-6.350000,results/af2/single-repr-full/outputs/P04179/single_repr_model_1_pred_0.npy,results/af2/single-repr-full/outputs/P04179__Y58F/single_repr_model_1_pred_0.npy,"(222, 384)","(222, 384)",1152
P04179__I82T,P04179,I82T,82,2.850000,results/af2/single-repr-full/outputs/P04179/single_repr_model_1_pred_0.npy,results/af2/single-repr-full/outputs/P04179__I82T/single_repr_model_1_pred_0.npy,"(222, 384)","(222, 384)",1152
P04179__Q143N,P04179,Q143N,143,-1.200000,results/af2/single-repr-full/outputs/P04179/single_repr_model_1_pred_0.npy,results/af2/single-repr-full/outputs/P04179__Q143N/single_repr_model_1_pred_0.npy,"(222, 384)","(222, 384)",1152
P04179__Q167N,P04179,Q167N,167,-1.425000,results/af2/single-repr-full/outputs/P04179/single_repr_model_1_pred_0.npy,results/af2/single-repr-full/outputs/P04179__Q167N/single_repr_model_1_pred_0.npy,"(222, 384)","(222, 384)",1152
P04271__L4A,P04271,L4A,4,-0.415000,results/af2/single-repr-full/outputs/P04271/single_repr_model_1_pred_0.npy,results/af2/single-repr-full/outputs/P04271__L4A/single_repr_model_1_pred_0.npy,"(92, 384)","(92, 384)",1152
P04271__L4S,P04271,L4S,4,-0.800000,results/af2/single-repr-full/outputs/P04271/single_repr_model_1_pred_0.npy,results/af2/single-repr-full/outputs/P04271__L4S/single_repr_model_1_pred_0.npy,"(92, 384)","(92, 384)",1152
P04271__M8A,P04271,M8A,8,2.000000,results/af2/single-repr-full/outputs/P04271/single_repr_model_1_pred_0.npy,results/af2/single-repr-full/outputs/P04271__M8A/single_repr_model_1_pred_0.npy,"(92, 384)","(92, 384)",1152
P04271__I12A,P04271,I12A,12,-1.290000,results/af2/single-repr-full/outputs/P04271/single_repr_model_1_pred_0.npy,results/af2/single-repr-full/outputs/P04271__I12A/single_repr_model_1_pred_0.npy,"(92, 384)","(92, 384)",1152
P04271__F15A,P04271,F15A,15,4.460000,results/af2/single-repr-full/outputs/P04271/single_repr_model_1_pred_0.npy,results/af2/single-repr-full/outputs/P04271__F15A/single_repr_model_1_pred_0.npy,"(92, 384)","(92, 384)",1152
P04637__Q104H,P04637,Q104H,104,-0.240000,results/af2/single-repr-full/outputs/P04637/single_repr_model_1_pred_0.npy,results/af2/single-repr-full/outputs/P04637__Q104H/single_repr_model_1_pred_0.npy,"(393, 384)","(393, 384)",1152
P04637__Q104P,P04637,Q104P,104,-0.110000,results/af2/single-repr-full/outputs/P04637/single_repr_model_1_pred_0.npy,results/af2/single-repr-full/outputs/P04637__Q104P/single_repr_model_1_pred_0.npy,"(393, 384)","(393, 384)",1152
P04637__T123A,P04637,T123A,123,0.130000,results/af2/single-repr-full/outputs/P04637/single_repr_model_1_pred_0.npy,results/af2/single-repr-full/outputs/P04637__T123A/single_repr_model_1_pred_0.npy,"(393, 384)","(393, 384)",1152
P04637__A129D,P04637,A129D,129,0.700000,results/af2/single-repr-full/outputs/P04637/single_repr_model_1_pred_0.npy,results/af2/single-repr-full/outputs/P04637__A129D/single_repr_model_1_pred_0.npy,"(393, 384)","(393, 384)",1152
P04637__A129E,P04637,A129E,129,0.380000,results/af2/single-repr-full/outputs/P04637/single_repr_model_1_pred_0.npy,results/af2/single-repr-full/outputs/P04637__A129E/single_repr_model_1_pred_0.npy,"(393, 384)","(393, 384)",1152
P04637__A129S,P04637,A129S,129,0.190000,results/af2/single-repr-full/outputs/P04637/single_repr_model_1_pred_0.npy,results/af2/single-repr-full/outputs/P04637__A129S/single_repr_model_1_pred_0.npy,"(393, 384)","(393, 384)",1152
P04637__M133L,P04637,M133L,133,-0.300000,results/af2/single-repr-full/outputs/P04637/single_repr_model_1_pred_0.npy,results/af2/single-repr-full/outputs/P04637__M133L/single_repr_model_1_pred_0.npy,"(393, 384)","(393, 384)",1152
P04637__F134L,P04637,F134L,134,4.780000,results/af2/single-repr-full/outputs/P04637/single_repr_model_1_pred_0.npy,results/af2/single-repr-full/outputs/P04637__F134L/single_repr_model_1_pred_0.npy,"(393, 384)","(393, 384)",1152
P04637__V143A,P04637,V143A,143,3.600000,results/af2/single-repr-full/outputs/P04637/single_repr_model_1_pred_0.npy,results/af2/single-repr-full/outputs/P04637__V143A/single_repr_model_1_pred_0.npy,"(393, 384)","(393, 384)",1152
P04637__L145Q,P04637,L145Q,145,2.980000,results/af2/single-repr-full/outputs/P04637/single_repr_model_1_pred_0.npy,results/af2/single-repr-full/outputs/P04637__L145Q/single_repr_model_1_pred_0.npy,"(393, 384)","(393, 384)",1152
P04637__D148E,P04637,D148E,148,0.430000,results/af2/single-repr-full/outputs/P04637/single_repr_model_1_pred_0.npy,results/af2/single-repr-full/outputs/P04637__D148E/single_repr_model_1_pred_0.npy,"(393, 384)","(393, 384)",1152
P04637__D148S,P04637,D148S,148,-0.220000,results/af2/single-repr-full/outputs/P04637/single_repr_model_1_pred_0.npy,results/af2/single-repr-full/outputs/P04637__D148S/single_repr_model_1_pred_0.npy,"(393, 384)","(393, 384)",1152
P04637__T150P,P04637,T150P,150,0.080000,results/af2/single-repr-full/outputs/P04637/single_repr_model_1_pred_0.npy,results/af2/single-repr-full/outputs/P04637__T150P/single_repr_model_1_pred_0.npy,"(393, 384)","(393, 384)",1152
P04637__P151S,P04637,P151S,151,4.490000,results/af2/single-repr-full/outputs/P04637/single_repr_model_1_pred_0.npy,results/af2/single-repr-full/outputs/P04637__P151S/single_repr_model_1_pred_0.npy,"(393, 384)","(393, 384)",1152
P04637__V157F,P04637,V157F,157,3.880000,results/af2/single-repr-full/outputs/P04637/single_repr_model_1_pred_0.npy,results/af2/single-repr-full/outputs/P04637__V157F/single_repr_model_1_pred_0.npy,"(393, 384)","(393, 384)",1152
P04637__Q165K,P04637,Q165K,165,1.270000,results/af2/single-repr-full/outputs/P04637/single_repr_model_1_pred_0.npy,results/af2/single-repr-full/outputs/P04637__Q165K/single_repr_model_1_pred_0.npy,"(393, 384)","(393, 384)",1152
P04637__Q167E,P04637,Q167E,167,0.430000,results/af2/single-repr-full/outputs/P04637/single_repr_model_1_pred_0.npy,results/af2/single-repr-full/outputs/P04637__Q167E/single_repr_model_1_pred_0.npy,"(393, 384)","(393, 384)",1152
P04637__H168R,P04637,H168R,168,2.910000,results/af2/single-repr-full/outputs/P04637/single_repr_model_1_pred_0.npy,results/af2/single-repr-full/outputs/P04637__H168R/single_repr_model_1_pred_0.npy,"(393, 384)","(393, 384)",1152
P04637__R174K,P04637,R174K,174,0.220000,results/af2/single-repr-full/outputs/P04637/single_repr_model_1_pred_0.npy,results/af2/single-repr-full/outputs/P04637__R174K/single_repr_model_1_pred_0.npy,"(393, 384)","(393, 384)",1152
P04637__R175A,P04637,R175A,175,0.730000,results/af2/single-repr-full/outputs/P04637/single_repr_model_1_pred_0.npy,results/af2/single-repr-full/outputs/P04637__R175A/single_repr_model_1_pred_0.npy,"(393, 384)","(393, 384)",1152
P04637__R175H,P04637,R175H,175,3.255000,results/af2/single-repr-full/outputs/P04637/single_repr_model_1_pred_0.npy,results/af2/single-repr-full/outputs/P04637__R175H/single_repr_model_1_pred_0.npy,"(393, 384)","(393, 384)",1152
P04637__C182S,P04637,C182S,182,-0.160000,results/af2/single-repr-full/outputs/P04637/single_repr_model_1_pred_0.npy,results/af2/single-repr-full/outputs/P04637__C182S/single_repr_model_1_pred_0.npy,"(393, 384)","(393, 384)",1152
P04637__I195T,P04637,I195T,195,4.120000,results/af2/single-repr-full/outputs/P04637/single_repr_model_1_pred_0.npy,results/af2/single-repr-full/outputs/P04637__I195T/single_repr_model_1_pred_0.npy,"(393, 384)","(393, 384)",1152
P04637__L201P,P04637,L201P,201,-0.350000,results/af2/single-repr-full/outputs/P04637/single_repr_model_1_pred_0.npy,results/af2/single-repr-full/outputs/P04637__L201P/single_repr_model_1_pred_0.npy,"(393, 384)","(393, 384)",1152
P04637__V203A,P04637,V203A,203,-0.490000,results/af2/single-repr-full/outputs/P04637/single_repr_model_1_pred_0.npy,results/af2/single-repr-full/outputs/P04637__V203A/single_repr_model_1_pred_0.npy,"(393, 384)","(393, 384)",1152
P04637__L206S,P04637,L206S,206,0.100000,results/af2/single-repr-full/outputs/P04637/single_repr_model_1_pred_0.npy,results/af2/single-repr-full/outputs/P04637__L206S/single_repr_model_1_pred_0.npy,"(393, 384)","(393, 384)",1152
P04637__Y220C,P04637,Y220C,220,4.090000,results/af2/single-repr-full/outputs/P04637/single_repr_model_1_pred_0.npy,results/af2/single-repr-full/outputs/P04637__Y220C/single_repr_model_1_pred_0.npy,"(393, 384)","(393, 384)",1152
P04637__D228E,P04637,D228E,228,-0.050000,results/af2/single-repr-full/outputs/P04637/single_repr_model_1_pred_0.npy,results/af2/single-repr-full/outputs/P04637__D228E/single_repr_model_1_pred_0.npy,"(393, 384)","(393, 384)",1152
P04637__I232T,P04637,I232T,232,3.190000,results/af2/single-repr-full/outputs/P04637/single_repr_model_1_pred_0.npy,results/af2/single-repr-full/outputs/P04637__I232T/single_repr_model_1_pred_0.npy,"(393, 384)","(393, 384)",1152
P04637__Y236F,P04637,Y236F,236,-0.270000,results/af2/single-repr-full/outputs/P04637/single_repr_model_1_pred_0.npy,results/af2/single-repr-full/outputs/P04637__Y236F/single_repr_model_1_pred_0.npy,"(393, 384)","(393, 384)",1152
P04637__M237I,P04637,M237I,237,3.180000,results/af2/single-repr-full/outputs/P04637/single_repr_model_1_pred_0.npy,results/af2/single-repr-full/outputs/P04637__M237I/single_repr_model_1_pred_0.npy,"(393, 384)","(393, 384)",1152
P04637__N239Y,P04637,N239Y,239,-1.490000,results/af2/single-repr-full/outputs/P04637/single_repr_model_1_pred_0.npy,results/af2/single-repr-full/outputs/P04637__N239Y/single_repr_model_1_pred_0.npy,"(393, 384)","(393, 384)",1152
P04637__C242S,P04637,C242S,242,3.070000,results/af2/single-repr-full/outputs/P04637/single_repr_model_1_pred_0.npy,results/af2/single-repr-full/outputs/P04637__C242S/single_repr_model_1_pred_0.npy,"(393, 384)","(393, 384)",1152
P04637__G245S,P04637,G245S,245,1.005000,results/af2/single-repr-full/outputs/P04637/single_repr_model_1_pred_0.npy,results/af2/single-repr-full/outputs/P04637__G245S/single_repr_model_1_pred_0.npy,"(393, 384)","(393, 384)",1152
P04637__R248Q,P04637,R248Q,248,1.940000,results/af2/single-repr-full/outputs/P04637/single_repr_model_1_pred_0.npy,results/af2/single-repr-full/outputs/P04637__R248Q/single_repr_model_1_pred_0.npy,"(393, 384)","(393, 384)",1152
P04637__R249S,P04637,R249S,249,1.935000,results/af2/single-repr-full/outputs/P04637/single_repr_model_1_pred_0.npy,results/af2/single-repr-full/outputs/P04637__R249S/single_repr_model_1_pred_0.npy,"(393, 384)","(393, 384)",1152
P04637__I255F,P04637,I255F,255,3.290000,results/af2/single-repr-full/outputs/P04637/single_repr_model_1_pred_0.npy,results/af2/single-repr-full/outputs/P04637__I255F/single_repr_model_1_pred_0.npy,"(393, 384)","(393, 384)",1152
P04637__S260P,P04637,S260P,260,0.320000,results/af2/single-repr-full/outputs/P04637/single_repr_model_1_pred_0.npy,results/af2/single-repr-full/outputs/P04637__S260P/single_repr_model_1_pred_0.npy,"(393, 384)","(393, 384)",1152
P04637__N268D,P04637,N268D,268,-1.065000,results/af2/single-repr-full/outputs/P04637/single_repr_model_1_pred_0.npy,results/af2/single-repr-full/outputs/P04637__N268D/single_repr_model_1_pred_0.npy,"(393, 384)","(393, 384)",1152
P04637__F270C,P04637,F270C,270,4.540000,results/af2/single-repr-full/outputs/P04637/single_repr_model_1_pred_0.npy,results/af2/single-repr-full/outputs/P04637__F270C/single_repr_model_1_pred_0.npy,"(393, 384)","(393, 384)",1152
P04637__F270L,P04637,F270L,270,4.100000,results/af2/single-repr-full/outputs/P04637/single_repr_model_1_pred_0.npy,results/af2/single-repr-full/outputs/P04637__F270L/single_repr_model_1_pred_0.npy,"(393, 384)","(393, 384)",1152
P04637__R273C,P04637,R273C,273,-0.400000,results/af2/single-repr-full/outputs/P04637/single_repr_model_1_pred_0.npy,results/af2/single-repr-full/outputs/P04637__R273C/single_repr_model_1_pred_0.npy,"(393, 384)","(393, 384)",1152
P04637__R273H,P04637,R273H,273,0.225000,results/af2/single-repr-full/outputs/P04637/single_repr_model_1_pred_0.npy,results/af2/single-repr-full/outputs/P04637__R273H/single_repr_model_1_pred_0.npy,"(393, 384)","(393, 384)",1152
P04637__R282W,P04637,R282W,282,3.150000,results/af2/single-repr-full/outputs/P04637/single_repr_model_1_pred_0.npy,results/af2/single-repr-full/outputs/P04637__R282W/single_repr_model_1_pred_0.npy,"(393, 384)","(393, 384)",1152
P04637__E326A,P04637,E326A,326,1.000000,results/af2/single-repr-full/outputs/P04637/single_repr_model_1_pred_0.npy,results/af2/single-repr-full/outputs/P04637__E326A/single_repr_model_1_pred_0.npy,"(393, 384)","(393, 384)",1152
P04637__F328A,P04637,F328A,328,4.800000,results/af2/single-repr-full/outputs/P04637/single_repr_model_1_pred_0.npy,results/af2/single-repr-full/outputs/P04637__F328A/single_repr_model_1_pred_0.npy,"(393, 384)","(393, 384)",1152
P04637__F328L,P04637,F328L,328,2.450000,results/af2/single-repr-full/outputs/P04637/single_repr_model_1_pred_0.npy,results/af2/single-repr-full/outputs/P04637__F328L/single_repr_model_1_pred_0.npy,"(393, 384)","(393, 384)",1152
P04637__T329A,P04637,T329A,329,2.300000,results/af2/single-repr-full/outputs/P04637/single_repr_model_1_pred_0.npy,results/af2/single-repr-full/outputs/P04637__T329A/single_repr_model_1_pred_0.npy,"(393, 384)","(393, 384)",1152
P04637__L330F,P04637,L330F,330,3.500000,results/af2/single-repr-full/outputs/P04637/single_repr_model_1_pred_0.npy,results/af2/single-repr-full/outputs/P04637__L330F/single_repr_model_1_pred_0.npy,"(393, 384)","(393, 384)",1152
P04637__Q331A,P04637,Q331A,331,0.950000,results/af2/single-repr-full/outputs/P04637/single_repr_model_1_pred_0.npy,results/af2/single-repr-full/outputs/P04637__Q331A/single_repr_model_1_pred_0.npy,"(393, 384)","(393, 384)",1152
P04637__I332V,P04637,I332V,332,4.850000,results/af2/single-repr-full/outputs/P04637/single_repr_model_1_pred_0.npy,results/af2/single-repr-full/outputs/P04637__I332V/single_repr_model_1_pred_0.npy,"(393, 384)","(393, 384)",1152
P04637__R333A,P04637,R333A,333,2.500000,results/af2/single-repr-full/outputs/P04637/single_repr_model_1_pred_0.npy,results/af2/single-repr-full/outputs/P04637__R333A/single_repr_model_1_pred_0.npy,"(393, 384)","(393, 384)",1152
P04637__R335A,P04637,R335A,335,1.450000,results/af2/single-repr-full/outputs/P04637/single_repr_model_1_pred_0.npy,results/af2/single-repr-full/outputs/P04637__R335A/single_repr_model_1_pred_0.npy,"(393, 384)","(393, 384)",1152
P04637__E336A,P04637,E336A,336,-1.700000,results/af2/single-repr-full/outputs/P04637/single_repr_model_1_pred_0.npy,results/af2/single-repr-full/outputs/P04637__E336A/single_repr_model_1_pred_0.npy,"(393, 384)","(393, 384)",1152
P04637__R337A,P04637,R337A,337,5.850000,results/af2/single-repr-full/outputs/P04637/single_repr_model_1_pred_0.npy,results/af2/single-repr-full/outputs/P04637__R337A/single_repr_model_1_pred_0.npy,"(393, 384)","(393, 384)",1152
P04637__F338A,P04637,F338A,338,4.600000,results/af2/single-repr-full/outputs/P04637/single_repr_model_1_pred_0.npy,results/af2/single-repr-full/outputs/P04637__F338A/single_repr_model_1_pred_0.npy,"(393, 384)","(393, 384)",1152
P04637__E339A,P04637,E339A,339,1.250000,results/af2/single-repr-full/outputs/P04637/single_repr_model_1_pred_0.npy,results/af2/single-repr-full/outputs/P04637__E339A/single_repr_model_1_pred_0.npy,"(393, 384)","(393, 384)",1152
P04637__M340A,P04637,M340A,340,4.150000,results/af2/single-repr-full/outputs/P04637/single_repr_model_1_pred_0.npy,results/af2/single-repr-full/outputs/P04637__M340A/single_repr_model_1_pred_0.npy,"(393, 384)","(393, 384)",1152
P04637__M340I,P04637,M340I,340,-0.550000,results/af2/single-repr-full/outputs/P04637/single_repr_model_1_pred_0.npy,results/af2/single-repr-full/outputs/P04637__M340I/single_repr_model_1_pred_0.npy,"(393, 384)","(393, 384)",1152
P04637__F341I,P04637,F341I,341,4.450000,results/af2/single-repr-full/outputs/P04637/single_repr_model_1_pred_0.npy,results/af2/single-repr-full/outputs/P04637__F341I/single_repr_model_1_pred_0.npy,"(393, 384)","(393, 384)",1152
P04637__F341L,P04637,F341L,341,3.150000,results/af2/single-repr-full/outputs/P04637/single_repr_model_1_pred_0.npy,results/af2/single-repr-full/outputs/P04637__F341L/single_repr_model_1_pred_0.npy,"(393, 384)","(393, 384)",1152
P04637__R342A,P04637,R342A,342,0.900000,results/af2/single-repr-full/outputs/P04637/single_repr_model_1_pred_0.npy,results/af2/single-repr-full/outputs/P04637__R342A/single_repr_model_1_pred_0.npy,"(393, 384)","(393, 384)",1152
P04637__E343A,P04637,E343A,343,0.650000,results/af2/single-repr-full/outputs/P04637/single_repr_model_1_pred_0.npy,results/af2/single-repr-full/outputs/P04637__E343A/single_repr_model_1_pred_0.npy,"(393, 384)","(393, 384)",1152
P04637__L344F,P04637,L344F,344,3.850000,results/af2/single-repr-full/outputs/P04637/single_repr_model_1_pred_0.npy,results/af2/single-repr-full/outputs/P04637__L344F/single_repr_model_1_pred_0.npy,"(393, 384)","(393, 384)",1152
P04637__L344I,P04637,L344I,344,0.800000,results/af2/single-repr-full/outputs/P04637/single_repr_model_1_pred_0.npy,results/af2/single-repr-full/outputs/P04637__L344I/single_repr_model_1_pred_0.npy,"(393, 384)","(393, 384)",1152
P04637__N345A,P04637,N345A,345,2.350000,results/af2/single-repr-full/outputs/P04637/single_repr_model_1_pred_0.npy,results/af2/single-repr-full/outputs/P04637__N345A/single_repr_model_1_pred_0.npy,"(393, 384)","(393, 384)",1152
P04637__E346A,P04637,E346A,346,0.350000,results/af2/single-repr-full/outputs/P04637/single_repr_model_1_pred_0.npy,results/af2/single-repr-full/outputs/P04637__E346A/single_repr_model_1_pred_0.npy,"(393, 384)","(393, 384)",1152
P04637__A347G,P04637,A347G,347,1.850000,results/af2/single-repr-full/outputs/P04637/single_repr_model_1_pred_0.npy,results/af2/single-repr-full/outputs/P04637__A347G/single_repr_model_1_pred_0.npy,"(393, 384)","(393, 384)",1152
P04637__E349A,P04637,E349A,349,2.500000,results/af2/single-repr-full/outputs/P04637/single_repr_model_1_pred_0.npy,results/af2/single-repr-full/outputs/P04637__E349A/single_repr_model_1_pred_0.npy,"(393, 384)","(393, 384)",1152
P04637__L350A,P04637,L350A,350,1.300000,results/af2/single-repr-full/outputs/P04637/single_repr_model_1_pred_0.npy,results/af2/single-repr-full/outputs/P04637__L350A/single_repr_model_1_pred_0.npy,"(393, 384)","(393, 384)",1152
P04637__K351A,P04637,K351A,351,-1.550000,results/af2/single-repr-full/outputs/P04637/single_repr_model_1_pred_0.npy,results/af2/single-repr-full/outputs/P04637__K351A/single_repr_model_1_pred_0.npy,"(393, 384)","(393, 384)",1152
P04637__D352A,P04637,D352A,352,1.400000,results/af2/single-repr-full/outputs/P04637/single_repr_model_1_pred_0.npy,results/af2/single-repr-full/outputs/P04637__D352A/single_repr_model_1_pred_0.npy,"(393, 384)","(393, 384)",1152
P04925__M128V,P04925,M128V,128,0.215000,results/af2/single-repr-full/outputs/P04925/single_repr_model_1_pred_0.npy,results/af2/single-repr-full/outputs/P04925__M128V/single_repr_model_1_pred_0.npy,"(254, 384)","(254, 384)",1152
P04925__F174W,P04925,F174W,174,0.100000,results/af2/single-repr-full/outputs/P04925/single_repr_model_1_pred_0.npy,results/af2/single-repr-full/outputs/P04925__F174W/single_repr_model_1_pred_0.npy,"(254, 384)","(254, 384)",1152
P04925__V179I,P04925,V179I,179,0.350000,results/af2/single-repr-full/outputs/P04925/single_repr_model_1_pred_0.npy,results/af2/single-repr-full/outputs/P04925__V179I/single_repr_model_1_pred_0.npy,"(254, 384)","(254, 384)",1152
P04925__T182A,P04925,T182A,182,4.310000,results/af2/single-repr-full/outputs/P04925/single_repr_model_1_pred_0.npy,results/af2/single-repr-full/outputs/P04925__T182A/single_repr_model_1_pred_0.npy,"(254, 384)","(254, 384)",1152
P04925__T189V,P04925,T189V,189,0.170000,results/af2/single-repr-full/outputs/P04925/single_repr_model_1_pred_0.npy,results/af2/single-repr-full/outputs/P04925__T189V/single_repr_model_1_pred_0.npy,"(254, 384)","(254, 384)",1152
P04925__F197S,P04925,F197S,197,2.280000,results/af2/single-repr-full/outputs/P04925/single_repr_model_1_pred_0.npy,results/af2/single-repr-full/outputs/P04925__F197S/single_repr_model_1_pred_0.npy,"(254, 384)","(254, 384)",1152
P04925__E199K,P04925,E199K,199,0.170000,results/af2/single-repr-full/outputs/P04925/single_repr_model_1_pred_0.npy,results/af2/single-repr-full/outputs/P04925__E199K/single_repr_model_1_pred_0.npy,"(254, 384)","(254, 384)",1152
P04925__R207H,P04925,R207H,207,1.270000,results/af2/single-repr-full/outputs/P04925/single_repr_model_1_pred_0.npy,results/af2/single-repr-full/outputs/P04925__R207H/single_repr_model_1_pred_0.npy,"(254, 384)","(254, 384)",1152
P04925__V209I,P04925,V209I,209,0.180000,results/af2/single-repr-full/outputs/P04925/single_repr_model_1_pred_0.npy,results/af2/single-repr-full/outputs/P04925__V209I/single_repr_model_1_pred_0.npy,"(254, 384)","(254, 384)",1152
P04925__Q216R,P04925,Q216R,216,2.015000,results/af2/single-repr-full/outputs/P04925/single_repr_model_1_pred_0.npy,results/af2/single-repr-full/outputs/P04925__Q216R/single_repr_model_1_pred_0.npy,"(254, 384)","(254, 384)",1152
P05121__E350P,P05121,E350P,350,-0.300000,results/af2/single-repr-full/outputs/P05121/single_repr_model_1_pred_0.npy,results/af2/single-repr-full/outputs/P05121__E350P/single_repr_model_1_pred_0.npy,"(402, 384)","(402, 384)",1152
P05121__E350R,P05121,E350R,350,0.300000,results/af2/single-repr-full/outputs/P05121/single_repr_model_1_pred_0.npy,results/af2/single-repr-full/outputs/P05121__E350R/single_repr_model_1_pred_0.npy,"(402, 384)","(402, 384)",1152
P05230__C31S,P05230,C31S,31,2.800000,results/af2/single-repr-full/outputs/P05230/single_repr_model_1_pred_0.npy,results/af2/single-repr-full/outputs/P05230__C31S/single_repr_model_1_pred_0.npy,"(155, 384)","(155, 384)",1152
P05230__H36Y,P05230,H36Y,36,-0.725000,results/af2/single-repr-full/outputs/P05230/single_repr_model_1_pred_0.npy,results/af2/single-repr-full/outputs/P05230__H36Y/single_repr_model_1_pred_0.npy,"(155, 384)","(155, 384)",1152
P05230__V46I,P05230,V46I,46,1.000000,results/af2/single-repr-full/outputs/P05230/single_repr_model_1_pred_0.npy,results/af2/single-repr-full/outputs/P05230__V46I/single_repr_model_1_pred_0.npy,"(155, 384)","(155, 384)",1152
P05230__V46W,P05230,V46W,46,-0.960000,results/af2/single-repr-full/outputs/P05230/single_repr_model_1_pred_0.npy,results/af2/single-repr-full/outputs/P05230__V46W/single_repr_model_1_pred_0.npy,"(155, 384)","(155, 384)",1152
P05230__L59F,P05230,L59F,59,0.045000,results/af2/single-repr-full/outputs/P05230/single_repr_model_1_pred_0.npy,results/af2/single-repr-full/outputs/P05230__L59F/single_repr_model_1_pred_0.npy,"(155, 384)","(155, 384)",1152
P05230__L59P,P05230,L59P,59,-0.690000,results/af2/single-repr-full/outputs/P05230/single_repr_model_1_pred_0.npy,results/af2/single-repr-full/outputs/P05230__L59P/single_repr_model_1_pred_0.npy,"(155, 384)","(155, 384)",1152
P05230__L59W,P05230,L59W,59,0.100000,results/af2/single-repr-full/outputs/P05230/single_repr_model_1_pred_0.npy,results/af2/single-repr-full/outputs/P05230__L59W/single_repr_model_1_pred_0.npy,"(155, 384)","(155, 384)",1152
P05230__G77A,P05230,G77A,77,1.465000,results/af2/single-repr-full/outputs/P05230/single_repr_model_1_pred_0.npy,results/af2/single-repr-full/outputs/P05230__G77A/single_repr_model_1_pred_0.npy,"(155, 384)","(155, 384)",1152
P05230__G77N,P05230,G77N,77,0.895000,results/af2/single-repr-full/outputs/P05230/single_repr_model_1_pred_0.npy,results/af2/single-repr-full/outputs/P05230__G77N/single_repr_model_1_pred_0.npy,"(155, 384)","(155, 384)",1152
P05230__L88V,P05230,L88V,88,1.480000,results/af2/single-repr-full/outputs/P05230/single_repr_model_1_pred_0.npy,results/af2/single-repr-full/outputs/P05230__L88V/single_repr_model_1_pred_0.npy,"(155, 384)","(155, 384)",1152
P05230__C98S,P05230,C98S,98,1.800000,results/af2/single-repr-full/outputs/P05230/single_repr_model_1_pred_0.npy,results/af2/single-repr-full/outputs/P05230__C98S/single_repr_model_1_pred_0.npy,"(155, 384)","(155, 384)",1152
P05230__F100W,P05230,F100W,100,0.000000,results/af2/single-repr-full/outputs/P05230/single_repr_model_1_pred_0.npy,results/af2/single-repr-full/outputs/P05230__F100W/single_repr_model_1_pred_0.npy,"(155, 384)","(155, 384)",1152
P05230__H108A,P05230,H108A,108,0.515000,results/af2/single-repr-full/outputs/P05230/single_repr_model_1_pred_0.npy,results/af2/single-repr-full/outputs/P05230__H108A/single_repr_model_1_pred_0.npy,"(155, 384)","(155, 384)",1152
P05230__H108G,P05230,H108G,108,-1.300000,results/af2/single-repr-full/outputs/P05230/single_repr_model_1_pred_0.npy,results/af2/single-repr-full/outputs/P05230__H108G/single_repr_model_1_pred_0.npy,"(155, 384)","(155, 384)",1152
P05230__H108N,P05230,H108N,108,-0.245000,results/af2/single-repr-full/outputs/P05230/single_repr_model_1_pred_0.npy,results/af2/single-repr-full/outputs/P05230__H108N/single_repr_model_1_pred_0.npy,"(155, 384)","(155, 384)",1152
P05230__H117Y,P05230,H117Y,117,-0.350000,results/af2/single-repr-full/outputs/P05230/single_repr_model_1_pred_0.npy,results/af2/single-repr-full/outputs/P05230__H117Y/single_repr_model_1_pred_0.npy,"(155, 384)","(155, 384)",1152
P05230__A118G,P05230,A118G,118,0.455000,results/af2/single-repr-full/outputs/P05230/single_repr_model_1_pred_0.npy,results/af2/single-repr-full/outputs/P05230__A118G/single_repr_model_1_pred_0.npy,"(155, 384)","(155, 384)",1152
P05230__N121G,P05230,N121G,121,-0.290000,results/af2/single-repr-full/outputs/P05230/single_repr_model_1_pred_0.npy,results/af2/single-repr-full/outputs/P05230__N121G/single_repr_model_1_pred_0.npy,"(155, 384)","(155, 384)",1152
P05230__F123Y,P05230,F123Y,123,-0.500000,results/af2/single-repr-full/outputs/P05230/single_repr_model_1_pred_0.npy,results/af2/single-repr-full/outputs/P05230__F123Y/single_repr_model_1_pred_0.npy,"(155, 384)","(155, 384)",1152
P05230__V124I,P05230,V124I,124,0.010000,results/af2/single-repr-full/outputs/P05230/single_repr_model_1_pred_0.npy,results/af2/single-repr-full/outputs/P05230__V124I/single_repr_model_1_pred_0.npy,"(155, 384)","(155, 384)",1152
P05230__V124L,P05230,V124L,124,0.600000,results/af2/single-repr-full/outputs/P05230/single_repr_model_1_pred_0.npy,results/af2/single-repr-full/outputs/P05230__V124L/single_repr_model_1_pred_0.npy,"(155, 384)","(155, 384)",1152
P05230__C132I,P05230,C132I,132,-0.360000,results/af2/single-repr-full/outputs/P05230/single_repr_model_1_pred_0.npy,results/af2/single-repr-full/outputs/P05230__C132I/single_repr_model_1_pred_0.npy,"(155, 384)","(155, 384)",1152
P05230__C132S,P05230,C132S,132,0.600000,results/af2/single-repr-full/outputs/P05230/single_repr_model_1_pred_0.npy,results/af2/single-repr-full/outputs/P05230__C132S/single_repr_model_1_pred_0.npy,"(155, 384)","(155, 384)",1152
P05230__C132V,P05230,C132V,132,0.300000,results/af2/single-repr-full/outputs/P05230/single_repr_model_1_pred_0.npy,results/af2/single-repr-full/outputs/P05230__C132V/single_repr_model_1_pred_0.npy,"(155, 384)","(155, 384)",1152
P05230__F147W,P05230,F147W,147,0.300000,results/af2/single-repr-full/outputs/P05230/single_repr_model_1_pred_0.npy,results/af2/single-repr-full/outputs/P05230__F147W/single_repr_model_1_pred_0.npy,"(155, 384)","(155, 384)",1152
P05413__F5S,P05413,F5S,5,3.700000,results/af2/single-repr-full/outputs/P05413/single_repr_model_1_pred_0.npy,results/af2/single-repr-full/outputs/P05413__F5S/single_repr_model_1_pred_0.npy,"(133, 384)","(133, 384)",1152
P05413__W9E,P05413,W9E,9,3.800000,results/af2/single-repr-full/outputs/P05413/single_repr_model_1_pred_0.npy,results/af2/single-repr-full/outputs/P05413__W9E/single_repr_model_1_pred_0.npy,"(133, 384)","(133, 384)",1152
P05413__F17S,P05413,F17S,17,4.000000,results/af2/single-repr-full/outputs/P05413/single_repr_model_1_pred_0.npy,results/af2/single-repr-full/outputs/P05413__F17S/single_repr_model_1_pred_0.npy,"(133, 384)","(133, 384)",1152
P05413__F17Y,P05413,F17Y,17,3.020000,results/af2/single-repr-full/outputs/P05413/single_repr_model_1_pred_0.npy,results/af2/single-repr-full/outputs/P05413__F17Y/single_repr_model_1_pred_0.npy,"(133, 384)","(133, 384)",1152
P05413__K22I,P05413,K22I,22,0.000000,results/af2/single-repr-full/outputs/P05413/single_repr_model_1_pred_0.npy,results/af2/single-repr-full/outputs/P05413__K22I/single_repr_model_1_pred_0.npy,"(133, 384)","(133, 384)",1152
P05413__T40E,P05413,T40E,40,2.400000,results/af2/single-repr-full/outputs/P05413/single_repr_model_1_pred_0.npy,results/af2/single-repr-full/outputs/P05413__T40E/single_repr_model_1_pred_0.npy,"(133, 384)","(133, 384)",1152
P05413__T40Q,P05413,T40Q,40,2.700000,results/af2/single-repr-full/outputs/P05413/single_repr_model_1_pred_0.npy,results/af2/single-repr-full/outputs/P05413__T40Q/single_repr_model_1_pred_0.npy,"(133, 384)","(133, 384)",1152
P05413__T40V,P05413,T40V,40,0.800000,results/af2/single-repr-full/outputs/P05413/single_repr_model_1_pred_0.npy,results/af2/single-repr-full/outputs/P05413__T40V/single_repr_model_1_pred_0.npy,"(133, 384)","(133, 384)",1152
P05413__T41E,P05413,T41E,41,3.270000,results/af2/single-repr-full/outputs/P05413/single_repr_model_1_pred_0.npy,results/af2/single-repr-full/outputs/P05413__T41E/single_repr_model_1_pred_0.npy,"(133, 384)","(133, 384)",1152
P05413__T41Q,P05413,T41Q,41,4.370000,results/af2/single-repr-full/outputs/P05413/single_repr_model_1_pred_0.npy,results/af2/single-repr-full/outputs/P05413__T41Q/single_repr_model_1_pred_0.npy,"(133, 384)","(133, 384)",1152
P05413__T41V,P05413,T41V,41,1.840000,results/af2/single-repr-full/outputs/P05413/single_repr_model_1_pred_0.npy,results/af2/single-repr-full/outputs/P05413__T41V/single_repr_model_1_pred_0.npy,"(133, 384)","(133, 384)",1152
P05413__F58S,P05413,F58S,58,3.015000,results/af2/single-repr-full/outputs/P05413/single_repr_model_1_pred_0.npy,results/af2/single-repr-full/outputs/P05413__F58S/single_repr_model_1_pred_0.npy,"(133, 384)","(133, 384)",1152
P05413__F65S,P05413,F65S,65,3.800000,results/af2/single-repr-full/outputs/P05413/single_repr_model_1_pred_0.npy,results/af2/single-repr-full/outputs/P05413__F65S/single_repr_model_1_pred_0.npy,"(133, 384)","(133, 384)",1152
P05413__L67G,P05413,L67G,67,3.700000,results/af2/single-repr-full/outputs/P05413/single_repr_model_1_pred_0.npy,results/af2/single-repr-full/outputs/P05413__L67G/single_repr_model_1_pred_0.npy,"(133, 384)","(133, 384)",1152
P05413__G68S,P05413,G68S,68,1.200000,results/af2/single-repr-full/outputs/P05413/single_repr_model_1_pred_0.npy,results/af2/single-repr-full/outputs/P05413__G68S/single_repr_model_1_pred_0.npy,"(133, 384)","(133, 384)",1152
P05413__E73S,P05413,E73S,73,3.700000,results/af2/single-repr-full/outputs/P05413/single_repr_model_1_pred_0.npy,results/af2/single-repr-full/outputs/P05413__E73S/single_repr_model_1_pred_0.npy,"(133, 384)","(133, 384)",1152
P05413__R107T,P05413,R107T,107,3.170000,results/af2/single-repr-full/outputs/P05413/single_repr_model_1_pred_0.npy,results/af2/single-repr-full/outputs/P05413__R107T/single_repr_model_1_pred_0.npy,"(133, 384)","(133, 384)",1152
P05413__R127K,P05413,R127K,127,3.980000,results/af2/single-repr-full/outputs/P05413/single_repr_model_1_pred_0.npy,results/af2/single-repr-full/outputs/P05413__R127K/single_repr_model_1_pred_0.npy,"(133, 384)","(133, 384)",1152
P05413__R127Q,P05413,R127Q,127,0.460000,results/af2/single-repr-full/outputs/P05413/single_repr_model_1_pred_0.npy,results/af2/single-repr-full/outputs/P05413__R127Q/single_repr_model_1_pred_0.npy,"(133, 384)","(133, 384)",1152
P05413__Y129F,P05413,Y129F,129,3.260000,results/af2/single-repr-full/outputs/P05413/single_repr_model_1_pred_0.npy,results/af2/single-repr-full/outputs/P05413__Y129F/single_repr_model_1_pred_0.npy,"(133, 384)","(133, 384)",1152
P05798__V2T,P05798,V2T,2,0.900000,results/af2/single-repr-full/outputs/P05798/single_repr_model_1_pred_0.npy,results/af2/single-repr-full/outputs/P05798__V2T/single_repr_model_1_pred_0.npy,"(96, 384)","(96, 384)",1152
P05798__T5V,P05798,T5V,5,0.000000,results/af2/single-repr-full/outputs/P05798/single_repr_model_1_pred_0.npy,results/af2/single-repr-full/outputs/P05798__T5V/single_repr_model_1_pred_0.npy,"(96, 384)","(96, 384)",1152
P05798__T16V,P05798,T16V,16,-0.300000,results/af2/single-repr-full/outputs/P05798/single_repr_model_1_pred_0.npy,results/af2/single-repr-full/outputs/P05798__T16V/single_repr_model_1_pred_0.npy,"(96, 384)","(96, 384)",1152
P05798__D17K,P05798,D17K,17,1.100000,results/af2/single-repr-full/outputs/P05798/single_repr_model_1_pred_0.npy,results/af2/single-repr-full/outputs/P05798__D17K/single_repr_model_1_pred_0.npy,"(96, 384)","(96, 384)",1152
P05798__T18V,P05798,T18V,18,1.400000,results/af2/single-repr-full/outputs/P05798/single_repr_model_1_pred_0.npy,results/af2/single-repr-full/outputs/P05798__T18V/single_repr_model_1_pred_0.npy,"(96, 384)","(96, 384)",1152
P05798__D25H,P05798,D25H,25,-0.900000,results/af2/single-repr-full/outputs/P05798/single_repr_model_1_pred_0.npy,results/af2/single-repr-full/outputs/P05798__D25H/single_repr_model_1_pred_0.npy,"(96, 384)","(96, 384)",1152
P05798__D25K,P05798,D25K,25,0.900000,results/af2/single-repr-full/outputs/P05798/single_repr_model_1_pred_0.npy,results/af2/single-repr-full/outputs/P05798__D25K/single_repr_model_1_pred_0.npy,"(96, 384)","(96, 384)",1152
P05798__Y30F,P05798,Y30F,30,-0.400000,results/af2/single-repr-full/outputs/P05798/single_repr_model_1_pred_0.npy,results/af2/single-repr-full/outputs/P05798__Y30F/single_repr_model_1_pred_0.npy,"(96, 384)","(96, 384)",1152
P05798__D33A,P05798,D33A,33,6.050000,results/af2/single-repr-full/outputs/P05798/single_repr_model_1_pred_0.npy,results/af2/single-repr-full/outputs/P05798__D33A/single_repr_model_1_pred_0.npy,"(96, 384)","(96, 384)",1152
P05798__V36T,P05798,V36T,36,1.300000,results/af2/single-repr-full/outputs/P05798/single_repr_model_1_pred_0.npy,results/af2/single-repr-full/outputs/P05798__V36T/single_repr_model_1_pred_0.npy,"(96, 384)","(96, 384)",1152
P05798__Q38A,P05798,Q38A,38,-0.700000,results/af2/single-repr-full/outputs/P05798/single_repr_model_1_pred_0.npy,results/af2/single-repr-full/outputs/P05798__Q38A/single_repr_model_1_pred_0.npy,"(96, 384)","(96, 384)",1152
P05798__N39A,P05798,N39A,39,2.200000,results/af2/single-repr-full/outputs/P05798/single_repr_model_1_pred_0.npy,results/af2/single-repr-full/outputs/P05798__N39A/single_repr_model_1_pred_0.npy,"(96, 384)","(96, 384)",1152
P05798__N39D,P05798,N39D,39,1.500000,results/af2/single-repr-full/outputs/P05798/single_repr_model_1_pred_0.npy,results/af2/single-repr-full/outputs/P05798__N39D/single_repr_model_1_pred_0.npy,"(96, 384)","(96, 384)",1152
P05798__N39S,P05798,N39S,39,2.300000,results/af2/single-repr-full/outputs/P05798/single_repr_model_1_pred_0.npy,results/af2/single-repr-full/outputs/P05798__N39S/single_repr_model_1_pred_0.npy,"(96, 384)","(96, 384)",1152
P05798__R40E,P05798,R40E,40,-0.200000,results/af2/single-repr-full/outputs/P05798/single_repr_model_1_pred_0.npy,results/af2/single-repr-full/outputs/P05798__R40E/single_repr_model_1_pred_0.npy,"(96, 384)","(96, 384)",1152
P05798__E41K,P05798,E41K,41,1.100000,results/af2/single-repr-full/outputs/P05798/single_repr_model_1_pred_0.npy,results/af2/single-repr-full/outputs/P05798__E41K/single_repr_model_1_pred_0.npy,"(96, 384)","(96, 384)",1152
P05798__V43T,P05798,V43T,43,0.500000,results/af2/single-repr-full/outputs/P05798/single_repr_model_1_pred_0.npy,results/af2/single-repr-full/outputs/P05798__V43T/single_repr_model_1_pred_0.npy,"(96, 384)","(96, 384)",1152
P05798__Y49F,P05798,Y49F,49,0.200000,results/af2/single-repr-full/outputs/P05798/single_repr_model_1_pred_0.npy,results/af2/single-repr-full/outputs/P05798__Y49F/single_repr_model_1_pred_0.npy,"(96, 384)","(96, 384)",1152
P05798__Y51F,P05798,Y51F,51,2.300000,results/af2/single-repr-full/outputs/P05798/single_repr_model_1_pred_0.npy,results/af2/single-repr-full/outputs/P05798__Y51F/single_repr_model_1_pred_0.npy,"(96, 384)","(96, 384)",1152
P05798__Y52F,P05798,Y52F,52,3.600000,results/af2/single-repr-full/outputs/P05798/single_repr_model_1_pred_0.npy,results/af2/single-repr-full/outputs/P05798__Y52F/single_repr_model_1_pred_0.npy,"(96, 384)","(96, 384)",1152
P05798__E54Q,P05798,E54Q,54,2.000000,results/af2/single-repr-full/outputs/P05798/single_repr_model_1_pred_0.npy,results/af2/single-repr-full/outputs/P05798__E54Q/single_repr_model_1_pred_0.npy,"(96, 384)","(96, 384)",1152
P05798__Y55F,P05798,Y55F,55,0.600000,results/af2/single-repr-full/outputs/P05798/single_repr_model_1_pred_0.npy,results/af2/single-repr-full/outputs/P05798__Y55F/single_repr_model_1_pred_0.npy,"(96, 384)","(96, 384)",1152
P05798__T56V,P05798,T56V,56,1.900000,results/af2/single-repr-full/outputs/P05798/single_repr_model_1_pred_0.npy,results/af2/single-repr-full/outputs/P05798__T56V/single_repr_model_1_pred_0.npy,"(96, 384)","(96, 384)",1152
P05798__V57T,P05798,V57T,57,4.400000,results/af2/single-repr-full/outputs/P05798/single_repr_model_1_pred_0.npy,results/af2/single-repr-full/outputs/P05798__V57T/single_repr_model_1_pred_0.npy,"(96, 384)","(96, 384)",1152
P05798__T59V,P05798,T59V,59,1.700000,results/af2/single-repr-full/outputs/P05798/single_repr_model_1_pred_0.npy,results/af2/single-repr-full/outputs/P05798__T59V/single_repr_model_1_pred_0.npy,"(96, 384)","(96, 384)",1152
P05798__R65A,P05798,R65A,65,1.100000,results/af2/single-repr-full/outputs/P05798/single_repr_model_1_pred_0.npy,results/af2/single-repr-full/outputs/P05798__R65A/single_repr_model_1_pred_0.npy,"(96, 384)","(96, 384)",1152
P05798__T67V,P05798,T67V,67,0.000000,results/af2/single-repr-full/outputs/P05798/single_repr_model_1_pred_0.npy,results/af2/single-repr-full/outputs/P05798__T67V/single_repr_model_1_pred_0.npy,"(96, 384)","(96, 384)",1152
P05798__T72V,P05798,T72V,72,0.200000,results/af2/single-repr-full/outputs/P05798/single_repr_model_1_pred_0.npy,results/af2/single-repr-full/outputs/P05798__T72V/single_repr_model_1_pred_0.npy,"(96, 384)","(96, 384)",1152
P05798__E74K,P05798,E74K,74,-0.800000,results/af2/single-repr-full/outputs/P05798/single_repr_model_1_pred_0.npy,results/af2/single-repr-full/outputs/P05798__E74K/single_repr_model_1_pred_0.npy,"(96, 384)","(96, 384)",1152
P05798__D79A,P05798,D79A,79,0.900000,results/af2/single-repr-full/outputs/P05798/single_repr_model_1_pred_0.npy,results/af2/single-repr-full/outputs/P05798__D79A/single_repr_model_1_pred_0.npy,"(96, 384)","(96, 384)",1152
P05798__D79E,P05798,D79E,79,0.350000,results/af2/single-repr-full/outputs/P05798/single_repr_model_1_pred_0.npy,results/af2/single-repr-full/outputs/P05798__D79E/single_repr_model_1_pred_0.npy,"(96, 384)","(96, 384)",1152
P05798__D79F,P05798,D79F,79,0.700000,results/af2/single-repr-full/outputs/P05798/single_repr_model_1_pred_0.npy,results/af2/single-repr-full/outputs/P05798__D79F/single_repr_model_1_pred_0.npy,"(96, 384)","(96, 384)",1152
P05798__D79H,P05798,D79H,79,-1.750000,results/af2/single-repr-full/outputs/P05798/single_repr_model_1_pred_0.npy,results/af2/single-repr-full/outputs/P05798__D79H/single_repr_model_1_pred_0.npy,"(96, 384)","(96, 384)",1152
P05798__D79I,P05798,D79I,79,-2.850000,results/af2/single-repr-full/outputs/P05798/single_repr_model_1_pred_0.npy,results/af2/single-repr-full/outputs/P05798__D79I/single_repr_model_1_pred_0.npy,"(96, 384)","(96, 384)",1152
P05798__D79K,P05798,D79K,79,-2.300000,results/af2/single-repr-full/outputs/P05798/single_repr_model_1_pred_0.npy,results/af2/single-repr-full/outputs/P05798__D79K/single_repr_model_1_pred_0.npy,"(96, 384)","(96, 384)",1152
P05798__D79L,P05798,D79L,79,-2.650000,results/af2/single-repr-full/outputs/P05798/single_repr_model_1_pred_0.npy,results/af2/single-repr-full/outputs/P05798__D79L/single_repr_model_1_pred_0.npy,"(96, 384)","(96, 384)",1152
P05798__D79N,P05798,D79N,79,-1.200000,results/af2/single-repr-full/outputs/P05798/single_repr_model_1_pred_0.npy,results/af2/single-repr-full/outputs/P05798__D79N/single_repr_model_1_pred_0.npy,"(96, 384)","(96, 384)",1152
P05798__D79R,P05798,D79R,79,-2.700000,results/af2/single-repr-full/outputs/P05798/single_repr_model_1_pred_0.npy,results/af2/single-repr-full/outputs/P05798__D79R/single_repr_model_1_pred_0.npy,"(96, 384)","(96, 384)",1152
P05798__D79W,P05798,D79W,79,-2.250000,results/af2/single-repr-full/outputs/P05798/single_repr_model_1_pred_0.npy,results/af2/single-repr-full/outputs/P05798__D79W/single_repr_model_1_pred_0.npy,"(96, 384)","(96, 384)",1152
P05798__D79Y,P05798,D79Y,79,-2.900000,results/af2/single-repr-full/outputs/P05798/single_repr_model_1_pred_0.npy,results/af2/single-repr-full/outputs/P05798__D79Y/single_repr_model_1_pred_0.npy,"(96, 384)","(96, 384)",1152
P05798__Y80F,P05798,Y80F,80,1.500000,results/af2/single-repr-full/outputs/P05798/single_repr_model_1_pred_0.npy,results/af2/single-repr-full/outputs/P05798__Y80F/single_repr_model_1_pred_0.npy,"(96, 384)","(96, 384)",1152
P05798__Y81F,P05798,Y81F,81,1.200000,results/af2/single-repr-full/outputs/P05798/single_repr_model_1_pred_0.npy,results/af2/single-repr-full/outputs/P05798__Y81F/single_repr_model_1_pred_0.npy,"(96, 384)","(96, 384)",1152
P05798__T82V,P05798,T82V,82,1.700000,results/af2/single-repr-full/outputs/P05798/single_repr_model_1_pred_0.npy,results/af2/single-repr-full/outputs/P05798__T82V/single_repr_model_1_pred_0.npy,"(96, 384)","(96, 384)",1152
P05798__H85Q,P05798,H85Q,85,0.000000,results/af2/single-repr-full/outputs/P05798/single_repr_model_1_pred_0.npy,results/af2/single-repr-full/outputs/P05798__H85Q/single_repr_model_1_pred_0.npy,"(96, 384)","(96, 384)",1152
P05798__Y86F,P05798,Y86F,86,0.300000,results/af2/single-repr-full/outputs/P05798/single_repr_model_1_pred_0.npy,results/af2/single-repr-full/outputs/P05798__Y86F/single_repr_model_1_pred_0.npy,"(96, 384)","(96, 384)",1152
P05798__Q94K,P05798,Q94K,94,-0.500000,results/af2/single-repr-full/outputs/P05798/single_repr_model_1_pred_0.npy,results/af2/single-repr-full/outputs/P05798__Q94K/single_repr_model_1_pred_0.npy,"(96, 384)","(96, 384)",1152
P05825__L266C,P05825,L266C,266,-6.880000,results/af2/single-repr-full/outputs/P05825/single_repr_model_1_pred_0.npy,results/af2/single-repr-full/outputs/P05825__L266C/single_repr_model_1_pred_0.npy,"(746, 384)","(746, 384)",1152
P05825__S268C,P05825,S268C,268,-7.770000,results/af2/single-repr-full/outputs/P05825/single_repr_model_1_pred_0.npy,results/af2/single-repr-full/outputs/P05825__S268C/single_repr_model_1_pred_0.npy,"(746, 384)","(746, 384)",1152
P05825__E270C,P05825,E270C,270,-6.830000,results/af2/single-repr-full/outputs/P05825/single_repr_model_1_pred_0.npy,results/af2/single-repr-full/outputs/P05825__E270C/single_repr_model_1_pred_0.npy,"(746, 384)","(746, 384)",1152
P05825__E272C,P05825,E272C,272,-9.790000,results/af2/single-repr-full/outputs/P05825/single_repr_model_1_pred_0.npy,results/af2/single-repr-full/outputs/P05825__E272C/single_repr_model_1_pred_0.npy,"(746, 384)","(746, 384)",1152
P05825__G274C,P05825,G274C,274,-7.930000,results/af2/single-repr-full/outputs/P05825/single_repr_model_1_pred_0.npy,results/af2/single-repr-full/outputs/P05825__G274C/single_repr_model_1_pred_0.npy,"(746, 384)","(746, 384)",1152
P05825__S276C,P05825,S276C,276,-5.940000,results/af2/single-repr-full/outputs/P05825/single_repr_model_1_pred_0.npy,results/af2/single-repr-full/outputs/P05825__S276C/single_repr_model_1_pred_0.npy,"(746, 384)","(746, 384)",1152
P05825__Q278C,P05825,Q278C,278,-2.280000,results/af2/single-repr-full/outputs/P05825/single_repr_model_1_pred_0.npy,results/af2/single-repr-full/outputs/P05825__Q278C/single_repr_model_1_pred_0.npy,"(746, 384)","(746, 384)",1152
P06213__W1202F,P06213,W1202F,1202,-0.600000,results/af2/single-repr-full/outputs/P06213/single_repr_model_1_pred_0.npy,results/af2/single-repr-full/outputs/P06213__W1202F/single_repr_model_1_pred_0.npy,"(1382, 384)","(1382, 384)",1152
P06241__F87A,P06241,F87A,87,1.300000,results/af2/single-repr-full/outputs/P06241/single_repr_model_1_pred_0.npy,results/af2/single-repr-full/outputs/P06241__F87A/single_repr_model_1_pred_0.npy,"(537, 384)","(537, 384)",1152
P06241__F87L,P06241,F87L,87,2.000000,results/af2/single-repr-full/outputs/P06241/single_repr_model_1_pred_0.npy,results/af2/single-repr-full/outputs/P06241__F87L/single_repr_model_1_pred_0.npy,"(537, 384)","(537, 384)",1152
P06241__F87V,P06241,F87V,87,0.500000,results/af2/single-repr-full/outputs/P06241/single_repr_model_1_pred_0.npy,results/af2/single-repr-full/outputs/P06241__F87V/single_repr_model_1_pred_0.npy,"(537, 384)","(537, 384)",1152
P06241__A89G,P06241,A89G,89,1.600000,results/af2/single-repr-full/outputs/P06241/single_repr_model_1_pred_0.npy,results/af2/single-repr-full/outputs/P06241__A89G/single_repr_model_1_pred_0.npy,"(537, 384)","(537, 384)",1152
P06241__A89S,P06241,A89S,89,1.300000,results/af2/single-repr-full/outputs/P06241/single_repr_model_1_pred_0.npy,results/af2/single-repr-full/outputs/P06241__A89S/single_repr_model_1_pred_0.npy,"(537, 384)","(537, 384)",1152
P06241__L101F,P06241,L101F,101,1.200000,results/af2/single-repr-full/outputs/P06241/single_repr_model_1_pred_0.npy,results/af2/single-repr-full/outputs/P06241__L101F/single_repr_model_1_pred_0.npy,"(537, 384)","(537, 384)",1152
P06241__L101I,P06241,L101I,101,0.700000,results/af2/single-repr-full/outputs/P06241/single_repr_model_1_pred_0.npy,results/af2/single-repr-full/outputs/P06241__L101I/single_repr_model_1_pred_0.npy,"(537, 384)","(537, 384)",1152
P06241__L101V,P06241,L101V,101,1.600000,results/af2/single-repr-full/outputs/P06241/single_repr_model_1_pred_0.npy,results/af2/single-repr-full/outputs/P06241__L101V/single_repr_model_1_pred_0.npy,"(537, 384)","(537, 384)",1152
P06241__F103L,P06241,F103L,103,1.100000,results/af2/single-repr-full/outputs/P06241/single_repr_model_1_pred_0.npy,results/af2/single-repr-full/outputs/P06241__F103L/single_repr_model_1_pred_0.npy,"(537, 384)","(537, 384)",1152
P06241__F103V,P06241,F103V,103,1.900000,results/af2/single-repr-full/outputs/P06241/single_repr_model_1_pred_0.npy,results/af2/single-repr-full/outputs/P06241__F103V/single_repr_model_1_pred_0.npy,"(537, 384)","(537, 384)",1152
P06241__E107A,P06241,E107A,107,1.285000,results/af2/single-repr-full/outputs/P06241/single_repr_model_1_pred_0.npy,results/af2/single-repr-full/outputs/P06241__E107A/single_repr_model_1_pred_0.npy,"(537, 384)","(537, 384)",1152
P06241__E107D,P06241,E107D,107,-0.690000,results/af2/single-repr-full/outputs/P06241/single_repr_model_1_pred_0.npy,results/af2/single-repr-full/outputs/P06241__E107D/single_repr_model_1_pred_0.npy,"(537, 384)","(537, 384)",1152
P06241__E107F,P06241,E107F,107,1.615000,results/af2/single-repr-full/outputs/P06241/single_repr_model_1_pred_0.npy,results/af2/single-repr-full/outputs/P06241__E107F/single_repr_model_1_pred_0.npy,"(537, 384)","(537, 384)",1152
P06241__E107G,P06241,E107G,107,2.295000,results/af2/single-repr-full/outputs/P06241/single_repr_model_1_pred_0.npy,results/af2/single-repr-full/outputs/P06241__E107G/single_repr_model_1_pred_0.npy,"(537, 384)","(537, 384)",1152
P06241__E107H,P06241,E107H,107,0.995000,results/af2/single-repr-full/outputs/P06241/single_repr_model_1_pred_0.npy,results/af2/single-repr-full/outputs/P06241__E107H/single_repr_model_1_pred_0.npy,"(537, 384)","(537, 384)",1152
P06241__E107I,P06241,E107I,107,2.705000,results/af2/single-repr-full/outputs/P06241/single_repr_model_1_pred_0.npy,results/af2/single-repr-full/outputs/P06241__E107I/single_repr_model_1_pred_0.npy,"(537, 384)","(537, 384)",1152
P06241__E107K,P06241,E107K,107,0.985000,results/af2/single-repr-full/outputs/P06241/single_repr_model_1_pred_0.npy,results/af2/single-repr-full/outputs/P06241__E107K/single_repr_model_1_pred_0.npy,"(537, 384)","(537, 384)",1152
P06241__E107L,P06241,E107L,107,3.000000,results/af2/single-repr-full/outputs/P06241/single_repr_model_1_pred_0.npy,results/af2/single-repr-full/outputs/P06241__E107L/single_repr_model_1_pred_0.npy,"(537, 384)","(537, 384)",1152
P06241__E107P,P06241,E107P,107,1.705000,results/af2/single-repr-full/outputs/P06241/single_repr_model_1_pred_0.npy,results/af2/single-repr-full/outputs/P06241__E107P/single_repr_model_1_pred_0.npy,"(537, 384)","(537, 384)",1152
P06241__E107Q,P06241,E107Q,107,0.720000,results/af2/single-repr-full/outputs/P06241/single_repr_model_1_pred_0.npy,results/af2/single-repr-full/outputs/P06241__E107Q/single_repr_model_1_pred_0.npy,"(537, 384)","(537, 384)",1152
P06241__E107R,P06241,E107R,107,3.390000,results/af2/single-repr-full/outputs/P06241/single_repr_model_1_pred_0.npy,results/af2/single-repr-full/outputs/P06241__E107R/single_repr_model_1_pred_0.npy,"(537, 384)","(537, 384)",1152
P06241__E107S,P06241,E107S,107,1.620000,results/af2/single-repr-full/outputs/P06241/single_repr_model_1_pred_0.npy,results/af2/single-repr-full/outputs/P06241__E107S/single_repr_model_1_pred_0.npy,"(537, 384)","(537, 384)",1152
P06241__E107T,P06241,E107T,107,0.600000,results/af2/single-repr-full/outputs/P06241/single_repr_model_1_pred_0.npy,results/af2/single-repr-full/outputs/P06241__E107T/single_repr_model_1_pred_0.npy,"(537, 384)","(537, 384)",1152
P06241__E107Y,P06241,E107Y,107,2.400000,results/af2/single-repr-full/outputs/P06241/single_repr_model_1_pred_0.npy,results/af2/single-repr-full/outputs/P06241__E107Y/single_repr_model_1_pred_0.npy,"(537, 384)","(537, 384)",1152
P06241__F109I,P06241,F109I,109,2.000000,results/af2/single-repr-full/outputs/P06241/single_repr_model_1_pred_0.npy,results/af2/single-repr-full/outputs/P06241__F109I/single_repr_model_1_pred_0.npy,"(537, 384)","(537, 384)",1152
P06241__F109L,P06241,F109L,109,0.800000,results/af2/single-repr-full/outputs/P06241/single_repr_model_1_pred_0.npy,results/af2/single-repr-full/outputs/P06241__F109L/single_repr_model_1_pred_0.npy,"(537, 384)","(537, 384)",1152
P06241__I111A,P06241,I111A,111,2.800000,results/af2/single-repr-full/outputs/P06241/single_repr_model_1_pred_0.npy,results/af2/single-repr-full/outputs/P06241__I111A/single_repr_model_1_pred_0.npy,"(537, 384)","(537, 384)",1152
P06241__I111L,P06241,I111L,111,0.850000,results/af2/single-repr-full/outputs/P06241/single_repr_model_1_pred_0.npy,results/af2/single-repr-full/outputs/P06241__I111L/single_repr_model_1_pred_0.npy,"(537, 384)","(537, 384)",1152
P06241__I111V,P06241,I111V,111,0.400000,results/af2/single-repr-full/outputs/P06241/single_repr_model_1_pred_0.npy,results/af2/single-repr-full/outputs/P06241__I111V/single_repr_model_1_pred_0.npy,"(537, 384)","(537, 384)",1152
P06241__W120V,P06241,W120V,120,1.000000,results/af2/single-repr-full/outputs/P06241/single_repr_model_1_pred_0.npy,results/af2/single-repr-full/outputs/P06241__W120V/single_repr_model_1_pred_0.npy,"(537, 384)","(537, 384)",1152
P06241__A122G,P06241,A122G,122,1.400000,results/af2/single-repr-full/outputs/P06241/single_repr_model_1_pred_0.npy,results/af2/single-repr-full/outputs/P06241__A122G/single_repr_model_1_pred_0.npy,"(537, 384)","(537, 384)",1152
P06241__S124D,P06241,S124D,124,2.010000,results/af2/single-repr-full/outputs/P06241/single_repr_model_1_pred_0.npy,results/af2/single-repr-full/outputs/P06241__S124D/single_repr_model_1_pred_0.npy,"(537, 384)","(537, 384)",1152
P06241__S124F,P06241,S124F,124,1.900000,results/af2/single-repr-full/outputs/P06241/single_repr_model_1_pred_0.npy,results/af2/single-repr-full/outputs/P06241__S124F/single_repr_model_1_pred_0.npy,"(537, 384)","(537, 384)",1152
P06241__S124I,P06241,S124I,124,1.405000,results/af2/single-repr-full/outputs/P06241/single_repr_model_1_pred_0.npy,results/af2/single-repr-full/outputs/P06241__S124I/single_repr_model_1_pred_0.npy,"(537, 384)","(537, 384)",1152
P06241__S124K,P06241,S124K,124,-0.105000,results/af2/single-repr-full/outputs/P06241/single_repr_model_1_pred_0.npy,results/af2/single-repr-full/outputs/P06241__S124K/single_repr_model_1_pred_0.npy,"(537, 384)","(537, 384)",1152
