[GPU0] starting from offset 0
[GPU1] starting from offset 1
[GPU0] Running 1YYX_A with single repr dump -> /data/store-data/yeyh/scripts/AF2stab/results/af2/single-repr-full/logs/1YYX_A__M33A__wt.log
[GPU1] Running 1YYX_A__M33A with single repr dump -> /data/store-data/yeyh/scripts/AF2stab/results/af2/single-repr-full/logs/1YYX_A__M33A__mutant.log
[GPU2] starting from offset 2
[GPU3] starting from offset 3
[GPU3] Running 1YYX_A__L48A with single repr dump -> /data/store-data/yeyh/scripts/AF2stab/results/af2/single-repr-full/logs/1YYX_A__L48A__mutant.log
[GPU2] Running 1YYX_A__A36G with single repr dump -> /data/store-data/yeyh/scripts/AF2stab/results/af2/single-repr-full/logs/1YYX_A__A36G__mutant.log
[GPU2] Running 1YYX_A__F65A with single repr dump -> /data/store-data/yeyh/scripts/AF2stab/results/af2/single-repr-full/logs/1YYX_A__F65A__mutant.log
[GPU1] Running 1YYX_A__F61A with single repr dump -> /data/store-data/yeyh/scripts/AF2stab/results/af2/single-repr-full/logs/1YYX_A__F61A__mutant.log
[GPU0] Running 1YYX_A__M58A with single repr dump -> /data/store-data/yeyh/scripts/AF2stab/results/af2/single-repr-full/logs/1YYX_A__M58A__mutant.log
[GPU3] Running 1YYX_A__L68A with single repr dump -> /data/store-data/yeyh/scripts/AF2stab/results/af2/single-repr-full/logs/1YYX_A__L68A__mutant.log
[GPU1] Running 1YYX_A__L76A with single repr dump -> /data/store-data/yeyh/scripts/AF2stab/results/af2/single-repr-full/logs/1YYX_A__L76A__mutant.log
[GPU0] Running 1YYX_A__I72A with single repr dump -> /data/store-data/yeyh/scripts/AF2stab/results/af2/single-repr-full/logs/1YYX_A__I72A__mutant.log
[GPU3] Running 1YYX_A__A87G with single repr dump -> /data/store-data/yeyh/scripts/AF2stab/results/af2/single-repr-full/logs/1YYX_A__A87G__mutant.log
[GPU2] Running 1YYX_A__V84A with single repr dump -> /data/store-data/yeyh/scripts/AF2stab/results/af2/single-repr-full/logs/1YYX_A__V84A__mutant.log
[GPU1] Running 1YYX_A__L94A with single repr dump -> /data/store-data/yeyh/scripts/AF2stab/results/af2/single-repr-full/logs/1YYX_A__L94A__mutant.log
[GPU0] Running 1YYX_A__A90G with single repr dump -> /data/store-data/yeyh/scripts/AF2stab/results/af2/single-repr-full/logs/1YYX_A__A90G__mutant.log
[GPU3] Running 2IMM_A with single repr dump -> /data/store-data/yeyh/scripts/AF2stab/results/af2/single-repr-full/logs/2IMM_A__A15L__wt.log
[GPU2] Running 1YYX_A__I98A with single repr dump -> /data/store-data/yeyh/scripts/AF2stab/results/af2/single-repr-full/logs/1YYX_A__I98A__mutant.log
[GPU0] Running 2IMM_A__A15L with single repr dump -> /data/store-data/yeyh/scripts/AF2stab/results/af2/single-repr-full/logs/2IMM_A__A15L__mutant.log
[GPU3] Running 2IMM_A__K24R with single repr dump -> /data/store-data/yeyh/scripts/AF2stab/results/af2/single-repr-full/logs/2IMM_A__K24R__mutant.log
[GPU1] Running 2IMM_A__M21I with single repr dump -> /data/store-data/yeyh/scripts/AF2stab/results/af2/single-repr-full/logs/2IMM_A__M21I__mutant.log
[GPU2] Running 2IMM_A__M21L with single repr dump -> /data/store-data/yeyh/scripts/AF2stab/results/af2/single-repr-full/logs/2IMM_A__M21L__mutant.log
[GPU3] Running 2IMM_A__Q85E with single repr dump -> /data/store-data/yeyh/scripts/AF2stab/results/af2/single-repr-full/logs/2IMM_A__Q85E__mutant.log
[GPU1] Running 2IMM_A__P49S with single repr dump -> /data/store-data/yeyh/scripts/AF2stab/results/af2/single-repr-full/logs/2IMM_A__P49S__mutant.log
[GPU0] Running 2IMM_A__F38Y with single repr dump -> /data/store-data/yeyh/scripts/AF2stab/results/af2/single-repr-full/logs/2IMM_A__F38Y__mutant.log
[GPU2] Running 2IMM_A__T69S with single repr dump -> /data/store-data/yeyh/scripts/AF2stab/results/af2/single-repr-full/logs/2IMM_A__T69S__mutant.log
[GPU3] Running 3PG0_A with single repr dump -> /data/store-data/yeyh/scripts/AF2stab/results/af2/single-repr-full/logs/3PG0_A__D49N__wt.log
[GPU2] Running 2IMM_A__L112I with single repr dump -> /data/store-data/yeyh/scripts/AF2stab/results/af2/single-repr-full/logs/2IMM_A__L112I__mutant.log
[GPU1] Running 2IMM_A__A106G with single repr dump -> /data/store-data/yeyh/scripts/AF2stab/results/af2/single-repr-full/logs/2IMM_A__A106G__mutant.log
[GPU0] Running 2IMM_A__N96Q with single repr dump -> /data/store-data/yeyh/scripts/AF2stab/results/af2/single-repr-full/logs/2IMM_A__N96Q__mutant.log
[GPU3] Running 3PG0_A__E90L with single repr dump -> /data/store-data/yeyh/scripts/AF2stab/results/af2/single-repr-full/logs/3PG0_A__E90L__mutant.log
[GPU2] Running 3PG0_A__A86V with single repr dump -> /data/store-data/yeyh/scripts/AF2stab/results/af2/single-repr-full/logs/3PG0_A__A86V__mutant.log
[GPU0] Running 3PG0_A__D49N with single repr dump -> /data/store-data/yeyh/scripts/AF2stab/results/af2/single-repr-full/logs/3PG0_A__D49N__mutant.log
[GPU1] Running 3PG0_A__K77V with single repr dump -> /data/store-data/yeyh/scripts/AF2stab/results/af2/single-repr-full/logs/3PG0_A__K77V__mutant.log
[GPU3] Running 3PG0_A__D109P with single repr dump -> /data/store-data/yeyh/scripts/AF2stab/results/af2/single-repr-full/logs/3PG0_A__D109P__mutant.log
[GPU2] Running 3PG0_A__Q102I with single repr dump -> /data/store-data/yeyh/scripts/AF2stab/results/af2/single-repr-full/logs/3PG0_A__Q102I__mutant.log
[GPU0] Running 3PG0_A__E90Y with single repr dump -> /data/store-data/yeyh/scripts/AF2stab/results/af2/single-repr-full/logs/3PG0_A__E90Y__mutant.log
[GPU1] Running 3PG0_A__A92G with single repr dump -> /data/store-data/yeyh/scripts/AF2stab/results/af2/single-repr-full/logs/3PG0_A__A92G__mutant.log
[GPU3] Running O74035__I6A with single repr dump -> /data/store-data/yeyh/scripts/AF2stab/results/af2/single-repr-full/logs/O74035__I6A__mutant.log
[GPU2] Running O74035 with single repr dump -> /data/store-data/yeyh/scripts/AF2stab/results/af2/single-repr-full/logs/O74035__I6A__wt.log
[GPU0] Running 3PG0_A__R114L with single repr dump -> /data/store-data/yeyh/scripts/AF2stab/results/af2/single-repr-full/logs/3PG0_A__R114L__mutant.log
[GPU1] Running 3PG0_A__D117P with single repr dump -> /data/store-data/yeyh/scripts/AF2stab/results/af2/single-repr-full/logs/3PG0_A__D117P__mutant.log
[GPU2] Running O74035__E8Q with single repr dump -> /data/store-data/yeyh/scripts/AF2stab/results/af2/single-repr-full/logs/O74035__E8Q__mutant.log
[GPU3] Running O74035__I15A with single repr dump -> /data/store-data/yeyh/scripts/AF2stab/results/af2/single-repr-full/logs/O74035__I15A__mutant.log
[GPU0] Running O74035__D7N with single repr dump -> /data/store-data/yeyh/scripts/AF2stab/results/af2/single-repr-full/logs/O74035__D7N__mutant.log
[GPU1] Running O74035__E8A with single repr dump -> /data/store-data/yeyh/scripts/AF2stab/results/af2/single-repr-full/logs/O74035__E8A__mutant.log
[GPU2] Running O74035__I56A with single repr dump -> /data/store-data/yeyh/scripts/AF2stab/results/af2/single-repr-full/logs/O74035__I56A__mutant.log
[GPU0] Running O74035__I20A with single repr dump -> /data/store-data/yeyh/scripts/AF2stab/results/af2/single-repr-full/logs/O74035__I20A__mutant.log
[GPU3] Running O74035__L92A with single repr dump -> /data/store-data/yeyh/scripts/AF2stab/results/af2/single-repr-full/logs/O74035__L92A__mutant.log
[GPU1] Running O74035__L33A with single repr dump -> /data/store-data/yeyh/scripts/AF2stab/results/af2/single-repr-full/logs/O74035__L33A__mutant.log
[GPU2] Running O74035__L118A with single repr dump -> /data/store-data/yeyh/scripts/AF2stab/results/af2/single-repr-full/logs/O74035__L118A__mutant.log
[GPU0] Running O74035__I102A with single repr dump -> /data/store-data/yeyh/scripts/AF2stab/results/af2/single-repr-full/logs/O74035__I102A__mutant.log
[GPU3] Running O74035__D135A with single repr dump -> /data/store-data/yeyh/scripts/AF2stab/results/af2/single-repr-full/logs/O74035__D135A__mutant.log
[GPU1] Running O74035__D105A with single repr dump -> /data/store-data/yeyh/scripts/AF2stab/results/af2/single-repr-full/logs/O74035__D105A__mutant.log
[GPU2] Running P00004__H27V with single repr dump -> /data/store-data/yeyh/scripts/AF2stab/results/af2/single-repr-full/logs/P00004__H27V__mutant.log
[GPU0] Running O74035__L147A with single repr dump -> /data/store-data/yeyh/scripts/AF2stab/results/af2/single-repr-full/logs/O74035__L147A__mutant.log
[GPU3] Running P00004__P31A with single repr dump -> /data/store-data/yeyh/scripts/AF2stab/results/af2/single-repr-full/logs/P00004__P31A__mutant.log
[GPU1] Running P00004 with single repr dump -> /data/store-data/yeyh/scripts/AF2stab/results/af2/single-repr-full/logs/P00004__H27V__wt.log
[GPU0] Running P00004__P31V with single repr dump -> /data/store-data/yeyh/scripts/AF2stab/results/af2/single-repr-full/logs/P00004__P31V__mutant.log
[GPU2] Running P00004__H34N with single repr dump -> /data/store-data/yeyh/scripts/AF2stab/results/af2/single-repr-full/logs/P00004__H34N__mutant.log
[GPU3] Running P00004__N53I with single repr dump -> /data/store-data/yeyh/scripts/AF2stab/results/af2/single-repr-full/logs/P00004__N53I__mutant.log
[GPU1] Running P00004__H34F with single repr dump -> /data/store-data/yeyh/scripts/AF2stab/results/af2/single-repr-full/logs/P00004__H34F__mutant.log
[GPU2] Running P00004__L95I with single repr dump -> /data/store-data/yeyh/scripts/AF2stab/results/af2/single-repr-full/logs/P00004__L95I__mutant.log
[GPU3] Running P00004__L95V with single repr dump -> /data/store-data/yeyh/scripts/AF2stab/results/af2/single-repr-full/logs/P00004__L95V__mutant.log
[GPU0] Running P00004__Y68F with single repr dump -> /data/store-data/yeyh/scripts/AF2stab/results/af2/single-repr-full/logs/P00004__Y68F__mutant.log
[GPU1] Running P00004__L95A with single repr dump -> /data/store-data/yeyh/scripts/AF2stab/results/af2/single-repr-full/logs/P00004__L95A__mutant.log
[GPU2] Running P00025__K74M with single repr dump -> /data/store-data/yeyh/scripts/AF2stab/results/af2/single-repr-full/logs/P00025__K74M__mutant.log
[GPU3] Running P00025__K74W with single repr dump -> /data/store-data/yeyh/scripts/AF2stab/results/af2/single-repr-full/logs/P00025__K74W__mutant.log
[GPU0] Running P00025 with single repr dump -> /data/store-data/yeyh/scripts/AF2stab/results/af2/single-repr-full/logs/P00025__K74F__wt.log
[GPU1] Running P00025__K74F with single repr dump -> /data/store-data/yeyh/scripts/AF2stab/results/af2/single-repr-full/logs/P00025__K74F__mutant.log
[GPU2] Running P00044__G7A with single repr dump -> /data/store-data/yeyh/scripts/AF2stab/results/af2/single-repr-full/logs/P00044__G7A__mutant.log
[GPU0] Running P00025__K74Y with single repr dump -> /data/store-data/yeyh/scripts/AF2stab/results/af2/single-repr-full/logs/P00025__K74Y__mutant.log
[GPU3] Running P00044__G12A with single repr dump -> /data/store-data/yeyh/scripts/AF2stab/results/af2/single-repr-full/logs/P00044__G12A__mutant.log
[GPU1] Running P00044 with single repr dump -> /data/store-data/yeyh/scripts/AF2stab/results/af2/single-repr-full/logs/P00044__G7A__wt.log
[GPU0] Running P00044__A13L with single repr dump -> /data/store-data/yeyh/scripts/AF2stab/results/af2/single-repr-full/logs/P00044__A13L__mutant.log
[GPU3] Running P00044__F16M with single repr dump -> /data/store-data/yeyh/scripts/AF2stab/results/af2/single-repr-full/logs/P00044__F16M__mutant.log
[GPU2] Running P00044__F16I with single repr dump -> /data/store-data/yeyh/scripts/AF2stab/results/af2/single-repr-full/logs/P00044__F16I__mutant.log
[GPU1] Running P00044__A13Y with single repr dump -> /data/store-data/yeyh/scripts/AF2stab/results/af2/single-repr-full/logs/P00044__A13Y__mutant.log
[GPU3] Running P00044__G29S with single repr dump -> /data/store-data/yeyh/scripts/AF2stab/results/af2/single-repr-full/logs/P00044__G29S__mutant.log
[GPU2] Running P00044__V26C with single repr dump -> /data/store-data/yeyh/scripts/AF2stab/results/af2/single-repr-full/logs/P00044__V26C__mutant.log
[GPU0] Running P00044__F16W with single repr dump -> /data/store-data/yeyh/scripts/AF2stab/results/af2/single-repr-full/logs/P00044__F16W__mutant.log
[GPU1] Running P00044__F16Y with single repr dump -> /data/store-data/yeyh/scripts/AF2stab/results/af2/single-repr-full/logs/P00044__F16Y__mutant.log
[GPU3] Running P00044__N58A with single repr dump -> /data/store-data/yeyh/scripts/AF2stab/results/af2/single-repr-full/logs/P00044__N58A__mutant.log
[GPU0] Running P00044__H32Y with single repr dump -> /data/store-data/yeyh/scripts/AF2stab/results/af2/single-repr-full/logs/P00044__H32Y__mutant.log
[GPU2] Running P00044__H39Y with single repr dump -> /data/store-data/yeyh/scripts/AF2stab/results/af2/single-repr-full/logs/P00044__H39Y__mutant.log
[GPU1] Running P00044__H39P with single repr dump -> /data/store-data/yeyh/scripts/AF2stab/results/af2/single-repr-full/logs/P00044__H39P__mutant.log
[GPU3] Running P00044__N58I with single repr dump -> /data/store-data/yeyh/scripts/AF2stab/results/af2/single-repr-full/logs/P00044__N58I__mutant.log
[GPU0] Running P00044__N58F with single repr dump -> /data/store-data/yeyh/scripts/AF2stab/results/af2/single-repr-full/logs/P00044__N58F__mutant.log
[GPU2] Running P00044__N58H with single repr dump -> /data/store-data/yeyh/scripts/AF2stab/results/af2/single-repr-full/logs/P00044__N58H__mutant.log
[GPU1] Running P00044__N58G with single repr dump -> /data/store-data/yeyh/scripts/AF2stab/results/af2/single-repr-full/logs/P00044__N58G__mutant.log
[GPU3] Running P00044__N58S with single repr dump -> /data/store-data/yeyh/scripts/AF2stab/results/af2/single-repr-full/logs/P00044__N58S__mutant.log
[GPU0] Running P00044__N58L with single repr dump -> /data/store-data/yeyh/scripts/AF2stab/results/af2/single-repr-full/logs/P00044__N58L__mutant.log
[GPU1] Running P00044__N58M with single repr dump -> /data/store-data/yeyh/scripts/AF2stab/results/af2/single-repr-full/logs/P00044__N58M__mutant.log
[GPU2] Running P00044__N58Q with single repr dump -> /data/store-data/yeyh/scripts/AF2stab/results/af2/single-repr-full/logs/P00044__N58Q__mutant.log
[GPU3] Running P00044__P77I with single repr dump -> /data/store-data/yeyh/scripts/AF2stab/results/af2/single-repr-full/logs/P00044__P77I__mutant.log
[GPU0] Running P00044__N58T with single repr dump -> /data/store-data/yeyh/scripts/AF2stab/results/af2/single-repr-full/logs/P00044__N58T__mutant.log
[GPU1] Running P00044__N58V with single repr dump -> /data/store-data/yeyh/scripts/AF2stab/results/af2/single-repr-full/logs/P00044__N58V__mutant.log
[GPU2] Running P00044__T75E with single repr dump -> /data/store-data/yeyh/scripts/AF2stab/results/af2/single-repr-full/logs/P00044__T75E__mutant.log
[GPU3] Running P00044__K79G with single repr dump -> /data/store-data/yeyh/scripts/AF2stab/results/af2/single-repr-full/logs/P00044__K79G__mutant.log
[GPU0] Running P00044__P77T with single repr dump -> /data/store-data/yeyh/scripts/AF2stab/results/af2/single-repr-full/logs/P00044__P77T__mutant.log
[GPU1] Running P00044__P77V with single repr dump -> /data/store-data/yeyh/scripts/AF2stab/results/af2/single-repr-full/logs/P00044__P77V__mutant.log
[GPU2] Running P00044__K79A with single repr dump -> /data/store-data/yeyh/scripts/AF2stab/results/af2/single-repr-full/logs/P00044__K79A__mutant.log
[GPU1] Running P00044__K79I with single repr dump -> /data/store-data/yeyh/scripts/AF2stab/results/af2/single-repr-full/logs/P00044__K79I__mutant.log
[GPU2] Running P00044__K79L with single repr dump -> /data/store-data/yeyh/scripts/AF2stab/results/af2/single-repr-full/logs/P00044__K79L__mutant.log
[GPU0] Running P00044__K79H with single repr dump -> /data/store-data/yeyh/scripts/AF2stab/results/af2/single-repr-full/logs/P00044__K79H__mutant.log
[GPU3] Running P00044__K79R with single repr dump -> /data/store-data/yeyh/scripts/AF2stab/results/af2/single-repr-full/logs/P00044__K79R__mutant.log
[GPU1] Running P00044__K79W with single repr dump -> /data/store-data/yeyh/scripts/AF2stab/results/af2/single-repr-full/logs/P00044__K79W__mutant.log
[GPU0] Running P00044__K79V with single repr dump -> /data/store-data/yeyh/scripts/AF2stab/results/af2/single-repr-full/logs/P00044__K79V__mutant.log
[GPU2] Running P00044__F88Y with single repr dump -> /data/store-data/yeyh/scripts/AF2stab/results/af2/single-repr-full/logs/P00044__F88Y__mutant.log
[GPU3] Running P00044__L91A with single repr dump -> /data/store-data/yeyh/scripts/AF2stab/results/af2/single-repr-full/logs/P00044__L91A__mutant.log
[GPU1] Running P00044__L100I with single repr dump -> /data/store-data/yeyh/scripts/AF2stab/results/af2/single-repr-full/logs/P00044__L100I__mutant.log
[GPU2] Running P00044__L100T with single repr dump -> /data/store-data/yeyh/scripts/AF2stab/results/af2/single-repr-full/logs/P00044__L100T__mutant.log
[GPU0] Running P00044__L100A with single repr dump -> /data/store-data/yeyh/scripts/AF2stab/results/af2/single-repr-full/logs/P00044__L100A__mutant.log
[GPU3] Running P00044__L100V with single repr dump -> /data/store-data/yeyh/scripts/AF2stab/results/af2/single-repr-full/logs/P00044__L100V__mutant.log
[GPU1] Running P00044__Y103F with single repr dump -> /data/store-data/yeyh/scripts/AF2stab/results/af2/single-repr-full/logs/P00044__Y103F__mutant.log
[GPU2] Running P00044__C108A with single repr dump -> /data/store-data/yeyh/scripts/AF2stab/results/af2/single-repr-full/logs/P00044__C108A__mutant.log
[GPU0] Running P00044__T102A with single repr dump -> /data/store-data/yeyh/scripts/AF2stab/results/af2/single-repr-full/logs/P00044__T102A__mutant.log
[GPU3] Running P00044__C108S with single repr dump -> /data/store-data/yeyh/scripts/AF2stab/results/af2/single-repr-full/logs/P00044__C108S__mutant.log
[GPU1] Running P00045 with single repr dump -> /data/store-data/yeyh/scripts/AF2stab/results/af2/single-repr-full/logs/P00045__N62I__wt.log
[GPU2] Running P00045__N62I with single repr dump -> /data/store-data/yeyh/scripts/AF2stab/results/af2/single-repr-full/logs/P00045__N62I__mutant.log
[GPU0] Running P00044__C108T with single repr dump -> /data/store-data/yeyh/scripts/AF2stab/results/af2/single-repr-full/logs/P00044__C108T__mutant.log
[GPU3] Running P00045__P81T with single repr dump -> /data/store-data/yeyh/scripts/AF2stab/results/af2/single-repr-full/logs/P00045__P81T__mutant.log
[GPU1] Running P00094 with single repr dump -> /data/store-data/yeyh/scripts/AF2stab/results/af2/single-repr-full/logs/P00094__K33D__wt.log
[GPU2] Running P00094__K33D with single repr dump -> /data/store-data/yeyh/scripts/AF2stab/results/af2/single-repr-full/logs/P00094__K33D__mutant.log
[GPU0] Running P00045__P86G with single repr dump -> /data/store-data/yeyh/scripts/AF2stab/results/af2/single-repr-full/logs/P00045__P86G__mutant.log
[GPU3] Running P00094__K35E with single repr dump -> /data/store-data/yeyh/scripts/AF2stab/results/af2/single-repr-full/logs/P00094__K35E__mutant.log
[GPU1] Running P00094__G55S with single repr dump -> /data/store-data/yeyh/scripts/AF2stab/results/af2/single-repr-full/logs/P00094__G55S__mutant.log
[GPU2] Running P00094__P56A with single repr dump -> /data/store-data/yeyh/scripts/AF2stab/results/af2/single-repr-full/logs/P00094__P56A__mutant.log
[GPU0] Running P00094__K53E with single repr dump -> /data/store-data/yeyh/scripts/AF2stab/results/af2/single-repr-full/logs/P00094__K53E__mutant.log
[GPU3] Running P00094__Y96C with single repr dump -> /data/store-data/yeyh/scripts/AF2stab/results/af2/single-repr-full/logs/P00094__Y96C__mutant.log
[GPU1] Running P00099 with single repr dump -> /data/store-data/yeyh/scripts/AF2stab/results/af2/single-repr-full/logs/P00099__F29A__wt.log
[GPU2] Running P00099__F29A with single repr dump -> /data/store-data/yeyh/scripts/AF2stab/results/af2/single-repr-full/logs/P00099__F29A__mutant.log
[GPU0] Running P00094__Y96F with single repr dump -> /data/store-data/yeyh/scripts/AF2stab/results/af2/single-repr-full/logs/P00094__Y96F__mutant.log
[GPU3] Running P00099__V35M with single repr dump -> /data/store-data/yeyh/scripts/AF2stab/results/af2/single-repr-full/logs/P00099__V35M__mutant.log
[GPU0] Running P00099__F56Y with single repr dump -> /data/store-data/yeyh/scripts/AF2stab/results/af2/single-repr-full/logs/P00099__F56Y__mutant.log
[GPU1] Running P00099__Q59R with single repr dump -> /data/store-data/yeyh/scripts/AF2stab/results/af2/single-repr-full/logs/P00099__Q59R__mutant.log
[GPU2] Running P00099__E65Y with single repr dump -> /data/store-data/yeyh/scripts/AF2stab/results/af2/single-repr-full/logs/P00099__E65Y__mutant.log
[GPU3] Running P00099__W78F with single repr dump -> /data/store-data/yeyh/scripts/AF2stab/results/af2/single-repr-full/logs/P00099__W78F__mutant.log
[GPU0] Running P00099__E92Q with single repr dump -> /data/store-data/yeyh/scripts/AF2stab/results/af2/single-repr-full/logs/P00099__E92Q__mutant.log
[GPU1] Running P00099__E92V with single repr dump -> /data/store-data/yeyh/scripts/AF2stab/results/af2/single-repr-full/logs/P00099__E92V__mutant.log
[GPU2] Running P00099__W99F with single repr dump -> /data/store-data/yeyh/scripts/AF2stab/results/af2/single-repr-full/logs/P00099__W99F__mutant.log
[GPU3] Running P00099__V100I with single repr dump -> /data/store-data/yeyh/scripts/AF2stab/results/af2/single-repr-full/logs/P00099__V100I__mutant.log
[GPU0] Running P00171 with single repr dump -> /data/store-data/yeyh/scripts/AF2stab/results/af2/single-repr-full/logs/P00171__F40H__wt.log
[GPU1] Running P00171__F40H with single repr dump -> /data/store-data/yeyh/scripts/AF2stab/results/af2/single-repr-full/logs/P00171__F40H__mutant.log
[GPU2] Running P00171__F40L with single repr dump -> /data/store-data/yeyh/scripts/AF2stab/results/af2/single-repr-full/logs/P00171__F40L__mutant.log
[GPU3] Running P00171__F40Y with single repr dump -> /data/store-data/yeyh/scripts/AF2stab/results/af2/single-repr-full/logs/P00171__F40Y__mutant.log
[GPU0] Running P00171__V50E with single repr dump -> /data/store-data/yeyh/scripts/AF2stab/results/af2/single-repr-full/logs/P00171__V50E__mutant.log
[GPU1] Running P00171__V50G with single repr dump -> /data/store-data/yeyh/scripts/AF2stab/results/af2/single-repr-full/logs/P00171__V50G__mutant.log
[GPU2] Running P00171__V50H with single repr dump -> /data/store-data/yeyh/scripts/AF2stab/results/af2/single-repr-full/logs/P00171__V50H__mutant.log
[GPU3] Running P00171__V50T with single repr dump -> /data/store-data/yeyh/scripts/AF2stab/results/af2/single-repr-full/logs/P00171__V50T__mutant.log
[GPU1] Running P00171__V66E with single repr dump -> /data/store-data/yeyh/scripts/AF2stab/results/af2/single-repr-full/logs/P00171__V66E__mutant.log
[GPU0] Running P00171__V50Y with single repr dump -> /data/store-data/yeyh/scripts/AF2stab/results/af2/single-repr-full/logs/P00171__V50Y__mutant.log
[GPU2] Running P00171__V66H with single repr dump -> /data/store-data/yeyh/scripts/AF2stab/results/af2/single-repr-full/logs/P00171__V66H__mutant.log
[GPU1] Running P00171__S76L with single repr dump -> /data/store-data/yeyh/scripts/AF2stab/results/af2/single-repr-full/logs/P00171__S76L__mutant.log
[GPU3] Running P00171__V66K with single repr dump -> /data/store-data/yeyh/scripts/AF2stab/results/af2/single-repr-full/logs/P00171__V66K__mutant.log
[GPU0] Running P00171__V66Y with single repr dump -> /data/store-data/yeyh/scripts/AF2stab/results/af2/single-repr-full/logs/P00171__V66Y__mutant.log
[GPU2] Running P00173 with single repr dump -> /data/store-data/yeyh/scripts/AF2stab/results/af2/single-repr-full/logs/P00173__D65R__wt.log
[GPU1] Running P00257__D73E with single repr dump -> /data/store-data/yeyh/scripts/AF2stab/results/af2/single-repr-full/logs/P00257__D73E__mutant.log
[GPU0] Running P00257 with single repr dump -> /data/store-data/yeyh/scripts/AF2stab/results/af2/single-repr-full/logs/P00257__D73E__wt.log
[GPU3] Running P00173__D65R with single repr dump -> /data/store-data/yeyh/scripts/AF2stab/results/af2/single-repr-full/logs/P00173__D65R__mutant.log
[GPU2] Running P00257__T112A with single repr dump -> /data/store-data/yeyh/scripts/AF2stab/results/af2/single-repr-full/logs/P00257__T112A__mutant.log
[GPU3] Running P00257__T112S with single repr dump -> /data/store-data/yeyh/scripts/AF2stab/results/af2/single-repr-full/logs/P00257__T112S__mutant.log
[GPU0] Running P00257__H114Q with single repr dump -> /data/store-data/yeyh/scripts/AF2stab/results/af2/single-repr-full/logs/P00257__H114Q__mutant.log
[GPU1] Running P00257__H114R with single repr dump -> /data/store-data/yeyh/scripts/AF2stab/results/af2/single-repr-full/logs/P00257__H114R__mutant.log
[GPU2] Running P00257__H114T with single repr dump -> /data/store-data/yeyh/scripts/AF2stab/results/af2/single-repr-full/logs/P00257__H114T__mutant.log
[GPU3] Running P00257__D134E with single repr dump -> /data/store-data/yeyh/scripts/AF2stab/results/af2/single-repr-full/logs/P00257__D134E__mutant.log
[GPU0] Running P00257__Y140F with single repr dump -> /data/store-data/yeyh/scripts/AF2stab/results/af2/single-repr-full/logs/P00257__Y140F__mutant.log
[GPU1] Running P00257__Y140L with single repr dump -> /data/store-data/yeyh/scripts/AF2stab/results/af2/single-repr-full/logs/P00257__Y140L__mutant.log
[GPU2] Running P00257__Y140S with single repr dump -> /data/store-data/yeyh/scripts/AF2stab/results/af2/single-repr-full/logs/P00257__Y140S__mutant.log
[GPU3] Running P00257__Y140W with single repr dump -> /data/store-data/yeyh/scripts/AF2stab/results/af2/single-repr-full/logs/P00257__Y140W__mutant.log
[GPU0] Running P00257__C153S with single repr dump -> /data/store-data/yeyh/scripts/AF2stab/results/af2/single-repr-full/logs/P00257__C153S__mutant.log
[GPU1] Running P00268 with single repr dump -> /data/store-data/yeyh/scripts/AF2stab/results/af2/single-repr-full/logs/P00268__V24I__wt.log
[GPU2] Running P00268__V24I with single repr dump -> /data/store-data/yeyh/scripts/AF2stab/results/af2/single-repr-full/logs/P00268__V24I__mutant.log
[GPU2] Running P00282__I27A with single repr dump -> /data/store-data/yeyh/scripts/AF2stab/results/af2/single-repr-full/logs/P00282__I27A__mutant.log
[GPU1] Running P00282__V25A with single repr dump -> /data/store-data/yeyh/scripts/AF2stab/results/af2/single-repr-full/logs/P00282__V25A__mutant.log
[GPU0] Running P00282 with single repr dump -> /data/store-data/yeyh/scripts/AF2stab/results/af2/single-repr-full/logs/P00282__V25A__wt.log
[GPU3] Running P00268__I33L with single repr dump -> /data/store-data/yeyh/scripts/AF2stab/results/af2/single-repr-full/logs/P00268__I33L__mutant.log
[GPU3] Running P00282__I27S with single repr dump -> /data/store-data/yeyh/scripts/AF2stab/results/af2/single-repr-full/logs/P00282__I27S__mutant.log
[GPU1] Running P00282__I40T with single repr dump -> /data/store-data/yeyh/scripts/AF2stab/results/af2/single-repr-full/logs/P00282__I40T__mutant.log
[GPU2] Running P00282__I40V with single repr dump -> /data/store-data/yeyh/scripts/AF2stab/results/af2/single-repr-full/logs/P00282__I40V__mutant.log
[GPU0] Running P00282__I40A with single repr dump -> /data/store-data/yeyh/scripts/AF2stab/results/af2/single-repr-full/logs/P00282__I40A__mutant.log
[GPU1] Running P00282__V51A with single repr dump -> /data/store-data/yeyh/scripts/AF2stab/results/af2/single-repr-full/logs/P00282__V51A__mutant.log
[GPU3] Running P00282__V42A with single repr dump -> /data/store-data/yeyh/scripts/AF2stab/results/af2/single-repr-full/logs/P00282__V42A__mutant.log
[GPU0] Running P00282__V42T with single repr dump -> /data/store-data/yeyh/scripts/AF2stab/results/af2/single-repr-full/logs/P00282__V42T__mutant.log
[GPU2] Running P00282__V51T with single repr dump -> /data/store-data/yeyh/scripts/AF2stab/results/af2/single-repr-full/logs/P00282__V51T__mutant.log
[GPU2] Running P00282__L70A with single repr dump -> /data/store-data/yeyh/scripts/AF2stab/results/af2/single-repr-full/logs/P00282__L70A__mutant.log
[GPU0] Running P00282__H66G with single repr dump -> /data/store-data/yeyh/scripts/AF2stab/results/af2/single-repr-full/logs/P00282__H66G__mutant.log
[GPU3] Running P00282__L53A with single repr dump -> /data/store-data/yeyh/scripts/AF2stab/results/af2/single-repr-full/logs/P00282__L53A__mutant.log
[GPU1] Running P00282__W68A with single repr dump -> /data/store-data/yeyh/scripts/AF2stab/results/af2/single-repr-full/logs/P00282__W68A__mutant.log
[GPU0] Running P00282__L70V with single repr dump -> /data/store-data/yeyh/scripts/AF2stab/results/af2/single-repr-full/logs/P00282__L70V__mutant.log
[GPU2] Running P00282__I101A with single repr dump -> /data/store-data/yeyh/scripts/AF2stab/results/af2/single-repr-full/logs/P00282__I101A__mutant.log
[GPU1] Running P00282__V80G with single repr dump -> /data/store-data/yeyh/scripts/AF2stab/results/af2/single-repr-full/logs/P00282__V80G__mutant.log
[GPU3] Running P00282__L70T with single repr dump -> /data/store-data/yeyh/scripts/AF2stab/results/af2/single-repr-full/logs/P00282__L70T__mutant.log
[GPU1] Running P00282__A102G with single repr dump -> /data/store-data/yeyh/scripts/AF2stab/results/af2/single-repr-full/logs/P00282__A102G__mutant.log
[GPU2] Running P00282__V115A with single repr dump -> /data/store-data/yeyh/scripts/AF2stab/results/af2/single-repr-full/logs/P00282__V115A__mutant.log
[GPU3] Running P00282__I101T with single repr dump -> /data/store-data/yeyh/scripts/AF2stab/results/af2/single-repr-full/logs/P00282__I101T__mutant.log
[GPU0] Running P00282__I101V with single repr dump -> /data/store-data/yeyh/scripts/AF2stab/results/af2/single-repr-full/logs/P00282__I101V__mutant.log
[GPU1] Running P00282__Y128A with single repr dump -> /data/store-data/yeyh/scripts/AF2stab/results/af2/single-repr-full/logs/P00282__Y128A__mutant.log
[GPU3] Running P00282__V115T with single repr dump -> /data/store-data/yeyh/scripts/AF2stab/results/af2/single-repr-full/logs/P00282__V115T__mutant.log
[GPU0] Running P00282__F117A with single repr dump -> /data/store-data/yeyh/scripts/AF2stab/results/af2/single-repr-full/logs/P00282__F117A__mutant.log
[GPU2] Running P00282__F130A with single repr dump -> /data/store-data/yeyh/scripts/AF2stab/results/af2/single-repr-full/logs/P00282__F130A__mutant.log
[GPU1] Running P00282__H137G with single repr dump -> /data/store-data/yeyh/scripts/AF2stab/results/af2/single-repr-full/logs/P00282__H137G__mutant.log
[GPU3] Running P00282__F130S with single repr dump -> /data/store-data/yeyh/scripts/AF2stab/results/af2/single-repr-full/logs/P00282__F130S__mutant.log
[GPU2] Running P00282__M141A with single repr dump -> /data/store-data/yeyh/scripts/AF2stab/results/af2/single-repr-full/logs/P00282__M141A__mutant.log
[GPU0] Running P00282__C132S with single repr dump -> /data/store-data/yeyh/scripts/AF2stab/results/af2/single-repr-full/logs/P00282__C132S__mutant.log
[GPU0] Running P00509 with single repr dump -> /data/store-data/yeyh/scripts/AF2stab/results/af2/single-repr-full/logs/P00509__F2A__wt.log
[GPU1] Running P00509__F2A with single repr dump -> /data/store-data/yeyh/scripts/AF2stab/results/af2/single-repr-full/logs/P00509__F2A__mutant.log
[GPU3] Running P00282__L145A with single repr dump -> /data/store-data/yeyh/scripts/AF2stab/results/af2/single-repr-full/logs/P00282__L145A__mutant.log
[GPU2] Running P00509__E3A with single repr dump -> /data/store-data/yeyh/scripts/AF2stab/results/af2/single-repr-full/logs/P00509__E3A__mutant.log
[GPU3] Running P00509__I5A with single repr dump -> /data/store-data/yeyh/scripts/AF2stab/results/af2/single-repr-full/logs/P00509__I5A__mutant.log
[GPU2] Running P00509__K63E with single repr dump -> /data/store-data/yeyh/scripts/AF2stab/results/af2/single-repr-full/logs/P00509__K63E__mutant.log
[GPU0] Running P00509__T6A with single repr dump -> /data/store-data/yeyh/scripts/AF2stab/results/af2/single-repr-full/logs/P00509__T6A__mutant.log
[GPU1] Running P00509__D11A with single repr dump -> /data/store-data/yeyh/scripts/AF2stab/results/af2/single-repr-full/logs/P00509__D11A__mutant.log
[GPU3] Running P00509__K63M with single repr dump -> /data/store-data/yeyh/scripts/AF2stab/results/af2/single-repr-full/logs/P00509__K63M__mutant.log
[GPU2] Running P00509__C180A with single repr dump -> /data/store-data/yeyh/scripts/AF2stab/results/af2/single-repr-full/logs/P00509__C180A__mutant.log
[GPU1] Running P00509__C77S with single repr dump -> /data/store-data/yeyh/scripts/AF2stab/results/af2/single-repr-full/logs/P00509__C77S__mutant.log
[GPU0] Running P00509__C77A with single repr dump -> /data/store-data/yeyh/scripts/AF2stab/results/af2/single-repr-full/logs/P00509__C77A__mutant.log
[GPU3] Running P00509__C180F with single repr dump -> /data/store-data/yeyh/scripts/AF2stab/results/af2/single-repr-full/logs/P00509__C180F__mutant.log
[GPU1] Running P00509__C180R with single repr dump -> /data/store-data/yeyh/scripts/AF2stab/results/af2/single-repr-full/logs/P00509__C180R__mutant.log
[GPU2] Running P00509__C180S with single repr dump -> /data/store-data/yeyh/scripts/AF2stab/results/af2/single-repr-full/logs/P00509__C180S__mutant.log
[GPU0] Running P00509__C180G with single repr dump -> /data/store-data/yeyh/scripts/AF2stab/results/af2/single-repr-full/logs/P00509__C180G__mutant.log
[GPU3] Running P00509__C180W with single repr dump -> /data/store-data/yeyh/scripts/AF2stab/results/af2/single-repr-full/logs/P00509__C180W__mutant.log
[GPU1] Running P00509__C181A with single repr dump -> /data/store-data/yeyh/scripts/AF2stab/results/af2/single-repr-full/logs/P00509__C181A__mutant.log
[GPU2] Running P00509__C181S with single repr dump -> /data/store-data/yeyh/scripts/AF2stab/results/af2/single-repr-full/logs/P00509__C181S__mutant.log
[GPU0] Running P00509__C180Y with single repr dump -> /data/store-data/yeyh/scripts/AF2stab/results/af2/single-repr-full/logs/P00509__C180Y__mutant.log
[GPU3] Running P00509__E253K with single repr dump -> /data/store-data/yeyh/scripts/AF2stab/results/af2/single-repr-full/logs/P00509__E253K__mutant.log
[GPU1] Running P00509__R254K with single repr dump -> /data/store-data/yeyh/scripts/AF2stab/results/af2/single-repr-full/logs/P00509__R254K__mutant.log
[GPU2] Running P00509__R254M with single repr dump -> /data/store-data/yeyh/scripts/AF2stab/results/af2/single-repr-full/logs/P00509__R254M__mutant.log
[GPU0] Running P00509__E253Q with single repr dump -> /data/store-data/yeyh/scripts/AF2stab/results/af2/single-repr-full/logs/P00509__E253Q__mutant.log
[GPU1] Running P00509__N282R with single repr dump -> /data/store-data/yeyh/scripts/AF2stab/results/af2/single-repr-full/logs/P00509__N282R__mutant.log
[GPU3] Running P00509__C258A with single repr dump -> /data/store-data/yeyh/scripts/AF2stab/results/af2/single-repr-full/logs/P00509__C258A__mutant.log
[GPU2] Running P00509__N285R with single repr dump -> /data/store-data/yeyh/scripts/AF2stab/results/af2/single-repr-full/logs/P00509__N285R__mutant.log
[GPU0] Running P00509__N282D with single repr dump -> /data/store-data/yeyh/scripts/AF2stab/results/af2/single-repr-full/logs/P00509__N282D__mutant.log
[GPU1] Running P00560 with single repr dump -> /data/store-data/yeyh/scripts/AF2stab/results/af2/single-repr-full/logs/P00560__Y49W__wt.log
[GPU3] Running P00509__C389A with single repr dump -> /data/store-data/yeyh/scripts/AF2stab/results/af2/single-repr-full/logs/P00509__C389A__mutant.log
[GPU2] Running P00560__Y49W with single repr dump -> /data/store-data/yeyh/scripts/AF2stab/results/af2/single-repr-full/logs/P00560__Y49W__mutant.log
[GPU0] Running P00509__C389S with single repr dump -> /data/store-data/yeyh/scripts/AF2stab/results/af2/single-repr-full/logs/P00509__C389S__mutant.log
[GPU1] Running P00560__W309F with single repr dump -> /data/store-data/yeyh/scripts/AF2stab/results/af2/single-repr-full/logs/P00560__W309F__mutant.log
[GPU2] Running P00560__W309Y with single repr dump -> /data/store-data/yeyh/scripts/AF2stab/results/af2/single-repr-full/logs/P00560__W309Y__mutant.log
[GPU3] Running P00560__Y123W with single repr dump -> /data/store-data/yeyh/scripts/AF2stab/results/af2/single-repr-full/logs/P00560__Y123W__mutant.log
[GPU0] Running P00560__F195W with single repr dump -> /data/store-data/yeyh/scripts/AF2stab/results/af2/single-repr-full/logs/P00560__F195W__mutant.log
[GPU2] Running P00560__L400W with single repr dump -> /data/store-data/yeyh/scripts/AF2stab/results/af2/single-repr-full/logs/P00560__L400W__mutant.log
[GPU1] Running P00560__H389Q with single repr dump -> /data/store-data/yeyh/scripts/AF2stab/results/af2/single-repr-full/logs/P00560__H389Q__mutant.log
[GPU3] Running P00560__W334F with single repr dump -> /data/store-data/yeyh/scripts/AF2stab/results/af2/single-repr-full/logs/P00560__W334F__mutant.log
[GPU0] Running P00560__W334Y with single repr dump -> /data/store-data/yeyh/scripts/AF2stab/results/af2/single-repr-full/logs/P00560__W334Y__mutant.log
[GPU1] Running P00563__D122N with single repr dump -> /data/store-data/yeyh/scripts/AF2stab/results/af2/single-repr-full/logs/P00563__D122N__mutant.log
[GPU2] Running P00592 with single repr dump -> /data/store-data/yeyh/scripts/AF2stab/results/af2/single-repr-full/logs/P00592__H70K__wt.log
[GPU3] Running P00563 with single repr dump -> /data/store-data/yeyh/scripts/AF2stab/results/af2/single-repr-full/logs/P00563__D122A__wt.log
[GPU0] Running P00563__D122A with single repr dump -> /data/store-data/yeyh/scripts/AF2stab/results/af2/single-repr-full/logs/P00563__D122A__mutant.log
[GPU2] Running P00593 with single repr dump -> /data/store-data/yeyh/scripts/AF2stab/results/af2/single-repr-full/logs/P00593__F44A__wt.log
[GPU1] Running P00592__H70Q with single repr dump -> /data/store-data/yeyh/scripts/AF2stab/results/af2/single-repr-full/logs/P00592__H70Q__mutant.log
[GPU3] Running P00592__H70K with single repr dump -> /data/store-data/yeyh/scripts/AF2stab/results/af2/single-repr-full/logs/P00592__H70K__mutant.log
[GPU0] Running P00592__H70N with single repr dump -> /data/store-data/yeyh/scripts/AF2stab/results/af2/single-repr-full/logs/P00592__H70N__mutant.log
[GPU2] Running P00593__H70A with single repr dump -> /data/store-data/yeyh/scripts/AF2stab/results/af2/single-repr-full/logs/P00593__H70A__mutant.log
[GPU1] Running P00593__F44Y with single repr dump -> /data/store-data/yeyh/scripts/AF2stab/results/af2/single-repr-full/logs/P00593__F44Y__mutant.log
[GPU3] Running P00593__F44A with single repr dump -> /data/store-data/yeyh/scripts/AF2stab/results/af2/single-repr-full/logs/P00593__F44A__mutant.log
[GPU0] Running P00593__F44I with single repr dump -> /data/store-data/yeyh/scripts/AF2stab/results/af2/single-repr-full/logs/P00593__F44I__mutant.log
[GPU2] Running P00593__F128I with single repr dump -> /data/store-data/yeyh/scripts/AF2stab/results/af2/single-repr-full/logs/P00593__F128I__mutant.log
[GPU1] Running P00593__F128A with single repr dump -> /data/store-data/yeyh/scripts/AF2stab/results/af2/single-repr-full/logs/P00593__F128A__mutant.log
[GPU3] Running P00593__H70N with single repr dump -> /data/store-data/yeyh/scripts/AF2stab/results/af2/single-repr-full/logs/P00593__H70N__mutant.log
[GPU0] Running P00593__H70Q with single repr dump -> /data/store-data/yeyh/scripts/AF2stab/results/af2/single-repr-full/logs/P00593__H70Q__mutant.log
[GPU2] Running P00644__T86G with single repr dump -> /data/store-data/yeyh/scripts/AF2stab/results/af2/single-repr-full/logs/P00644__T86G__mutant.log
[GPU1] Running P00644__T86A with single repr dump -> /data/store-data/yeyh/scripts/AF2stab/results/af2/single-repr-full/logs/P00644__T86A__mutant.log
[GPU3] Running P00593__F128Y with single repr dump -> /data/store-data/yeyh/scripts/AF2stab/results/af2/single-repr-full/logs/P00593__F128Y__mutant.log
[GPU0] Running P00644 with single repr dump -> /data/store-data/yeyh/scripts/AF2stab/results/af2/single-repr-full/logs/P00644__T86A__wt.log
[GPU2] Running P00644__K88G with single repr dump -> /data/store-data/yeyh/scripts/AF2stab/results/af2/single-repr-full/logs/P00644__K88G__mutant.log
[GPU1] Running P00644__K88A with single repr dump -> /data/store-data/yeyh/scripts/AF2stab/results/af2/single-repr-full/logs/P00644__K88A__mutant.log
[GPU3] Running P00644__K87A with single repr dump -> /data/store-data/yeyh/scripts/AF2stab/results/af2/single-repr-full/logs/P00644__K87A__mutant.log
[GPU0] Running P00644__K87G with single repr dump -> /data/store-data/yeyh/scripts/AF2stab/results/af2/single-repr-full/logs/P00644__K87G__mutant.log
[GPU2] Running P00644__L89I with single repr dump -> /data/store-data/yeyh/scripts/AF2stab/results/af2/single-repr-full/logs/P00644__L89I__mutant.log
[GPU1] Running P00644__L89G with single repr dump -> /data/store-data/yeyh/scripts/AF2stab/results/af2/single-repr-full/logs/P00644__L89G__mutant.log
[GPU3] Running P00644__L89A with single repr dump -> /data/store-data/yeyh/scripts/AF2stab/results/af2/single-repr-full/logs/P00644__L89A__mutant.log
[GPU0] Running P00644__L89F with single repr dump -> /data/store-data/yeyh/scripts/AF2stab/results/af2/single-repr-full/logs/P00644__L89F__mutant.log
[GPU2] Running P00644__K91A with single repr dump -> /data/store-data/yeyh/scripts/AF2stab/results/af2/single-repr-full/logs/P00644__K91A__mutant.log
[GPU1] Running P00644__H90G with single repr dump -> /data/store-data/yeyh/scripts/AF2stab/results/af2/single-repr-full/logs/P00644__H90G__mutant.log
[GPU3] Running P00644__L89V with single repr dump -> /data/store-data/yeyh/scripts/AF2stab/results/af2/single-repr-full/logs/P00644__L89V__mutant.log
[GPU0] Running P00644__H90A with single repr dump -> /data/store-data/yeyh/scripts/AF2stab/results/af2/single-repr-full/logs/P00644__H90A__mutant.log
[GPU2] Running P00644__E92G with single repr dump -> /data/store-data/yeyh/scripts/AF2stab/results/af2/single-repr-full/logs/P00644__E92G__mutant.log
[GPU1] Running P00644__E92A with single repr dump -> /data/store-data/yeyh/scripts/AF2stab/results/af2/single-repr-full/logs/P00644__E92A__mutant.log
[GPU3] Running P00644__K91F with single repr dump -> /data/store-data/yeyh/scripts/AF2stab/results/af2/single-repr-full/logs/P00644__K91F__mutant.log
[GPU0] Running P00644__K91G with single repr dump -> /data/store-data/yeyh/scripts/AF2stab/results/af2/single-repr-full/logs/P00644__K91G__mutant.log
[GPU2] Running P00644__P93F with single repr dump -> /data/store-data/yeyh/scripts/AF2stab/results/af2/single-repr-full/logs/P00644__P93F__mutant.log
[GPU1] Running P00644__P93A with single repr dump -> /data/store-data/yeyh/scripts/AF2stab/results/af2/single-repr-full/logs/P00644__P93A__mutant.log
[GPU3] Running P00644__E92K with single repr dump -> /data/store-data/yeyh/scripts/AF2stab/results/af2/single-repr-full/logs/P00644__E92K__mutant.log
[GPU0] Running P00644__E92Q with single repr dump -> /data/store-data/yeyh/scripts/AF2stab/results/af2/single-repr-full/logs/P00644__E92Q__mutant.log
[GPU2] Running P00644__T95A with single repr dump -> /data/store-data/yeyh/scripts/AF2stab/results/af2/single-repr-full/logs/P00644__T95A__mutant.log
[GPU1] Running P00644__A94V with single repr dump -> /data/store-data/yeyh/scripts/AF2stab/results/af2/single-repr-full/logs/P00644__A94V__mutant.log
[GPU3] Running P00644__P93G with single repr dump -> /data/store-data/yeyh/scripts/AF2stab/results/af2/single-repr-full/logs/P00644__P93G__mutant.log
[GPU0] Running P00644__A94G with single repr dump -> /data/store-data/yeyh/scripts/AF2stab/results/af2/single-repr-full/logs/P00644__A94G__mutant.log
[GPU2] Running P00644__T95S with single repr dump -> /data/store-data/yeyh/scripts/AF2stab/results/af2/single-repr-full/logs/P00644__T95S__mutant.log
[GPU1] Running P00644__T95I with single repr dump -> /data/store-data/yeyh/scripts/AF2stab/results/af2/single-repr-full/logs/P00644__T95I__mutant.log
[GPU3] Running P00644__T95C with single repr dump -> /data/store-data/yeyh/scripts/AF2stab/results/af2/single-repr-full/logs/P00644__T95C__mutant.log
[GPU0] Running P00644__T95G with single repr dump -> /data/store-data/yeyh/scripts/AF2stab/results/af2/single-repr-full/logs/P00644__T95G__mutant.log
[GPU2] Running P00644__L96I with single repr dump -> /data/store-data/yeyh/scripts/AF2stab/results/af2/single-repr-full/logs/P00644__L96I__mutant.log
[GPU1] Running P00644__L96G with single repr dump -> /data/store-data/yeyh/scripts/AF2stab/results/af2/single-repr-full/logs/P00644__L96G__mutant.log
[GPU3] Running P00644__T95V with single repr dump -> /data/store-data/yeyh/scripts/AF2stab/results/af2/single-repr-full/logs/P00644__T95V__mutant.log
[GPU2] Running P00644__I97L with single repr dump -> /data/store-data/yeyh/scripts/AF2stab/results/af2/single-repr-full/logs/P00644__I97L__mutant.log
[GPU0] Running P00644__L96A with single repr dump -> /data/store-data/yeyh/scripts/AF2stab/results/af2/single-repr-full/logs/P00644__L96A__mutant.log
[GPU1] Running P00644__I97G with single repr dump -> /data/store-data/yeyh/scripts/AF2stab/results/af2/single-repr-full/logs/P00644__I97G__mutant.log
[GPU3] Running P00644__L96V with single repr dump -> /data/store-data/yeyh/scripts/AF2stab/results/af2/single-repr-full/logs/P00644__L96V__mutant.log
[GPU2] Running P00644__K98F with single repr dump -> /data/store-data/yeyh/scripts/AF2stab/results/af2/single-repr-full/logs/P00644__K98F__mutant.log
[GPU1] Running P00644__K98A with single repr dump -> /data/store-data/yeyh/scripts/AF2stab/results/af2/single-repr-full/logs/P00644__K98A__mutant.log
[GPU0] Running P00644__I97A with single repr dump -> /data/store-data/yeyh/scripts/AF2stab/results/af2/single-repr-full/logs/P00644__I97A__mutant.log
[GPU3] Running P00644__I97M with single repr dump -> /data/store-data/yeyh/scripts/AF2stab/results/af2/single-repr-full/logs/P00644__I97M__mutant.log
[GPU1] Running P00644__A99V with single repr dump -> /data/store-data/yeyh/scripts/AF2stab/results/af2/single-repr-full/logs/P00644__A99V__mutant.log
[GPU2] Running P00644__I100A with single repr dump -> /data/store-data/yeyh/scripts/AF2stab/results/af2/single-repr-full/logs/P00644__I100A__mutant.log
[GPU0] Running P00644__I97V with single repr dump -> /data/store-data/yeyh/scripts/AF2stab/results/af2/single-repr-full/logs/P00644__I97V__mutant.log
[GPU3] Running P00644__K98G with single repr dump -> /data/store-data/yeyh/scripts/AF2stab/results/af2/single-repr-full/logs/P00644__K98G__mutant.log
[GPU1] Running P00644__I100M with single repr dump -> /data/store-data/yeyh/scripts/AF2stab/results/af2/single-repr-full/logs/P00644__I100M__mutant.log
[GPU0] Running P00644__A99G with single repr dump -> /data/store-data/yeyh/scripts/AF2stab/results/af2/single-repr-full/logs/P00644__A99G__mutant.log
[GPU2] Running P00644__I100V with single repr dump -> /data/store-data/yeyh/scripts/AF2stab/results/af2/single-repr-full/logs/P00644__I100V__mutant.log
[GPU3] Running P00644__I100G with single repr dump -> /data/store-data/yeyh/scripts/AF2stab/results/af2/single-repr-full/logs/P00644__I100G__mutant.log
[GPU0] Running P00644__I100L with single repr dump -> /data/store-data/yeyh/scripts/AF2stab/results/af2/single-repr-full/logs/P00644__I100L__mutant.log
[GPU2] Running P00644__D101K with single repr dump -> /data/store-data/yeyh/scripts/AF2stab/results/af2/single-repr-full/logs/P00644__D101K__mutant.log
[GPU1] Running P00644__D101G with single repr dump -> /data/store-data/yeyh/scripts/AF2stab/results/af2/single-repr-full/logs/P00644__D101G__mutant.log
[GPU3] Running P00644__D101A with single repr dump -> /data/store-data/yeyh/scripts/AF2stab/results/af2/single-repr-full/logs/P00644__D101A__mutant.log
[GPU2] Running P00644__G102V with single repr dump -> /data/store-data/yeyh/scripts/AF2stab/results/af2/single-repr-full/logs/P00644__G102V__mutant.log
[GPU3] Running P00644__D101N with single repr dump -> /data/store-data/yeyh/scripts/AF2stab/results/af2/single-repr-full/logs/P00644__D101N__mutant.log
[GPU0] Running P00644__D101F with single repr dump -> /data/store-data/yeyh/scripts/AF2stab/results/af2/single-repr-full/logs/P00644__D101F__mutant.log
[GPU1] Running P00644__G102E with single repr dump -> /data/store-data/yeyh/scripts/AF2stab/results/af2/single-repr-full/logs/P00644__G102E__mutant.log
[GPU2] Running P00644__D103N with single repr dump -> /data/store-data/yeyh/scripts/AF2stab/results/af2/single-repr-full/logs/P00644__D103N__mutant.log
[GPU0] Running P00644__G102A with single repr dump -> /data/store-data/yeyh/scripts/AF2stab/results/af2/single-repr-full/logs/P00644__G102A__mutant.log
[GPU3] Running P00644__D103A with single repr dump -> /data/store-data/yeyh/scripts/AF2stab/results/af2/single-repr-full/logs/P00644__D103A__mutant.log
[GPU1] Running P00644__D103K with single repr dump -> /data/store-data/yeyh/scripts/AF2stab/results/af2/single-repr-full/logs/P00644__D103K__mutant.log
[GPU2] Running P00644__T104I with single repr dump -> /data/store-data/yeyh/scripts/AF2stab/results/af2/single-repr-full/logs/P00644__T104I__mutant.log
[GPU0] Running P00644__D103G with single repr dump -> /data/store-data/yeyh/scripts/AF2stab/results/af2/single-repr-full/logs/P00644__D103G__mutant.log
[GPU3] Running P00644__T104A with single repr dump -> /data/store-data/yeyh/scripts/AF2stab/results/af2/single-repr-full/logs/P00644__T104A__mutant.log
[GPU1] Running P00644__T104G with single repr dump -> /data/store-data/yeyh/scripts/AF2stab/results/af2/single-repr-full/logs/P00644__T104G__mutant.log
[GPU2] Running P00644__V105E with single repr dump -> /data/store-data/yeyh/scripts/AF2stab/results/af2/single-repr-full/logs/P00644__V105E__mutant.log
[GPU0] Running P00644__T104C with single repr dump -> /data/store-data/yeyh/scripts/AF2stab/results/af2/single-repr-full/logs/P00644__T104C__mutant.log
[GPU1] Running P00644__V105A with single repr dump -> /data/store-data/yeyh/scripts/AF2stab/results/af2/single-repr-full/logs/P00644__V105A__mutant.log
[GPU3] Running P00644__T104S with single repr dump -> /data/store-data/yeyh/scripts/AF2stab/results/af2/single-repr-full/logs/P00644__T104S__mutant.log
[GPU2] Running P00644__V105L with single repr dump -> /data/store-data/yeyh/scripts/AF2stab/results/af2/single-repr-full/logs/P00644__V105L__mutant.log
[GPU0] Running P00644__T104V with single repr dump -> /data/store-data/yeyh/scripts/AF2stab/results/af2/single-repr-full/logs/P00644__T104V__mutant.log
[GPU1] Running P00644__V105I with single repr dump -> /data/store-data/yeyh/scripts/AF2stab/results/af2/single-repr-full/logs/P00644__V105I__mutant.log
[GPU3] Running P00644__V105F with single repr dump -> /data/store-data/yeyh/scripts/AF2stab/results/af2/single-repr-full/logs/P00644__V105F__mutant.log
[GPU0] Running P00644__V105G with single repr dump -> /data/store-data/yeyh/scripts/AF2stab/results/af2/single-repr-full/logs/P00644__V105G__mutant.log
[GPU2] Running P00644__K106F with single repr dump -> /data/store-data/yeyh/scripts/AF2stab/results/af2/single-repr-full/logs/P00644__K106F__mutant.log
[GPU1] Running P00644__K106A with single repr dump -> /data/store-data/yeyh/scripts/AF2stab/results/af2/single-repr-full/logs/P00644__K106A__mutant.log
[GPU3] Running P00644__V105S with single repr dump -> /data/store-data/yeyh/scripts/AF2stab/results/af2/single-repr-full/logs/P00644__V105S__mutant.log
[GPU0] Running P00644__V105T with single repr dump -> /data/store-data/yeyh/scripts/AF2stab/results/af2/single-repr-full/logs/P00644__V105T__mutant.log
[GPU2] Running P00644__L107G with single repr dump -> /data/store-data/yeyh/scripts/AF2stab/results/af2/single-repr-full/logs/P00644__L107G__mutant.log
[GPU1] Running P00644__L107E with single repr dump -> /data/store-data/yeyh/scripts/AF2stab/results/af2/single-repr-full/logs/P00644__L107E__mutant.log
[GPU3] Running P00644__K106G with single repr dump -> /data/store-data/yeyh/scripts/AF2stab/results/af2/single-repr-full/logs/P00644__K106G__mutant.log
[GPU2] Running P00644__M108G with single repr dump -> /data/store-data/yeyh/scripts/AF2stab/results/af2/single-repr-full/logs/P00644__M108G__mutant.log
[GPU0] Running P00644__L107A with single repr dump -> /data/store-data/yeyh/scripts/AF2stab/results/af2/single-repr-full/logs/P00644__L107A__mutant.log
[GPU1] Running P00644__M108A with single repr dump -> /data/store-data/yeyh/scripts/AF2stab/results/af2/single-repr-full/logs/P00644__M108A__mutant.log
[GPU3] Running P00644__L107I with single repr dump -> /data/store-data/yeyh/scripts/AF2stab/results/af2/single-repr-full/logs/P00644__L107I__mutant.log
[GPU2] Running P00644__Y109C with single repr dump -> /data/store-data/yeyh/scripts/AF2stab/results/af2/single-repr-full/logs/P00644__Y109C__mutant.log
[GPU0] Running P00644__L107V with single repr dump -> /data/store-data/yeyh/scripts/AF2stab/results/af2/single-repr-full/logs/P00644__L107V__mutant.log
[GPU1] Running P00644__Y109A with single repr dump -> /data/store-data/yeyh/scripts/AF2stab/results/af2/single-repr-full/logs/P00644__Y109A__mutant.log
[GPU3] Running P00644__M108I with single repr dump -> /data/store-data/yeyh/scripts/AF2stab/results/af2/single-repr-full/logs/P00644__M108I__mutant.log
[GPU0] Running P00644__M108L with single repr dump -> /data/store-data/yeyh/scripts/AF2stab/results/af2/single-repr-full/logs/P00644__M108L__mutant.log
[GPU2] Running P00644__Y109G with single repr dump -> /data/store-data/yeyh/scripts/AF2stab/results/af2/single-repr-full/logs/P00644__Y109G__mutant.log
[GPU1] Running P00644__Y109F with single repr dump -> /data/store-data/yeyh/scripts/AF2stab/results/af2/single-repr-full/logs/P00644__Y109F__mutant.log
[GPU3] Running P00644__Y109D with single repr dump -> /data/store-data/yeyh/scripts/AF2stab/results/af2/single-repr-full/logs/P00644__Y109D__mutant.log
[GPU0] Running P00644__Y109E with single repr dump -> /data/store-data/yeyh/scripts/AF2stab/results/af2/single-repr-full/logs/P00644__Y109E__mutant.log
[GPU2] Running P00644__Y109L with single repr dump -> /data/store-data/yeyh/scripts/AF2stab/results/af2/single-repr-full/logs/P00644__Y109L__mutant.log
[GPU1] Running P00644__Y109K with single repr dump -> /data/store-data/yeyh/scripts/AF2stab/results/af2/single-repr-full/logs/P00644__Y109K__mutant.log
[GPU3] Running P00644__Y109H with single repr dump -> /data/store-data/yeyh/scripts/AF2stab/results/af2/single-repr-full/logs/P00644__Y109H__mutant.log
[GPU0] Running P00644__Y109I with single repr dump -> /data/store-data/yeyh/scripts/AF2stab/results/af2/single-repr-full/logs/P00644__Y109I__mutant.log
[GPU2] Running P00644__Y109Q with single repr dump -> /data/store-data/yeyh/scripts/AF2stab/results/af2/single-repr-full/logs/P00644__Y109Q__mutant.log
[GPU1] Running P00644__Y109P with single repr dump -> /data/store-data/yeyh/scripts/AF2stab/results/af2/single-repr-full/logs/P00644__Y109P__mutant.log
[GPU3] Running P00644__Y109M with single repr dump -> /data/store-data/yeyh/scripts/AF2stab/results/af2/single-repr-full/logs/P00644__Y109M__mutant.log
[GPU1] Running P00644__Y109T with single repr dump -> /data/store-data/yeyh/scripts/AF2stab/results/af2/single-repr-full/logs/P00644__Y109T__mutant.log
[GPU0] Running P00644__Y109N with single repr dump -> /data/store-data/yeyh/scripts/AF2stab/results/af2/single-repr-full/logs/P00644__Y109N__mutant.log
[GPU2] Running P00644__Y109V with single repr dump -> /data/store-data/yeyh/scripts/AF2stab/results/af2/single-repr-full/logs/P00644__Y109V__mutant.log
[GPU3] Running P00644__Y109R with single repr dump -> /data/store-data/yeyh/scripts/AF2stab/results/af2/single-repr-full/logs/P00644__Y109R__mutant.log
[GPU0] Running P00644__Y109S with single repr dump -> /data/store-data/yeyh/scripts/AF2stab/results/af2/single-repr-full/logs/P00644__Y109S__mutant.log
[GPU2] Running P00644__K110F with single repr dump -> /data/store-data/yeyh/scripts/AF2stab/results/af2/single-repr-full/logs/P00644__K110F__mutant.log
[GPU1] Running P00644__K110E with single repr dump -> /data/store-data/yeyh/scripts/AF2stab/results/af2/single-repr-full/logs/P00644__K110E__mutant.log
[GPU3] Running P00644__Y109W with single repr dump -> /data/store-data/yeyh/scripts/AF2stab/results/af2/single-repr-full/logs/P00644__Y109W__mutant.log
[GPU3] Running P00644__K110G with single repr dump -> /data/store-data/yeyh/scripts/AF2stab/results/af2/single-repr-full/logs/P00644__K110G__mutant.log
[GPU0] Running P00644__K110A with single repr dump -> /data/store-data/yeyh/scripts/AF2stab/results/af2/single-repr-full/logs/P00644__K110A__mutant.log
[GPU2] Running P00644__G111C with single repr dump -> /data/store-data/yeyh/scripts/AF2stab/results/af2/single-repr-full/logs/P00644__G111C__mutant.log
[GPU1] Running P00644__G111A with single repr dump -> /data/store-data/yeyh/scripts/AF2stab/results/af2/single-repr-full/logs/P00644__G111A__mutant.log
[GPU2] Running P00644__Q112G with single repr dump -> /data/store-data/yeyh/scripts/AF2stab/results/af2/single-repr-full/logs/P00644__Q112G__mutant.log
[GPU0] Running P00644__K110Q with single repr dump -> /data/store-data/yeyh/scripts/AF2stab/results/af2/single-repr-full/logs/P00644__K110Q__mutant.log
[GPU1] Running P00644__Q112A with single repr dump -> /data/store-data/yeyh/scripts/AF2stab/results/af2/single-repr-full/logs/P00644__Q112A__mutant.log
[GPU3] Running P00644__G111F with single repr dump -> /data/store-data/yeyh/scripts/AF2stab/results/af2/single-repr-full/logs/P00644__G111F__mutant.log
[GPU3] Running P00644__P113A with single repr dump -> /data/store-data/yeyh/scripts/AF2stab/results/af2/single-repr-full/logs/P00644__P113A__mutant.log
[GPU0] Running P00644__G111V with single repr dump -> /data/store-data/yeyh/scripts/AF2stab/results/af2/single-repr-full/logs/P00644__G111V__mutant.log
[GPU1] Running P00644__M114A with single repr dump -> /data/store-data/yeyh/scripts/AF2stab/results/af2/single-repr-full/logs/P00644__M114A__mutant.log
[GPU2] Running P00644__M114G with single repr dump -> /data/store-data/yeyh/scripts/AF2stab/results/af2/single-repr-full/logs/P00644__M114G__mutant.log
[GPU2] Running P00644__T115C with single repr dump -> /data/store-data/yeyh/scripts/AF2stab/results/af2/single-repr-full/logs/P00644__T115C__mutant.log
[GPU3] Running P00644__M114I with single repr dump -> /data/store-data/yeyh/scripts/AF2stab/results/af2/single-repr-full/logs/P00644__M114I__mutant.log
[GPU1] Running P00644__T115A with single repr dump -> /data/store-data/yeyh/scripts/AF2stab/results/af2/single-repr-full/logs/P00644__T115A__mutant.log
[GPU0] Running P00644__P113G with single repr dump -> /data/store-data/yeyh/scripts/AF2stab/results/af2/single-repr-full/logs/P00644__P113G__mutant.log
[GPU1] Running P00644__T115S with single repr dump -> /data/store-data/yeyh/scripts/AF2stab/results/af2/single-repr-full/logs/P00644__T115S__mutant.log
[GPU2] Running P00644__T115V with single repr dump -> /data/store-data/yeyh/scripts/AF2stab/results/af2/single-repr-full/logs/P00644__T115V__mutant.log
[GPU3] Running P00644__T115G with single repr dump -> /data/store-data/yeyh/scripts/AF2stab/results/af2/single-repr-full/logs/P00644__T115G__mutant.log
[GPU0] Running P00644__M114L with single repr dump -> /data/store-data/yeyh/scripts/AF2stab/results/af2/single-repr-full/logs/P00644__M114L__mutant.log
[GPU0] Running P00644__T115I with single repr dump -> /data/store-data/yeyh/scripts/AF2stab/results/af2/single-repr-full/logs/P00644__T115I__mutant.log
[GPU2] Running P00644__F116G with single repr dump -> /data/store-data/yeyh/scripts/AF2stab/results/af2/single-repr-full/logs/P00644__F116G__mutant.log
[GPU3] Running P00644__F116A with single repr dump -> /data/store-data/yeyh/scripts/AF2stab/results/af2/single-repr-full/logs/P00644__F116A__mutant.log
[GPU1] Running P00644__F116E with single repr dump -> /data/store-data/yeyh/scripts/AF2stab/results/af2/single-repr-full/logs/P00644__F116E__mutant.log
[GPU0] Running P00644__F116C with single repr dump -> /data/store-data/yeyh/scripts/AF2stab/results/af2/single-repr-full/logs/P00644__F116C__mutant.log
[GPU2] Running P00644__L118C with single repr dump -> /data/store-data/yeyh/scripts/AF2stab/results/af2/single-repr-full/logs/P00644__L118C__mutant.log
[GPU1] Running P00644__L118A with single repr dump -> /data/store-data/yeyh/scripts/AF2stab/results/af2/single-repr-full/logs/P00644__L118A__mutant.log
[GPU3] Running P00644__R117A with single repr dump -> /data/store-data/yeyh/scripts/AF2stab/results/af2/single-repr-full/logs/P00644__R117A__mutant.log
[GPU3] Running P00644__L118E with single repr dump -> /data/store-data/yeyh/scripts/AF2stab/results/af2/single-repr-full/logs/P00644__L118E__mutant.log
[GPU2] Running P00644__L118V with single repr dump -> /data/store-data/yeyh/scripts/AF2stab/results/af2/single-repr-full/logs/P00644__L118V__mutant.log
[GPU1] Running P00644__L118I with single repr dump -> /data/store-data/yeyh/scripts/AF2stab/results/af2/single-repr-full/logs/P00644__L118I__mutant.log
[GPU0] Running P00644__R117G with single repr dump -> /data/store-data/yeyh/scripts/AF2stab/results/af2/single-repr-full/logs/P00644__R117G__mutant.log
[GPU1] Running P00644__L119G with single repr dump -> /data/store-data/yeyh/scripts/AF2stab/results/af2/single-repr-full/logs/P00644__L119G__mutant.log
[GPU2] Running P00644__L119I with single repr dump -> /data/store-data/yeyh/scripts/AF2stab/results/af2/single-repr-full/logs/P00644__L119I__mutant.log
[GPU0] Running P00644__L118G with single repr dump -> /data/store-data/yeyh/scripts/AF2stab/results/af2/single-repr-full/logs/P00644__L118G__mutant.log
[GPU3] Running P00644__L119A with single repr dump -> /data/store-data/yeyh/scripts/AF2stab/results/af2/single-repr-full/logs/P00644__L119A__mutant.log
[GPU1] Running P00644__L120E with single repr dump -> /data/store-data/yeyh/scripts/AF2stab/results/af2/single-repr-full/logs/P00644__L120E__mutant.log
[GPU3] Running P00644__L119V with single repr dump -> /data/store-data/yeyh/scripts/AF2stab/results/af2/single-repr-full/logs/P00644__L119V__mutant.log
[GPU0] Running P00644__L119E with single repr dump -> /data/store-data/yeyh/scripts/AF2stab/results/af2/single-repr-full/logs/P00644__L119E__mutant.log
[GPU2] Running P00644__L120G with single repr dump -> /data/store-data/yeyh/scripts/AF2stab/results/af2/single-repr-full/logs/P00644__L120G__mutant.log
[GPU2] Running P00644__V121E with single repr dump -> /data/store-data/yeyh/scripts/AF2stab/results/af2/single-repr-full/logs/P00644__V121E__mutant.log
[GPU0] Running P00644__L120A with single repr dump -> /data/store-data/yeyh/scripts/AF2stab/results/af2/single-repr-full/logs/P00644__L120A__mutant.log
[GPU1] Running P00644__V121A with single repr dump -> /data/store-data/yeyh/scripts/AF2stab/results/af2/single-repr-full/logs/P00644__V121A__mutant.log
[GPU3] Running P00644__L120I with single repr dump -> /data/store-data/yeyh/scripts/AF2stab/results/af2/single-repr-full/logs/P00644__L120I__mutant.log
[GPU0] Running P00644__L120V with single repr dump -> /data/store-data/yeyh/scripts/AF2stab/results/af2/single-repr-full/logs/P00644__L120V__mutant.log
[GPU1] Running P00644__V121L with single repr dump -> /data/store-data/yeyh/scripts/AF2stab/results/af2/single-repr-full/logs/P00644__V121L__mutant.log
[GPU3] Running P00644__V121G with single repr dump -> /data/store-data/yeyh/scripts/AF2stab/results/af2/single-repr-full/logs/P00644__V121G__mutant.log
[GPU2] Running P00644__V121S with single repr dump -> /data/store-data/yeyh/scripts/AF2stab/results/af2/single-repr-full/logs/P00644__V121S__mutant.log
[GPU2] Running P00644__T123A with single repr dump -> /data/store-data/yeyh/scripts/AF2stab/results/af2/single-repr-full/logs/P00644__T123A__mutant.log
[GPU3] Running P00644__V121T with single repr dump -> /data/store-data/yeyh/scripts/AF2stab/results/af2/single-repr-full/logs/P00644__V121T__mutant.log
[GPU0] Running P00644__V121I with single repr dump -> /data/store-data/yeyh/scripts/AF2stab/results/af2/single-repr-full/logs/P00644__V121I__mutant.log
[GPU1] Running P00644__D122G with single repr dump -> /data/store-data/yeyh/scripts/AF2stab/results/af2/single-repr-full/logs/P00644__D122G__mutant.log
[GPU2] Running P00644__T123I with single repr dump -> /data/store-data/yeyh/scripts/AF2stab/results/af2/single-repr-full/logs/P00644__T123I__mutant.log
[GPU1] Running P00644__T123G with single repr dump -> /data/store-data/yeyh/scripts/AF2stab/results/af2/single-repr-full/logs/P00644__T123G__mutant.log
[GPU3] Running P00644__T123C with single repr dump -> /data/store-data/yeyh/scripts/AF2stab/results/af2/single-repr-full/logs/P00644__T123C__mutant.log
[GPU0] Running P00644__D122A with single repr dump -> /data/store-data/yeyh/scripts/AF2stab/results/af2/single-repr-full/logs/P00644__D122A__mutant.log
[GPU1] Running P00644__P124A with single repr dump -> /data/store-data/yeyh/scripts/AF2stab/results/af2/single-repr-full/logs/P00644__P124A__mutant.log
[GPU3] Running P00644__T123S with single repr dump -> /data/store-data/yeyh/scripts/AF2stab/results/af2/single-repr-full/logs/P00644__T123S__mutant.log
[GPU0] Running P00644__T123E with single repr dump -> /data/store-data/yeyh/scripts/AF2stab/results/af2/single-repr-full/logs/P00644__T123E__mutant.log
[GPU2] Running P00644__P124G with single repr dump -> /data/store-data/yeyh/scripts/AF2stab/results/af2/single-repr-full/logs/P00644__P124G__mutant.log
[GPU2] Running P00644__T126A with single repr dump -> /data/store-data/yeyh/scripts/AF2stab/results/af2/single-repr-full/logs/P00644__T126A__mutant.log
[GPU1] Running P00644__E125G with single repr dump -> /data/store-data/yeyh/scripts/AF2stab/results/af2/single-repr-full/logs/P00644__E125G__mutant.log
[GPU0] Running P00644__T123V with single repr dump -> /data/store-data/yeyh/scripts/AF2stab/results/af2/single-repr-full/logs/P00644__T123V__mutant.log
[GPU3] Running P00644__E125A with single repr dump -> /data/store-data/yeyh/scripts/AF2stab/results/af2/single-repr-full/logs/P00644__E125A__mutant.log
[GPU3] Running P00644__T126C with single repr dump -> /data/store-data/yeyh/scripts/AF2stab/results/af2/single-repr-full/logs/P00644__T126C__mutant.log
[GPU0] Running P00644__E125D with single repr dump -> /data/store-data/yeyh/scripts/AF2stab/results/af2/single-repr-full/logs/P00644__E125D__mutant.log
[GPU1] Running P00644__T126I with single repr dump -> /data/store-data/yeyh/scripts/AF2stab/results/af2/single-repr-full/logs/P00644__T126I__mutant.log
[GPU2] Running P00644__T126S with single repr dump -> /data/store-data/yeyh/scripts/AF2stab/results/af2/single-repr-full/logs/P00644__T126S__mutant.log
[GPU1] Running P00644__K127E with single repr dump -> /data/store-data/yeyh/scripts/AF2stab/results/af2/single-repr-full/logs/P00644__K127E__mutant.log
[GPU2] Running P00644__K127F with single repr dump -> /data/store-data/yeyh/scripts/AF2stab/results/af2/single-repr-full/logs/P00644__K127F__mutant.log
[GPU3] Running P00644__T126V with single repr dump -> /data/store-data/yeyh/scripts/AF2stab/results/af2/single-repr-full/logs/P00644__T126V__mutant.log
[GPU0] Running P00644__T126G with single repr dump -> /data/store-data/yeyh/scripts/AF2stab/results/af2/single-repr-full/logs/P00644__T126G__mutant.log
[GPU0] Running P00644__K127A with single repr dump -> /data/store-data/yeyh/scripts/AF2stab/results/af2/single-repr-full/logs/P00644__K127A__mutant.log
[GPU2] Running P00644__H128G with single repr dump -> /data/store-data/yeyh/scripts/AF2stab/results/af2/single-repr-full/logs/P00644__H128G__mutant.log
[GPU1] Running P00644__H128A with single repr dump -> /data/store-data/yeyh/scripts/AF2stab/results/af2/single-repr-full/logs/P00644__H128A__mutant.log
[GPU3] Running P00644__K127G with single repr dump -> /data/store-data/yeyh/scripts/AF2stab/results/af2/single-repr-full/logs/P00644__K127G__mutant.log
[GPU0] Running P00644__K127Q with single repr dump -> /data/store-data/yeyh/scripts/AF2stab/results/af2/single-repr-full/logs/P00644__K127Q__mutant.log
[GPU3] Running P00644__H128Y with single repr dump -> /data/store-data/yeyh/scripts/AF2stab/results/af2/single-repr-full/logs/P00644__H128Y__mutant.log
[GPU1] Running P00644__P129F with single repr dump -> /data/store-data/yeyh/scripts/AF2stab/results/af2/single-repr-full/logs/P00644__P129F__mutant.log
[GPU2] Running P00644__P129G with single repr dump -> /data/store-data/yeyh/scripts/AF2stab/results/af2/single-repr-full/logs/P00644__P129G__mutant.log
[GPU2] Running P00644__K130G with single repr dump -> /data/store-data/yeyh/scripts/AF2stab/results/af2/single-repr-full/logs/P00644__K130G__mutant.log
[GPU1] Running P00644__K130F with single repr dump -> /data/store-data/yeyh/scripts/AF2stab/results/af2/single-repr-full/logs/P00644__K130F__mutant.log
[GPU3] Running P00644__K130A with single repr dump -> /data/store-data/yeyh/scripts/AF2stab/results/af2/single-repr-full/logs/P00644__K130A__mutant.log
[GPU0] Running P00644__P129A with single repr dump -> /data/store-data/yeyh/scripts/AF2stab/results/af2/single-repr-full/logs/P00644__P129A__mutant.log
[GPU0] Running P00644__K130E with single repr dump -> /data/store-data/yeyh/scripts/AF2stab/results/af2/single-repr-full/logs/P00644__K130E__mutant.log
[GPU3] Running P00644__K130Q with single repr dump -> /data/store-data/yeyh/scripts/AF2stab/results/af2/single-repr-full/logs/P00644__K130Q__mutant.log
[GPU1] Running P00644__K131F with single repr dump -> /data/store-data/yeyh/scripts/AF2stab/results/af2/single-repr-full/logs/P00644__K131F__mutant.log
[GPU2] Running P00644__K131G with single repr dump -> /data/store-data/yeyh/scripts/AF2stab/results/af2/single-repr-full/logs/P00644__K131G__mutant.log
[GPU0] Running P00644__K131A with single repr dump -> /data/store-data/yeyh/scripts/AF2stab/results/af2/single-repr-full/logs/P00644__K131A__mutant.log
[GPU2] Running P00644__G132V with single repr dump -> /data/store-data/yeyh/scripts/AF2stab/results/af2/single-repr-full/logs/P00644__G132V__mutant.log
[GPU1] Running P00644__G132F with single repr dump -> /data/store-data/yeyh/scripts/AF2stab/results/af2/single-repr-full/logs/P00644__G132F__mutant.log
[GPU3] Running P00644__G132A with single repr dump -> /data/store-data/yeyh/scripts/AF2stab/results/af2/single-repr-full/logs/P00644__G132A__mutant.log
[GPU3] Running P00644__V133A with single repr dump -> /data/store-data/yeyh/scripts/AF2stab/results/af2/single-repr-full/logs/P00644__V133A__mutant.log
[GPU1] Running P00644__V133I with single repr dump -> /data/store-data/yeyh/scripts/AF2stab/results/af2/single-repr-full/logs/P00644__V133I__mutant.log
[GPU0] Running P00644__G132C with single repr dump -> /data/store-data/yeyh/scripts/AF2stab/results/af2/single-repr-full/logs/P00644__G132C__mutant.log
[GPU2] Running P00644__V133L with single repr dump -> /data/store-data/yeyh/scripts/AF2stab/results/af2/single-repr-full/logs/P00644__V133L__mutant.log
[GPU1] Running P00644__E134A with single repr dump -> /data/store-data/yeyh/scripts/AF2stab/results/af2/single-repr-full/logs/P00644__E134A__mutant.log
[GPU0] Running P00644__V133G with single repr dump -> /data/store-data/yeyh/scripts/AF2stab/results/af2/single-repr-full/logs/P00644__V133G__mutant.log
[GPU2] Running P00644__E134F with single repr dump -> /data/store-data/yeyh/scripts/AF2stab/results/af2/single-repr-full/logs/P00644__E134F__mutant.log
[GPU3] Running P00644__V133S with single repr dump -> /data/store-data/yeyh/scripts/AF2stab/results/af2/single-repr-full/logs/P00644__V133S__mutant.log
[GPU2] Running P00644__Y136A with single repr dump -> /data/store-data/yeyh/scripts/AF2stab/results/af2/single-repr-full/logs/P00644__Y136A__mutant.log
[GPU0] Running P00644__V133T with single repr dump -> /data/store-data/yeyh/scripts/AF2stab/results/af2/single-repr-full/logs/P00644__V133T__mutant.log
[GPU1] Running P00644__K135G with single repr dump -> /data/store-data/yeyh/scripts/AF2stab/results/af2/single-repr-full/logs/P00644__K135G__mutant.log
[GPU3] Running P00644__E134G with single repr dump -> /data/store-data/yeyh/scripts/AF2stab/results/af2/single-repr-full/logs/P00644__E134G__mutant.log
[GPU2] Running P00644__G137A with single repr dump -> /data/store-data/yeyh/scripts/AF2stab/results/af2/single-repr-full/logs/P00644__G137A__mutant.log
[GPU1] Running P00644__Y136L with single repr dump -> /data/store-data/yeyh/scripts/AF2stab/results/af2/single-repr-full/logs/P00644__Y136L__mutant.log
[GPU0] Running P00644__K135A with single repr dump -> /data/store-data/yeyh/scripts/AF2stab/results/af2/single-repr-full/logs/P00644__K135A__mutant.log
[GPU3] Running P00644__Y136F with single repr dump -> /data/store-data/yeyh/scripts/AF2stab/results/af2/single-repr-full/logs/P00644__Y136F__mutant.log
[GPU2] Running P00644__E139A with single repr dump -> /data/store-data/yeyh/scripts/AF2stab/results/af2/single-repr-full/logs/P00644__E139A__mutant.log
[GPU0] Running P00644__Y136G with single repr dump -> /data/store-data/yeyh/scripts/AF2stab/results/af2/single-repr-full/logs/P00644__Y136G__mutant.log
[GPU3] Running P00644__G137V with single repr dump -> /data/store-data/yeyh/scripts/AF2stab/results/af2/single-repr-full/logs/P00644__G137V__mutant.log
[GPU1] Running P00644__P138G with single repr dump -> /data/store-data/yeyh/scripts/AF2stab/results/af2/single-repr-full/logs/P00644__P138G__mutant.log
[GPU2] Running P00644__E139K with single repr dump -> /data/store-data/yeyh/scripts/AF2stab/results/af2/single-repr-full/logs/P00644__E139K__mutant.log
[GPU1] Running P00644__E139G with single repr dump -> /data/store-data/yeyh/scripts/AF2stab/results/af2/single-repr-full/logs/P00644__E139G__mutant.log
[GPU3] Running P00644__E139C with single repr dump -> /data/store-data/yeyh/scripts/AF2stab/results/af2/single-repr-full/logs/P00644__E139C__mutant.log
[GPU0] Running P00644__P138A with single repr dump -> /data/store-data/yeyh/scripts/AF2stab/results/af2/single-repr-full/logs/P00644__P138A__mutant.log
[GPU2] Running P00644__A140V with single repr dump -> /data/store-data/yeyh/scripts/AF2stab/results/af2/single-repr-full/logs/P00644__A140V__mutant.log
[GPU1] Running P00644__A140G with single repr dump -> /data/store-data/yeyh/scripts/AF2stab/results/af2/single-repr-full/logs/P00644__A140G__mutant.log
[GPU0] Running P00644__E139F with single repr dump -> /data/store-data/yeyh/scripts/AF2stab/results/af2/single-repr-full/logs/P00644__E139F__mutant.log
[GPU3] Running P00644__E139Q with single repr dump -> /data/store-data/yeyh/scripts/AF2stab/results/af2/single-repr-full/logs/P00644__E139Q__mutant.log
[GPU1] Running P00644__S141G with single repr dump -> /data/store-data/yeyh/scripts/AF2stab/results/af2/single-repr-full/logs/P00644__S141G__mutant.log
[GPU0] Running P00644__A140E with single repr dump -> /data/store-data/yeyh/scripts/AF2stab/results/af2/single-repr-full/logs/P00644__A140E__mutant.log
[GPU2] Running P00644__A142C with single repr dump -> /data/store-data/yeyh/scripts/AF2stab/results/af2/single-repr-full/logs/P00644__A142C__mutant.log
[GPU3] Running P00644__S141A with single repr dump -> /data/store-data/yeyh/scripts/AF2stab/results/af2/single-repr-full/logs/P00644__S141A__mutant.log
[GPU1] Running P00644__A142V with single repr dump -> /data/store-data/yeyh/scripts/AF2stab/results/af2/single-repr-full/logs/P00644__A142V__mutant.log
[GPU0] Running P00644__S141F with single repr dump -> /data/store-data/yeyh/scripts/AF2stab/results/af2/single-repr-full/logs/P00644__S141F__mutant.log
[GPU2] Running P00644__F143A with single repr dump -> /data/store-data/yeyh/scripts/AF2stab/results/af2/single-repr-full/logs/P00644__F143A__mutant.log
[GPU3] Running P00644__A142F with single repr dump -> /data/store-data/yeyh/scripts/AF2stab/results/af2/single-repr-full/logs/P00644__A142F__mutant.log
[GPU1] Running P00644__T144C with single repr dump -> /data/store-data/yeyh/scripts/AF2stab/results/af2/single-repr-full/logs/P00644__T144C__mutant.log
[GPU0] Running P00644__A142G with single repr dump -> /data/store-data/yeyh/scripts/AF2stab/results/af2/single-repr-full/logs/P00644__A142G__mutant.log
[GPU2] Running P00644__T144E with single repr dump -> /data/store-data/yeyh/scripts/AF2stab/results/af2/single-repr-full/logs/P00644__T144E__mutant.log
[GPU3] Running P00644__F143G with single repr dump -> /data/store-data/yeyh/scripts/AF2stab/results/af2/single-repr-full/logs/P00644__F143G__mutant.log
[GPU1] Running P00644__T144S with single repr dump -> /data/store-data/yeyh/scripts/AF2stab/results/af2/single-repr-full/logs/P00644__T144S__mutant.log
[GPU0] Running P00644__T144A with single repr dump -> /data/store-data/yeyh/scripts/AF2stab/results/af2/single-repr-full/logs/P00644__T144A__mutant.log
[GPU2] Running P00644__T144V with single repr dump -> /data/store-data/yeyh/scripts/AF2stab/results/af2/single-repr-full/logs/P00644__T144V__mutant.log
[GPU3] Running P00644__T144G with single repr dump -> /data/store-data/yeyh/scripts/AF2stab/results/af2/single-repr-full/logs/P00644__T144G__mutant.log
[GPU2] Running P00644__K145G with single repr dump -> /data/store-data/yeyh/scripts/AF2stab/results/af2/single-repr-full/logs/P00644__K145G__mutant.log
[GPU1] Running P00644__K145F with single repr dump -> /data/store-data/yeyh/scripts/AF2stab/results/af2/single-repr-full/logs/P00644__K145F__mutant.log
[GPU0] Running P00644__T144I with single repr dump -> /data/store-data/yeyh/scripts/AF2stab/results/af2/single-repr-full/logs/P00644__T144I__mutant.log
[GPU3] Running P00644__K145A with single repr dump -> /data/store-data/yeyh/scripts/AF2stab/results/af2/single-repr-full/logs/P00644__K145A__mutant.log
[GPU1] Running P00644__K146E with single repr dump -> /data/store-data/yeyh/scripts/AF2stab/results/af2/single-repr-full/logs/P00644__K146E__mutant.log
[GPU2] Running P00644__K146F with single repr dump -> /data/store-data/yeyh/scripts/AF2stab/results/af2/single-repr-full/logs/P00644__K146F__mutant.log
[GPU3] Running P00644__K145Q with single repr dump -> /data/store-data/yeyh/scripts/AF2stab/results/af2/single-repr-full/logs/P00644__K145Q__mutant.log
[GPU0] Running P00644__K145E with single repr dump -> /data/store-data/yeyh/scripts/AF2stab/results/af2/single-repr-full/logs/P00644__K145E__mutant.log
[GPU1] Running P00644__M147A with single repr dump -> /data/store-data/yeyh/scripts/AF2stab/results/af2/single-repr-full/logs/P00644__M147A__mutant.log
[GPU2] Running P00644__M147F with single repr dump -> /data/store-data/yeyh/scripts/AF2stab/results/af2/single-repr-full/logs/P00644__M147F__mutant.log
[GPU3] Running P00644__K146G with single repr dump -> /data/store-data/yeyh/scripts/AF2stab/results/af2/single-repr-full/logs/P00644__K146G__mutant.log
[GPU0] Running P00644__K146A with single repr dump -> /data/store-data/yeyh/scripts/AF2stab/results/af2/single-repr-full/logs/P00644__K146A__mutant.log
[GPU2] Running P00644__V148A with single repr dump -> /data/store-data/yeyh/scripts/AF2stab/results/af2/single-repr-full/logs/P00644__V148A__mutant.log
[GPU1] Running P00644__M147L with single repr dump -> /data/store-data/yeyh/scripts/AF2stab/results/af2/single-repr-full/logs/P00644__M147L__mutant.log
[GPU3] Running P00644__M147G with single repr dump -> /data/store-data/yeyh/scripts/AF2stab/results/af2/single-repr-full/logs/P00644__M147G__mutant.log
[GPU0] Running P00644__K146Q with single repr dump -> /data/store-data/yeyh/scripts/AF2stab/results/af2/single-repr-full/logs/P00644__K146Q__mutant.log
[GPU2] Running P00644__V148L with single repr dump -> /data/store-data/yeyh/scripts/AF2stab/results/af2/single-repr-full/logs/P00644__V148L__mutant.log
[GPU1] Running P00644__V148K with single repr dump -> /data/store-data/yeyh/scripts/AF2stab/results/af2/single-repr-full/logs/P00644__V148K__mutant.log
[GPU3] Running P00644__V148G with single repr dump -> /data/store-data/yeyh/scripts/AF2stab/results/af2/single-repr-full/logs/P00644__V148G__mutant.log
[GPU0] Running P00644__M147I with single repr dump -> /data/store-data/yeyh/scripts/AF2stab/results/af2/single-repr-full/logs/P00644__M147I__mutant.log
[GPU1] Running P00644__V148T with single repr dump -> /data/store-data/yeyh/scripts/AF2stab/results/af2/single-repr-full/logs/P00644__V148T__mutant.log
[GPU2] Running P00644__V148W with single repr dump -> /data/store-data/yeyh/scripts/AF2stab/results/af2/single-repr-full/logs/P00644__V148W__mutant.log
[GPU3] Running P00644__V148M with single repr dump -> /data/store-data/yeyh/scripts/AF2stab/results/af2/single-repr-full/logs/P00644__V148M__mutant.log
[GPU0] Running P00644__V148I with single repr dump -> /data/store-data/yeyh/scripts/AF2stab/results/af2/single-repr-full/logs/P00644__V148I__mutant.log
[GPU2] Running P00644__E149Q with single repr dump -> /data/store-data/yeyh/scripts/AF2stab/results/af2/single-repr-full/logs/P00644__E149Q__mutant.log
[GPU1] Running P00644__E149G with single repr dump -> /data/store-data/yeyh/scripts/AF2stab/results/af2/single-repr-full/logs/P00644__E149G__mutant.log
[GPU3] Running P00644__E149A with single repr dump -> /data/store-data/yeyh/scripts/AF2stab/results/af2/single-repr-full/logs/P00644__E149A__mutant.log
[GPU0] Running P00644__V148S with single repr dump -> /data/store-data/yeyh/scripts/AF2stab/results/af2/single-repr-full/logs/P00644__V148S__mutant.log
[GPU0] Running P00644__E149F with single repr dump -> /data/store-data/yeyh/scripts/AF2stab/results/af2/single-repr-full/logs/P00644__E149F__mutant.log
[GPU2] Running P00644__A151T with single repr dump -> /data/store-data/yeyh/scripts/AF2stab/results/af2/single-repr-full/logs/P00644__A151T__mutant.log
[GPU3] Running P00644__N150A with single repr dump -> /data/store-data/yeyh/scripts/AF2stab/results/af2/single-repr-full/logs/P00644__N150A__mutant.log
[GPU1] Running P00644__A151G with single repr dump -> /data/store-data/yeyh/scripts/AF2stab/results/af2/single-repr-full/logs/P00644__A151G__mutant.log
[GPU0] Running P00644__N150G with single repr dump -> /data/store-data/yeyh/scripts/AF2stab/results/af2/single-repr-full/logs/P00644__N150G__mutant.log
[GPU1] Running P00644__K152C with single repr dump -> /data/store-data/yeyh/scripts/AF2stab/results/af2/single-repr-full/logs/P00644__K152C__mutant.log
[GPU3] Running P00644__A151V with single repr dump -> /data/store-data/yeyh/scripts/AF2stab/results/af2/single-repr-full/logs/P00644__A151V__mutant.log
[GPU2] Running P00644__K152E with single repr dump -> /data/store-data/yeyh/scripts/AF2stab/results/af2/single-repr-full/logs/P00644__K152E__mutant.log
[GPU0] Running P00644__K152A with single repr dump -> /data/store-data/yeyh/scripts/AF2stab/results/af2/single-repr-full/logs/P00644__K152A__mutant.log
[GPU2] Running P00644__K152W with single repr dump -> /data/store-data/yeyh/scripts/AF2stab/results/af2/single-repr-full/logs/P00644__K152W__mutant.log
[GPU1] Running P00644__K152Q with single repr dump -> /data/store-data/yeyh/scripts/AF2stab/results/af2/single-repr-full/logs/P00644__K152Q__mutant.log
[GPU3] Running P00644__K152F with single repr dump -> /data/store-data/yeyh/scripts/AF2stab/results/af2/single-repr-full/logs/P00644__K152F__mutant.log
[GPU0] Running P00644__K152G with single repr dump -> /data/store-data/yeyh/scripts/AF2stab/results/af2/single-repr-full/logs/P00644__K152G__mutant.log
[GPU3] Running P00644__K153A with single repr dump -> /data/store-data/yeyh/scripts/AF2stab/results/af2/single-repr-full/logs/P00644__K153A__mutant.log
[GPU1] Running P00644__K153G with single repr dump -> /data/store-data/yeyh/scripts/AF2stab/results/af2/single-repr-full/logs/P00644__K153G__mutant.log
[GPU2] Running P00644__I154A with single repr dump -> /data/store-data/yeyh/scripts/AF2stab/results/af2/single-repr-full/logs/P00644__I154A__mutant.log
[GPU2] Running P00644__I154M with single repr dump -> /data/store-data/yeyh/scripts/AF2stab/results/af2/single-repr-full/logs/P00644__I154M__mutant.log
[GPU3] Running P00644__I154E with single repr dump -> /data/store-data/yeyh/scripts/AF2stab/results/af2/single-repr-full/logs/P00644__I154E__mutant.log
[GPU0] Running P00644__K153F with single repr dump -> /data/store-data/yeyh/scripts/AF2stab/results/af2/single-repr-full/logs/P00644__K153F__mutant.log
[GPU1] Running P00644__I154L with single repr dump -> /data/store-data/yeyh/scripts/AF2stab/results/af2/single-repr-full/logs/P00644__I154L__mutant.log
[GPU2] Running P00644__E155G with single repr dump -> /data/store-data/yeyh/scripts/AF2stab/results/af2/single-repr-full/logs/P00644__E155G__mutant.log
[GPU0] Running P00644__I154G with single repr dump -> /data/store-data/yeyh/scripts/AF2stab/results/af2/single-repr-full/logs/P00644__I154G__mutant.log
[GPU3] Running P00644__I154V with single repr dump -> /data/store-data/yeyh/scripts/AF2stab/results/af2/single-repr-full/logs/P00644__I154V__mutant.log
[GPU1] Running P00644__E155F with single repr dump -> /data/store-data/yeyh/scripts/AF2stab/results/af2/single-repr-full/logs/P00644__E155F__mutant.log
[GPU2] Running P00644__V156E with single repr dump -> /data/store-data/yeyh/scripts/AF2stab/results/af2/single-repr-full/logs/P00644__V156E__mutant.log
[GPU3] Running P00644__E155K with single repr dump -> /data/store-data/yeyh/scripts/AF2stab/results/af2/single-repr-full/logs/P00644__E155K__mutant.log
[GPU1] Running P00644__V156A with single repr dump -> /data/store-data/yeyh/scripts/AF2stab/results/af2/single-repr-full/logs/P00644__V156A__mutant.log
[GPU0] Running P00644__E155A with single repr dump -> /data/store-data/yeyh/scripts/AF2stab/results/af2/single-repr-full/logs/P00644__E155A__mutant.log
[GPU2] Running P00644__V156S with single repr dump -> /data/store-data/yeyh/scripts/AF2stab/results/af2/single-repr-full/logs/P00644__V156S__mutant.log
[GPU3] Running P00644__V156G with single repr dump -> /data/store-data/yeyh/scripts/AF2stab/results/af2/single-repr-full/logs/P00644__V156G__mutant.log
[GPU0] Running P00644__E155Q with single repr dump -> /data/store-data/yeyh/scripts/AF2stab/results/af2/single-repr-full/logs/P00644__E155Q__mutant.log
[GPU1] Running P00644__V156L with single repr dump -> /data/store-data/yeyh/scripts/AF2stab/results/af2/single-repr-full/logs/P00644__V156L__mutant.log
[GPU2] Running P00644__E157K with single repr dump -> /data/store-data/yeyh/scripts/AF2stab/results/af2/single-repr-full/logs/P00644__E157K__mutant.log
[GPU3] Running P00644__V156T with single repr dump -> /data/store-data/yeyh/scripts/AF2stab/results/af2/single-repr-full/logs/P00644__V156T__mutant.log
[GPU1] Running P00644__E157G with single repr dump -> /data/store-data/yeyh/scripts/AF2stab/results/af2/single-repr-full/logs/P00644__E157G__mutant.log
[GPU0] Running P00644__V156I with single repr dump -> /data/store-data/yeyh/scripts/AF2stab/results/af2/single-repr-full/logs/P00644__V156I__mutant.log
[GPU2] Running P00644__F158G with single repr dump -> /data/store-data/yeyh/scripts/AF2stab/results/af2/single-repr-full/logs/P00644__F158G__mutant.log
[GPU3] Running P00644__E157Q with single repr dump -> /data/store-data/yeyh/scripts/AF2stab/results/af2/single-repr-full/logs/P00644__E157Q__mutant.log
[GPU1] Running P00644__F158A with single repr dump -> /data/store-data/yeyh/scripts/AF2stab/results/af2/single-repr-full/logs/P00644__F158A__mutant.log
[GPU0] Running P00644__E157A with single repr dump -> /data/store-data/yeyh/scripts/AF2stab/results/af2/single-repr-full/logs/P00644__E157A__mutant.log
[GPU3] Running P00644__F158V with single repr dump -> /data/store-data/yeyh/scripts/AF2stab/results/af2/single-repr-full/logs/P00644__F158V__mutant.log
[GPU2] Running P00644__D159G with single repr dump -> /data/store-data/yeyh/scripts/AF2stab/results/af2/single-repr-full/logs/P00644__D159G__mutant.log
[GPU1] Running P00644__D159A with single repr dump -> /data/store-data/yeyh/scripts/AF2stab/results/af2/single-repr-full/logs/P00644__D159A__mutant.log
[GPU0] Running P00644__E157V with single repr dump -> /data/store-data/yeyh/scripts/AF2stab/results/af2/single-repr-full/logs/P00644__E157V__mutant.log
[GPU3] Running P00644__D159K with single repr dump -> /data/store-data/yeyh/scripts/AF2stab/results/af2/single-repr-full/logs/P00644__D159K__mutant.log
[GPU2] Running P00644__K160C with single repr dump -> /data/store-data/yeyh/scripts/AF2stab/results/af2/single-repr-full/logs/P00644__K160C__mutant.log
[GPU1] Running P00644__K160A with single repr dump -> /data/store-data/yeyh/scripts/AF2stab/results/af2/single-repr-full/logs/P00644__K160A__mutant.log
[GPU0] Running P00644__F158W with single repr dump -> /data/store-data/yeyh/scripts/AF2stab/results/af2/single-repr-full/logs/P00644__F158W__mutant.log
[GPU2] Running P00644__K160Q with single repr dump -> /data/store-data/yeyh/scripts/AF2stab/results/af2/single-repr-full/logs/P00644__K160Q__mutant.log
[GPU1] Running P00644__K160G with single repr dump -> /data/store-data/yeyh/scripts/AF2stab/results/af2/single-repr-full/logs/P00644__K160G__mutant.log
[GPU3] Running P00644__K160E with single repr dump -> /data/store-data/yeyh/scripts/AF2stab/results/af2/single-repr-full/logs/P00644__K160E__mutant.log
[GPU0] Running P00644__D159N with single repr dump -> /data/store-data/yeyh/scripts/AF2stab/results/af2/single-repr-full/logs/P00644__D159N__mutant.log
[GPU3] Running P00644__G161A with single repr dump -> /data/store-data/yeyh/scripts/AF2stab/results/af2/single-repr-full/logs/P00644__G161A__mutant.log
[GPU1] Running P00644__G161S with single repr dump -> /data/store-data/yeyh/scripts/AF2stab/results/af2/single-repr-full/logs/P00644__G161S__mutant.log
[GPU2] Running P00644__G161V with single repr dump -> /data/store-data/yeyh/scripts/AF2stab/results/af2/single-repr-full/logs/P00644__G161V__mutant.log
[GPU0] Running P00644__K160F with single repr dump -> /data/store-data/yeyh/scripts/AF2stab/results/af2/single-repr-full/logs/P00644__K160F__mutant.log
[GPU3] Running P00644__Q162A with single repr dump -> /data/store-data/yeyh/scripts/AF2stab/results/af2/single-repr-full/logs/P00644__Q162A__mutant.log
[GPU2] Running P00644__R163A with single repr dump -> /data/store-data/yeyh/scripts/AF2stab/results/af2/single-repr-full/logs/P00644__R163A__mutant.log
[GPU1] Running P00644__Q162G with single repr dump -> /data/store-data/yeyh/scripts/AF2stab/results/af2/single-repr-full/logs/P00644__Q162G__mutant.log
[GPU0] Running P00644__G161D with single repr dump -> /data/store-data/yeyh/scripts/AF2stab/results/af2/single-repr-full/logs/P00644__G161D__mutant.log
[GPU2] Running P00644__T164G with single repr dump -> /data/store-data/yeyh/scripts/AF2stab/results/af2/single-repr-full/logs/P00644__T164G__mutant.log
[GPU3] Running P00644__R163G with single repr dump -> /data/store-data/yeyh/scripts/AF2stab/results/af2/single-repr-full/logs/P00644__R163G__mutant.log
[GPU1] Running P00644__T164C with single repr dump -> /data/store-data/yeyh/scripts/AF2stab/results/af2/single-repr-full/logs/P00644__T164C__mutant.log
[GPU0] Running P00644__Q162F with single repr dump -> /data/store-data/yeyh/scripts/AF2stab/results/af2/single-repr-full/logs/P00644__Q162F__mutant.log
[GPU3] Running P00644__T164I with single repr dump -> /data/store-data/yeyh/scripts/AF2stab/results/af2/single-repr-full/logs/P00644__T164I__mutant.log
[GPU1] Running P00644__T164V with single repr dump -> /data/store-data/yeyh/scripts/AF2stab/results/af2/single-repr-full/logs/P00644__T164V__mutant.log
[GPU2] Running P00644__D165A with single repr dump -> /data/store-data/yeyh/scripts/AF2stab/results/af2/single-repr-full/logs/P00644__D165A__mutant.log
[GPU0] Running P00644__T164A with single repr dump -> /data/store-data/yeyh/scripts/AF2stab/results/af2/single-repr-full/logs/P00644__T164A__mutant.log
[GPU3] Running P00644__D165F with single repr dump -> /data/store-data/yeyh/scripts/AF2stab/results/af2/single-repr-full/logs/P00644__D165F__mutant.log
[GPU2] Running P00644__K166E with single repr dump -> /data/store-data/yeyh/scripts/AF2stab/results/af2/single-repr-full/logs/P00644__K166E__mutant.log
[GPU1] Running P00644__K166A with single repr dump -> /data/store-data/yeyh/scripts/AF2stab/results/af2/single-repr-full/logs/P00644__K166A__mutant.log
[GPU0] Running P00644__T164S with single repr dump -> /data/store-data/yeyh/scripts/AF2stab/results/af2/single-repr-full/logs/P00644__T164S__mutant.log
[GPU3] Running P00644__K166F with single repr dump -> /data/store-data/yeyh/scripts/AF2stab/results/af2/single-repr-full/logs/P00644__K166F__mutant.log
[GPU2] Running P00644__Y167A with single repr dump -> /data/store-data/yeyh/scripts/AF2stab/results/af2/single-repr-full/logs/P00644__Y167A__mutant.log
[GPU1] Running P00644__K166Q with single repr dump -> /data/store-data/yeyh/scripts/AF2stab/results/af2/single-repr-full/logs/P00644__K166Q__mutant.log
[GPU0] Running P00644__D165G with single repr dump -> /data/store-data/yeyh/scripts/AF2stab/results/af2/single-repr-full/logs/P00644__D165G__mutant.log
[GPU3] Running P00644__Y167F with single repr dump -> /data/store-data/yeyh/scripts/AF2stab/results/af2/single-repr-full/logs/P00644__Y167F__mutant.log
[GPU2] Running P00644__G168A with single repr dump -> /data/store-data/yeyh/scripts/AF2stab/results/af2/single-repr-full/logs/P00644__G168A__mutant.log
[GPU1] Running P00644__Y167L with single repr dump -> /data/store-data/yeyh/scripts/AF2stab/results/af2/single-repr-full/logs/P00644__Y167L__mutant.log
[GPU0] Running P00644__K166G with single repr dump -> /data/store-data/yeyh/scripts/AF2stab/results/af2/single-repr-full/logs/P00644__K166G__mutant.log
[GPU3] Running P00644__G168F with single repr dump -> /data/store-data/yeyh/scripts/AF2stab/results/af2/single-repr-full/logs/P00644__G168F__mutant.log
[GPU2] Running P00644__R169G with single repr dump -> /data/store-data/yeyh/scripts/AF2stab/results/af2/single-repr-full/logs/P00644__R169G__mutant.log
[GPU1] Running P00644__R169A with single repr dump -> /data/store-data/yeyh/scripts/AF2stab/results/af2/single-repr-full/logs/P00644__R169A__mutant.log
[GPU0] Running P00644__Y167G with single repr dump -> /data/store-data/yeyh/scripts/AF2stab/results/af2/single-repr-full/logs/P00644__Y167G__mutant.log
[GPU2] Running P00644__L171A with single repr dump -> /data/store-data/yeyh/scripts/AF2stab/results/af2/single-repr-full/logs/P00644__L171A__mutant.log
[GPU3] Running P00644__G170A with single repr dump -> /data/store-data/yeyh/scripts/AF2stab/results/af2/single-repr-full/logs/P00644__G170A__mutant.log
[GPU1] Running P00644__G170W with single repr dump -> /data/store-data/yeyh/scripts/AF2stab/results/af2/single-repr-full/logs/P00644__G170W__mutant.log
[GPU0] Running P00644__G168V with single repr dump -> /data/store-data/yeyh/scripts/AF2stab/results/af2/single-repr-full/logs/P00644__G168V__mutant.log
[GPU2] Running P00644__L171V with single repr dump -> /data/store-data/yeyh/scripts/AF2stab/results/af2/single-repr-full/logs/P00644__L171V__mutant.log
[GPU3] Running P00644__L171F with single repr dump -> /data/store-data/yeyh/scripts/AF2stab/results/af2/single-repr-full/logs/P00644__L171F__mutant.log
[GPU1] Running P00644__L171I with single repr dump -> /data/store-data/yeyh/scripts/AF2stab/results/af2/single-repr-full/logs/P00644__L171I__mutant.log
[GPU0] Running P00644__G170V with single repr dump -> /data/store-data/yeyh/scripts/AF2stab/results/af2/single-repr-full/logs/P00644__G170V__mutant.log
[GPU2] Running P00644__A172V with single repr dump -> /data/store-data/yeyh/scripts/AF2stab/results/af2/single-repr-full/logs/P00644__A172V__mutant.log
[GPU3] Running P00644__A172E with single repr dump -> /data/store-data/yeyh/scripts/AF2stab/results/af2/single-repr-full/logs/P00644__A172E__mutant.log
[GPU1] Running P00644__A172S with single repr dump -> /data/store-data/yeyh/scripts/AF2stab/results/af2/single-repr-full/logs/P00644__A172S__mutant.log
[GPU0] Running P00644__L171G with single repr dump -> /data/store-data/yeyh/scripts/AF2stab/results/af2/single-repr-full/logs/P00644__L171G__mutant.log
[GPU2] Running P00644__Y173G with single repr dump -> /data/store-data/yeyh/scripts/AF2stab/results/af2/single-repr-full/logs/P00644__Y173G__mutant.log
[GPU3] Running P00644__Y173A with single repr dump -> /data/store-data/yeyh/scripts/AF2stab/results/af2/single-repr-full/logs/P00644__Y173A__mutant.log
[GPU1] Running P00644__Y173F with single repr dump -> /data/store-data/yeyh/scripts/AF2stab/results/af2/single-repr-full/logs/P00644__Y173F__mutant.log
[GPU0] Running P00644__A172G with single repr dump -> /data/store-data/yeyh/scripts/AF2stab/results/af2/single-repr-full/logs/P00644__A172G__mutant.log
[GPU2] Running P00644__I174E with single repr dump -> /data/store-data/yeyh/scripts/AF2stab/results/af2/single-repr-full/logs/P00644__I174E__mutant.log
[GPU1] Running P00644__I174A with single repr dump -> /data/store-data/yeyh/scripts/AF2stab/results/af2/single-repr-full/logs/P00644__I174A__mutant.log
[GPU3] Running P00644__Y173L with single repr dump -> /data/store-data/yeyh/scripts/AF2stab/results/af2/single-repr-full/logs/P00644__Y173L__mutant.log
[GPU0] Running P00644__Y173E with single repr dump -> /data/store-data/yeyh/scripts/AF2stab/results/af2/single-repr-full/logs/P00644__Y173E__mutant.log
[GPU1] Running P00644__I174M with single repr dump -> /data/store-data/yeyh/scripts/AF2stab/results/af2/single-repr-full/logs/P00644__I174M__mutant.log
[GPU3] Running P00644__I174G with single repr dump -> /data/store-data/yeyh/scripts/AF2stab/results/af2/single-repr-full/logs/P00644__I174G__mutant.log
[GPU2] Running P00644__I174V with single repr dump -> /data/store-data/yeyh/scripts/AF2stab/results/af2/single-repr-full/logs/P00644__I174V__mutant.log
[GPU1] Running P00644__Y175G with single repr dump -> /data/store-data/yeyh/scripts/AF2stab/results/af2/single-repr-full/logs/P00644__Y175G__mutant.log
[GPU0] Running P00644__Y173S with single repr dump -> /data/store-data/yeyh/scripts/AF2stab/results/af2/single-repr-full/logs/P00644__Y173S__mutant.log
[GPU3] Running P00644__Y175A with single repr dump -> /data/store-data/yeyh/scripts/AF2stab/results/af2/single-repr-full/logs/P00644__Y175A__mutant.log
[GPU2] Running P00644__Y175L with single repr dump -> /data/store-data/yeyh/scripts/AF2stab/results/af2/single-repr-full/logs/P00644__Y175L__mutant.log
[GPU0] Running P00644__I174L with single repr dump -> /data/store-data/yeyh/scripts/AF2stab/results/af2/single-repr-full/logs/P00644__I174L__mutant.log
[GPU1] Running P00644__D177A with single repr dump -> /data/store-data/yeyh/scripts/AF2stab/results/af2/single-repr-full/logs/P00644__D177A__mutant.log
[GPU3] Running P00644__A176G with single repr dump -> /data/store-data/yeyh/scripts/AF2stab/results/af2/single-repr-full/logs/P00644__A176G__mutant.log
[GPU2] Running P00644__D177F with single repr dump -> /data/store-data/yeyh/scripts/AF2stab/results/af2/single-repr-full/logs/P00644__D177F__mutant.log
[GPU0] Running P00644__Y175F with single repr dump -> /data/store-data/yeyh/scripts/AF2stab/results/af2/single-repr-full/logs/P00644__Y175F__mutant.log
[GPU1] Running P00644__G178F with single repr dump -> /data/store-data/yeyh/scripts/AF2stab/results/af2/single-repr-full/logs/P00644__G178F__mutant.log
[GPU3] Running P00644__D177G with single repr dump -> /data/store-data/yeyh/scripts/AF2stab/results/af2/single-repr-full/logs/P00644__D177G__mutant.log
[GPU2] Running P00644__G178V with single repr dump -> /data/store-data/yeyh/scripts/AF2stab/results/af2/single-repr-full/logs/P00644__G178V__mutant.log
[GPU0] Running P00644__A176V with single repr dump -> /data/store-data/yeyh/scripts/AF2stab/results/af2/single-repr-full/logs/P00644__A176V__mutant.log
[GPU1] Running P00644__K179F with single repr dump -> /data/store-data/yeyh/scripts/AF2stab/results/af2/single-repr-full/logs/P00644__K179F__mutant.log
[GPU3] Running P00644__K179A with single repr dump -> /data/store-data/yeyh/scripts/AF2stab/results/af2/single-repr-full/logs/P00644__K179A__mutant.log
[GPU2] Running P00644__K179G with single repr dump -> /data/store-data/yeyh/scripts/AF2stab/results/af2/single-repr-full/logs/P00644__K179G__mutant.log
[GPU0] Running P00644__G178A with single repr dump -> /data/store-data/yeyh/scripts/AF2stab/results/af2/single-repr-full/logs/P00644__G178A__mutant.log
[GPU1] Running P00644__M180G with single repr dump -> /data/store-data/yeyh/scripts/AF2stab/results/af2/single-repr-full/logs/P00644__M180G__mutant.log
[GPU3] Running P00644__K179Q with single repr dump -> /data/store-data/yeyh/scripts/AF2stab/results/af2/single-repr-full/logs/P00644__K179Q__mutant.log
[GPU2] Running P00644__M180I with single repr dump -> /data/store-data/yeyh/scripts/AF2stab/results/af2/single-repr-full/logs/P00644__M180I__mutant.log
[GPU0] Running P00644__K179E with single repr dump -> /data/store-data/yeyh/scripts/AF2stab/results/af2/single-repr-full/logs/P00644__K179E__mutant.log
[GPU3] Running P00644__M180L with single repr dump -> /data/store-data/yeyh/scripts/AF2stab/results/af2/single-repr-full/logs/P00644__M180L__mutant.log
[GPU2] Running P00644__V181G with single repr dump -> /data/store-data/yeyh/scripts/AF2stab/results/af2/single-repr-full/logs/P00644__V181G__mutant.log
[GPU1] Running P00644__V181E with single repr dump -> /data/store-data/yeyh/scripts/AF2stab/results/af2/single-repr-full/logs/P00644__V181E__mutant.log
[GPU3] Running P00644__V181I with single repr dump -> /data/store-data/yeyh/scripts/AF2stab/results/af2/single-repr-full/logs/P00644__V181I__mutant.log
[GPU0] Running P00644__M180A with single repr dump -> /data/store-data/yeyh/scripts/AF2stab/results/af2/single-repr-full/logs/P00644__M180A__mutant.log
[GPU2] Running P00644__V181T with single repr dump -> /data/store-data/yeyh/scripts/AF2stab/results/af2/single-repr-full/logs/P00644__V181T__mutant.log
[GPU1] Running P00644__V181S with single repr dump -> /data/store-data/yeyh/scripts/AF2stab/results/af2/single-repr-full/logs/P00644__V181S__mutant.log
[GPU2] Running P00644__E183A with single repr dump -> /data/store-data/yeyh/scripts/AF2stab/results/af2/single-repr-full/logs/P00644__E183A__mutant.log
[GPU1] Running P00644__N182G with single repr dump -> /data/store-data/yeyh/scripts/AF2stab/results/af2/single-repr-full/logs/P00644__N182G__mutant.log
[GPU0] Running P00644__V181A with single repr dump -> /data/store-data/yeyh/scripts/AF2stab/results/af2/single-repr-full/logs/P00644__V181A__mutant.log
[GPU3] Running P00644__N182A with single repr dump -> /data/store-data/yeyh/scripts/AF2stab/results/af2/single-repr-full/logs/P00644__N182A__mutant.log
[GPU3] Running P00644__E183F with single repr dump -> /data/store-data/yeyh/scripts/AF2stab/results/af2/single-repr-full/logs/P00644__E183F__mutant.log
[GPU1] Running P00644__A184F with single repr dump -> /data/store-data/yeyh/scripts/AF2stab/results/af2/single-repr-full/logs/P00644__A184F__mutant.log
[GPU0] Running P00644__V181L with single repr dump -> /data/store-data/yeyh/scripts/AF2stab/results/af2/single-repr-full/logs/P00644__V181L__mutant.log
[GPU2] Running P00644__A184G with single repr dump -> /data/store-data/yeyh/scripts/AF2stab/results/af2/single-repr-full/logs/P00644__A184G__mutant.log
[GPU2] Running P00644__L185G with single repr dump -> /data/store-data/yeyh/scripts/AF2stab/results/af2/single-repr-full/logs/P00644__L185G__mutant.log
[GPU1] Running P00644__L185E with single repr dump -> /data/store-data/yeyh/scripts/AF2stab/results/af2/single-repr-full/logs/P00644__L185E__mutant.log
[GPU3] Running P00644__A184V with single repr dump -> /data/store-data/yeyh/scripts/AF2stab/results/af2/single-repr-full/logs/P00644__A184V__mutant.log
[GPU0] Running P00644__N182E with single repr dump -> /data/store-data/yeyh/scripts/AF2stab/results/af2/single-repr-full/logs/P00644__N182E__mutant.log
[GPU3] Running P00644__L185I with single repr dump -> /data/store-data/yeyh/scripts/AF2stab/results/af2/single-repr-full/logs/P00644__L185I__mutant.log
[GPU1] Running P00644__V186A with single repr dump -> /data/store-data/yeyh/scripts/AF2stab/results/af2/single-repr-full/logs/P00644__V186A__mutant.log
[GPU0] Running P00644__E183G with single repr dump -> /data/store-data/yeyh/scripts/AF2stab/results/af2/single-repr-full/logs/P00644__E183G__mutant.log
[GPU2] Running P00644__V186E with single repr dump -> /data/store-data/yeyh/scripts/AF2stab/results/af2/single-repr-full/logs/P00644__V186E__mutant.log
[GPU1] Running P00644__V186L with single repr dump -> /data/store-data/yeyh/scripts/AF2stab/results/af2/single-repr-full/logs/P00644__V186L__mutant.log
[GPU3] Running P00644__V186G with single repr dump -> /data/store-data/yeyh/scripts/AF2stab/results/af2/single-repr-full/logs/P00644__V186G__mutant.log
[GPU0] Running P00644__L185A with single repr dump -> /data/store-data/yeyh/scripts/AF2stab/results/af2/single-repr-full/logs/P00644__L185A__mutant.log
[GPU2] Running P00644__V186S with single repr dump -> /data/store-data/yeyh/scripts/AF2stab/results/af2/single-repr-full/logs/P00644__V186S__mutant.log
[GPU3] Running P00644__V186T with single repr dump -> /data/store-data/yeyh/scripts/AF2stab/results/af2/single-repr-full/logs/P00644__V186T__mutant.log
[GPU0] Running P00644__L185V with single repr dump -> /data/store-data/yeyh/scripts/AF2stab/results/af2/single-repr-full/logs/P00644__L185V__mutant.log
[GPU1] Running P00644__R187C with single repr dump -> /data/store-data/yeyh/scripts/AF2stab/results/af2/single-repr-full/logs/P00644__R187C__mutant.log
[GPU2] Running P00644__R187F with single repr dump -> /data/store-data/yeyh/scripts/AF2stab/results/af2/single-repr-full/logs/P00644__R187F__mutant.log
[GPU0] Running P00644__V186I with single repr dump -> /data/store-data/yeyh/scripts/AF2stab/results/af2/single-repr-full/logs/P00644__V186I__mutant.log
[GPU3] Running P00644__R187G with single repr dump -> /data/store-data/yeyh/scripts/AF2stab/results/af2/single-repr-full/logs/P00644__R187G__mutant.log
[GPU1] Running P00644__Q188G with single repr dump -> /data/store-data/yeyh/scripts/AF2stab/results/af2/single-repr-full/logs/P00644__Q188G__mutant.log
[GPU2] Running P00644__G189A with single repr dump -> /data/store-data/yeyh/scripts/AF2stab/results/af2/single-repr-full/logs/P00644__G189A__mutant.log
[GPU3] Running P00644__G189V with single repr dump -> /data/store-data/yeyh/scripts/AF2stab/results/af2/single-repr-full/logs/P00644__G189V__mutant.log
[GPU1] Running P00644__L190G with single repr dump -> /data/store-data/yeyh/scripts/AF2stab/results/af2/single-repr-full/logs/P00644__L190G__mutant.log
[GPU0] Running P00644__R187A with single repr dump -> /data/store-data/yeyh/scripts/AF2stab/results/af2/single-repr-full/logs/P00644__R187A__mutant.log
[GPU2] Running P00644__L190I with single repr dump -> /data/store-data/yeyh/scripts/AF2stab/results/af2/single-repr-full/logs/P00644__L190I__mutant.log
[GPU3] Running P00644__L190V with single repr dump -> /data/store-data/yeyh/scripts/AF2stab/results/af2/single-repr-full/logs/P00644__L190V__mutant.log
[GPU1] Running P00644__A191G with single repr dump -> /data/store-data/yeyh/scripts/AF2stab/results/af2/single-repr-full/logs/P00644__A191G__mutant.log
[GPU0] Running P00644__Q188A with single repr dump -> /data/store-data/yeyh/scripts/AF2stab/results/af2/single-repr-full/logs/P00644__Q188A__mutant.log
[GPU2] Running P00644__A191V with single repr dump -> /data/store-data/yeyh/scripts/AF2stab/results/af2/single-repr-full/logs/P00644__A191V__mutant.log
[GPU3] Running P00644__K192A with single repr dump -> /data/store-data/yeyh/scripts/AF2stab/results/af2/single-repr-full/logs/P00644__K192A__mutant.log
[GPU0] Running P00644__L190A with single repr dump -> /data/store-data/yeyh/scripts/AF2stab/results/af2/single-repr-full/logs/P00644__L190A__mutant.log
[GPU2] Running P00644__V193G with single repr dump -> /data/store-data/yeyh/scripts/AF2stab/results/af2/single-repr-full/logs/P00644__V193G__mutant.log
[GPU1] Running P00644__V193A with single repr dump -> /data/store-data/yeyh/scripts/AF2stab/results/af2/single-repr-full/logs/P00644__V193A__mutant.log
[GPU0] Running P00644__A191E with single repr dump -> /data/store-data/yeyh/scripts/AF2stab/results/af2/single-repr-full/logs/P00644__A191E__mutant.log
[GPU3] Running P00644__V193I with single repr dump -> /data/store-data/yeyh/scripts/AF2stab/results/af2/single-repr-full/logs/P00644__V193I__mutant.log
[GPU1] Running P00644__V193S with single repr dump -> /data/store-data/yeyh/scripts/AF2stab/results/af2/single-repr-full/logs/P00644__V193S__mutant.log
[GPU2] Running P00644__V193T with single repr dump -> /data/store-data/yeyh/scripts/AF2stab/results/af2/single-repr-full/logs/P00644__V193T__mutant.log
[GPU3] Running P00644__A194C with single repr dump -> /data/store-data/yeyh/scripts/AF2stab/results/af2/single-repr-full/logs/P00644__A194C__mutant.log
[GPU0] Running P00644__K192G with single repr dump -> /data/store-data/yeyh/scripts/AF2stab/results/af2/single-repr-full/logs/P00644__K192G__mutant.log
[GPU1] Running P00644__A194G with single repr dump -> /data/store-data/yeyh/scripts/AF2stab/results/af2/single-repr-full/logs/P00644__A194G__mutant.log
[GPU2] Running P00644__A194V with single repr dump -> /data/store-data/yeyh/scripts/AF2stab/results/af2/single-repr-full/logs/P00644__A194V__mutant.log
[GPU3] Running P00644__Y195A with single repr dump -> /data/store-data/yeyh/scripts/AF2stab/results/af2/single-repr-full/logs/P00644__Y195A__mutant.log
[GPU1] Running P00644__Y195G with single repr dump -> /data/store-data/yeyh/scripts/AF2stab/results/af2/single-repr-full/logs/P00644__Y195G__mutant.log
[GPU2] Running P00644__Y195L with single repr dump -> /data/store-data/yeyh/scripts/AF2stab/results/af2/single-repr-full/logs/P00644__Y195L__mutant.log
[GPU0] Running P00644__V193L with single repr dump -> /data/store-data/yeyh/scripts/AF2stab/results/af2/single-repr-full/logs/P00644__V193L__mutant.log
[GPU1] Running P00644__V196I with single repr dump -> /data/store-data/yeyh/scripts/AF2stab/results/af2/single-repr-full/logs/P00644__V196I__mutant.log
[GPU2] Running P00644__V196L with single repr dump -> /data/store-data/yeyh/scripts/AF2stab/results/af2/single-repr-full/logs/P00644__V196L__mutant.log
[GPU3] Running P00644__V196A with single repr dump -> /data/store-data/yeyh/scripts/AF2stab/results/af2/single-repr-full/logs/P00644__V196A__mutant.log
[GPU0] Running P00644__A194F with single repr dump -> /data/store-data/yeyh/scripts/AF2stab/results/af2/single-repr-full/logs/P00644__A194F__mutant.log
[GPU3] Running P00644__V196S with single repr dump -> /data/store-data/yeyh/scripts/AF2stab/results/af2/single-repr-full/logs/P00644__V196S__mutant.log
[GPU2] Running P00644__Y197F with single repr dump -> /data/store-data/yeyh/scripts/AF2stab/results/af2/single-repr-full/logs/P00644__Y197F__mutant.log
[GPU1] Running P00644__Y197A with single repr dump -> /data/store-data/yeyh/scripts/AF2stab/results/af2/single-repr-full/logs/P00644__Y197A__mutant.log
[GPU0] Running P00644__Y195F with single repr dump -> /data/store-data/yeyh/scripts/AF2stab/results/af2/single-repr-full/logs/P00644__Y195F__mutant.log
[GPU2] Running P00644__K198F with single repr dump -> /data/store-data/yeyh/scripts/AF2stab/results/af2/single-repr-full/logs/P00644__K198F__mutant.log
[GPU3] Running P00644__Y197G with single repr dump -> /data/store-data/yeyh/scripts/AF2stab/results/af2/single-repr-full/logs/P00644__Y197G__mutant.log
[GPU1] Running P00644__K198A with single repr dump -> /data/store-data/yeyh/scripts/AF2stab/results/af2/single-repr-full/logs/P00644__K198A__mutant.log
[GPU0] Running P00644__V196G with single repr dump -> /data/store-data/yeyh/scripts/AF2stab/results/af2/single-repr-full/logs/P00644__V196G__mutant.log
[GPU2] Running P00644__P199G with single repr dump -> /data/store-data/yeyh/scripts/AF2stab/results/af2/single-repr-full/logs/P00644__P199G__mutant.log
[GPU1] Running P00644__P199F with single repr dump -> /data/store-data/yeyh/scripts/AF2stab/results/af2/single-repr-full/logs/P00644__P199F__mutant.log
[GPU3] Running P00644__K198G with single repr dump -> /data/store-data/yeyh/scripts/AF2stab/results/af2/single-repr-full/logs/P00644__K198G__mutant.log
[GPU0] Running P00644__V196T with single repr dump -> /data/store-data/yeyh/scripts/AF2stab/results/af2/single-repr-full/logs/P00644__V196T__mutant.log
[GPU2] Running P00644__N200D with single repr dump -> /data/store-data/yeyh/scripts/AF2stab/results/af2/single-repr-full/logs/P00644__N200D__mutant.log
[GPU3] Running P00644__P199L with single repr dump -> /data/store-data/yeyh/scripts/AF2stab/results/af2/single-repr-full/logs/P00644__P199L__mutant.log
[GPU1] Running P00644__N200A with single repr dump -> /data/store-data/yeyh/scripts/AF2stab/results/af2/single-repr-full/logs/P00644__N200A__mutant.log
[GPU0] Running P00644__Y197L with single repr dump -> /data/store-data/yeyh/scripts/AF2stab/results/af2/single-repr-full/logs/P00644__Y197L__mutant.log
[GPU1] Running P00644__N201A with single repr dump -> /data/store-data/yeyh/scripts/AF2stab/results/af2/single-repr-full/logs/P00644__N201A__mutant.log
[GPU0] Running P00644__P199A with single repr dump -> /data/store-data/yeyh/scripts/AF2stab/results/af2/single-repr-full/logs/P00644__P199A__mutant.log
[GPU2] Running P00644__N201G with single repr dump -> /data/store-data/yeyh/scripts/AF2stab/results/af2/single-repr-full/logs/P00644__N201G__mutant.log
[GPU3] Running P00644__N200E with single repr dump -> /data/store-data/yeyh/scripts/AF2stab/results/af2/single-repr-full/logs/P00644__N200E__mutant.log
[GPU2] Running P00644__T202I with single repr dump -> /data/store-data/yeyh/scripts/AF2stab/results/af2/single-repr-full/logs/P00644__T202I__mutant.log
[GPU3] Running P00644__T202A with single repr dump -> /data/store-data/yeyh/scripts/AF2stab/results/af2/single-repr-full/logs/P00644__T202A__mutant.log
[GPU0] Running P00644__P199T with single repr dump -> /data/store-data/yeyh/scripts/AF2stab/results/af2/single-repr-full/logs/P00644__P199T__mutant.log
[GPU1] Running P00644__T202G with single repr dump -> /data/store-data/yeyh/scripts/AF2stab/results/af2/single-repr-full/logs/P00644__T202G__mutant.log
[GPU2] Running P00644__H203G with single repr dump -> /data/store-data/yeyh/scripts/AF2stab/results/af2/single-repr-full/logs/P00644__H203G__mutant.log
[GPU0] Running P00644__N200G with single repr dump -> /data/store-data/yeyh/scripts/AF2stab/results/af2/single-repr-full/logs/P00644__N200G__mutant.log
[GPU3] Running P00644__T202S with single repr dump -> /data/store-data/yeyh/scripts/AF2stab/results/af2/single-repr-full/logs/P00644__T202S__mutant.log
[GPU1] Running P00644__H203A with single repr dump -> /data/store-data/yeyh/scripts/AF2stab/results/af2/single-repr-full/logs/P00644__H203A__mutant.log
[GPU0] Running P00644__T202C with single repr dump -> /data/store-data/yeyh/scripts/AF2stab/results/af2/single-repr-full/logs/P00644__T202C__mutant.log
[GPU2] Running P00644__E204K with single repr dump -> /data/store-data/yeyh/scripts/AF2stab/results/af2/single-repr-full/logs/P00644__E204K__mutant.log
[GPU3] Running P00644__E204A with single repr dump -> /data/store-data/yeyh/scripts/AF2stab/results/af2/single-repr-full/logs/P00644__E204A__mutant.log
[GPU1] Running P00644__E204G with single repr dump -> /data/store-data/yeyh/scripts/AF2stab/results/af2/single-repr-full/logs/P00644__E204G__mutant.log
[GPU2] Running P00644__Q205G with single repr dump -> /data/store-data/yeyh/scripts/AF2stab/results/af2/single-repr-full/logs/P00644__Q205G__mutant.log
[GPU0] Running P00644__T202V with single repr dump -> /data/store-data/yeyh/scripts/AF2stab/results/af2/single-repr-full/logs/P00644__T202V__mutant.log
[GPU3] Running P00644__E204Q with single repr dump -> /data/store-data/yeyh/scripts/AF2stab/results/af2/single-repr-full/logs/P00644__E204Q__mutant.log
[GPU1] Running P00644__Q205F with single repr dump -> /data/store-data/yeyh/scripts/AF2stab/results/af2/single-repr-full/logs/P00644__Q205F__mutant.log
[GPU2] Running P00644__H206G with single repr dump -> /data/store-data/yeyh/scripts/AF2stab/results/af2/single-repr-full/logs/P00644__H206G__mutant.log
[GPU0] Running P00644__E204F with single repr dump -> /data/store-data/yeyh/scripts/AF2stab/results/af2/single-repr-full/logs/P00644__E204F__mutant.log
[GPU3] Running P00644__H206A with single repr dump -> /data/store-data/yeyh/scripts/AF2stab/results/af2/single-repr-full/logs/P00644__H206A__mutant.log
[GPU1] Running P00644__H206F with single repr dump -> /data/store-data/yeyh/scripts/AF2stab/results/af2/single-repr-full/logs/P00644__H206F__mutant.log
[GPU2] Running P00644__L207E with single repr dump -> /data/store-data/yeyh/scripts/AF2stab/results/af2/single-repr-full/logs/P00644__L207E__mutant.log
[GPU3] Running P00644__H206L with single repr dump -> /data/store-data/yeyh/scripts/AF2stab/results/af2/single-repr-full/logs/P00644__H206L__mutant.log
[GPU0] Running P00644__Q205A with single repr dump -> /data/store-data/yeyh/scripts/AF2stab/results/af2/single-repr-full/logs/P00644__Q205A__mutant.log
[GPU1] Running P00644__L207A with single repr dump -> /data/store-data/yeyh/scripts/AF2stab/results/af2/single-repr-full/logs/P00644__L207A__mutant.log
[GPU2] Running P00644__R208A with single repr dump -> /data/store-data/yeyh/scripts/AF2stab/results/af2/single-repr-full/logs/P00644__R208A__mutant.log
[GPU0] Running P00644__H206E with single repr dump -> /data/store-data/yeyh/scripts/AF2stab/results/af2/single-repr-full/logs/P00644__H206E__mutant.log
[GPU3] Running P00644__L207G with single repr dump -> /data/store-data/yeyh/scripts/AF2stab/results/af2/single-repr-full/logs/P00644__L207G__mutant.log
[GPU1] Running P00644__L207V with single repr dump -> /data/store-data/yeyh/scripts/AF2stab/results/af2/single-repr-full/logs/P00644__L207V__mutant.log
[GPU2] Running P00644__K209G with single repr dump -> /data/store-data/yeyh/scripts/AF2stab/results/af2/single-repr-full/logs/P00644__K209G__mutant.log
[GPU0] Running P00644__H206Q with single repr dump -> /data/store-data/yeyh/scripts/AF2stab/results/af2/single-repr-full/logs/P00644__H206Q__mutant.log
[GPU3] Running P00644__R208G with single repr dump -> /data/store-data/yeyh/scripts/AF2stab/results/af2/single-repr-full/logs/P00644__R208G__mutant.log
[GPU1] Running P00644__K209F with single repr dump -> /data/store-data/yeyh/scripts/AF2stab/results/af2/single-repr-full/logs/P00644__K209F__mutant.log
[GPU2] Running P00644__E211A with single repr dump -> /data/store-data/yeyh/scripts/AF2stab/results/af2/single-repr-full/logs/P00644__E211A__mutant.log
[GPU0] Running P00644__L207I with single repr dump -> /data/store-data/yeyh/scripts/AF2stab/results/af2/single-repr-full/logs/P00644__L207I__mutant.log
[GPU3] Running P00644__S210A with single repr dump -> /data/store-data/yeyh/scripts/AF2stab/results/af2/single-repr-full/logs/P00644__S210A__mutant.log
[GPU1] Running P00644__S210G with single repr dump -> /data/store-data/yeyh/scripts/AF2stab/results/af2/single-repr-full/logs/P00644__S210G__mutant.log
[GPU2] Running P00644__A212V with single repr dump -> /data/store-data/yeyh/scripts/AF2stab/results/af2/single-repr-full/logs/P00644__A212V__mutant.log
[GPU0] Running P00644__K209A with single repr dump -> /data/store-data/yeyh/scripts/AF2stab/results/af2/single-repr-full/logs/P00644__K209A__mutant.log
[GPU3] Running P00644__E211F with single repr dump -> /data/store-data/yeyh/scripts/AF2stab/results/af2/single-repr-full/logs/P00644__E211F__mutant.log
[GPU1] Running P00644__A212G with single repr dump -> /data/store-data/yeyh/scripts/AF2stab/results/af2/single-repr-full/logs/P00644__A212G__mutant.log
[GPU2] Running P00644__A214E with single repr dump -> /data/store-data/yeyh/scripts/AF2stab/results/af2/single-repr-full/logs/P00644__A214E__mutant.log
[GPU0] Running P00644__S210F with single repr dump -> /data/store-data/yeyh/scripts/AF2stab/results/af2/single-repr-full/logs/P00644__S210F__mutant.log
[GPU3] Running P00644__Q213A with single repr dump -> /data/store-data/yeyh/scripts/AF2stab/results/af2/single-repr-full/logs/P00644__Q213A__mutant.log
[GPU1] Running P00644__Q213G with single repr dump -> /data/store-data/yeyh/scripts/AF2stab/results/af2/single-repr-full/logs/P00644__Q213G__mutant.log
[GPU2] Running P00644__K215F with single repr dump -> /data/store-data/yeyh/scripts/AF2stab/results/af2/single-repr-full/logs/P00644__K215F__mutant.log
[GPU0] Running P00644__E211G with single repr dump -> /data/store-data/yeyh/scripts/AF2stab/results/af2/single-repr-full/logs/P00644__E211G__mutant.log
[GPU3] Running P00644__A214G with single repr dump -> /data/store-data/yeyh/scripts/AF2stab/results/af2/single-repr-full/logs/P00644__A214G__mutant.log
[GPU1] Running P00644__K215A with single repr dump -> /data/store-data/yeyh/scripts/AF2stab/results/af2/single-repr-full/logs/P00644__K215A__mutant.log
[GPU0] Running P00644__Q213F with single repr dump -> /data/store-data/yeyh/scripts/AF2stab/results/af2/single-repr-full/logs/P00644__Q213F__mutant.log
[GPU2] Running P00644__K216C with single repr dump -> /data/store-data/yeyh/scripts/AF2stab/results/af2/single-repr-full/logs/P00644__K216C__mutant.log
[GPU3] Running P00644__K215G with single repr dump -> /data/store-data/yeyh/scripts/AF2stab/results/af2/single-repr-full/logs/P00644__K215G__mutant.log
[GPU1] Running P00644__K216A with single repr dump -> /data/store-data/yeyh/scripts/AF2stab/results/af2/single-repr-full/logs/P00644__K216A__mutant.log
[GPU0] Running P00644__A214V with single repr dump -> /data/store-data/yeyh/scripts/AF2stab/results/af2/single-repr-full/logs/P00644__A214V__mutant.log
[GPU2] Running P00644__E217F with single repr dump -> /data/store-data/yeyh/scripts/AF2stab/results/af2/single-repr-full/logs/P00644__E217F__mutant.log
[GPU3] Running P00644__K216F with single repr dump -> /data/store-data/yeyh/scripts/AF2stab/results/af2/single-repr-full/logs/P00644__K216F__mutant.log
[GPU1] Running P00644__E217A with single repr dump -> /data/store-data/yeyh/scripts/AF2stab/results/af2/single-repr-full/logs/P00644__E217A__mutant.log
[GPU0] Running P00644__K215Q with single repr dump -> /data/store-data/yeyh/scripts/AF2stab/results/af2/single-repr-full/logs/P00644__K215Q__mutant.log
[GPU2] Running P00644__K218A with single repr dump -> /data/store-data/yeyh/scripts/AF2stab/results/af2/single-repr-full/logs/P00644__K218A__mutant.log
[GPU3] Running P00644__E217G with single repr dump -> /data/store-data/yeyh/scripts/AF2stab/results/af2/single-repr-full/logs/P00644__E217G__mutant.log
[GPU1] Running P00644__E217Q with single repr dump -> /data/store-data/yeyh/scripts/AF2stab/results/af2/single-repr-full/logs/P00644__E217Q__mutant.log
[GPU0] Running P00644__K216G with single repr dump -> /data/store-data/yeyh/scripts/AF2stab/results/af2/single-repr-full/logs/P00644__K216G__mutant.log
[GPU2] Running P00644__L219G with single repr dump -> /data/store-data/yeyh/scripts/AF2stab/results/af2/single-repr-full/logs/P00644__L219G__mutant.log
[GPU3] Running P00644__K218F with single repr dump -> /data/store-data/yeyh/scripts/AF2stab/results/af2/single-repr-full/logs/P00644__K218F__mutant.log
[GPU1] Running P00644__L219A with single repr dump -> /data/store-data/yeyh/scripts/AF2stab/results/af2/single-repr-full/logs/P00644__L219A__mutant.log
[GPU0] Running P00644__E217K with single repr dump -> /data/store-data/yeyh/scripts/AF2stab/results/af2/single-repr-full/logs/P00644__E217K__mutant.log
[GPU2] Running P00644__N220G with single repr dump -> /data/store-data/yeyh/scripts/AF2stab/results/af2/single-repr-full/logs/P00644__N220G__mutant.log
[GPU3] Running P00644__L219I with single repr dump -> /data/store-data/yeyh/scripts/AF2stab/results/af2/single-repr-full/logs/P00644__L219I__mutant.log
[GPU1] Running P00644__N220A with single repr dump -> /data/store-data/yeyh/scripts/AF2stab/results/af2/single-repr-full/logs/P00644__N220A__mutant.log
[GPU0] Running P00644__K218G with single repr dump -> /data/store-data/yeyh/scripts/AF2stab/results/af2/single-repr-full/logs/P00644__K218G__mutant.log
[GPU2] Running P00644__I221M with single repr dump -> /data/store-data/yeyh/scripts/AF2stab/results/af2/single-repr-full/logs/P00644__I221M__mutant.log
[GPU3] Running P00644__I221A with single repr dump -> /data/store-data/yeyh/scripts/AF2stab/results/af2/single-repr-full/logs/P00644__I221A__mutant.log
[GPU1] Running P00644__I221L with single repr dump -> /data/store-data/yeyh/scripts/AF2stab/results/af2/single-repr-full/logs/P00644__I221L__mutant.log
[GPU0] Running P00644__L219V with single repr dump -> /data/store-data/yeyh/scripts/AF2stab/results/af2/single-repr-full/logs/P00644__L219V__mutant.log
[GPU2] Running P00644__W222L with single repr dump -> /data/store-data/yeyh/scripts/AF2stab/results/af2/single-repr-full/logs/P00644__W222L__mutant.log
[GPU3] Running P00644__I221V with single repr dump -> /data/store-data/yeyh/scripts/AF2stab/results/af2/single-repr-full/logs/P00644__I221V__mutant.log
[GPU1] Running P00644__W222H with single repr dump -> /data/store-data/yeyh/scripts/AF2stab/results/af2/single-repr-full/logs/P00644__W222H__mutant.log
[GPU0] Running P00644__I221G with single repr dump -> /data/store-data/yeyh/scripts/AF2stab/results/af2/single-repr-full/logs/P00644__I221G__mutant.log
[GPU2] Running P00644__E224A with single repr dump -> /data/store-data/yeyh/scripts/AF2stab/results/af2/single-repr-full/logs/P00644__E224A__mutant.log
[GPU3] Running P00644__W222Y with single repr dump -> /data/store-data/yeyh/scripts/AF2stab/results/af2/single-repr-full/logs/P00644__W222Y__mutant.log
[GPU1] Running P00644__S223G with single repr dump -> /data/store-data/yeyh/scripts/AF2stab/results/af2/single-repr-full/logs/P00644__S223G__mutant.log
[GPU0] Running P00644__W222F with single repr dump -> /data/store-data/yeyh/scripts/AF2stab/results/af2/single-repr-full/logs/P00644__W222F__mutant.log
[GPU3] Running P00644__E224G with single repr dump -> /data/store-data/yeyh/scripts/AF2stab/results/af2/single-repr-full/logs/P00644__E224G__mutant.log
[GPU2] Running P00644__D225G with single repr dump -> /data/store-data/yeyh/scripts/AF2stab/results/af2/single-repr-full/logs/P00644__D225G__mutant.log
[GPU1] Running P00644__D225F with single repr dump -> /data/store-data/yeyh/scripts/AF2stab/results/af2/single-repr-full/logs/P00644__D225F__mutant.log
[GPU0] Running P00644__S223A with single repr dump -> /data/store-data/yeyh/scripts/AF2stab/results/af2/single-repr-full/logs/P00644__S223A__mutant.log
[GPU3] Running P00644__D225K with single repr dump -> /data/store-data/yeyh/scripts/AF2stab/results/af2/single-repr-full/logs/P00644__D225K__mutant.log
[GPU2] Running P00644__N226G with single repr dump -> /data/store-data/yeyh/scripts/AF2stab/results/af2/single-repr-full/logs/P00644__N226G__mutant.log
[GPU1] Running P00644__N226A with single repr dump -> /data/store-data/yeyh/scripts/AF2stab/results/af2/single-repr-full/logs/P00644__N226A__mutant.log
[GPU0] Running P00644__D225A with single repr dump -> /data/store-data/yeyh/scripts/AF2stab/results/af2/single-repr-full/logs/P00644__D225A__mutant.log
[GPU3] Running P00644__A227G with single repr dump -> /data/store-data/yeyh/scripts/AF2stab/results/af2/single-repr-full/logs/P00644__A227G__mutant.log
[GPU2] Running P00644__D228G with single repr dump -> /data/store-data/yeyh/scripts/AF2stab/results/af2/single-repr-full/logs/P00644__D228G__mutant.log
[GPU1] Running P00644__D228A with single repr dump -> /data/store-data/yeyh/scripts/AF2stab/results/af2/single-repr-full/logs/P00644__D228A__mutant.log
[GPU3] Running P00644__Q231G with single repr dump -> /data/store-data/yeyh/scripts/AF2stab/results/af2/single-repr-full/logs/P00644__Q231G__mutant.log
[GPU2] Running P00648__I51V with single repr dump -> /data/store-data/yeyh/scripts/AF2stab/results/af2/single-repr-full/logs/P00648__I51V__mutant.log
[GPU0] Running P00644__D225N with single repr dump -> /data/store-data/yeyh/scripts/AF2stab/results/af2/single-repr-full/logs/P00644__D225N__mutant.log
[GPU1] Running P00648__I51A with single repr dump -> /data/store-data/yeyh/scripts/AF2stab/results/af2/single-repr-full/logs/P00648__I51A__mutant.log
[GPU2] Running P00648__T53E with single repr dump -> /data/store-data/yeyh/scripts/AF2stab/results/af2/single-repr-full/logs/P00648__T53E__mutant.log
[GPU3] Running P00648__N52A with single repr dump -> /data/store-data/yeyh/scripts/AF2stab/results/af2/single-repr-full/logs/P00648__N52A__mutant.log
[GPU1] Running P00648__T53D with single repr dump -> /data/store-data/yeyh/scripts/AF2stab/results/af2/single-repr-full/logs/P00648__T53D__mutant.log
[GPU0] Running P00644__A227V with single repr dump -> /data/store-data/yeyh/scripts/AF2stab/results/af2/single-repr-full/logs/P00644__A227V__mutant.log
[GPU3] Running P00648__T53G with single repr dump -> /data/store-data/yeyh/scripts/AF2stab/results/af2/single-repr-full/logs/P00648__T53G__mutant.log
[GPU2] Running P00648__T53P with single repr dump -> /data/store-data/yeyh/scripts/AF2stab/results/af2/single-repr-full/logs/P00648__T53P__mutant.log
[GPU1] Running P00648__T53N with single repr dump -> /data/store-data/yeyh/scripts/AF2stab/results/af2/single-repr-full/logs/P00648__T53N__mutant.log
[GPU0] Running P00648 with single repr dump -> /data/store-data/yeyh/scripts/AF2stab/results/af2/single-repr-full/logs/P00648__I51A__wt.log
[GPU2] Running P00648__D55A with single repr dump -> /data/store-data/yeyh/scripts/AF2stab/results/af2/single-repr-full/logs/P00648__D55A__mutant.log
[GPU3] Running P00648__T53Q with single repr dump -> /data/store-data/yeyh/scripts/AF2stab/results/af2/single-repr-full/logs/P00648__T53Q__mutant.log
[GPU0] Running P00648__T53A with single repr dump -> /data/store-data/yeyh/scripts/AF2stab/results/af2/single-repr-full/logs/P00648__T53A__mutant.log
[GPU1] Running P00648__F54L with single repr dump -> /data/store-data/yeyh/scripts/AF2stab/results/af2/single-repr-full/logs/P00648__F54L__mutant.log
[GPU3] Running P00648__D55G with single repr dump -> /data/store-data/yeyh/scripts/AF2stab/results/af2/single-repr-full/logs/P00648__D55G__mutant.log
[GPU1] Running P00648__V57A with single repr dump -> /data/store-data/yeyh/scripts/AF2stab/results/af2/single-repr-full/logs/P00648__V57A__mutant.log
[GPU0] Running P00648__T53H with single repr dump -> /data/store-data/yeyh/scripts/AF2stab/results/af2/single-repr-full/logs/P00648__T53H__mutant.log
[GPU2] Running P00648__V57T with single repr dump -> /data/store-data/yeyh/scripts/AF2stab/results/af2/single-repr-full/logs/P00648__V57T__mutant.log
[GPU1] Running P00648__D59S with single repr dump -> /data/store-data/yeyh/scripts/AF2stab/results/af2/single-repr-full/logs/P00648__D59S__mutant.log
[GPU0] Running P00648__T53S with single repr dump -> /data/store-data/yeyh/scripts/AF2stab/results/af2/single-repr-full/logs/P00648__T53S__mutant.log
[GPU3] Running P00648__D59A with single repr dump -> /data/store-data/yeyh/scripts/AF2stab/results/af2/single-repr-full/logs/P00648__D59A__mutant.log
[GPU2] Running P00648__Y60A with single repr dump -> /data/store-data/yeyh/scripts/AF2stab/results/af2/single-repr-full/logs/P00648__Y60A__mutant.log
[GPU1] Running P00648__L61A with single repr dump -> /data/store-data/yeyh/scripts/AF2stab/results/af2/single-repr-full/logs/P00648__L61A__mutant.log
[GPU0] Running P00648__D55S with single repr dump -> /data/store-data/yeyh/scripts/AF2stab/results/af2/single-repr-full/logs/P00648__D55S__mutant.log
[GPU3] Running P00648__Y60F with single repr dump -> /data/store-data/yeyh/scripts/AF2stab/results/af2/single-repr-full/logs/P00648__Y60F__mutant.log
[GPU2] Running P00648__Q62A with single repr dump -> /data/store-data/yeyh/scripts/AF2stab/results/af2/single-repr-full/logs/P00648__Q62A__mutant.log
[GPU1] Running P00648__T63A with single repr dump -> /data/store-data/yeyh/scripts/AF2stab/results/af2/single-repr-full/logs/P00648__T63A__mutant.log
[GPU0] Running P00648__D59G with single repr dump -> /data/store-data/yeyh/scripts/AF2stab/results/af2/single-repr-full/logs/P00648__D59G__mutant.log
[GPU3] Running P00648__Q62G with single repr dump -> /data/store-data/yeyh/scripts/AF2stab/results/af2/single-repr-full/logs/P00648__Q62G__mutant.log
[GPU2] Running P00648__T63G with single repr dump -> /data/store-data/yeyh/scripts/AF2stab/results/af2/single-repr-full/logs/P00648__T63G__mutant.log
[GPU0] Running P00648__Y60G with single repr dump -> /data/store-data/yeyh/scripts/AF2stab/results/af2/single-repr-full/logs/P00648__Y60G__mutant.log
[GPU1] Running P00648__Y64A with single repr dump -> /data/store-data/yeyh/scripts/AF2stab/results/af2/single-repr-full/logs/P00648__Y64A__mutant.log
[GPU3] Running P00648__T63R with single repr dump -> /data/store-data/yeyh/scripts/AF2stab/results/af2/single-repr-full/logs/P00648__T63R__mutant.log
[GPU2] Running P00648__Y64F with single repr dump -> /data/store-data/yeyh/scripts/AF2stab/results/af2/single-repr-full/logs/P00648__Y64F__mutant.log
[GPU3] Running P00648__Y64G with single repr dump -> /data/store-data/yeyh/scripts/AF2stab/results/af2/single-repr-full/logs/P00648__Y64G__mutant.log
[GPU0] Running P00648__Q62I with single repr dump -> /data/store-data/yeyh/scripts/AF2stab/results/af2/single-repr-full/logs/P00648__Q62I__mutant.log
[GPU1] Running P00648__H65A with single repr dump -> /data/store-data/yeyh/scripts/AF2stab/results/af2/single-repr-full/logs/P00648__H65A__mutant.log
[GPU2] Running P00648__H65D with single repr dump -> /data/store-data/yeyh/scripts/AF2stab/results/af2/single-repr-full/logs/P00648__H65D__mutant.log
[GPU1] Running P00648__H65N with single repr dump -> /data/store-data/yeyh/scripts/AF2stab/results/af2/single-repr-full/logs/P00648__H65N__mutant.log
[GPU0] Running P00648__T63S with single repr dump -> /data/store-data/yeyh/scripts/AF2stab/results/af2/single-repr-full/logs/P00648__T63S__mutant.log
[GPU3] Running P00648__H65G with single repr dump -> /data/store-data/yeyh/scripts/AF2stab/results/af2/single-repr-full/logs/P00648__H65G__mutant.log
[GPU2] Running P00648__H65Q with single repr dump -> /data/store-data/yeyh/scripts/AF2stab/results/af2/single-repr-full/logs/P00648__H65Q__mutant.log
[GPU0] Running P00648__Y64S with single repr dump -> /data/store-data/yeyh/scripts/AF2stab/results/af2/single-repr-full/logs/P00648__Y64S__mutant.log
[GPU3] Running P00648__H65R with single repr dump -> /data/store-data/yeyh/scripts/AF2stab/results/af2/single-repr-full/logs/P00648__H65R__mutant.log
[GPU1] Running P00648__K66A with single repr dump -> /data/store-data/yeyh/scripts/AF2stab/results/af2/single-repr-full/logs/P00648__K66A__mutant.log
[GPU2] Running P00648__K66R with single repr dump -> /data/store-data/yeyh/scripts/AF2stab/results/af2/single-repr-full/logs/P00648__K66R__mutant.log
[GPU0] Running P00648__H65K with single repr dump -> /data/store-data/yeyh/scripts/AF2stab/results/af2/single-repr-full/logs/P00648__H65K__mutant.log
[GPU3] Running P00648__D69M with single repr dump -> /data/store-data/yeyh/scripts/AF2stab/results/af2/single-repr-full/logs/P00648__D69M__mutant.log
[GPU1] Running P00648__Y71F with single repr dump -> /data/store-data/yeyh/scripts/AF2stab/results/af2/single-repr-full/logs/P00648__Y71F__mutant.log
[GPU2] Running P00648__I72A with single repr dump -> /data/store-data/yeyh/scripts/AF2stab/results/af2/single-repr-full/logs/P00648__I72A__mutant.log
[GPU0] Running P00648__H65S with single repr dump -> /data/store-data/yeyh/scripts/AF2stab/results/af2/single-repr-full/logs/P00648__H65S__mutant.log
[GPU1] Running P00648__T73D with single repr dump -> /data/store-data/yeyh/scripts/AF2stab/results/af2/single-repr-full/logs/P00648__T73D__mutant.log
[GPU3] Running P00648__I72V with single repr dump -> /data/store-data/yeyh/scripts/AF2stab/results/af2/single-repr-full/logs/P00648__I72V__mutant.log
[GPU2] Running P00648__T73E with single repr dump -> /data/store-data/yeyh/scripts/AF2stab/results/af2/single-repr-full/logs/P00648__T73E__mutant.log
[GPU0] Running P00648__N70A with single repr dump -> /data/store-data/yeyh/scripts/AF2stab/results/af2/single-repr-full/logs/P00648__N70A__mutant.log
[GPU3] Running P00648__T73G with single repr dump -> /data/store-data/yeyh/scripts/AF2stab/results/af2/single-repr-full/logs/P00648__T73G__mutant.log
[GPU2] Running P00648__T73Q with single repr dump -> /data/store-data/yeyh/scripts/AF2stab/results/af2/single-repr-full/logs/P00648__T73Q__mutant.log
[GPU1] Running P00648__T73N with single repr dump -> /data/store-data/yeyh/scripts/AF2stab/results/af2/single-repr-full/logs/P00648__T73N__mutant.log
[GPU3] Running P00648__T73S with single repr dump -> /data/store-data/yeyh/scripts/AF2stab/results/af2/single-repr-full/logs/P00648__T73S__mutant.log
[GPU0] Running P00648__T73A with single repr dump -> /data/store-data/yeyh/scripts/AF2stab/results/af2/single-repr-full/logs/P00648__T73A__mutant.log
[GPU2] Running P00648__K74G with single repr dump -> /data/store-data/yeyh/scripts/AF2stab/results/af2/single-repr-full/logs/P00648__K74G__mutant.log
[GPU1] Running P00648__K74A with single repr dump -> /data/store-data/yeyh/scripts/AF2stab/results/af2/single-repr-full/logs/P00648__K74A__mutant.log
[GPU0] Running P00648__T73H with single repr dump -> /data/store-data/yeyh/scripts/AF2stab/results/af2/single-repr-full/logs/P00648__T73H__mutant.log
[GPU1] Running P00648__S75G with single repr dump -> /data/store-data/yeyh/scripts/AF2stab/results/af2/single-repr-full/logs/P00648__S75G__mutant.log
[GPU2] Running P00648__E76A with single repr dump -> /data/store-data/yeyh/scripts/AF2stab/results/af2/single-repr-full/logs/P00648__E76A__mutant.log
[GPU3] Running P00648__S75A with single repr dump -> /data/store-data/yeyh/scripts/AF2stab/results/af2/single-repr-full/logs/P00648__S75A__mutant.log
[GPU2] Running P00648__Q78A with single repr dump -> /data/store-data/yeyh/scripts/AF2stab/results/af2/single-repr-full/logs/P00648__Q78A__mutant.log
[GPU0] Running P00648__T73V with single repr dump -> /data/store-data/yeyh/scripts/AF2stab/results/af2/single-repr-full/logs/P00648__T73V__mutant.log
[GPU1] Running P00648__E76S with single repr dump -> /data/store-data/yeyh/scripts/AF2stab/results/af2/single-repr-full/logs/P00648__E76S__mutant.log
[GPU3] Running P00648__E76G with single repr dump -> /data/store-data/yeyh/scripts/AF2stab/results/af2/single-repr-full/logs/P00648__E76G__mutant.log
[GPU1] Running P00648__A79C with single repr dump -> /data/store-data/yeyh/scripts/AF2stab/results/af2/single-repr-full/logs/P00648__A79C__mutant.log
[GPU3] Running P00648__Q78G with single repr dump -> /data/store-data/yeyh/scripts/AF2stab/results/af2/single-repr-full/logs/P00648__Q78G__mutant.log
[GPU2] Running P00648__A79D with single repr dump -> /data/store-data/yeyh/scripts/AF2stab/results/af2/single-repr-full/logs/P00648__A79D__mutant.log
[GPU0] Running P00648__S75E with single repr dump -> /data/store-data/yeyh/scripts/AF2stab/results/af2/single-repr-full/logs/P00648__S75E__mutant.log
[GPU2] Running P00648__A79H with single repr dump -> /data/store-data/yeyh/scripts/AF2stab/results/af2/single-repr-full/logs/P00648__A79H__mutant.log
[GPU1] Running P00648__A79G with single repr dump -> /data/store-data/yeyh/scripts/AF2stab/results/af2/single-repr-full/logs/P00648__A79G__mutant.log
[GPU3] Running P00648__A79E with single repr dump -> /data/store-data/yeyh/scripts/AF2stab/results/af2/single-repr-full/logs/P00648__A79E__mutant.log
[GPU0] Running P00648__E76Q with single repr dump -> /data/store-data/yeyh/scripts/AF2stab/results/af2/single-repr-full/logs/P00648__E76Q__mutant.log
[GPU1] Running P00648__A79L with single repr dump -> /data/store-data/yeyh/scripts/AF2stab/results/af2/single-repr-full/logs/P00648__A79L__mutant.log
[GPU2] Running P00648__A79M with single repr dump -> /data/store-data/yeyh/scripts/AF2stab/results/af2/single-repr-full/logs/P00648__A79M__mutant.log
[GPU0] Running P00648__Q78S with single repr dump -> /data/store-data/yeyh/scripts/AF2stab/results/af2/single-repr-full/logs/P00648__Q78S__mutant.log
[GPU3] Running P00648__A79I with single repr dump -> /data/store-data/yeyh/scripts/AF2stab/results/af2/single-repr-full/logs/P00648__A79I__mutant.log
[GPU1] Running P00648__A79Q with single repr dump -> /data/store-data/yeyh/scripts/AF2stab/results/af2/single-repr-full/logs/P00648__A79Q__mutant.log
[GPU0] Running P00648__A79F with single repr dump -> /data/store-data/yeyh/scripts/AF2stab/results/af2/single-repr-full/logs/P00648__A79F__mutant.log
[GPU2] Running P00648__A79R with single repr dump -> /data/store-data/yeyh/scripts/AF2stab/results/af2/single-repr-full/logs/P00648__A79R__mutant.log
[GPU3] Running P00648__A79N with single repr dump -> /data/store-data/yeyh/scripts/AF2stab/results/af2/single-repr-full/logs/P00648__A79N__mutant.log
[GPU0] Running P00648__A79K with single repr dump -> /data/store-data/yeyh/scripts/AF2stab/results/af2/single-repr-full/logs/P00648__A79K__mutant.log
[GPU2] Running P00648__A79W with single repr dump -> /data/store-data/yeyh/scripts/AF2stab/results/af2/single-repr-full/logs/P00648__A79W__mutant.log
[GPU3] Running P00648__A79S with single repr dump -> /data/store-data/yeyh/scripts/AF2stab/results/af2/single-repr-full/logs/P00648__A79S__mutant.log
[GPU1] Running P00648__A79V with single repr dump -> /data/store-data/yeyh/scripts/AF2stab/results/af2/single-repr-full/logs/P00648__A79V__mutant.log
[GPU1] Running P00648__G81A with single repr dump -> /data/store-data/yeyh/scripts/AF2stab/results/af2/single-repr-full/logs/P00648__G81A__mutant.log
[GPU2] Running P00648__G81D with single repr dump -> /data/store-data/yeyh/scripts/AF2stab/results/af2/single-repr-full/logs/P00648__G81D__mutant.log
[GPU0] Running P00648__A79P with single repr dump -> /data/store-data/yeyh/scripts/AF2stab/results/af2/single-repr-full/logs/P00648__A79P__mutant.log
[GPU3] Running P00648__A79Y with single repr dump -> /data/store-data/yeyh/scripts/AF2stab/results/af2/single-repr-full/logs/P00648__A79Y__mutant.log
[GPU3] Running P00648__G81H with single repr dump -> /data/store-data/yeyh/scripts/AF2stab/results/af2/single-repr-full/logs/P00648__G81H__mutant.log
[GPU1] Running P00648__G81N with single repr dump -> /data/store-data/yeyh/scripts/AF2stab/results/af2/single-repr-full/logs/P00648__G81N__mutant.log
[GPU2] Running P00648__G81R with single repr dump -> /data/store-data/yeyh/scripts/AF2stab/results/af2/single-repr-full/logs/P00648__G81R__mutant.log
[GPU0] Running P00648__A79T with single repr dump -> /data/store-data/yeyh/scripts/AF2stab/results/af2/single-repr-full/logs/P00648__A79T__mutant.log
[GPU1] Running P00648__V83A with single repr dump -> /data/store-data/yeyh/scripts/AF2stab/results/af2/single-repr-full/logs/P00648__V83A__mutant.log
[GPU3] Running P00648__G81S with single repr dump -> /data/store-data/yeyh/scripts/AF2stab/results/af2/single-repr-full/logs/P00648__G81S__mutant.log
[GPU0] Running P00648__L80Q with single repr dump -> /data/store-data/yeyh/scripts/AF2stab/results/af2/single-repr-full/logs/P00648__L80Q__mutant.log
[GPU2] Running P00648__V83T with single repr dump -> /data/store-data/yeyh/scripts/AF2stab/results/af2/single-repr-full/logs/P00648__V83T__mutant.log
[GPU0] Running P00648__G81K with single repr dump -> /data/store-data/yeyh/scripts/AF2stab/results/af2/single-repr-full/logs/P00648__G81K__mutant.log
[GPU2] Running P00648__L89V with single repr dump -> /data/store-data/yeyh/scripts/AF2stab/results/af2/single-repr-full/logs/P00648__L89V__mutant.log
[GPU3] Running P00648__S85A with single repr dump -> /data/store-data/yeyh/scripts/AF2stab/results/af2/single-repr-full/logs/P00648__S85A__mutant.log
[GPU1] Running P00648__L89T with single repr dump -> /data/store-data/yeyh/scripts/AF2stab/results/af2/single-repr-full/logs/P00648__L89T__mutant.log
[GPU3] Running P00648__D91E with single repr dump -> /data/store-data/yeyh/scripts/AF2stab/results/af2/single-repr-full/logs/P00648__D91E__mutant.log
[GPU0] Running P00648__G81T with single repr dump -> /data/store-data/yeyh/scripts/AF2stab/results/af2/single-repr-full/logs/P00648__G81T__mutant.log
[GPU1] Running P00648__V92T with single repr dump -> /data/store-data/yeyh/scripts/AF2stab/results/af2/single-repr-full/logs/P00648__V92T__mutant.log
[GPU2] Running P00648__I98A with single repr dump -> /data/store-data/yeyh/scripts/AF2stab/results/af2/single-repr-full/logs/P00648__I98A__mutant.log
[GPU3] Running P00648__I98V with single repr dump -> /data/store-data/yeyh/scripts/AF2stab/results/af2/single-repr-full/logs/P00648__I98V__mutant.log
[GPU2] Running P00648__G100A with single repr dump -> /data/store-data/yeyh/scripts/AF2stab/results/af2/single-repr-full/logs/P00648__G100A__mutant.log
[GPU1] Running P00648__G99V with single repr dump -> /data/store-data/yeyh/scripts/AF2stab/results/af2/single-repr-full/logs/P00648__G99V__mutant.log
[GPU0] Running P00648__N88D with single repr dump -> /data/store-data/yeyh/scripts/AF2stab/results/af2/single-repr-full/logs/P00648__N88D__mutant.log
[GPU0] Running P00648__V92A with single repr dump -> /data/store-data/yeyh/scripts/AF2stab/results/af2/single-repr-full/logs/P00648__V92A__mutant.log
[GPU2] Running P00648__I102A with single repr dump -> /data/store-data/yeyh/scripts/AF2stab/results/af2/single-repr-full/logs/P00648__I102A__mutant.log
[GPU1] Running P00648__D101N with single repr dump -> /data/store-data/yeyh/scripts/AF2stab/results/af2/single-repr-full/logs/P00648__D101N__mutant.log
[GPU3] Running P00648__G100V with single repr dump -> /data/store-data/yeyh/scripts/AF2stab/results/af2/single-repr-full/logs/P00648__G100V__mutant.log
[GPU2] Running P00648__S104A with single repr dump -> /data/store-data/yeyh/scripts/AF2stab/results/af2/single-repr-full/logs/P00648__S104A__mutant.log
[GPU0] Running P00648__G99A with single repr dump -> /data/store-data/yeyh/scripts/AF2stab/results/af2/single-repr-full/logs/P00648__G99A__mutant.log
[GPU3] Running P00648__I102G with single repr dump -> /data/store-data/yeyh/scripts/AF2stab/results/af2/single-repr-full/logs/P00648__I102G__mutant.log
[GPU1] Running P00648__I102V with single repr dump -> /data/store-data/yeyh/scripts/AF2stab/results/af2/single-repr-full/logs/P00648__I102V__mutant.log
[GPU0] Running P00648__D101A with single repr dump -> /data/store-data/yeyh/scripts/AF2stab/results/af2/single-repr-full/logs/P00648__D101A__mutant.log
[GPU2] Running P00648__K109R with single repr dump -> /data/store-data/yeyh/scripts/AF2stab/results/af2/single-repr-full/logs/P00648__K109R__mutant.log
[GPU1] Running P00648__R106A with single repr dump -> /data/store-data/yeyh/scripts/AF2stab/results/af2/single-repr-full/logs/P00648__R106A__mutant.log
[GPU3] Running P00648__N105A with single repr dump -> /data/store-data/yeyh/scripts/AF2stab/results/af2/single-repr-full/logs/P00648__N105A__mutant.log
[GPU0] Running P00648__I102T with single repr dump -> /data/store-data/yeyh/scripts/AF2stab/results/af2/single-repr-full/logs/P00648__I102T__mutant.log
[GPU2] Running P00648__R116M with single repr dump -> /data/store-data/yeyh/scripts/AF2stab/results/af2/single-repr-full/logs/P00648__R116M__mutant.log
[GPU1] Running P00648__R116K with single repr dump -> /data/store-data/yeyh/scripts/AF2stab/results/af2/single-repr-full/logs/P00648__R116K__mutant.log
[GPU3] Running P00648__G112S with single repr dump -> /data/store-data/yeyh/scripts/AF2stab/results/af2/single-repr-full/logs/P00648__G112S__mutant.log
[GPU0] Running P00648__N105D with single repr dump -> /data/store-data/yeyh/scripts/AF2stab/results/af2/single-repr-full/logs/P00648__N105D__mutant.log
[GPU1] Running P00648__E120A with single repr dump -> /data/store-data/yeyh/scripts/AF2stab/results/af2/single-repr-full/logs/P00648__E120A__mutant.log
[GPU2] Running P00648__E120F with single repr dump -> /data/store-data/yeyh/scripts/AF2stab/results/af2/single-repr-full/logs/P00648__E120F__mutant.log
[GPU3] Running P00648__R116S with single repr dump -> /data/store-data/yeyh/scripts/AF2stab/results/af2/single-repr-full/logs/P00648__R116S__mutant.log
[GPU0] Running P00648__K113A with single repr dump -> /data/store-data/yeyh/scripts/AF2stab/results/af2/single-repr-full/logs/P00648__K113A__mutant.log
[GPU1] Running P00648__E120W with single repr dump -> /data/store-data/yeyh/scripts/AF2stab/results/af2/single-repr-full/logs/P00648__E120W__mutant.log
[GPU2] Running P00648__D122N with single repr dump -> /data/store-data/yeyh/scripts/AF2stab/results/af2/single-repr-full/logs/P00648__D122N__mutant.log
[GPU3] Running P00648__E120G with single repr dump -> /data/store-data/yeyh/scripts/AF2stab/results/af2/single-repr-full/logs/P00648__E120G__mutant.log
[GPU3] Running P00648__I123A with single repr dump -> /data/store-data/yeyh/scripts/AF2stab/results/af2/single-repr-full/logs/P00648__I123A__mutant.log
[GPU2] Running P00648__N124A with single repr dump -> /data/store-data/yeyh/scripts/AF2stab/results/af2/single-repr-full/logs/P00648__N124A__mutant.log
[GPU1] Running P00648__I123V with single repr dump -> /data/store-data/yeyh/scripts/AF2stab/results/af2/single-repr-full/logs/P00648__I123V__mutant.log
[GPU0] Running P00648__R119G with single repr dump -> /data/store-data/yeyh/scripts/AF2stab/results/af2/single-repr-full/logs/P00648__R119G__mutant.log
[GPU3] Running P00648__Y125F with single repr dump -> /data/store-data/yeyh/scripts/AF2stab/results/af2/single-repr-full/logs/P00648__Y125F__mutant.log
[GPU2] Running P00648__R130Q with single repr dump -> /data/store-data/yeyh/scripts/AF2stab/results/af2/single-repr-full/logs/P00648__R130Q__mutant.log
[GPU1] Running P00648__R130K with single repr dump -> /data/store-data/yeyh/scripts/AF2stab/results/af2/single-repr-full/logs/P00648__R130K__mutant.log
[GPU0] Running P00648__E120Q with single repr dump -> /data/store-data/yeyh/scripts/AF2stab/results/af2/single-repr-full/logs/P00648__E120Q__mutant.log
[GPU1] Running P00648__I135A with single repr dump -> /data/store-data/yeyh/scripts/AF2stab/results/af2/single-repr-full/logs/P00648__I135A__mutant.log
[GPU3] Running P00648__N131A with single repr dump -> /data/store-data/yeyh/scripts/AF2stab/results/af2/single-repr-full/logs/P00648__N131A__mutant.log
[GPU2] Running P00648__I135G with single repr dump -> /data/store-data/yeyh/scripts/AF2stab/results/af2/single-repr-full/logs/P00648__I135G__mutant.log
[GPU0] Running P00648__I123T with single repr dump -> /data/store-data/yeyh/scripts/AF2stab/results/af2/single-repr-full/logs/P00648__I123T__mutant.log
[GPU1] Running P00648__L136G with single repr dump -> /data/store-data/yeyh/scripts/AF2stab/results/af2/single-repr-full/logs/P00648__L136G__mutant.log
[GPU2] Running P00648__L136T with single repr dump -> /data/store-data/yeyh/scripts/AF2stab/results/af2/single-repr-full/logs/P00648__L136T__mutant.log
[GPU0] Running P00648__T126V with single repr dump -> /data/store-data/yeyh/scripts/AF2stab/results/af2/single-repr-full/logs/P00648__T126V__mutant.log
[GPU3] Running P00648__I135L with single repr dump -> /data/store-data/yeyh/scripts/AF2stab/results/af2/single-repr-full/logs/P00648__I135L__mutant.log
[GPU1] Running P00648__S139A with single repr dump -> /data/store-data/yeyh/scripts/AF2stab/results/af2/single-repr-full/logs/P00648__S139A__mutant.log
[GPU2] Running P00648__D140N with single repr dump -> /data/store-data/yeyh/scripts/AF2stab/results/af2/single-repr-full/logs/P00648__D140N__mutant.log
[GPU0] Running P00648__S132A with single repr dump -> /data/store-data/yeyh/scripts/AF2stab/results/af2/single-repr-full/logs/P00648__S132A__mutant.log
[GPU3] Running P00648__L136V with single repr dump -> /data/store-data/yeyh/scripts/AF2stab/results/af2/single-repr-full/logs/P00648__L136V__mutant.log
[GPU1] Running P00648__W141Y with single repr dump -> /data/store-data/yeyh/scripts/AF2stab/results/af2/single-repr-full/logs/P00648__W141Y__mutant.log
[GPU2] Running P00648__L142G with single repr dump -> /data/store-data/yeyh/scripts/AF2stab/results/af2/single-repr-full/logs/P00648__L142G__mutant.log
[GPU0] Running P00648__I135V with single repr dump -> /data/store-data/yeyh/scripts/AF2stab/results/af2/single-repr-full/logs/P00648__I135V__mutant.log
[GPU3] Running P00648__W141F with single repr dump -> /data/store-data/yeyh/scripts/AF2stab/results/af2/single-repr-full/logs/P00648__W141F__mutant.log
[GPU2] Running P00648__Y144G with single repr dump -> /data/store-data/yeyh/scripts/AF2stab/results/af2/single-repr-full/logs/P00648__Y144G__mutant.log
[GPU0] Running P00648__S138A with single repr dump -> /data/store-data/yeyh/scripts/AF2stab/results/af2/single-repr-full/logs/P00648__S138A__mutant.log
[GPU1] Running P00648__I143V with single repr dump -> /data/store-data/yeyh/scripts/AF2stab/results/af2/single-repr-full/logs/P00648__I143V__mutant.log
[GPU3] Running P00648__I143A with single repr dump -> /data/store-data/yeyh/scripts/AF2stab/results/af2/single-repr-full/logs/P00648__I143A__mutant.log
[GPU2] Running P00648__Y150F with single repr dump -> /data/store-data/yeyh/scripts/AF2stab/results/af2/single-repr-full/logs/P00648__Y150F__mutant.log
[GPU0] Running P00648__W141L with single repr dump -> /data/store-data/yeyh/scripts/AF2stab/results/af2/single-repr-full/logs/P00648__W141L__mutant.log
[GPU1] Running P00648__H149A with single repr dump -> /data/store-data/yeyh/scripts/AF2stab/results/af2/single-repr-full/logs/P00648__H149A__mutant.log
[GPU3] Running P00648__T146V with single repr dump -> /data/store-data/yeyh/scripts/AF2stab/results/af2/single-repr-full/logs/P00648__T146V__mutant.log
[GPU2] Running P00648__I156A with single repr dump -> /data/store-data/yeyh/scripts/AF2stab/results/af2/single-repr-full/logs/P00648__I156A__mutant.log
[GPU0] Running P00648__I143G with single repr dump -> /data/store-data/yeyh/scripts/AF2stab/results/af2/single-repr-full/logs/P00648__I143G__mutant.log
[GPU1] Running P00648__K155R with single repr dump -> /data/store-data/yeyh/scripts/AF2stab/results/af2/single-repr-full/logs/P00648__K155R__mutant.log
[GPU3] Running P00648__Q151A with single repr dump -> /data/store-data/yeyh/scripts/AF2stab/results/af2/single-repr-full/logs/P00648__Q151A__mutant.log
[GPU2] Running P00651__N35A with single repr dump -> /data/store-data/yeyh/scripts/AF2stab/results/af2/single-repr-full/logs/P00651__N35A__mutant.log
[GPU0] Running P00648__T147G with single repr dump -> /data/store-data/yeyh/scripts/AF2stab/results/af2/single-repr-full/logs/P00648__T147G__mutant.log
[GPU3] Running P00648__I156V with single repr dump -> /data/store-data/yeyh/scripts/AF2stab/results/af2/single-repr-full/logs/P00648__I156V__mutant.log
[GPU1] Running P00651 with single repr dump -> /data/store-data/yeyh/scripts/AF2stab/results/af2/single-repr-full/logs/P00651__N35A__wt.log
[GPU2] Running P00651__V42C with single repr dump -> /data/store-data/yeyh/scripts/AF2stab/results/af2/single-repr-full/logs/P00651__V42C__mutant.log
[GPU0] Running P00648__T152V with single repr dump -> /data/store-data/yeyh/scripts/AF2stab/results/af2/single-repr-full/logs/P00648__T152V__mutant.log
[GPU3] Running P00651__Y37F with single repr dump -> /data/store-data/yeyh/scripts/AF2stab/results/af2/single-repr-full/logs/P00651__Y37F__mutant.log
[GPU1] Running P00651__V42A with single repr dump -> /data/store-data/yeyh/scripts/AF2stab/results/af2/single-repr-full/logs/P00651__V42A__mutant.log
[GPU2] Running P00651__A47C with single repr dump -> /data/store-data/yeyh/scripts/AF2stab/results/af2/single-repr-full/logs/P00651__A47C__mutant.log
[GPU0] Running P00648__R157A with single repr dump -> /data/store-data/yeyh/scripts/AF2stab/results/af2/single-repr-full/logs/P00648__R157A__mutant.log
[GPU3] Running P00651__V42S with single repr dump -> /data/store-data/yeyh/scripts/AF2stab/results/af2/single-repr-full/logs/P00651__V42S__mutant.log
[GPU1] Running P00651__S43A with single repr dump -> /data/store-data/yeyh/scripts/AF2stab/results/af2/single-repr-full/logs/P00651__S43A__mutant.log
[GPU2] Running P00651__A47G with single repr dump -> /data/store-data/yeyh/scripts/AF2stab/results/af2/single-repr-full/logs/P00651__A47G__mutant.log
[GPU0] Running P00651__S38A with single repr dump -> /data/store-data/yeyh/scripts/AF2stab/results/af2/single-repr-full/logs/P00651__S38A__mutant.log
[GPU3] Running P00651__A47D with single repr dump -> /data/store-data/yeyh/scripts/AF2stab/results/af2/single-repr-full/logs/P00651__A47D__mutant.log
[GPU1] Running P00651__A47F with single repr dump -> /data/store-data/yeyh/scripts/AF2stab/results/af2/single-repr-full/logs/P00651__A47F__mutant.log
[GPU2] Running P00651__A47L with single repr dump -> /data/store-data/yeyh/scripts/AF2stab/results/af2/single-repr-full/logs/P00651__A47L__mutant.log
[GPU0] Running P00651__V42T with single repr dump -> /data/store-data/yeyh/scripts/AF2stab/results/af2/single-repr-full/logs/P00651__V42T__mutant.log
[GPU3] Running P00651__A47H with single repr dump -> /data/store-data/yeyh/scripts/AF2stab/results/af2/single-repr-full/logs/P00651__A47H__mutant.log
[GPU1] Running P00651__A47K with single repr dump -> /data/store-data/yeyh/scripts/AF2stab/results/af2/single-repr-full/logs/P00651__A47K__mutant.log
[GPU0] Running P00651__A47E with single repr dump -> /data/store-data/yeyh/scripts/AF2stab/results/af2/single-repr-full/logs/P00651__A47E__mutant.log
[GPU3] Running P00651__A47M with single repr dump -> /data/store-data/yeyh/scripts/AF2stab/results/af2/single-repr-full/logs/P00651__A47M__mutant.log
[GPU2] Running P00651__A47R with single repr dump -> /data/store-data/yeyh/scripts/AF2stab/results/af2/single-repr-full/logs/P00651__A47R__mutant.log
[GPU1] Running P00651__A47Q with single repr dump -> /data/store-data/yeyh/scripts/AF2stab/results/af2/single-repr-full/logs/P00651__A47Q__mutant.log
[GPU0] Running P00651__A47I with single repr dump -> /data/store-data/yeyh/scripts/AF2stab/results/af2/single-repr-full/logs/P00651__A47I__mutant.log
[GPU3] Running P00651__A47S with single repr dump -> /data/store-data/yeyh/scripts/AF2stab/results/af2/single-repr-full/logs/P00651__A47S__mutant.log
[GPU2] Running P00651__A47W with single repr dump -> /data/store-data/yeyh/scripts/AF2stab/results/af2/single-repr-full/logs/P00651__A47W__mutant.log
[GPU1] Running P00651__A47V with single repr dump -> /data/store-data/yeyh/scripts/AF2stab/results/af2/single-repr-full/logs/P00651__A47V__mutant.log
[GPU1] Running P00651__Y50W with single repr dump -> /data/store-data/yeyh/scripts/AF2stab/results/af2/single-repr-full/logs/P00651__Y50W__mutant.log
[GPU0] Running P00651__A47N with single repr dump -> /data/store-data/yeyh/scripts/AF2stab/results/af2/single-repr-full/logs/P00651__A47N__mutant.log
[GPU3] Running P00651__A47Y with single repr dump -> /data/store-data/yeyh/scripts/AF2stab/results/af2/single-repr-full/logs/P00651__A47Y__mutant.log
[GPU2] Running P00651__Q51K with single repr dump -> /data/store-data/yeyh/scripts/AF2stab/results/af2/single-repr-full/logs/P00651__Q51K__mutant.log
[GPU0] Running P00651__A47T with single repr dump -> /data/store-data/yeyh/scripts/AF2stab/results/af2/single-repr-full/logs/P00651__A47T__mutant.log
[GPU2] Running P00651__Y68F with single repr dump -> /data/store-data/yeyh/scripts/AF2stab/results/af2/single-repr-full/logs/P00651__Y68F__mutant.log
[GPU1] Running P00651__H66T with single repr dump -> /data/store-data/yeyh/scripts/AF2stab/results/af2/single-repr-full/logs/P00651__H66T__mutant.log
[GPU3] Running P00651__N62A with single repr dump -> /data/store-data/yeyh/scripts/AF2stab/results/af2/single-repr-full/logs/P00651__N62A__mutant.log
[GPU2] Running P00651__N70S with single repr dump -> /data/store-data/yeyh/scripts/AF2stab/results/af2/single-repr-full/logs/P00651__N70S__mutant.log
[GPU3] Running P00651__Y68W with single repr dump -> /data/store-data/yeyh/scripts/AF2stab/results/af2/single-repr-full/logs/P00651__Y68W__mutant.log
[GPU1] Running P00651__N70D with single repr dump -> /data/store-data/yeyh/scripts/AF2stab/results/af2/single-repr-full/logs/P00651__N70D__mutant.log
[GPU0] Running P00651__G49A with single repr dump -> /data/store-data/yeyh/scripts/AF2stab/results/af2/single-repr-full/logs/P00651__G49A__mutant.log
[GPU3] Running P00651__Y71W with single repr dump -> /data/store-data/yeyh/scripts/AF2stab/results/af2/single-repr-full/logs/P00651__Y71W__mutant.log
[GPU1] Running P00651__D75F with single repr dump -> /data/store-data/yeyh/scripts/AF2stab/results/af2/single-repr-full/logs/P00651__D75F__mutant.log
[GPU2] Running P00651__D75H with single repr dump -> /data/store-data/yeyh/scripts/AF2stab/results/af2/single-repr-full/logs/P00651__D75H__mutant.log
[GPU0] Running P00651__P65A with single repr dump -> /data/store-data/yeyh/scripts/AF2stab/results/af2/single-repr-full/logs/P00651__P65A__mutant.log
[GPU3] Running P00651__D75W with single repr dump -> /data/store-data/yeyh/scripts/AF2stab/results/af2/single-repr-full/logs/P00651__D75W__mutant.log
[GPU2] Running P00651__V78T with single repr dump -> /data/store-data/yeyh/scripts/AF2stab/results/af2/single-repr-full/logs/P00651__V78T__mutant.log
[GPU1] Running P00651__V78S with single repr dump -> /data/store-data/yeyh/scripts/AF2stab/results/af2/single-repr-full/logs/P00651__V78S__mutant.log
[GPU0] Running P00651__N70A with single repr dump -> /data/store-data/yeyh/scripts/AF2stab/results/af2/single-repr-full/logs/P00651__N70A__mutant.log
[GPU2] Running P00651__W85Y with single repr dump -> /data/store-data/yeyh/scripts/AF2stab/results/af2/single-repr-full/logs/P00651__W85Y__mutant.log
[GPU3] Running P00651__Y82F with single repr dump -> /data/store-data/yeyh/scripts/AF2stab/results/af2/single-repr-full/logs/P00651__Y82F__mutant.log
[GPU1] Running P00651__E84A with single repr dump -> /data/store-data/yeyh/scripts/AF2stab/results/af2/single-repr-full/logs/P00651__E84A__mutant.log
[GPU0] Running P00651__D75A with single repr dump -> /data/store-data/yeyh/scripts/AF2stab/results/af2/single-repr-full/logs/P00651__D75A__mutant.log
[GPU3] Running P00651__S90A with single repr dump -> /data/store-data/yeyh/scripts/AF2stab/results/af2/single-repr-full/logs/P00651__S90A__mutant.log
[GPU1] Running P00651__P99V with single repr dump -> /data/store-data/yeyh/scripts/AF2stab/results/af2/single-repr-full/logs/P00651__P99V__mutant.log
[GPU2] Running P00651__D102A with single repr dump -> /data/store-data/yeyh/scripts/AF2stab/results/af2/single-repr-full/logs/P00651__D102A__mutant.log
[GPU0] Running P00651__D75Y with single repr dump -> /data/store-data/yeyh/scripts/AF2stab/results/af2/single-repr-full/logs/P00651__D75Y__mutant.log
[GPU2] Running P00651__V104C with single repr dump -> /data/store-data/yeyh/scripts/AF2stab/results/af2/single-repr-full/logs/P00651__V104C__mutant.log
[GPU3] Running P00651__D102N with single repr dump -> /data/store-data/yeyh/scripts/AF2stab/results/af2/single-repr-full/logs/P00651__D102N__mutant.log
[GPU1] Running P00651__V104A with single repr dump -> /data/store-data/yeyh/scripts/AF2stab/results/af2/single-repr-full/logs/P00651__V104A__mutant.log
[GPU0] Running P00651__Y83F with single repr dump -> /data/store-data/yeyh/scripts/AF2stab/results/af2/single-repr-full/logs/P00651__Y83F__mutant.log
[GPU0] Running P00651__Y94F with single repr dump -> /data/store-data/yeyh/scripts/AF2stab/results/af2/single-repr-full/logs/P00651__Y94F__mutant.log
[GPU3] Running P00651__V104S with single repr dump -> /data/store-data/yeyh/scripts/AF2stab/results/af2/single-repr-full/logs/P00651__V104S__mutant.log
[GPU1] Running P00651__N107A with single repr dump -> /data/store-data/yeyh/scripts/AF2stab/results/af2/single-repr-full/logs/P00651__N107A__mutant.log
[GPU2] Running P00651__V115C with single repr dump -> /data/store-data/yeyh/scripts/AF2stab/results/af2/single-repr-full/logs/P00651__V115C__mutant.log
[GPU0] Running P00651__D102S with single repr dump -> /data/store-data/yeyh/scripts/AF2stab/results/af2/single-repr-full/logs/P00651__D102S__mutant.log
[GPU1] Running P00651__H118A with single repr dump -> /data/store-data/yeyh/scripts/AF2stab/results/af2/single-repr-full/logs/P00651__H118A__mutant.log
[GPU3] Running P00651__V115S with single repr dump -> /data/store-data/yeyh/scripts/AF2stab/results/af2/single-repr-full/logs/P00651__V115S__mutant.log
[GPU2] Running P00698 with single repr dump -> /data/store-data/yeyh/scripts/AF2stab/results/af2/single-repr-full/logs/P00698__F21Y__wt.log
[GPU0] Running P00651__V104T with single repr dump -> /data/store-data/yeyh/scripts/AF2stab/results/af2/single-repr-full/logs/P00651__V104T__mutant.log
[GPU1] Running P00698__M30L with single repr dump -> /data/store-data/yeyh/scripts/AF2stab/results/af2/single-repr-full/logs/P00698__M30L__mutant.log
[GPU3] Running P00698__F21Y with single repr dump -> /data/store-data/yeyh/scripts/AF2stab/results/af2/single-repr-full/logs/P00698__F21Y__mutant.log
[GPU2] Running P00698__K31D with single repr dump -> /data/store-data/yeyh/scripts/AF2stab/results/af2/single-repr-full/logs/P00698__K31D__mutant.log
[GPU3] Running P00698__H33L with single repr dump -> /data/store-data/yeyh/scripts/AF2stab/results/af2/single-repr-full/logs/P00698__H33L__mutant.log
[GPU0] Running P00651__V115T with single repr dump -> /data/store-data/yeyh/scripts/AF2stab/results/af2/single-repr-full/logs/P00651__V115T__mutant.log
[GPU1] Running P00698__R39Q with single repr dump -> /data/store-data/yeyh/scripts/AF2stab/results/af2/single-repr-full/logs/P00698__R39Q__mutant.log
[GPU2] Running P00698__A49I with single repr dump -> /data/store-data/yeyh/scripts/AF2stab/results/af2/single-repr-full/logs/P00698__A49I__mutant.log
[GPU0] Running P00698__M30F with single repr dump -> /data/store-data/yeyh/scripts/AF2stab/results/af2/single-repr-full/logs/P00698__M30F__mutant.log
[GPU3] Running P00698__A49L with single repr dump -> /data/store-data/yeyh/scripts/AF2stab/results/af2/single-repr-full/logs/P00698__A49L__mutant.log
[GPU1] Running P00698__F52Y with single repr dump -> /data/store-data/yeyh/scripts/AF2stab/results/af2/single-repr-full/logs/P00698__F52Y__mutant.log
[GPU2] Running P00698__E53A with single repr dump -> /data/store-data/yeyh/scripts/AF2stab/results/af2/single-repr-full/logs/P00698__E53A__mutant.log
[GPU0] Running P00698__N37K with single repr dump -> /data/store-data/yeyh/scripts/AF2stab/results/af2/single-repr-full/logs/P00698__N37K__mutant.log
[GPU3] Running P00698__E53H with single repr dump -> /data/store-data/yeyh/scripts/AF2stab/results/af2/single-repr-full/logs/P00698__E53H__mutant.log
[GPU1] Running P00698__T58I with single repr dump -> /data/store-data/yeyh/scripts/AF2stab/results/af2/single-repr-full/logs/P00698__T58I__mutant.log
[GPU2] Running P00698__T58S with single repr dump -> /data/store-data/yeyh/scripts/AF2stab/results/af2/single-repr-full/logs/P00698__T58S__mutant.log
[GPU0] Running P00698__A49V with single repr dump -> /data/store-data/yeyh/scripts/AF2stab/results/af2/single-repr-full/logs/P00698__A49V__mutant.log
[GPU3] Running P00698__N64D with single repr dump -> /data/store-data/yeyh/scripts/AF2stab/results/af2/single-repr-full/logs/P00698__N64D__mutant.log
[GPU2] Running P00698__I73A with single repr dump -> /data/store-data/yeyh/scripts/AF2stab/results/af2/single-repr-full/logs/P00698__I73A__mutant.log
[GPU1] Running P00698__G67N with single repr dump -> /data/store-data/yeyh/scripts/AF2stab/results/af2/single-repr-full/logs/P00698__G67N__mutant.log
[GPU3] Running P00698__I73F with single repr dump -> /data/store-data/yeyh/scripts/AF2stab/results/af2/single-repr-full/logs/P00698__I73F__mutant.log
[GPU0] Running P00698__E53Q with single repr dump -> /data/store-data/yeyh/scripts/AF2stab/results/af2/single-repr-full/logs/P00698__E53Q__mutant.log
[GPU1] Running P00698__I73M with single repr dump -> /data/store-data/yeyh/scripts/AF2stab/results/af2/single-repr-full/logs/P00698__I73M__mutant.log
[GPU2] Running P00698__I73T with single repr dump -> /data/store-data/yeyh/scripts/AF2stab/results/af2/single-repr-full/logs/P00698__I73T__mutant.log
[GPU0] Running P00698__G67A with single repr dump -> /data/store-data/yeyh/scripts/AF2stab/results/af2/single-repr-full/logs/P00698__G67A__mutant.log
[GPU1] Running P00698__G85A with single repr dump -> /data/store-data/yeyh/scripts/AF2stab/results/af2/single-repr-full/logs/P00698__G85A__mutant.log
[GPU3] Running P00698__I73V with single repr dump -> /data/store-data/yeyh/scripts/AF2stab/results/af2/single-repr-full/logs/P00698__I73V__mutant.log
[GPU2] Running P00698__R86K with single repr dump -> /data/store-data/yeyh/scripts/AF2stab/results/af2/single-repr-full/logs/P00698__R86K__mutant.log
[GPU0] Running P00698__I73L with single repr dump -> /data/store-data/yeyh/scripts/AF2stab/results/af2/single-repr-full/logs/P00698__I73L__mutant.log
[GPU3] Running P00698__P88N with single repr dump -> /data/store-data/yeyh/scripts/AF2stab/results/af2/single-repr-full/logs/P00698__P88N__mutant.log
[GPU1] Running P00698__R91K with single repr dump -> /data/store-data/yeyh/scripts/AF2stab/results/af2/single-repr-full/logs/P00698__R91K__mutant.log
[GPU2] Running P00698__N95H with single repr dump -> /data/store-data/yeyh/scripts/AF2stab/results/af2/single-repr-full/logs/P00698__N95H__mutant.log
[GPU0] Running P00698__I76M with single repr dump -> /data/store-data/yeyh/scripts/AF2stab/results/af2/single-repr-full/logs/P00698__I76M__mutant.log
[GPU3] Running P00698__I96M with single repr dump -> /data/store-data/yeyh/scripts/AF2stab/results/af2/single-repr-full/logs/P00698__I96M__mutant.log
[GPU1] Running P00698__S109D with single repr dump -> /data/store-data/yeyh/scripts/AF2stab/results/af2/single-repr-full/logs/P00698__S109D__mutant.log
[GPU2] Running P00698__S109T with single repr dump -> /data/store-data/yeyh/scripts/AF2stab/results/af2/single-repr-full/logs/P00698__S109T__mutant.log
[GPU0] Running P00698__G89A with single repr dump -> /data/store-data/yeyh/scripts/AF2stab/results/af2/single-repr-full/logs/P00698__G89A__mutant.log
[GPU3] Running P00698__S109V with single repr dump -> /data/store-data/yeyh/scripts/AF2stab/results/af2/single-repr-full/logs/P00698__S109V__mutant.log
[GPU1] Running P00698__C112A with single repr dump -> /data/store-data/yeyh/scripts/AF2stab/results/af2/single-repr-full/logs/P00698__C112A__mutant.log
[GPU2] Running P00698__I116M with single repr dump -> /data/store-data/yeyh/scripts/AF2stab/results/af2/single-repr-full/logs/P00698__I116M__mutant.log
[GPU0] Running P00698__S109A with single repr dump -> /data/store-data/yeyh/scripts/AF2stab/results/af2/single-repr-full/logs/P00698__S109A__mutant.log
[GPU3] Running P00698__D119A with single repr dump -> /data/store-data/yeyh/scripts/AF2stab/results/af2/single-repr-full/logs/P00698__D119A__mutant.log
[GPU2] Running P00698__D119G with single repr dump -> /data/store-data/yeyh/scripts/AF2stab/results/af2/single-repr-full/logs/P00698__D119G__mutant.log
[GPU1] Running P00698__D119F with single repr dump -> /data/store-data/yeyh/scripts/AF2stab/results/af2/single-repr-full/logs/P00698__D119F__mutant.log
[GPU0] Running P00698__S109Y with single repr dump -> /data/store-data/yeyh/scripts/AF2stab/results/af2/single-repr-full/logs/P00698__S109Y__mutant.log
[GPU1] Running P00698__D119P with single repr dump -> /data/store-data/yeyh/scripts/AF2stab/results/af2/single-repr-full/logs/P00698__D119P__mutant.log
[GPU3] Running P00698__D119K with single repr dump -> /data/store-data/yeyh/scripts/AF2stab/results/af2/single-repr-full/logs/P00698__D119K__mutant.log
[GPU2] Running P00698__D119Q with single repr dump -> /data/store-data/yeyh/scripts/AF2stab/results/af2/single-repr-full/logs/P00698__D119Q__mutant.log
[GPU1] Running P00698__G120A with single repr dump -> /data/store-data/yeyh/scripts/AF2stab/results/af2/single-repr-full/logs/P00698__G120A__mutant.log
[GPU3] Running P00698__D119R with single repr dump -> /data/store-data/yeyh/scripts/AF2stab/results/af2/single-repr-full/logs/P00698__D119R__mutant.log
[GPU0] Running P00698__D119E with single repr dump -> /data/store-data/yeyh/scripts/AF2stab/results/af2/single-repr-full/logs/P00698__D119E__mutant.log
[GPU2] Running P00698__G120P with single repr dump -> /data/store-data/yeyh/scripts/AF2stab/results/af2/single-repr-full/logs/P00698__G120P__mutant.log
[GPU3] Running P00698__G120R with single repr dump -> /data/store-data/yeyh/scripts/AF2stab/results/af2/single-repr-full/logs/P00698__G120R__mutant.log
[GPU1] Running P00698__N121D with single repr dump -> /data/store-data/yeyh/scripts/AF2stab/results/af2/single-repr-full/logs/P00698__N121D__mutant.log
[GPU0] Running P00698__D119N with single repr dump -> /data/store-data/yeyh/scripts/AF2stab/results/af2/single-repr-full/logs/P00698__D119N__mutant.log
[GPU2] Running P00698__M123T with single repr dump -> /data/store-data/yeyh/scripts/AF2stab/results/af2/single-repr-full/logs/P00698__M123T__mutant.log
[GPU3] Running P00698__W126Q with single repr dump -> /data/store-data/yeyh/scripts/AF2stab/results/af2/single-repr-full/logs/P00698__W126Q__mutant.log
[GPU1] Running P00698__R132H with single repr dump -> /data/store-data/yeyh/scripts/AF2stab/results/af2/single-repr-full/logs/P00698__R132H__mutant.log
[GPU0] Running P00698__D119S with single repr dump -> /data/store-data/yeyh/scripts/AF2stab/results/af2/single-repr-full/logs/P00698__D119S__mutant.log
[GPU2] Running P00698__G135A with single repr dump -> /data/store-data/yeyh/scripts/AF2stab/results/af2/single-repr-full/logs/P00698__G135A__mutant.log
[GPU3] Running P00698__T136P with single repr dump -> /data/store-data/yeyh/scripts/AF2stab/results/af2/single-repr-full/logs/P00698__T136P__mutant.log
[GPU0] Running P00698__G120V with single repr dump -> /data/store-data/yeyh/scripts/AF2stab/results/af2/single-repr-full/logs/P00698__G120V__mutant.log
[GPU2] Running P00711__H51A with single repr dump -> /data/store-data/yeyh/scripts/AF2stab/results/af2/single-repr-full/logs/P00711__H51A__mutant.log
[GPU1] Running P00711 with single repr dump -> /data/store-data/yeyh/scripts/AF2stab/results/af2/single-repr-full/logs/P00711__H51A__wt.log
[GPU3] Running P00711__H51Y with single repr dump -> /data/store-data/yeyh/scripts/AF2stab/results/af2/single-repr-full/logs/P00711__H51Y__mutant.log
[GPU2] Running P00711__V61N with single repr dump -> /data/store-data/yeyh/scripts/AF2stab/results/af2/single-repr-full/logs/P00711__V61N__mutant.log
[GPU0] Running P00698__W126Y with single repr dump -> /data/store-data/yeyh/scripts/AF2stab/results/af2/single-repr-full/logs/P00698__W126Y__mutant.log
[GPU1] Running P00711__V61G with single repr dump -> /data/store-data/yeyh/scripts/AF2stab/results/af2/single-repr-full/logs/P00711__V61G__mutant.log
[GPU3] Running P00711__Q73A with single repr dump -> /data/store-data/yeyh/scripts/AF2stab/results/af2/single-repr-full/logs/P00711__Q73A__mutant.log
[GPU2] Running P00711__Y122P with single repr dump -> /data/store-data/yeyh/scripts/AF2stab/results/af2/single-repr-full/logs/P00711__Y122P__mutant.log
[GPU0] Running P00698__Q139H with single repr dump -> /data/store-data/yeyh/scripts/AF2stab/results/af2/single-repr-full/logs/P00698__Q139H__mutant.log
[GPU1] Running P00711__Y122A with single repr dump -> /data/store-data/yeyh/scripts/AF2stab/results/af2/single-repr-full/logs/P00711__Y122A__mutant.log
[GPU2] Running P00711__H126W with single repr dump -> /data/store-data/yeyh/scripts/AF2stab/results/af2/single-repr-full/logs/P00711__H126W__mutant.log
[GPU3] Running P00711__W123Y with single repr dump -> /data/store-data/yeyh/scripts/AF2stab/results/af2/single-repr-full/logs/P00711__W123Y__mutant.log
[GPU0] Running P00711__V61A with single repr dump -> /data/store-data/yeyh/scripts/AF2stab/results/af2/single-repr-full/logs/P00711__V61A__mutant.log
[GPU1] Running P00711__H126A with single repr dump -> /data/store-data/yeyh/scripts/AF2stab/results/af2/single-repr-full/logs/P00711__H126A__mutant.log
[GPU1] Running P00711__L129H with single repr dump -> /data/store-data/yeyh/scripts/AF2stab/results/af2/single-repr-full/logs/P00711__L129H__mutant.log
[GPU3] Running P00711__H126Y with single repr dump -> /data/store-data/yeyh/scripts/AF2stab/results/af2/single-repr-full/logs/P00711__H126Y__mutant.log
[GPU0] Running P00711__I78W with single repr dump -> /data/store-data/yeyh/scripts/AF2stab/results/af2/single-repr-full/logs/P00711__I78W__mutant.log
[GPU2] Running P00711__L129R with single repr dump -> /data/store-data/yeyh/scripts/AF2stab/results/af2/single-repr-full/logs/P00711__L129R__mutant.log
[GPU1] Running P00711__K133Q with single repr dump -> /data/store-data/yeyh/scripts/AF2stab/results/af2/single-repr-full/logs/P00711__K133Q__mutant.log
[GPU0] Running P00711__A125S with single repr dump -> /data/store-data/yeyh/scripts/AF2stab/results/af2/single-repr-full/logs/P00711__A125S__mutant.log
[GPU3] Running P00711__K133E with single repr dump -> /data/store-data/yeyh/scripts/AF2stab/results/af2/single-repr-full/logs/P00711__K133E__mutant.log
[GPU2] Running P00711__Q136A with single repr dump -> /data/store-data/yeyh/scripts/AF2stab/results/af2/single-repr-full/logs/P00711__Q136A__mutant.log
[GPU3] Running P00711__W137H with single repr dump -> /data/store-data/yeyh/scripts/AF2stab/results/af2/single-repr-full/logs/P00711__W137H__mutant.log
[GPU0] Running P00711__L129E with single repr dump -> /data/store-data/yeyh/scripts/AF2stab/results/af2/single-repr-full/logs/P00711__L129E__mutant.log
[GPU2] Running P00712__V27A with single repr dump -> /data/store-data/yeyh/scripts/AF2stab/results/af2/single-repr-full/logs/P00712__V27A__mutant.log
[GPU1] Running P00712 with single repr dump -> /data/store-data/yeyh/scripts/AF2stab/results/af2/single-repr-full/logs/P00712__V27A__wt.log
[GPU3] Running P00712__L31A with single repr dump -> /data/store-data/yeyh/scripts/AF2stab/results/af2/single-repr-full/logs/P00712__L31A__mutant.log
[GPU2] Running P00712__T48V with single repr dump -> /data/store-data/yeyh/scripts/AF2stab/results/af2/single-repr-full/logs/P00712__T48V__mutant.log
[GPU0] Running P00711__K133N with single repr dump -> /data/store-data/yeyh/scripts/AF2stab/results/af2/single-repr-full/logs/P00711__K133N__mutant.log
[GPU1] Running P00712__T48I with single repr dump -> /data/store-data/yeyh/scripts/AF2stab/results/af2/single-repr-full/logs/P00712__T48I__mutant.log
[GPU2] Running P00712__T57A with single repr dump -> /data/store-data/yeyh/scripts/AF2stab/results/af2/single-repr-full/logs/P00712__T57A__mutant.log
[GPU3] Running P00712__A49I with single repr dump -> /data/store-data/yeyh/scripts/AF2stab/results/af2/single-repr-full/logs/P00712__A49I__mutant.log
[GPU0] Running P00711__W137Y with single repr dump -> /data/store-data/yeyh/scripts/AF2stab/results/af2/single-repr-full/logs/P00711__W137Y__mutant.log
[GPU1] Running P00712__T52I with single repr dump -> /data/store-data/yeyh/scripts/AF2stab/results/af2/single-repr-full/logs/P00712__T52I__mutant.log
[GPU1] Running P00712__W79A with single repr dump -> /data/store-data/yeyh/scripts/AF2stab/results/af2/single-repr-full/logs/P00712__W79A__mutant.log
[GPU3] Running P00712__L71A with single repr dump -> /data/store-data/yeyh/scripts/AF2stab/results/af2/single-repr-full/logs/P00712__L71A__mutant.log
[GPU2] Running P00712__W79F with single repr dump -> /data/store-data/yeyh/scripts/AF2stab/results/af2/single-repr-full/logs/P00712__W79F__mutant.log
[GPU0] Running P00712__W45F with single repr dump -> /data/store-data/yeyh/scripts/AF2stab/results/af2/single-repr-full/logs/P00712__W45F__mutant.log
[GPU2] Running P00712__K112A with single repr dump -> /data/store-data/yeyh/scripts/AF2stab/results/af2/single-repr-full/logs/P00712__K112A__mutant.log
[GPU1] Running P00712__V109A with single repr dump -> /data/store-data/yeyh/scripts/AF2stab/results/af2/single-repr-full/logs/P00712__V109A__mutant.log
[GPU0] Running P00712__A49T with single repr dump -> /data/store-data/yeyh/scripts/AF2stab/results/af2/single-repr-full/logs/P00712__A49T__mutant.log
[GPU3] Running P00712__D106N with single repr dump -> /data/store-data/yeyh/scripts/AF2stab/results/af2/single-repr-full/logs/P00712__D106N__mutant.log
[GPU2] Running P00712__W123F with single repr dump -> /data/store-data/yeyh/scripts/AF2stab/results/af2/single-repr-full/logs/P00712__W123F__mutant.log
[GPU3] Running P00712__I114V with single repr dump -> /data/store-data/yeyh/scripts/AF2stab/results/af2/single-repr-full/logs/P00712__I114V__mutant.log
[GPU1] Running P00712__Y122F with single repr dump -> /data/store-data/yeyh/scripts/AF2stab/results/af2/single-repr-full/logs/P00712__Y122F__mutant.log
[GPU0] Running P00712__I74V with single repr dump -> /data/store-data/yeyh/scripts/AF2stab/results/af2/single-repr-full/logs/P00712__I74V__mutant.log
[GPU2] Running P00720 with single repr dump -> /data/store-data/yeyh/scripts/AF2stab/results/af2/single-repr-full/logs/P00720__I3A__wt.log
[GPU3] Running P00712__L124A with single repr dump -> /data/store-data/yeyh/scripts/AF2stab/results/af2/single-repr-full/logs/P00712__L124A__mutant.log
[GPU1] Running P00712__W137F with single repr dump -> /data/store-data/yeyh/scripts/AF2stab/results/af2/single-repr-full/logs/P00712__W137F__mutant.log
[GPU0] Running P00712__I108V with single repr dump -> /data/store-data/yeyh/scripts/AF2stab/results/af2/single-repr-full/logs/P00712__I108V__mutant.log
[GPU1] Running P00720__I3D with single repr dump -> /data/store-data/yeyh/scripts/AF2stab/results/af2/single-repr-full/logs/P00720__I3D__mutant.log
[GPU2] Running P00720__I3E with single repr dump -> /data/store-data/yeyh/scripts/AF2stab/results/af2/single-repr-full/logs/P00720__I3E__mutant.log
[GPU3] Running P00720__I3A with single repr dump -> /data/store-data/yeyh/scripts/AF2stab/results/af2/single-repr-full/logs/P00720__I3A__mutant.log
[GPU0] Running P00712__L115A with single repr dump -> /data/store-data/yeyh/scripts/AF2stab/results/af2/single-repr-full/logs/P00712__L115A__mutant.log
[GPU2] Running P00720__I3M with single repr dump -> /data/store-data/yeyh/scripts/AF2stab/results/af2/single-repr-full/logs/P00720__I3M__mutant.log
[GPU1] Running P00720__I3L with single repr dump -> /data/store-data/yeyh/scripts/AF2stab/results/af2/single-repr-full/logs/P00720__I3L__mutant.log
[GPU3] Running P00720__I3F with single repr dump -> /data/store-data/yeyh/scripts/AF2stab/results/af2/single-repr-full/logs/P00720__I3F__mutant.log
[GPU0] Running P00712__L129A with single repr dump -> /data/store-data/yeyh/scripts/AF2stab/results/af2/single-repr-full/logs/P00712__L129A__mutant.log
[GPU1] Running P00720__I3T with single repr dump -> /data/store-data/yeyh/scripts/AF2stab/results/af2/single-repr-full/logs/P00720__I3T__mutant.log
[GPU2] Running P00720__I3V with single repr dump -> /data/store-data/yeyh/scripts/AF2stab/results/af2/single-repr-full/logs/P00720__I3V__mutant.log
[GPU3] Running P00720__I3P with single repr dump -> /data/store-data/yeyh/scripts/AF2stab/results/af2/single-repr-full/logs/P00720__I3P__mutant.log
[GPU0] Running P00720__I3C with single repr dump -> /data/store-data/yeyh/scripts/AF2stab/results/af2/single-repr-full/logs/P00720__I3C__mutant.log
[GPU1] Running P00720__M6A with single repr dump -> /data/store-data/yeyh/scripts/AF2stab/results/af2/single-repr-full/logs/P00720__M6A__mutant.log
[GPU2] Running P00720__M6I with single repr dump -> /data/store-data/yeyh/scripts/AF2stab/results/af2/single-repr-full/logs/P00720__M6I__mutant.log
[GPU0] Running P00720__I3G with single repr dump -> /data/store-data/yeyh/scripts/AF2stab/results/af2/single-repr-full/logs/P00720__I3G__mutant.log
[GPU3] Running P00720__I3W with single repr dump -> /data/store-data/yeyh/scripts/AF2stab/results/af2/single-repr-full/logs/P00720__I3W__mutant.log
[GPU0] Running P00720__I3S with single repr dump -> /data/store-data/yeyh/scripts/AF2stab/results/af2/single-repr-full/logs/P00720__I3S__mutant.log
[GPU2] Running P00720__E11F with single repr dump -> /data/store-data/yeyh/scripts/AF2stab/results/af2/single-repr-full/logs/P00720__E11F__mutant.log
[GPU1] Running P00720__E11A with single repr dump -> /data/store-data/yeyh/scripts/AF2stab/results/af2/single-repr-full/logs/P00720__E11A__mutant.log
[GPU3] Running P00720__M6L with single repr dump -> /data/store-data/yeyh/scripts/AF2stab/results/af2/single-repr-full/logs/P00720__M6L__mutant.log
[GPU0] Running P00720__I3Y with single repr dump -> /data/store-data/yeyh/scripts/AF2stab/results/af2/single-repr-full/logs/P00720__I3Y__mutant.log
[GPU2] Running P00720__R14A with single repr dump -> /data/store-data/yeyh/scripts/AF2stab/results/af2/single-repr-full/logs/P00720__R14A__mutant.log
[GPU3] Running P00720__E11H with single repr dump -> /data/store-data/yeyh/scripts/AF2stab/results/af2/single-repr-full/logs/P00720__E11H__mutant.log
[GPU1] Running P00720__E11N with single repr dump -> /data/store-data/yeyh/scripts/AF2stab/results/af2/single-repr-full/logs/P00720__E11N__mutant.log
[GPU0] Running P00720__L7A with single repr dump -> /data/store-data/yeyh/scripts/AF2stab/results/af2/single-repr-full/logs/P00720__L7A__mutant.log
[GPU2] Running P00720__I17M with single repr dump -> /data/store-data/yeyh/scripts/AF2stab/results/af2/single-repr-full/logs/P00720__I17M__mutant.log
[GPU3] Running P00720__R14K with single repr dump -> /data/store-data/yeyh/scripts/AF2stab/results/af2/single-repr-full/logs/P00720__R14K__mutant.log
[GPU1] Running P00720__I17A with single repr dump -> /data/store-data/yeyh/scripts/AF2stab/results/af2/single-repr-full/logs/P00720__I17A__mutant.log
[GPU0] Running P00720__E11M with single repr dump -> /data/store-data/yeyh/scripts/AF2stab/results/af2/single-repr-full/logs/P00720__E11M__mutant.log
[GPU2] Running P00720__D20T with single repr dump -> /data/store-data/yeyh/scripts/AF2stab/results/af2/single-repr-full/logs/P00720__D20T__mutant.log
[GPU3] Running P00720__D20A with single repr dump -> /data/store-data/yeyh/scripts/AF2stab/results/af2/single-repr-full/logs/P00720__D20A__mutant.log
[GPU1] Running P00720__D20S with single repr dump -> /data/store-data/yeyh/scripts/AF2stab/results/af2/single-repr-full/logs/P00720__D20S__mutant.log
[GPU0] Running P00720__K16E with single repr dump -> /data/store-data/yeyh/scripts/AF2stab/results/af2/single-repr-full/logs/P00720__K16E__mutant.log
[GPU2] Running P00720__T26S with single repr dump -> /data/store-data/yeyh/scripts/AF2stab/results/af2/single-repr-full/logs/P00720__T26S__mutant.log
[GPU3] Running P00720__E22K with single repr dump -> /data/store-data/yeyh/scripts/AF2stab/results/af2/single-repr-full/logs/P00720__E22K__mutant.log
[GPU1] Running P00720__Y25G with single repr dump -> /data/store-data/yeyh/scripts/AF2stab/results/af2/single-repr-full/logs/P00720__Y25G__mutant.log
[GPU0] Running P00720__D20N with single repr dump -> /data/store-data/yeyh/scripts/AF2stab/results/af2/single-repr-full/logs/P00720__D20N__mutant.log
[GPU2] Running P00720__I29A with single repr dump -> /data/store-data/yeyh/scripts/AF2stab/results/af2/single-repr-full/logs/P00720__I29A__mutant.log
[GPU3] Running P00720__I27A with single repr dump -> /data/store-data/yeyh/scripts/AF2stab/results/af2/single-repr-full/logs/P00720__I27A__mutant.log
[GPU1] Running P00720__G28A with single repr dump -> /data/store-data/yeyh/scripts/AF2stab/results/af2/single-repr-full/logs/P00720__G28A__mutant.log
[GPU0] Running P00720__Y24A with single repr dump -> /data/store-data/yeyh/scripts/AF2stab/results/af2/single-repr-full/logs/P00720__Y24A__mutant.log
[GPU2] Running P00720__L32A with single repr dump -> /data/store-data/yeyh/scripts/AF2stab/results/af2/single-repr-full/logs/P00720__L32A__mutant.log
[GPU3] Running P00720__G30A with single repr dump -> /data/store-data/yeyh/scripts/AF2stab/results/af2/single-repr-full/logs/P00720__G30A__mutant.log
[GPU1] Running P00720__H31N with single repr dump -> /data/store-data/yeyh/scripts/AF2stab/results/af2/single-repr-full/logs/P00720__H31N__mutant.log
[GPU0] Running P00720__I27M with single repr dump -> /data/store-data/yeyh/scripts/AF2stab/results/af2/single-repr-full/logs/P00720__I27M__mutant.log
[GPU2] Running P00720__P37A with single repr dump -> /data/store-data/yeyh/scripts/AF2stab/results/af2/single-repr-full/logs/P00720__P37A__mutant.log
[GPU3] Running P00720__L33A with single repr dump -> /data/store-data/yeyh/scripts/AF2stab/results/af2/single-repr-full/logs/P00720__L33A__mutant.log
[GPU1] Running P00720__T34A with single repr dump -> /data/store-data/yeyh/scripts/AF2stab/results/af2/single-repr-full/logs/P00720__T34A__mutant.log
[GPU0] Running P00720__G30F with single repr dump -> /data/store-data/yeyh/scripts/AF2stab/results/af2/single-repr-full/logs/P00720__G30F__mutant.log
[GPU2] Running P00720__L39A with single repr dump -> /data/store-data/yeyh/scripts/AF2stab/results/af2/single-repr-full/logs/P00720__L39A__mutant.log
[GPU3] Running P00720__S38A with single repr dump -> /data/store-data/yeyh/scripts/AF2stab/results/af2/single-repr-full/logs/P00720__S38A__mutant.log
[GPU1] Running P00720__S38N with single repr dump -> /data/store-data/yeyh/scripts/AF2stab/results/af2/single-repr-full/logs/P00720__S38N__mutant.log
[GPU2] Running P00720__A41D with single repr dump -> /data/store-data/yeyh/scripts/AF2stab/results/af2/single-repr-full/logs/P00720__A41D__mutant.log
[GPU0] Running P00720__L33M with single repr dump -> /data/store-data/yeyh/scripts/AF2stab/results/af2/single-repr-full/logs/P00720__L33M__mutant.log
[GPU3] Running P00720__L39P with single repr dump -> /data/store-data/yeyh/scripts/AF2stab/results/af2/single-repr-full/logs/P00720__L39P__mutant.log
[GPU1] Running P00720__N40D with single repr dump -> /data/store-data/yeyh/scripts/AF2stab/results/af2/single-repr-full/logs/P00720__N40D__mutant.log
[GPU2] Running P00720__A42G with single repr dump -> /data/store-data/yeyh/scripts/AF2stab/results/af2/single-repr-full/logs/P00720__A42G__mutant.log
[GPU0] Running P00720__S38D with single repr dump -> /data/store-data/yeyh/scripts/AF2stab/results/af2/single-repr-full/logs/P00720__S38D__mutant.log
[GPU3] Running P00720__A41S with single repr dump -> /data/store-data/yeyh/scripts/AF2stab/results/af2/single-repr-full/logs/P00720__A41S__mutant.log
[GPU1] Running P00720__A42F with single repr dump -> /data/store-data/yeyh/scripts/AF2stab/results/af2/single-repr-full/logs/P00720__A42F__mutant.log
[GPU2] Running P00720__A42S with single repr dump -> /data/store-data/yeyh/scripts/AF2stab/results/af2/single-repr-full/logs/P00720__A42S__mutant.log
[GPU0] Running P00720__N40A with single repr dump -> /data/store-data/yeyh/scripts/AF2stab/results/af2/single-repr-full/logs/P00720__N40A__mutant.log
[GPU3] Running P00720__A42I with single repr dump -> /data/store-data/yeyh/scripts/AF2stab/results/af2/single-repr-full/logs/P00720__A42I__mutant.log
[GPU1] Running P00720__A42L with single repr dump -> /data/store-data/yeyh/scripts/AF2stab/results/af2/single-repr-full/logs/P00720__A42L__mutant.log
[GPU2] Running P00720__S44C with single repr dump -> /data/store-data/yeyh/scripts/AF2stab/results/af2/single-repr-full/logs/P00720__S44C__mutant.log
[GPU0] Running P00720__A41V with single repr dump -> /data/store-data/yeyh/scripts/AF2stab/results/af2/single-repr-full/logs/P00720__A41V__mutant.log
[GPU3] Running P00720__A42V with single repr dump -> /data/store-data/yeyh/scripts/AF2stab/results/af2/single-repr-full/logs/P00720__A42V__mutant.log
[GPU1] Running P00720__S44A with single repr dump -> /data/store-data/yeyh/scripts/AF2stab/results/af2/single-repr-full/logs/P00720__S44A__mutant.log
[GPU2] Running P00720__S44G with single repr dump -> /data/store-data/yeyh/scripts/AF2stab/results/af2/single-repr-full/logs/P00720__S44G__mutant.log
[GPU3] Running P00720__S44D with single repr dump -> /data/store-data/yeyh/scripts/AF2stab/results/af2/single-repr-full/logs/P00720__S44D__mutant.log
[GPU0] Running P00720__A42K with single repr dump -> /data/store-data/yeyh/scripts/AF2stab/results/af2/single-repr-full/logs/P00720__A42K__mutant.log
[GPU1] Running P00720__S44F with single repr dump -> /data/store-data/yeyh/scripts/AF2stab/results/af2/single-repr-full/logs/P00720__S44F__mutant.log
[GPU2] Running P00720__S44L with single repr dump -> /data/store-data/yeyh/scripts/AF2stab/results/af2/single-repr-full/logs/P00720__S44L__mutant.log
[GPU3] Running P00720__S44H with single repr dump -> /data/store-data/yeyh/scripts/AF2stab/results/af2/single-repr-full/logs/P00720__S44H__mutant.log
[GPU0] Running P00720__K43A with single repr dump -> /data/store-data/yeyh/scripts/AF2stab/results/af2/single-repr-full/logs/P00720__K43A__mutant.log
[GPU1] Running P00720__S44K with single repr dump -> /data/store-data/yeyh/scripts/AF2stab/results/af2/single-repr-full/logs/P00720__S44K__mutant.log
[GPU2] Running P00720__S44Q with single repr dump -> /data/store-data/yeyh/scripts/AF2stab/results/af2/single-repr-full/logs/P00720__S44Q__mutant.log
[GPU3] Running P00720__S44M with single repr dump -> /data/store-data/yeyh/scripts/AF2stab/results/af2/single-repr-full/logs/P00720__S44M__mutant.log
[GPU1] Running P00720__S44P with single repr dump -> /data/store-data/yeyh/scripts/AF2stab/results/af2/single-repr-full/logs/P00720__S44P__mutant.log
[GPU0] Running P00720__S44E with single repr dump -> /data/store-data/yeyh/scripts/AF2stab/results/af2/single-repr-full/logs/P00720__S44E__mutant.log
[GPU2] Running P00720__S44W with single repr dump -> /data/store-data/yeyh/scripts/AF2stab/results/af2/single-repr-full/logs/P00720__S44W__mutant.log
[GPU3] Running P00720__S44R with single repr dump -> /data/store-data/yeyh/scripts/AF2stab/results/af2/single-repr-full/logs/P00720__S44R__mutant.log
[GPU0] Running P00720__S44I with single repr dump -> /data/store-data/yeyh/scripts/AF2stab/results/af2/single-repr-full/logs/P00720__S44I__mutant.log
[GPU1] Running P00720__S44V with single repr dump -> /data/store-data/yeyh/scripts/AF2stab/results/af2/single-repr-full/logs/P00720__S44V__mutant.log
[GPU2] Running P00720__D47A with single repr dump -> /data/store-data/yeyh/scripts/AF2stab/results/af2/single-repr-full/logs/P00720__D47A__mutant.log
[GPU3] Running P00720__S44Y with single repr dump -> /data/store-data/yeyh/scripts/AF2stab/results/af2/single-repr-full/logs/P00720__S44Y__mutant.log
[GPU0] Running P00720__S44N with single repr dump -> /data/store-data/yeyh/scripts/AF2stab/results/af2/single-repr-full/logs/P00720__S44N__mutant.log
[GPU1] Running P00720__L46A with single repr dump -> /data/store-data/yeyh/scripts/AF2stab/results/af2/single-repr-full/logs/P00720__L46A__mutant.log
[GPU2] Running P00720__I50M with single repr dump -> /data/store-data/yeyh/scripts/AF2stab/results/af2/single-repr-full/logs/P00720__I50M__mutant.log
[GPU3] Running P00720__K48A with single repr dump -> /data/store-data/yeyh/scripts/AF2stab/results/af2/single-repr-full/logs/P00720__K48A__mutant.log
[GPU0] Running P00720__S44T with single repr dump -> /data/store-data/yeyh/scripts/AF2stab/results/af2/single-repr-full/logs/P00720__S44T__mutant.log
[GPU1] Running P00720__I50A with single repr dump -> /data/store-data/yeyh/scripts/AF2stab/results/af2/single-repr-full/logs/P00720__I50A__mutant.log
[GPU2] Running P00720__C54V with single repr dump -> /data/store-data/yeyh/scripts/AF2stab/results/af2/single-repr-full/logs/P00720__C54V__mutant.log
[GPU0] Running P00720__E45A with single repr dump -> /data/store-data/yeyh/scripts/AF2stab/results/af2/single-repr-full/logs/P00720__E45A__mutant.log
[GPU3] Running P00720__G51D with single repr dump -> /data/store-data/yeyh/scripts/AF2stab/results/af2/single-repr-full/logs/P00720__G51D__mutant.log
[GPU1] Running P00720__C54T with single repr dump -> /data/store-data/yeyh/scripts/AF2stab/results/af2/single-repr-full/logs/P00720__C54T__mutant.log
[GPU2] Running P00720__I58T with single repr dump -> /data/store-data/yeyh/scripts/AF2stab/results/af2/single-repr-full/logs/P00720__I58T__mutant.log
[GPU0] Running P00720__A49S with single repr dump -> /data/store-data/yeyh/scripts/AF2stab/results/af2/single-repr-full/logs/P00720__A49S__mutant.log
[GPU1] Running P00720__I58A with single repr dump -> /data/store-data/yeyh/scripts/AF2stab/results/af2/single-repr-full/logs/P00720__I58A__mutant.log
[GPU3] Running P00720__C54Y with single repr dump -> /data/store-data/yeyh/scripts/AF2stab/results/af2/single-repr-full/logs/P00720__C54Y__mutant.log
[GPU2] Running P00720__T59G with single repr dump -> /data/store-data/yeyh/scripts/AF2stab/results/af2/single-repr-full/logs/P00720__T59G__mutant.log
[GPU0] Running P00720__N53A with single repr dump -> /data/store-data/yeyh/scripts/AF2stab/results/af2/single-repr-full/logs/P00720__N53A__mutant.log
[GPU1] Running P00720__T59D with single repr dump -> /data/store-data/yeyh/scripts/AF2stab/results/af2/single-repr-full/logs/P00720__T59D__mutant.log
[GPU3] Running P00720__I58Y with single repr dump -> /data/store-data/yeyh/scripts/AF2stab/results/af2/single-repr-full/logs/P00720__I58Y__mutant.log
[GPU2] Running P00720__K60H with single repr dump -> /data/store-data/yeyh/scripts/AF2stab/results/af2/single-repr-full/logs/P00720__K60H__mutant.log
[GPU0] Running P00720__N55G with single repr dump -> /data/store-data/yeyh/scripts/AF2stab/results/af2/single-repr-full/logs/P00720__N55G__mutant.log
[GPU3] Running P00720__T59N with single repr dump -> /data/store-data/yeyh/scripts/AF2stab/results/af2/single-repr-full/logs/P00720__T59N__mutant.log
[GPU1] Running P00720__T59V with single repr dump -> /data/store-data/yeyh/scripts/AF2stab/results/af2/single-repr-full/logs/P00720__T59V__mutant.log
[GPU2] Running P00720__L66P with single repr dump -> /data/store-data/yeyh/scripts/AF2stab/results/af2/single-repr-full/logs/P00720__L66P__mutant.log
[GPU0] Running P00720__T59A with single repr dump -> /data/store-data/yeyh/scripts/AF2stab/results/af2/single-repr-full/logs/P00720__T59A__mutant.log
[GPU3] Running P00720__K60P with single repr dump -> /data/store-data/yeyh/scripts/AF2stab/results/af2/single-repr-full/logs/P00720__K60P__mutant.log
[GPU1] Running P00720__L66M with single repr dump -> /data/store-data/yeyh/scripts/AF2stab/results/af2/single-repr-full/logs/P00720__L66M__mutant.log
[GPU2] Running P00720__V71A with single repr dump -> /data/store-data/yeyh/scripts/AF2stab/results/af2/single-repr-full/logs/P00720__V71A__mutant.log
[GPU3] Running P00720__F67A with single repr dump -> /data/store-data/yeyh/scripts/AF2stab/results/af2/single-repr-full/logs/P00720__F67A__mutant.log
[GPU0] Running P00720__T59S with single repr dump -> /data/store-data/yeyh/scripts/AF2stab/results/af2/single-repr-full/logs/P00720__T59S__mutant.log
[GPU1] Running P00720__Q69P with single repr dump -> /data/store-data/yeyh/scripts/AF2stab/results/af2/single-repr-full/logs/P00720__Q69P__mutant.log
[GPU2] Running P00720__V75T with single repr dump -> /data/store-data/yeyh/scripts/AF2stab/results/af2/single-repr-full/logs/P00720__V75T__mutant.log
[GPU3] Running P00720__D72P with single repr dump -> /data/store-data/yeyh/scripts/AF2stab/results/af2/single-repr-full/logs/P00720__D72P__mutant.log
[GPU0] Running P00720__L66A with single repr dump -> /data/store-data/yeyh/scripts/AF2stab/results/af2/single-repr-full/logs/P00720__L66A__mutant.log
[GPU1] Running P00720__A74P with single repr dump -> /data/store-data/yeyh/scripts/AF2stab/results/af2/single-repr-full/logs/P00720__A74P__mutant.log
[GPU2] Running P00720__I78V with single repr dump -> /data/store-data/yeyh/scripts/AF2stab/results/af2/single-repr-full/logs/P00720__I78V__mutant.log
[GPU3] Running P00720__G77A with single repr dump -> /data/store-data/yeyh/scripts/AF2stab/results/af2/single-repr-full/logs/P00720__G77A__mutant.log
[GPU0] Running P00720__N68A with single repr dump -> /data/store-data/yeyh/scripts/AF2stab/results/af2/single-repr-full/logs/P00720__N68A__mutant.log
[GPU1] Running P00720__I78M with single repr dump -> /data/store-data/yeyh/scripts/AF2stab/results/af2/single-repr-full/logs/P00720__I78M__mutant.log
[GPU2] Running P00720__K83H with single repr dump -> /data/store-data/yeyh/scripts/AF2stab/results/af2/single-repr-full/logs/P00720__K83H__mutant.log
[GPU3] Running P00720__R80K with single repr dump -> /data/store-data/yeyh/scripts/AF2stab/results/af2/single-repr-full/logs/P00720__R80K__mutant.log
[GPU0] Running P00720__A73S with single repr dump -> /data/store-data/yeyh/scripts/AF2stab/results/af2/single-repr-full/logs/P00720__A73S__mutant.log
[GPU1] Running P00720__A82S with single repr dump -> /data/store-data/yeyh/scripts/AF2stab/results/af2/single-repr-full/logs/P00720__A82S__mutant.log
[GPU3] Running P00720__L84A with single repr dump -> /data/store-data/yeyh/scripts/AF2stab/results/af2/single-repr-full/logs/P00720__L84A__mutant.log
[GPU2] Running P00720__P86A with single repr dump -> /data/store-data/yeyh/scripts/AF2stab/results/af2/single-repr-full/logs/P00720__P86A__mutant.log
[GPU0] Running P00720__I78A with single repr dump -> /data/store-data/yeyh/scripts/AF2stab/results/af2/single-repr-full/logs/P00720__I78A__mutant.log
[GPU1] Running P00720__K85A with single repr dump -> /data/store-data/yeyh/scripts/AF2stab/results/af2/single-repr-full/logs/P00720__K85A__mutant.log
[GPU3] Running P00720__P86G with single repr dump -> /data/store-data/yeyh/scripts/AF2stab/results/af2/single-repr-full/logs/P00720__P86G__mutant.log
[GPU2] Running P00720__V87M with single repr dump -> /data/store-data/yeyh/scripts/AF2stab/results/af2/single-repr-full/logs/P00720__V87M__mutant.log
[GPU0] Running P00720__A82P with single repr dump -> /data/store-data/yeyh/scripts/AF2stab/results/af2/single-repr-full/logs/P00720__A82P__mutant.log
[GPU1] Running P00720__V87I with single repr dump -> /data/store-data/yeyh/scripts/AF2stab/results/af2/single-repr-full/logs/P00720__V87I__mutant.log
[GPU3] Running P00720__V87T with single repr dump -> /data/store-data/yeyh/scripts/AF2stab/results/af2/single-repr-full/logs/P00720__V87T__mutant.log
[GPU2] Running P00720__L91A with single repr dump -> /data/store-data/yeyh/scripts/AF2stab/results/af2/single-repr-full/logs/P00720__L91A__mutant.log
[GPU0] Running P00720__L84M with single repr dump -> /data/store-data/yeyh/scripts/AF2stab/results/af2/single-repr-full/logs/P00720__L84M__mutant.log
[GPU1] Running P00720__S90H with single repr dump -> /data/store-data/yeyh/scripts/AF2stab/results/af2/single-repr-full/logs/P00720__S90H__mutant.log
[GPU3] Running P00720__L91M with single repr dump -> /data/store-data/yeyh/scripts/AF2stab/results/af2/single-repr-full/logs/P00720__L91M__mutant.log
[GPU2] Running P00720__A93P with single repr dump -> /data/store-data/yeyh/scripts/AF2stab/results/af2/single-repr-full/logs/P00720__A93P__mutant.log
[GPU0] Running P00720__V87A with single repr dump -> /data/store-data/yeyh/scripts/AF2stab/results/af2/single-repr-full/logs/P00720__V87A__mutant.log
[GPU1] Running P00720__D92N with single repr dump -> /data/store-data/yeyh/scripts/AF2stab/results/af2/single-repr-full/logs/P00720__D92N__mutant.log
[GPU3] Running P00720__A93S with single repr dump -> /data/store-data/yeyh/scripts/AF2stab/results/af2/single-repr-full/logs/P00720__A93S__mutant.log
[GPU2] Running P00720__R96A with single repr dump -> /data/store-data/yeyh/scripts/AF2stab/results/af2/single-repr-full/logs/P00720__R96A__mutant.log
[GPU0] Running P00720__D89A with single repr dump -> /data/store-data/yeyh/scripts/AF2stab/results/af2/single-repr-full/logs/P00720__D89A__mutant.log
[GPU1] Running P00720__V94A with single repr dump -> /data/store-data/yeyh/scripts/AF2stab/results/af2/single-repr-full/logs/P00720__V94A__mutant.log
[GPU3] Running P00720__R96C with single repr dump -> /data/store-data/yeyh/scripts/AF2stab/results/af2/single-repr-full/logs/P00720__R96C__mutant.log
[GPU2] Running P00720__R96F with single repr dump -> /data/store-data/yeyh/scripts/AF2stab/results/af2/single-repr-full/logs/P00720__R96F__mutant.log
[GPU0] Running P00720__L91P with single repr dump -> /data/store-data/yeyh/scripts/AF2stab/results/af2/single-repr-full/logs/P00720__L91P__mutant.log
[GPU1] Running P00720__R96E with single repr dump -> /data/store-data/yeyh/scripts/AF2stab/results/af2/single-repr-full/logs/P00720__R96E__mutant.log
[GPU3] Running P00720__R96G with single repr dump -> /data/store-data/yeyh/scripts/AF2stab/results/af2/single-repr-full/logs/P00720__R96G__mutant.log
[GPU2] Running P00720__R96K with single repr dump -> /data/store-data/yeyh/scripts/AF2stab/results/af2/single-repr-full/logs/P00720__R96K__mutant.log
[GPU0] Running P00720__A93T with single repr dump -> /data/store-data/yeyh/scripts/AF2stab/results/af2/single-repr-full/logs/P00720__A93T__mutant.log
[GPU1] Running P00720__R96I with single repr dump -> /data/store-data/yeyh/scripts/AF2stab/results/af2/single-repr-full/logs/P00720__R96I__mutant.log
[GPU3] Running P00720__R96L with single repr dump -> /data/store-data/yeyh/scripts/AF2stab/results/af2/single-repr-full/logs/P00720__R96L__mutant.log
[GPU2] Running P00720__R96P with single repr dump -> /data/store-data/yeyh/scripts/AF2stab/results/af2/single-repr-full/logs/P00720__R96P__mutant.log
[GPU1] Running P00720__R96N with single repr dump -> /data/store-data/yeyh/scripts/AF2stab/results/af2/single-repr-full/logs/P00720__R96N__mutant.log
[GPU0] Running P00720__R96D with single repr dump -> /data/store-data/yeyh/scripts/AF2stab/results/af2/single-repr-full/logs/P00720__R96D__mutant.log
[GPU3] Running P00720__R96Q with single repr dump -> /data/store-data/yeyh/scripts/AF2stab/results/af2/single-repr-full/logs/P00720__R96Q__mutant.log
[GPU2] Running P00720__R96V with single repr dump -> /data/store-data/yeyh/scripts/AF2stab/results/af2/single-repr-full/logs/P00720__R96V__mutant.log
[GPU1] Running P00720__R96T with single repr dump -> /data/store-data/yeyh/scripts/AF2stab/results/af2/single-repr-full/logs/P00720__R96T__mutant.log
[GPU0] Running P00720__R96H with single repr dump -> /data/store-data/yeyh/scripts/AF2stab/results/af2/single-repr-full/logs/P00720__R96H__mutant.log
[GPU3] Running P00720__R96W with single repr dump -> /data/store-data/yeyh/scripts/AF2stab/results/af2/single-repr-full/logs/P00720__R96W__mutant.log
[GPU2] Running P00720__A98M with single repr dump -> /data/store-data/yeyh/scripts/AF2stab/results/af2/single-repr-full/logs/P00720__A98M__mutant.log
[GPU1] Running P00720__A98C with single repr dump -> /data/store-data/yeyh/scripts/AF2stab/results/af2/single-repr-full/logs/P00720__A98C__mutant.log
[GPU0] Running P00720__R96M with single repr dump -> /data/store-data/yeyh/scripts/AF2stab/results/af2/single-repr-full/logs/P00720__R96M__mutant.log
[GPU3] Running P00720__A98S with single repr dump -> /data/store-data/yeyh/scripts/AF2stab/results/af2/single-repr-full/logs/P00720__A98S__mutant.log
[GPU2] Running P00720__L99A with single repr dump -> /data/store-data/yeyh/scripts/AF2stab/results/af2/single-repr-full/logs/P00720__L99A__mutant.log
[GPU1] Running P00720__A98V with single repr dump -> /data/store-data/yeyh/scripts/AF2stab/results/af2/single-repr-full/logs/P00720__A98V__mutant.log
[GPU0] Running P00720__R96S with single repr dump -> /data/store-data/yeyh/scripts/AF2stab/results/af2/single-repr-full/logs/P00720__R96S__mutant.log
[GPU2] Running P00720__L99M with single repr dump -> /data/store-data/yeyh/scripts/AF2stab/results/af2/single-repr-full/logs/P00720__L99M__mutant.log
[GPU3] Running P00720__L99F with single repr dump -> /data/store-data/yeyh/scripts/AF2stab/results/af2/single-repr-full/logs/P00720__L99F__mutant.log
[GPU0] Running P00720__R96Y with single repr dump -> /data/store-data/yeyh/scripts/AF2stab/results/af2/single-repr-full/logs/P00720__R96Y__mutant.log
[GPU1] Running P00720__L99I with single repr dump -> /data/store-data/yeyh/scripts/AF2stab/results/af2/single-repr-full/logs/P00720__L99I__mutant.log
[GPU2] Running P00720__I100V with single repr dump -> /data/store-data/yeyh/scripts/AF2stab/results/af2/single-repr-full/logs/P00720__I100V__mutant.log
[GPU0] Running P00720__A98T with single repr dump -> /data/store-data/yeyh/scripts/AF2stab/results/af2/single-repr-full/logs/P00720__A98T__mutant.log
[GPU1] Running P00720__I100M with single repr dump -> /data/store-data/yeyh/scripts/AF2stab/results/af2/single-repr-full/logs/P00720__I100M__mutant.log
[GPU3] Running P00720__L99V with single repr dump -> /data/store-data/yeyh/scripts/AF2stab/results/af2/single-repr-full/logs/P00720__L99V__mutant.log
[GPU0] Running P00720__L99G with single repr dump -> /data/store-data/yeyh/scripts/AF2stab/results/af2/single-repr-full/logs/P00720__L99G__mutant.log
[GPU3] Running P00720__N101A with single repr dump -> /data/store-data/yeyh/scripts/AF2stab/results/af2/single-repr-full/logs/P00720__N101A__mutant.log
[GPU2] Running P00720__M102L with single repr dump -> /data/store-data/yeyh/scripts/AF2stab/results/af2/single-repr-full/logs/P00720__M102L__mutant.log
[GPU1] Running P00720__M102K with single repr dump -> /data/store-data/yeyh/scripts/AF2stab/results/af2/single-repr-full/logs/P00720__M102K__mutant.log
[GPU0] Running P00720__I100A with single repr dump -> /data/store-data/yeyh/scripts/AF2stab/results/af2/single-repr-full/logs/P00720__I100A__mutant.log
[GPU1] Running P00720__V103I with single repr dump -> /data/store-data/yeyh/scripts/AF2stab/results/af2/single-repr-full/logs/P00720__V103I__mutant.log
[GPU3] Running P00720__M102V with single repr dump -> /data/store-data/yeyh/scripts/AF2stab/results/af2/single-repr-full/logs/P00720__M102V__mutant.log
[GPU2] Running P00720__V103M with single repr dump -> /data/store-data/yeyh/scripts/AF2stab/results/af2/single-repr-full/logs/P00720__V103M__mutant.log
[GPU0] Running P00720__M102A with single repr dump -> /data/store-data/yeyh/scripts/AF2stab/results/af2/single-repr-full/logs/P00720__M102A__mutant.log
[GPU1] Running P00720__Q105A with single repr dump -> /data/store-data/yeyh/scripts/AF2stab/results/af2/single-repr-full/logs/P00720__Q105A__mutant.log
[GPU3] Running P00720__F104A with single repr dump -> /data/store-data/yeyh/scripts/AF2stab/results/af2/single-repr-full/logs/P00720__F104A__mutant.log
[GPU2] Running P00720__Q105E with single repr dump -> /data/store-data/yeyh/scripts/AF2stab/results/af2/single-repr-full/logs/P00720__Q105E__mutant.log
[GPU2] Running P00720__M106I with single repr dump -> /data/store-data/yeyh/scripts/AF2stab/results/af2/single-repr-full/logs/P00720__M106I__mutant.log
[GPU0] Running P00720__V103A with single repr dump -> /data/store-data/yeyh/scripts/AF2stab/results/af2/single-repr-full/logs/P00720__V103A__mutant.log
[GPU3] Running P00720__Q105G with single repr dump -> /data/store-data/yeyh/scripts/AF2stab/results/af2/single-repr-full/logs/P00720__Q105G__mutant.log
[GPU1] Running P00720__M106A with single repr dump -> /data/store-data/yeyh/scripts/AF2stab/results/af2/single-repr-full/logs/P00720__M106A__mutant.log
[GPU0] Running P00720__F104M with single repr dump -> /data/store-data/yeyh/scripts/AF2stab/results/af2/single-repr-full/logs/P00720__F104M__mutant.log
[GPU2] Running P00720__T109D with single repr dump -> /data/store-data/yeyh/scripts/AF2stab/results/af2/single-repr-full/logs/P00720__T109D__mutant.log
[GPU3] Running P00720__M106K with single repr dump -> /data/store-data/yeyh/scripts/AF2stab/results/af2/single-repr-full/logs/P00720__M106K__mutant.log
[GPU1] Running P00720__E108V with single repr dump -> /data/store-data/yeyh/scripts/AF2stab/results/af2/single-repr-full/logs/P00720__E108V__mutant.log
[GPU2] Running P00720__V111I with single repr dump -> /data/store-data/yeyh/scripts/AF2stab/results/af2/single-repr-full/logs/P00720__V111I__mutant.log
[GPU0] Running P00720__Q105M with single repr dump -> /data/store-data/yeyh/scripts/AF2stab/results/af2/single-repr-full/logs/P00720__Q105M__mutant.log
[GPU3] Running P00720__T109N with single repr dump -> /data/store-data/yeyh/scripts/AF2stab/results/af2/single-repr-full/logs/P00720__T109N__mutant.log
[GPU1] Running P00720__V111F with single repr dump -> /data/store-data/yeyh/scripts/AF2stab/results/af2/single-repr-full/logs/P00720__V111F__mutant.log
[GPU2] Running P00720__T115A with single repr dump -> /data/store-data/yeyh/scripts/AF2stab/results/af2/single-repr-full/logs/P00720__T115A__mutant.log
[GPU0] Running P00720__M106L with single repr dump -> /data/store-data/yeyh/scripts/AF2stab/results/af2/single-repr-full/logs/P00720__M106L__mutant.log
[GPU3] Running P00720__V111M with single repr dump -> /data/store-data/yeyh/scripts/AF2stab/results/af2/single-repr-full/logs/P00720__V111M__mutant.log
[GPU1] Running P00720__G113E with single repr dump -> /data/store-data/yeyh/scripts/AF2stab/results/af2/single-repr-full/logs/P00720__G113E__mutant.log
[GPU3] Running P00720__T115E with single repr dump -> /data/store-data/yeyh/scripts/AF2stab/results/af2/single-repr-full/logs/P00720__T115E__mutant.log
[GPU2] Running P00720__S117A with single repr dump -> /data/store-data/yeyh/scripts/AF2stab/results/af2/single-repr-full/logs/P00720__S117A__mutant.log
[GPU1] Running P00720__N116D with single repr dump -> /data/store-data/yeyh/scripts/AF2stab/results/af2/single-repr-full/logs/P00720__N116D__mutant.log
[GPU0] Running P00720__V111A with single repr dump -> /data/store-data/yeyh/scripts/AF2stab/results/af2/single-repr-full/logs/P00720__V111A__mutant.log
[GPU3] Running P00720__S117F with single repr dump -> /data/store-data/yeyh/scripts/AF2stab/results/af2/single-repr-full/logs/P00720__S117F__mutant.log
[GPU0] Running P00720__G113A with single repr dump -> /data/store-data/yeyh/scripts/AF2stab/results/af2/single-repr-full/logs/P00720__G113A__mutant.log
[GPU1] Running P00720__S117V with single repr dump -> /data/store-data/yeyh/scripts/AF2stab/results/af2/single-repr-full/logs/P00720__S117V__mutant.log
[GPU2] Running P00720__L118A with single repr dump -> /data/store-data/yeyh/scripts/AF2stab/results/af2/single-repr-full/logs/P00720__L118A__mutant.log
[GPU0] Running P00720__N116A with single repr dump -> /data/store-data/yeyh/scripts/AF2stab/results/af2/single-repr-full/logs/P00720__N116A__mutant.log
[GPU3] Running P00720__L118I with single repr dump -> /data/store-data/yeyh/scripts/AF2stab/results/af2/single-repr-full/logs/P00720__L118I__mutant.log
[GPU2] Running P00720__R119E with single repr dump -> /data/store-data/yeyh/scripts/AF2stab/results/af2/single-repr-full/logs/P00720__R119E__mutant.log
[GPU1] Running P00720__R119A with single repr dump -> /data/store-data/yeyh/scripts/AF2stab/results/af2/single-repr-full/logs/P00720__R119A__mutant.log
[GPU1] Running P00720__M120A with single repr dump -> /data/store-data/yeyh/scripts/AF2stab/results/af2/single-repr-full/logs/P00720__M120A__mutant.log
[GPU0] Running P00720__S117I with single repr dump -> /data/store-data/yeyh/scripts/AF2stab/results/af2/single-repr-full/logs/P00720__S117I__mutant.log
[GPU2] Running P00720__M120K with single repr dump -> /data/store-data/yeyh/scripts/AF2stab/results/af2/single-repr-full/logs/P00720__M120K__mutant.log
[GPU3] Running P00720__R119H with single repr dump -> /data/store-data/yeyh/scripts/AF2stab/results/af2/single-repr-full/logs/P00720__R119H__mutant.log
[GPU0] Running P00720__L118M with single repr dump -> /data/store-data/yeyh/scripts/AF2stab/results/af2/single-repr-full/logs/P00720__L118M__mutant.log
[GPU2] Running P00720__L121I with single repr dump -> /data/store-data/yeyh/scripts/AF2stab/results/af2/single-repr-full/logs/P00720__L121I__mutant.log
[GPU3] Running P00720__M120L with single repr dump -> /data/store-data/yeyh/scripts/AF2stab/results/af2/single-repr-full/logs/P00720__M120L__mutant.log
[GPU1] Running P00720__L121A with single repr dump -> /data/store-data/yeyh/scripts/AF2stab/results/af2/single-repr-full/logs/P00720__L121A__mutant.log
[GPU3] Running P00720__L121M with single repr dump -> /data/store-data/yeyh/scripts/AF2stab/results/af2/single-repr-full/logs/P00720__L121M__mutant.log
[GPU0] Running P00720__R119M with single repr dump -> /data/store-data/yeyh/scripts/AF2stab/results/af2/single-repr-full/logs/P00720__R119M__mutant.log
[GPU1] Running P00720__Q123A with single repr dump -> /data/store-data/yeyh/scripts/AF2stab/results/af2/single-repr-full/logs/P00720__Q123A__mutant.log
[GPU2] Running P00720__Q123E with single repr dump -> /data/store-data/yeyh/scripts/AF2stab/results/af2/single-repr-full/logs/P00720__Q123E__mutant.log
[GPU3] Running P00720__K124G with single repr dump -> /data/store-data/yeyh/scripts/AF2stab/results/af2/single-repr-full/logs/P00720__K124G__mutant.log
[GPU0] Running P00720__M120Y with single repr dump -> /data/store-data/yeyh/scripts/AF2stab/results/af2/single-repr-full/logs/P00720__M120Y__mutant.log
[GPU1] Running P00720__D127A with single repr dump -> /data/store-data/yeyh/scripts/AF2stab/results/af2/single-repr-full/logs/P00720__D127A__mutant.log
[GPU2] Running P00720__E128A with single repr dump -> /data/store-data/yeyh/scripts/AF2stab/results/af2/single-repr-full/logs/P00720__E128A__mutant.log
[GPU1] Running P00720__A129L with single repr dump -> /data/store-data/yeyh/scripts/AF2stab/results/af2/single-repr-full/logs/P00720__A129L__mutant.log
[GPU0] Running P00720__Q122A with single repr dump -> /data/store-data/yeyh/scripts/AF2stab/results/af2/single-repr-full/logs/P00720__Q122A__mutant.log
[GPU3] Running P00720__E128K with single repr dump -> /data/store-data/yeyh/scripts/AF2stab/results/af2/single-repr-full/logs/P00720__E128K__mutant.log
[GPU2] Running P00720__A129M with single repr dump -> /data/store-data/yeyh/scripts/AF2stab/results/af2/single-repr-full/logs/P00720__A129M__mutant.log
[GPU3] Running P00720__A129V with single repr dump -> /data/store-data/yeyh/scripts/AF2stab/results/af2/single-repr-full/logs/P00720__A129V__mutant.log
[GPU1] Running P00720__A130G with single repr dump -> /data/store-data/yeyh/scripts/AF2stab/results/af2/single-repr-full/logs/P00720__A130G__mutant.log
[GPU2] Running P00720__A130S with single repr dump -> /data/store-data/yeyh/scripts/AF2stab/results/af2/single-repr-full/logs/P00720__A130S__mutant.log
[GPU0] Running P00720__W126R with single repr dump -> /data/store-data/yeyh/scripts/AF2stab/results/af2/single-repr-full/logs/P00720__W126R__mutant.log
[GPU2] Running P00720__V131G with single repr dump -> /data/store-data/yeyh/scripts/AF2stab/results/af2/single-repr-full/logs/P00720__V131G__mutant.log
[GPU1] Running P00720__V131E with single repr dump -> /data/store-data/yeyh/scripts/AF2stab/results/af2/single-repr-full/logs/P00720__V131E__mutant.log
[GPU3] Running P00720__V131A with single repr dump -> /data/store-data/yeyh/scripts/AF2stab/results/af2/single-repr-full/logs/P00720__V131A__mutant.log
[GPU0] Running P00720__A129F with single repr dump -> /data/store-data/yeyh/scripts/AF2stab/results/af2/single-repr-full/logs/P00720__A129F__mutant.log
[GPU1] Running P00720__V131M with single repr dump -> /data/store-data/yeyh/scripts/AF2stab/results/af2/single-repr-full/logs/P00720__V131M__mutant.log
[GPU0] Running P00720__A129W with single repr dump -> /data/store-data/yeyh/scripts/AF2stab/results/af2/single-repr-full/logs/P00720__A129W__mutant.log
[GPU3] Running P00720__V131I with single repr dump -> /data/store-data/yeyh/scripts/AF2stab/results/af2/single-repr-full/logs/P00720__V131I__mutant.log
[GPU2] Running P00720__V131S with single repr dump -> /data/store-data/yeyh/scripts/AF2stab/results/af2/single-repr-full/logs/P00720__V131S__mutant.log
[GPU1] Running P00720__N132I with single repr dump -> /data/store-data/yeyh/scripts/AF2stab/results/af2/single-repr-full/logs/P00720__N132I__mutant.log
[GPU2] Running P00720__N132M with single repr dump -> /data/store-data/yeyh/scripts/AF2stab/results/af2/single-repr-full/logs/P00720__N132M__mutant.log
[GPU3] Running P00720__V131T with single repr dump -> /data/store-data/yeyh/scripts/AF2stab/results/af2/single-repr-full/logs/P00720__V131T__mutant.log
[GPU0] Running P00720__V131D with single repr dump -> /data/store-data/yeyh/scripts/AF2stab/results/af2/single-repr-full/logs/P00720__V131D__mutant.log
[GPU1] Running P00720__L133F with single repr dump -> /data/store-data/yeyh/scripts/AF2stab/results/af2/single-repr-full/logs/P00720__L133F__mutant.log
[GPU2] Running P00720__L133M with single repr dump -> /data/store-data/yeyh/scripts/AF2stab/results/af2/single-repr-full/logs/P00720__L133M__mutant.log
[GPU0] Running P00720__V131L with single repr dump -> /data/store-data/yeyh/scripts/AF2stab/results/af2/single-repr-full/logs/P00720__V131L__mutant.log
[GPU3] Running P00720__L133A with single repr dump -> /data/store-data/yeyh/scripts/AF2stab/results/af2/single-repr-full/logs/P00720__L133A__mutant.log
[GPU1] Running P00720__W138Y with single repr dump -> /data/store-data/yeyh/scripts/AF2stab/results/af2/single-repr-full/logs/P00720__W138Y__mutant.log
[GPU2] Running P00720__P143A with single repr dump -> /data/store-data/yeyh/scripts/AF2stab/results/af2/single-repr-full/logs/P00720__P143A__mutant.log
[GPU3] Running P00720__A134S with single repr dump -> /data/store-data/yeyh/scripts/AF2stab/results/af2/single-repr-full/logs/P00720__A134S__mutant.log
[GPU0] Running P00720__N132F with single repr dump -> /data/store-data/yeyh/scripts/AF2stab/results/af2/single-repr-full/logs/P00720__N132F__mutant.log
[GPU2] Running P00720__A146I with single repr dump -> /data/store-data/yeyh/scripts/AF2stab/results/af2/single-repr-full/logs/P00720__A146I__mutant.log
[GPU1] Running P00720__N144H with single repr dump -> /data/store-data/yeyh/scripts/AF2stab/results/af2/single-repr-full/logs/P00720__N144H__mutant.log
[GPU0] Running P00720__L133D with single repr dump -> /data/store-data/yeyh/scripts/AF2stab/results/af2/single-repr-full/logs/P00720__L133D__mutant.log
[GPU3] Running P00720__N144D with single repr dump -> /data/store-data/yeyh/scripts/AF2stab/results/af2/single-repr-full/logs/P00720__N144D__mutant.log
[GPU2] Running P00720__V149A with single repr dump -> /data/store-data/yeyh/scripts/AF2stab/results/af2/single-repr-full/logs/P00720__V149A__mutant.log
[GPU0] Running P00720__K135E with single repr dump -> /data/store-data/yeyh/scripts/AF2stab/results/af2/single-repr-full/logs/P00720__K135E__mutant.log
[GPU1] Running P00720__K147E with single repr dump -> /data/store-data/yeyh/scripts/AF2stab/results/af2/single-repr-full/logs/P00720__K147E__mutant.log
[GPU3] Running P00720__A146T with single repr dump -> /data/store-data/yeyh/scripts/AF2stab/results/af2/single-repr-full/logs/P00720__A146T__mutant.log
[GPU0] Running P00720__N144E with single repr dump -> /data/store-data/yeyh/scripts/AF2stab/results/af2/single-repr-full/logs/P00720__N144E__mutant.log
[GPU2] Running P00720__V149M with single repr dump -> /data/store-data/yeyh/scripts/AF2stab/results/af2/single-repr-full/logs/P00720__V149M__mutant.log
[GPU1] Running P00720__V149I with single repr dump -> /data/store-data/yeyh/scripts/AF2stab/results/af2/single-repr-full/logs/P00720__V149I__mutant.log
[GPU3] Running P00720__V149C with single repr dump -> /data/store-data/yeyh/scripts/AF2stab/results/af2/single-repr-full/logs/P00720__V149C__mutant.log
[GPU1] Running P00720__I150V with single repr dump -> /data/store-data/yeyh/scripts/AF2stab/results/af2/single-repr-full/logs/P00720__I150V__mutant.log
[GPU2] Running P00720__T151S with single repr dump -> /data/store-data/yeyh/scripts/AF2stab/results/af2/single-repr-full/logs/P00720__T151S__mutant.log
[GPU3] Running P00720__V149S with single repr dump -> /data/store-data/yeyh/scripts/AF2stab/results/af2/single-repr-full/logs/P00720__V149S__mutant.log
[GPU0] Running P00720__A146V with single repr dump -> /data/store-data/yeyh/scripts/AF2stab/results/af2/single-repr-full/logs/P00720__A146V__mutant.log
[GPU1] Running P00720__T152I with single repr dump -> /data/store-data/yeyh/scripts/AF2stab/results/af2/single-repr-full/logs/P00720__T152I__mutant.log
[GPU2] Running P00720__T152S with single repr dump -> /data/store-data/yeyh/scripts/AF2stab/results/af2/single-repr-full/logs/P00720__T152S__mutant.log
[GPU3] Running P00720__T152A with single repr dump -> /data/store-data/yeyh/scripts/AF2stab/results/af2/single-repr-full/logs/P00720__T152A__mutant.log
[GPU0] Running P00720__V149G with single repr dump -> /data/store-data/yeyh/scripts/AF2stab/results/af2/single-repr-full/logs/P00720__V149G__mutant.log
[GPU2] Running P00720__F153I with single repr dump -> /data/store-data/yeyh/scripts/AF2stab/results/af2/single-repr-full/logs/P00720__F153I__mutant.log
[GPU1] Running P00720__F153C with single repr dump -> /data/store-data/yeyh/scripts/AF2stab/results/af2/single-repr-full/logs/P00720__F153C__mutant.log
[GPU3] Running P00720__T152V with single repr dump -> /data/store-data/yeyh/scripts/AF2stab/results/af2/single-repr-full/logs/P00720__T152V__mutant.log
[GPU0] Running P00720__V149T with single repr dump -> /data/store-data/yeyh/scripts/AF2stab/results/af2/single-repr-full/logs/P00720__V149T__mutant.log
[GPU2] Running P00720__R154E with single repr dump -> /data/store-data/yeyh/scripts/AF2stab/results/af2/single-repr-full/logs/P00720__R154E__mutant.log
[GPU1] Running P00720__F153V with single repr dump -> /data/store-data/yeyh/scripts/AF2stab/results/af2/single-repr-full/logs/P00720__F153V__mutant.log
[GPU3] Running P00720__F153L with single repr dump -> /data/store-data/yeyh/scripts/AF2stab/results/af2/single-repr-full/logs/P00720__F153L__mutant.log
[GPU0] Running P00720__T152C with single repr dump -> /data/store-data/yeyh/scripts/AF2stab/results/af2/single-repr-full/logs/P00720__T152C__mutant.log
[GPU3] Running P00720__G156D with single repr dump -> /data/store-data/yeyh/scripts/AF2stab/results/af2/single-repr-full/logs/P00720__G156D__mutant.log
[GPU1] Running P00720__T157C with single repr dump -> /data/store-data/yeyh/scripts/AF2stab/results/af2/single-repr-full/logs/P00720__T157C__mutant.log
[GPU2] Running P00720__T157D with single repr dump -> /data/store-data/yeyh/scripts/AF2stab/results/af2/single-repr-full/logs/P00720__T157D__mutant.log
[GPU0] Running P00720__F153A with single repr dump -> /data/store-data/yeyh/scripts/AF2stab/results/af2/single-repr-full/logs/P00720__F153A__mutant.log
[GPU3] Running P00720__T157E with single repr dump -> /data/store-data/yeyh/scripts/AF2stab/results/af2/single-repr-full/logs/P00720__T157E__mutant.log
[GPU2] Running P00720__T157H with single repr dump -> /data/store-data/yeyh/scripts/AF2stab/results/af2/single-repr-full/logs/P00720__T157H__mutant.log
[GPU1] Running P00720__T157G with single repr dump -> /data/store-data/yeyh/scripts/AF2stab/results/af2/single-repr-full/logs/P00720__T157G__mutant.log
[GPU0] Running P00720__F153M with single repr dump -> /data/store-data/yeyh/scripts/AF2stab/results/af2/single-repr-full/logs/P00720__F153M__mutant.log
[GPU2] Running P00720__T157R with single repr dump -> /data/store-data/yeyh/scripts/AF2stab/results/af2/single-repr-full/logs/P00720__T157R__mutant.log
[GPU3] Running P00720__T157I with single repr dump -> /data/store-data/yeyh/scripts/AF2stab/results/af2/single-repr-full/logs/P00720__T157I__mutant.log
[GPU1] Running P00720__T157N with single repr dump -> /data/store-data/yeyh/scripts/AF2stab/results/af2/single-repr-full/logs/P00720__T157N__mutant.log
[GPU0] Running P00720__T157A with single repr dump -> /data/store-data/yeyh/scripts/AF2stab/results/af2/single-repr-full/logs/P00720__T157A__mutant.log
[GPU2] Running P00720__N163D with single repr dump -> /data/store-data/yeyh/scripts/AF2stab/results/af2/single-repr-full/logs/P00720__N163D__mutant.log
[GPU1] Running P00720__A160T with single repr dump -> /data/store-data/yeyh/scripts/AF2stab/results/af2/single-repr-full/logs/P00720__A160T__mutant.log
[GPU3] Running P00720__T157S with single repr dump -> /data/store-data/yeyh/scripts/AF2stab/results/af2/single-repr-full/logs/P00720__T157S__mutant.log
[GPU0] Running P00720__T157F with single repr dump -> /data/store-data/yeyh/scripts/AF2stab/results/af2/single-repr-full/logs/P00720__T157F__mutant.log
[GPU2] Running P00750__V280L with single repr dump -> /data/store-data/yeyh/scripts/AF2stab/results/af2/single-repr-full/logs/P00750__V280L__mutant.log
[GPU3] Running P00750 with single repr dump -> /data/store-data/yeyh/scripts/AF2stab/results/af2/single-repr-full/logs/P00750__V280A__wt.log
[GPU1] Running P00750__V280I with single repr dump -> /data/store-data/yeyh/scripts/AF2stab/results/af2/single-repr-full/logs/P00750__V280I__mutant.log
[GPU0] Running P00720__T157L with single repr dump -> /data/store-data/yeyh/scripts/AF2stab/results/af2/single-repr-full/logs/P00720__T157L__mutant.log
[GPU0] Running P00720__T157V with single repr dump -> /data/store-data/yeyh/scripts/AF2stab/results/af2/single-repr-full/logs/P00720__T157V__mutant.log
[GPU2] Running P00782 with single repr dump -> /data/store-data/yeyh/scripts/AF2stab/results/af2/single-repr-full/logs/P00782__M157F__wt.log
[GPU3] Running P00750__V280M with single repr dump -> /data/store-data/yeyh/scripts/AF2stab/results/af2/single-repr-full/logs/P00750__V280M__mutant.log
[GPU1] Running P00750__V280T with single repr dump -> /data/store-data/yeyh/scripts/AF2stab/results/af2/single-repr-full/logs/P00750__V280T__mutant.log
[GPU0] Running P00750__V280A with single repr dump -> /data/store-data/yeyh/scripts/AF2stab/results/af2/single-repr-full/logs/P00750__V280A__mutant.log
[GPU3] Running P00782__M157F with single repr dump -> /data/store-data/yeyh/scripts/AF2stab/results/af2/single-repr-full/logs/P00782__M157F__mutant.log
[GPU1] Running P00782__G276A with single repr dump -> /data/store-data/yeyh/scripts/AF2stab/results/af2/single-repr-full/logs/P00782__G276A__mutant.log
[GPU2] Running P00782__Q313C with single repr dump -> /data/store-data/yeyh/scripts/AF2stab/results/af2/single-repr-full/logs/P00782__Q313C__mutant.log
[GPU0] Running P00750__V280S with single repr dump -> /data/store-data/yeyh/scripts/AF2stab/results/af2/single-repr-full/logs/P00750__V280S__mutant.log
[GPU3] Running P00782__Y324K with single repr dump -> /data/store-data/yeyh/scripts/AF2stab/results/af2/single-repr-full/logs/P00782__Y324K__mutant.log
[GPU1] Running P00807 with single repr dump -> /data/store-data/yeyh/scripts/AF2stab/results/af2/single-repr-full/logs/P00807__D170N__wt.log
[GPU2] Running P00807__D170N with single repr dump -> /data/store-data/yeyh/scripts/AF2stab/results/af2/single-repr-full/logs/P00807__D170N__mutant.log
[GPU0] Running P00782__N183D with single repr dump -> /data/store-data/yeyh/scripts/AF2stab/results/af2/single-repr-full/logs/P00782__N183D__mutant.log
[GPU1] Running P00808__S277C with single repr dump -> /data/store-data/yeyh/scripts/AF2stab/results/af2/single-repr-full/logs/P00808__S277C__mutant.log
[GPU2] Running P00811 with single repr dump -> /data/store-data/yeyh/scripts/AF2stab/results/af2/single-repr-full/logs/P00811__Y166F__wt.log
[GPU3] Running P00808 with single repr dump -> /data/store-data/yeyh/scripts/AF2stab/results/af2/single-repr-full/logs/P00808__S140C__wt.log
[GPU0] Running P00782__N325S with single repr dump -> /data/store-data/yeyh/scripts/AF2stab/results/af2/single-repr-full/logs/P00782__N325S__mutant.log
[GPU1] Running P00818__Y12F with single repr dump -> /data/store-data/yeyh/scripts/AF2stab/results/af2/single-repr-full/logs/P00818__Y12F__mutant.log
[GPU3] Running P00811__Y166F with single repr dump -> /data/store-data/yeyh/scripts/AF2stab/results/af2/single-repr-full/logs/P00811__Y166F__mutant.log
[GPU2] Running P00818__Y12I with single repr dump -> /data/store-data/yeyh/scripts/AF2stab/results/af2/single-repr-full/logs/P00818__Y12I__mutant.log
[GPU1] Running P00818__V21A with single repr dump -> /data/store-data/yeyh/scripts/AF2stab/results/af2/single-repr-full/logs/P00818__V21A__mutant.log
[GPU2] Running P00818__F23L with single repr dump -> /data/store-data/yeyh/scripts/AF2stab/results/af2/single-repr-full/logs/P00818__F23L__mutant.log
[GPU0] Running P00808__S140C with single repr dump -> /data/store-data/yeyh/scripts/AF2stab/results/af2/single-repr-full/logs/P00808__S140C__mutant.log
[GPU3] Running P00818__V14A with single repr dump -> /data/store-data/yeyh/scripts/AF2stab/results/af2/single-repr-full/logs/P00818__V14A__mutant.log
[GPU1] Running P00818__A31G with single repr dump -> /data/store-data/yeyh/scripts/AF2stab/results/af2/single-repr-full/logs/P00818__A31G__mutant.log
[GPU2] Running P00818__V36A with single repr dump -> /data/store-data/yeyh/scripts/AF2stab/results/af2/single-repr-full/logs/P00818__V36A__mutant.log
[GPU0] Running P00818 with single repr dump -> /data/store-data/yeyh/scripts/AF2stab/results/af2/single-repr-full/logs/P00818__Y12F__wt.log
[GPU3] Running P00818__Y26A with single repr dump -> /data/store-data/yeyh/scripts/AF2stab/results/af2/single-repr-full/logs/P00818__Y26A__mutant.log
[GPU1] Running P00818__T43A with single repr dump -> /data/store-data/yeyh/scripts/AF2stab/results/af2/single-repr-full/logs/P00818__T43A__mutant.log
[GPU2] Running P00818__G46A with single repr dump -> /data/store-data/yeyh/scripts/AF2stab/results/af2/single-repr-full/logs/P00818__G46A__mutant.log
[GPU0] Running P00818__V18A with single repr dump -> /data/store-data/yeyh/scripts/AF2stab/results/af2/single-repr-full/logs/P00818__V18A__mutant.log
[GPU3] Running P00818__W39F with single repr dump -> /data/store-data/yeyh/scripts/AF2stab/results/af2/single-repr-full/logs/P00818__W39F__mutant.log
[GPU1] Running P00818__P55A with single repr dump -> /data/store-data/yeyh/scripts/AF2stab/results/af2/single-repr-full/logs/P00818__P55A__mutant.log
[GPU0] Running P00818__E30D with single repr dump -> /data/store-data/yeyh/scripts/AF2stab/results/af2/single-repr-full/logs/P00818__E30D__mutant.log
[GPU2] Running P00818__M62A with single repr dump -> /data/store-data/yeyh/scripts/AF2stab/results/af2/single-repr-full/logs/P00818__M62A__mutant.log
[GPU3] Running P00818__V48A with single repr dump -> /data/store-data/yeyh/scripts/AF2stab/results/af2/single-repr-full/logs/P00818__V48A__mutant.log
[GPU1] Running P00818__P72A with single repr dump -> /data/store-data/yeyh/scripts/AF2stab/results/af2/single-repr-full/logs/P00818__P72A__mutant.log
[GPU3] Running P00818__W65A with single repr dump -> /data/store-data/yeyh/scripts/AF2stab/results/af2/single-repr-full/logs/P00818__W65A__mutant.log
[GPU0] Running P00818__V40A with single repr dump -> /data/store-data/yeyh/scripts/AF2stab/results/af2/single-repr-full/logs/P00818__V40A__mutant.log
[GPU2] Running P00818__I76V with single repr dump -> /data/store-data/yeyh/scripts/AF2stab/results/af2/single-repr-full/logs/P00818__I76V__mutant.log
[GPU1] Running P00818__I87V with single repr dump -> /data/store-data/yeyh/scripts/AF2stab/results/af2/single-repr-full/logs/P00818__I87V__mutant.log
[GPU1] Running P00918__W5F with single repr dump -> /data/store-data/yeyh/scripts/AF2stab/results/af2/single-repr-full/logs/P00918__W5F__mutant.log
[GPU3] Running P00818__T79S with single repr dump -> /data/store-data/yeyh/scripts/AF2stab/results/af2/single-repr-full/logs/P00818__T79S__mutant.log
[GPU2] Running P00818__L90A with single repr dump -> /data/store-data/yeyh/scripts/AF2stab/results/af2/single-repr-full/logs/P00818__L90A__mutant.log
[GPU0] Running P00818__V52A with single repr dump -> /data/store-data/yeyh/scripts/AF2stab/results/af2/single-repr-full/logs/P00818__V52A__mutant.log
[GPU3] Running P00818__F95L with single repr dump -> /data/store-data/yeyh/scripts/AF2stab/results/af2/single-repr-full/logs/P00818__F95L__mutant.log
[GPU0] Running P00818__L66V with single repr dump -> /data/store-data/yeyh/scripts/AF2stab/results/af2/single-repr-full/logs/P00818__L66V__mutant.log
[GPU2] Running P00918__W16F with single repr dump -> /data/store-data/yeyh/scripts/AF2stab/results/af2/single-repr-full/logs/P00918__W16F__mutant.log
[GPU1] Running P00918__V68C with single repr dump -> /data/store-data/yeyh/scripts/AF2stab/results/af2/single-repr-full/logs/P00918__V68C__mutant.log
[GPU0] Running P00818__E84D with single repr dump -> /data/store-data/yeyh/scripts/AF2stab/results/af2/single-repr-full/logs/P00818__E84D__mutant.log
[GPU3] Running P00918__S56C with single repr dump -> /data/store-data/yeyh/scripts/AF2stab/results/af2/single-repr-full/logs/P00918__S56C__mutant.log
[GPU2] Running P00918__H107A with single repr dump -> /data/store-data/yeyh/scripts/AF2stab/results/af2/single-repr-full/logs/P00918__H107A__mutant.log
[GPU1] Running P00918__H107Y with single repr dump -> /data/store-data/yeyh/scripts/AF2stab/results/af2/single-repr-full/logs/P00918__H107Y__mutant.log
[GPU0] Running P00918 with single repr dump -> /data/store-data/yeyh/scripts/AF2stab/results/af2/single-repr-full/logs/P00918__W5F__wt.log
[GPU2] Running P00918__E117A with single repr dump -> /data/store-data/yeyh/scripts/AF2stab/results/af2/single-repr-full/logs/P00918__E117A__mutant.log
[GPU1] Running P00918__I255C with single repr dump -> /data/store-data/yeyh/scripts/AF2stab/results/af2/single-repr-full/logs/P00918__I255C__mutant.log
[GPU3] Running P00918__H107F with single repr dump -> /data/store-data/yeyh/scripts/AF2stab/results/af2/single-repr-full/logs/P00918__H107F__mutant.log
[GPU3] Running P00918__W123C with single repr dump -> /data/store-data/yeyh/scripts/AF2stab/results/af2/single-repr-full/logs/P00918__W123C__mutant.log
[GPU2] Running P00929 with single repr dump -> /data/store-data/yeyh/scripts/AF2stab/results/af2/single-repr-full/logs/P00929__A18G__wt.log
[GPU0] Running P00918__L60C with single repr dump -> /data/store-data/yeyh/scripts/AF2stab/results/af2/single-repr-full/logs/P00918__L60C__mutant.log
[GPU1] Running P00929__F22I with single repr dump -> /data/store-data/yeyh/scripts/AF2stab/results/af2/single-repr-full/logs/P00929__F22I__mutant.log
[GPU0] Running P00918__H107N with single repr dump -> /data/store-data/yeyh/scripts/AF2stab/results/af2/single-repr-full/logs/P00918__H107N__mutant.log
[GPU3] Running P00929__A18G with single repr dump -> /data/store-data/yeyh/scripts/AF2stab/results/af2/single-repr-full/logs/P00929__A18G__mutant.log
[GPU1] Running P00929__P28G with single repr dump -> /data/store-data/yeyh/scripts/AF2stab/results/af2/single-repr-full/logs/P00929__P28G__mutant.log
[GPU2] Running P00929__F22L with single repr dump -> /data/store-data/yeyh/scripts/AF2stab/results/af2/single-repr-full/logs/P00929__F22L__mutant.log
[GPU1] Running P00929__E49F with single repr dump -> /data/store-data/yeyh/scripts/AF2stab/results/af2/single-repr-full/logs/P00929__E49F__mutant.log
[GPU3] Running P00929__F22V with single repr dump -> /data/store-data/yeyh/scripts/AF2stab/results/af2/single-repr-full/logs/P00929__F22V__mutant.log
[GPU0] Running P00918__C205S with single repr dump -> /data/store-data/yeyh/scripts/AF2stab/results/af2/single-repr-full/logs/P00918__C205S__mutant.log
[GPU2] Running P00929__E49A with single repr dump -> /data/store-data/yeyh/scripts/AF2stab/results/af2/single-repr-full/logs/P00929__E49A__mutant.log
[GPU1] Running P00929__E49K with single repr dump -> /data/store-data/yeyh/scripts/AF2stab/results/af2/single-repr-full/logs/P00929__E49K__mutant.log
[GPU3] Running P00929__E49C with single repr dump -> /data/store-data/yeyh/scripts/AF2stab/results/af2/single-repr-full/logs/P00929__E49C__mutant.log
[GPU0] Running P00929__A18V with single repr dump -> /data/store-data/yeyh/scripts/AF2stab/results/af2/single-repr-full/logs/P00929__A18V__mutant.log
[GPU2] Running P00929__E49G with single repr dump -> /data/store-data/yeyh/scripts/AF2stab/results/af2/single-repr-full/logs/P00929__E49G__mutant.log
[GPU1] Running P00929__E49P with single repr dump -> /data/store-data/yeyh/scripts/AF2stab/results/af2/single-repr-full/logs/P00929__E49P__mutant.log
[GPU2] Running P00929__E49L with single repr dump -> /data/store-data/yeyh/scripts/AF2stab/results/af2/single-repr-full/logs/P00929__E49L__mutant.log
[GPU3] Running P00929__E49H with single repr dump -> /data/store-data/yeyh/scripts/AF2stab/results/af2/single-repr-full/logs/P00929__E49H__mutant.log
[GPU0] Running P00929__P28A with single repr dump -> /data/store-data/yeyh/scripts/AF2stab/results/af2/single-repr-full/logs/P00929__P28A__mutant.log
[GPU1] Running P00929__E49V with single repr dump -> /data/store-data/yeyh/scripts/AF2stab/results/af2/single-repr-full/logs/P00929__E49V__mutant.log
[GPU0] Running P00929__E49D with single repr dump -> /data/store-data/yeyh/scripts/AF2stab/results/af2/single-repr-full/logs/P00929__E49D__mutant.log
[GPU2] Running P00929__E49Q with single repr dump -> /data/store-data/yeyh/scripts/AF2stab/results/af2/single-repr-full/logs/P00929__E49Q__mutant.log
[GPU3] Running P00929__E49M with single repr dump -> /data/store-data/yeyh/scripts/AF2stab/results/af2/single-repr-full/logs/P00929__E49M__mutant.log
[GPU2] Running P00929__E49W with single repr dump -> /data/store-data/yeyh/scripts/AF2stab/results/af2/single-repr-full/logs/P00929__E49W__mutant.log
[GPU3] Running P00929__E49S with single repr dump -> /data/store-data/yeyh/scripts/AF2stab/results/af2/single-repr-full/logs/P00929__E49S__mutant.log
[GPU1] Running P00929__P62A with single repr dump -> /data/store-data/yeyh/scripts/AF2stab/results/af2/single-repr-full/logs/P00929__P62A__mutant.log
[GPU0] Running P00929__E49I with single repr dump -> /data/store-data/yeyh/scripts/AF2stab/results/af2/single-repr-full/logs/P00929__E49I__mutant.log
[GPU1] Running P00929__F139W with single repr dump -> /data/store-data/yeyh/scripts/AF2stab/results/af2/single-repr-full/logs/P00929__F139W__mutant.log
[GPU2] Running P00929__P96A with single repr dump -> /data/store-data/yeyh/scripts/AF2stab/results/af2/single-repr-full/logs/P00929__P96A__mutant.log
[GPU0] Running P00929__E49N with single repr dump -> /data/store-data/yeyh/scripts/AF2stab/results/af2/single-repr-full/logs/P00929__E49N__mutant.log
[GPU3] Running P00929__E49Y with single repr dump -> /data/store-data/yeyh/scripts/AF2stab/results/af2/single-repr-full/logs/P00929__E49Y__mutant.log
[GPU3] Running P00929__P132A with single repr dump -> /data/store-data/yeyh/scripts/AF2stab/results/af2/single-repr-full/logs/P00929__P132A__mutant.log
[GPU1] Running P00929__G211D with single repr dump -> /data/store-data/yeyh/scripts/AF2stab/results/af2/single-repr-full/logs/P00929__G211D__mutant.log
[GPU2] Running P00929__Y175Q with single repr dump -> /data/store-data/yeyh/scripts/AF2stab/results/af2/single-repr-full/logs/P00929__Y175Q__mutant.log
[GPU0] Running P00929__E49T with single repr dump -> /data/store-data/yeyh/scripts/AF2stab/results/af2/single-repr-full/logs/P00929__E49T__mutant.log
[GPU1] Running P00929__G211V with single repr dump -> /data/store-data/yeyh/scripts/AF2stab/results/af2/single-repr-full/logs/P00929__G211V__mutant.log
[GPU3] Running P00929__P207A with single repr dump -> /data/store-data/yeyh/scripts/AF2stab/results/af2/single-repr-full/logs/P00929__P207A__mutant.log
[GPU2] Running P00929__G211E with single repr dump -> /data/store-data/yeyh/scripts/AF2stab/results/af2/single-repr-full/logs/P00929__G211E__mutant.log
[GPU0] Running P00929__P57A with single repr dump -> /data/store-data/yeyh/scripts/AF2stab/results/af2/single-repr-full/logs/P00929__P57A__mutant.log
[GPU1] Running P00929__G234K with single repr dump -> /data/store-data/yeyh/scripts/AF2stab/results/af2/single-repr-full/logs/P00929__G234K__mutant.log
[GPU3] Running P00929__G211R with single repr dump -> /data/store-data/yeyh/scripts/AF2stab/results/af2/single-repr-full/logs/P00929__G211R__mutant.log
[GPU2] Running P00929__G211W with single repr dump -> /data/store-data/yeyh/scripts/AF2stab/results/af2/single-repr-full/logs/P00929__G211W__mutant.log
[GPU0] Running P00929__P132G with single repr dump -> /data/store-data/yeyh/scripts/AF2stab/results/af2/single-repr-full/logs/P00929__P132G__mutant.log
[GPU3] Running P00929__I232V with single repr dump -> /data/store-data/yeyh/scripts/AF2stab/results/af2/single-repr-full/logs/P00929__I232V__mutant.log
[GPU1] Running P00940__K193A with single repr dump -> /data/store-data/yeyh/scripts/AF2stab/results/af2/single-repr-full/logs/P00940__K193A__mutant.log
[GPU0] Running P00929__L209V with single repr dump -> /data/store-data/yeyh/scripts/AF2stab/results/af2/single-repr-full/logs/P00929__L209V__mutant.log
[GPU2] Running P00929__F258W with single repr dump -> /data/store-data/yeyh/scripts/AF2stab/results/af2/single-repr-full/logs/P00929__F258W__mutant.log
[GPU1] Running P00952__L105V with single repr dump -> /data/store-data/yeyh/scripts/AF2stab/results/af2/single-repr-full/logs/P00952__L105V__mutant.log
[GPU3] Running P00940 with single repr dump -> /data/store-data/yeyh/scripts/AF2stab/results/af2/single-repr-full/logs/P00940__Q179A__wt.log
[GPU0] Running P00929__G211S with single repr dump -> /data/store-data/yeyh/scripts/AF2stab/results/af2/single-repr-full/logs/P00929__G211S__mutant.log
[GPU2] Running P00952 with single repr dump -> /data/store-data/yeyh/scripts/AF2stab/results/af2/single-repr-full/logs/P00952__T51P__wt.log
[GPU3] Running P00952__T51P with single repr dump -> /data/store-data/yeyh/scripts/AF2stab/results/af2/single-repr-full/logs/P00952__T51P__mutant.log
[GPU0] Running P00929__G234D with single repr dump -> /data/store-data/yeyh/scripts/AF2stab/results/af2/single-repr-full/logs/P00929__G234D__mutant.log
[GPU1] Running P00974__D38A with single repr dump -> /data/store-data/yeyh/scripts/AF2stab/results/af2/single-repr-full/logs/P00974__D38A__mutant.log
[GPU2] Running P00974 with single repr dump -> /data/store-data/yeyh/scripts/AF2stab/results/af2/single-repr-full/logs/P00974__R36A__wt.log
[GPU0] Running P00940__Q179A with single repr dump -> /data/store-data/yeyh/scripts/AF2stab/results/af2/single-repr-full/logs/P00940__Q179A__mutant.log
[GPU2] Running P00974__F39A with single repr dump -> /data/store-data/yeyh/scripts/AF2stab/results/af2/single-repr-full/logs/P00974__F39A__mutant.log
[GPU1] Running P00974__E42A with single repr dump -> /data/store-data/yeyh/scripts/AF2stab/results/af2/single-repr-full/logs/P00974__E42A__mutant.log
[GPU3] Running P00974__R36A with single repr dump -> /data/store-data/yeyh/scripts/AF2stab/results/af2/single-repr-full/logs/P00974__R36A__mutant.log
[GPU0] Running P00952__I52L with single repr dump -> /data/store-data/yeyh/scripts/AF2stab/results/af2/single-repr-full/logs/P00952__I52L__mutant.log
[GPU2] Running P00974__P43A with single repr dump -> /data/store-data/yeyh/scripts/AF2stab/results/af2/single-repr-full/logs/P00974__P43A__mutant.log
[GPU1] Running P00974__Y45L with single repr dump -> /data/store-data/yeyh/scripts/AF2stab/results/af2/single-repr-full/logs/P00974__Y45L__mutant.log
[GPU3] Running P00974__F39L with single repr dump -> /data/store-data/yeyh/scripts/AF2stab/results/af2/single-repr-full/logs/P00974__F39L__mutant.log
[GPU1] Running P00974__G47V with single repr dump -> /data/store-data/yeyh/scripts/AF2stab/results/af2/single-repr-full/logs/P00974__G47V__mutant.log
[GPU3] Running P00974__P44A with single repr dump -> /data/store-data/yeyh/scripts/AF2stab/results/af2/single-repr-full/logs/P00974__P44A__mutant.log
[GPU0] Running P00974__P37A with single repr dump -> /data/store-data/yeyh/scripts/AF2stab/results/af2/single-repr-full/logs/P00974__P37A__mutant.log
[GPU2] Running P00974__T46A with single repr dump -> /data/store-data/yeyh/scripts/AF2stab/results/af2/single-repr-full/logs/P00974__T46A__mutant.log
[GPU1] Running P00974__A51T with single repr dump -> /data/store-data/yeyh/scripts/AF2stab/results/af2/single-repr-full/logs/P00974__A51T__mutant.log
[GPU3] Running P00974__G47A with single repr dump -> /data/store-data/yeyh/scripts/AF2stab/results/af2/single-repr-full/logs/P00974__G47A__mutant.log
[GPU0] Running P00974__L41A with single repr dump -> /data/store-data/yeyh/scripts/AF2stab/results/af2/single-repr-full/logs/P00974__L41A__mutant.log
[GPU2] Running P00974__P48A with single repr dump -> /data/store-data/yeyh/scripts/AF2stab/results/af2/single-repr-full/logs/P00974__P48A__mutant.log
[GPU3] Running P00974__P48S with single repr dump -> /data/store-data/yeyh/scripts/AF2stab/results/af2/single-repr-full/logs/P00974__P48S__mutant.log
[GPU1] Running P00974__I54A with single repr dump -> /data/store-data/yeyh/scripts/AF2stab/results/af2/single-repr-full/logs/P00974__I54A__mutant.log
[GPU0] Running P00974__Y45A with single repr dump -> /data/store-data/yeyh/scripts/AF2stab/results/af2/single-repr-full/logs/P00974__Y45A__mutant.log
[GPU2] Running P00974__A51V with single repr dump -> /data/store-data/yeyh/scripts/AF2stab/results/af2/single-repr-full/logs/P00974__A51V__mutant.log
[GPU3] Running P00974__R52A with single repr dump -> /data/store-data/yeyh/scripts/AF2stab/results/af2/single-repr-full/logs/P00974__R52A__mutant.log
[GPU1] Running P00974__F57A with single repr dump -> /data/store-data/yeyh/scripts/AF2stab/results/af2/single-repr-full/logs/P00974__F57A__mutant.log
[GPU0] Running P00974__G47D with single repr dump -> /data/store-data/yeyh/scripts/AF2stab/results/af2/single-repr-full/logs/P00974__G47D__mutant.log
[GPU2] Running P00974__R55A with single repr dump -> /data/store-data/yeyh/scripts/AF2stab/results/af2/single-repr-full/logs/P00974__R55A__mutant.log
[GPU0] Running P00974__K50A with single repr dump -> /data/store-data/yeyh/scripts/AF2stab/results/af2/single-repr-full/logs/P00974__K50A__mutant.log
[GPU3] Running P00974__Y56A with single repr dump -> /data/store-data/yeyh/scripts/AF2stab/results/af2/single-repr-full/logs/P00974__Y56A__mutant.log
[GPU1] Running P00974__G63A with single repr dump -> /data/store-data/yeyh/scripts/AF2stab/results/af2/single-repr-full/logs/P00974__G63A__mutant.log
[GPU2] Running P00974__Y58A with single repr dump -> /data/store-data/yeyh/scripts/AF2stab/results/af2/single-repr-full/logs/P00974__Y58A__mutant.log
[GPU0] Running P00974__I53A with single repr dump -> /data/store-data/yeyh/scripts/AF2stab/results/af2/single-repr-full/logs/P00974__I53A__mutant.log
[GPU1] Running P00974__C65S with single repr dump -> /data/store-data/yeyh/scripts/AF2stab/results/af2/single-repr-full/logs/P00974__C65S__mutant.log
[GPU3] Running P00974__N59A with single repr dump -> /data/store-data/yeyh/scripts/AF2stab/results/af2/single-repr-full/logs/P00974__N59A__mutant.log
[GPU2] Running P00974__L64A with single repr dump -> /data/store-data/yeyh/scripts/AF2stab/results/af2/single-repr-full/logs/P00974__L64A__mutant.log
[GPU0] Running P00974__Y56L with single repr dump -> /data/store-data/yeyh/scripts/AF2stab/results/af2/single-repr-full/logs/P00974__Y56L__mutant.log
[GPU3] Running P00974__C65A with single repr dump -> /data/store-data/yeyh/scripts/AF2stab/results/af2/single-repr-full/logs/P00974__C65A__mutant.log
[GPU1] Running P00974__T67A with single repr dump -> /data/store-data/yeyh/scripts/AF2stab/results/af2/single-repr-full/logs/P00974__T67A__mutant.log
[GPU2] Running P00974__C65T with single repr dump -> /data/store-data/yeyh/scripts/AF2stab/results/af2/single-repr-full/logs/P00974__C65T__mutant.log
[GPU0] Running P00974__K61A with single repr dump -> /data/store-data/yeyh/scripts/AF2stab/results/af2/single-repr-full/logs/P00974__K61A__mutant.log
[GPU2] Running P00974__F68I with single repr dump -> /data/store-data/yeyh/scripts/AF2stab/results/af2/single-repr-full/logs/P00974__F68I__mutant.log
[GPU3] Running P00974__C65V with single repr dump -> /data/store-data/yeyh/scripts/AF2stab/results/af2/single-repr-full/logs/P00974__C65V__mutant.log
[GPU1] Running P00974__Y70A with single repr dump -> /data/store-data/yeyh/scripts/AF2stab/results/af2/single-repr-full/logs/P00974__Y70A__mutant.log
[GPU1] Running P00974__Y70L with single repr dump -> /data/store-data/yeyh/scripts/AF2stab/results/af2/single-repr-full/logs/P00974__Y70L__mutant.log
[GPU3] Running P00974__F68L with single repr dump -> /data/store-data/yeyh/scripts/AF2stab/results/af2/single-repr-full/logs/P00974__F68L__mutant.log
[GPU0] Running P00974__C65G with single repr dump -> /data/store-data/yeyh/scripts/AF2stab/results/af2/single-repr-full/logs/P00974__C65G__mutant.log
[GPU2] Running P00974__Y70D with single repr dump -> /data/store-data/yeyh/scripts/AF2stab/results/af2/single-repr-full/logs/P00974__Y70D__mutant.log
[GPU1] Running P00974__G71S with single repr dump -> /data/store-data/yeyh/scripts/AF2stab/results/af2/single-repr-full/logs/P00974__G71S__mutant.log
[GPU3] Running P00974__Y70F with single repr dump -> /data/store-data/yeyh/scripts/AF2stab/results/af2/single-repr-full/logs/P00974__Y70F__mutant.log
[GPU0] Running P00974__Q66A with single repr dump -> /data/store-data/yeyh/scripts/AF2stab/results/af2/single-repr-full/logs/P00974__Q66A__mutant.log
[GPU2] Running P00974__Y70N with single repr dump -> /data/store-data/yeyh/scripts/AF2stab/results/af2/single-repr-full/logs/P00974__Y70N__mutant.log
[GPU1] Running P00974__K76A with single repr dump -> /data/store-data/yeyh/scripts/AF2stab/results/af2/single-repr-full/logs/P00974__K76A__mutant.log
[GPU0] Running P00974__V69A with single repr dump -> /data/store-data/yeyh/scripts/AF2stab/results/af2/single-repr-full/logs/P00974__V69A__mutant.log
[GPU3] Running P00974__G71A with single repr dump -> /data/store-data/yeyh/scripts/AF2stab/results/af2/single-repr-full/logs/P00974__G71A__mutant.log
[GPU2] Running P00974__G72A with single repr dump -> /data/store-data/yeyh/scripts/AF2stab/results/af2/single-repr-full/logs/P00974__G72A__mutant.log
[GPU1] Running P00974__N79G with single repr dump -> /data/store-data/yeyh/scripts/AF2stab/results/af2/single-repr-full/logs/P00974__N79G__mutant.log
[GPU3] Running P00974__G72D with single repr dump -> /data/store-data/yeyh/scripts/AF2stab/results/af2/single-repr-full/logs/P00974__G72D__mutant.log
[GPU0] Running P00974__Y70G with single repr dump -> /data/store-data/yeyh/scripts/AF2stab/results/af2/single-repr-full/logs/P00974__Y70G__mutant.log
[GPU2] Running P00974__R77A with single repr dump -> /data/store-data/yeyh/scripts/AF2stab/results/af2/single-repr-full/logs/P00974__R77A__mutant.log
[GPU1] Running P00974__E84A with single repr dump -> /data/store-data/yeyh/scripts/AF2stab/results/af2/single-repr-full/logs/P00974__E84A__mutant.log
[GPU3] Running P00974__N78G with single repr dump -> /data/store-data/yeyh/scripts/AF2stab/results/af2/single-repr-full/logs/P00974__N78G__mutant.log
[GPU0] Running P00974__G71D with single repr dump -> /data/store-data/yeyh/scripts/AF2stab/results/af2/single-repr-full/logs/P00974__G71D__mutant.log
[GPU2] Running P00974__F80A with single repr dump -> /data/store-data/yeyh/scripts/AF2stab/results/af2/single-repr-full/logs/P00974__F80A__mutant.log
[GPU1] Running P00974__T89A with single repr dump -> /data/store-data/yeyh/scripts/AF2stab/results/af2/single-repr-full/logs/P00974__T89A__mutant.log
[GPU3] Running P00974__K81A with single repr dump -> /data/store-data/yeyh/scripts/AF2stab/results/af2/single-repr-full/logs/P00974__K81A__mutant.log
[GPU0] Running P00974__R74A with single repr dump -> /data/store-data/yeyh/scripts/AF2stab/results/af2/single-repr-full/logs/P00974__R74A__mutant.log
[GPU2] Running P00974__D85A with single repr dump -> /data/store-data/yeyh/scripts/AF2stab/results/af2/single-repr-full/logs/P00974__D85A__mutant.log
[GPU1] Running P01006__V44A with single repr dump -> /data/store-data/yeyh/scripts/AF2stab/results/af2/single-repr-full/logs/P01006__V44A__mutant.log
[GPU0] Running P00974__N79A with single repr dump -> /data/store-data/yeyh/scripts/AF2stab/results/af2/single-repr-full/logs/P00974__N79A__mutant.log
[GPU3] Running P00974__M87A with single repr dump -> /data/store-data/yeyh/scripts/AF2stab/results/af2/single-repr-full/logs/P00974__M87A__mutant.log
[GPU2] Running P00974__G91A with single repr dump -> /data/store-data/yeyh/scripts/AF2stab/results/af2/single-repr-full/logs/P00974__G91A__mutant.log
[GPU1] Running P01006__V44L with single repr dump -> /data/store-data/yeyh/scripts/AF2stab/results/af2/single-repr-full/logs/P01006__V44L__mutant.log
[GPU3] Running P00974__G92A with single repr dump -> /data/store-data/yeyh/scripts/AF2stab/results/af2/single-repr-full/logs/P00974__G92A__mutant.log
[GPU2] Running P01006__V44F with single repr dump -> /data/store-data/yeyh/scripts/AF2stab/results/af2/single-repr-full/logs/P01006__V44F__mutant.log
[GPU0] Running P00974__S82A with single repr dump -> /data/store-data/yeyh/scripts/AF2stab/results/af2/single-repr-full/logs/P00974__S82A__mutant.log
[GPU1] Running P01006__M104E with single repr dump -> /data/store-data/yeyh/scripts/AF2stab/results/af2/single-repr-full/logs/P01006__M104E__mutant.log
[GPU3] Running P01006__V44G with single repr dump -> /data/store-data/yeyh/scripts/AF2stab/results/af2/single-repr-full/logs/P01006__V44G__mutant.log
[GPU2] Running P01006__V44M with single repr dump -> /data/store-data/yeyh/scripts/AF2stab/results/af2/single-repr-full/logs/P01006__V44M__mutant.log
[GPU0] Running P00974__R88A with single repr dump -> /data/store-data/yeyh/scripts/AF2stab/results/af2/single-repr-full/logs/P00974__R88A__mutant.log
[GPU1] Running P01006__M104L with single repr dump -> /data/store-data/yeyh/scripts/AF2stab/results/af2/single-repr-full/logs/P01006__M104L__mutant.log
[GPU2] Running P01006__M104G with single repr dump -> /data/store-data/yeyh/scripts/AF2stab/results/af2/single-repr-full/logs/P01006__M104G__mutant.log
[GPU3] Running P01006__M104A with single repr dump -> /data/store-data/yeyh/scripts/AF2stab/results/af2/single-repr-full/logs/P01006__M104A__mutant.log
[GPU0] Running P01006 with single repr dump -> /data/store-data/yeyh/scripts/AF2stab/results/af2/single-repr-full/logs/P01006__V44A__wt.log
[GPU2] Running P01006__M104V with single repr dump -> /data/store-data/yeyh/scripts/AF2stab/results/af2/single-repr-full/logs/P01006__M104V__mutant.log
[GPU3] Running P01006__M104I with single repr dump -> /data/store-data/yeyh/scripts/AF2stab/results/af2/single-repr-full/logs/P01006__M104I__mutant.log
[GPU1] Running P01006__M134I with single repr dump -> /data/store-data/yeyh/scripts/AF2stab/results/af2/single-repr-full/logs/P01006__M134I__mutant.log
[GPU0] Running P01006__V44I with single repr dump -> /data/store-data/yeyh/scripts/AF2stab/results/af2/single-repr-full/logs/P01006__V44I__mutant.log
[GPU2] Running P01006__M134L with single repr dump -> /data/store-data/yeyh/scripts/AF2stab/results/af2/single-repr-full/logs/P01006__M134L__mutant.log
[GPU3] Running P01006__M134A with single repr dump -> /data/store-data/yeyh/scripts/AF2stab/results/af2/single-repr-full/logs/P01006__M134A__mutant.log
[GPU1] Running P01009__A31I with single repr dump -> /data/store-data/yeyh/scripts/AF2stab/results/af2/single-repr-full/logs/P01009__A31I__mutant.log
[GPU0] Running P01006__M104D with single repr dump -> /data/store-data/yeyh/scripts/AF2stab/results/af2/single-repr-full/logs/P01006__M104D__mutant.log
[GPU2] Running P01009__A31L with single repr dump -> /data/store-data/yeyh/scripts/AF2stab/results/af2/single-repr-full/logs/P01009__A31L__mutant.log
[GPU0] Running P01006__M104K with single repr dump -> /data/store-data/yeyh/scripts/AF2stab/results/af2/single-repr-full/logs/P01006__M104K__mutant.log
[GPU3] Running P01006__M134V with single repr dump -> /data/store-data/yeyh/scripts/AF2stab/results/af2/single-repr-full/logs/P01006__M134V__mutant.log
[GPU1] Running P01009__A55I with single repr dump -> /data/store-data/yeyh/scripts/AF2stab/results/af2/single-repr-full/logs/P01009__A55I__mutant.log
[GPU3] Running P01009__A31P with single repr dump -> /data/store-data/yeyh/scripts/AF2stab/results/af2/single-repr-full/logs/P01009__A31P__mutant.log
[GPU0] Running P01006__M134G with single repr dump -> /data/store-data/yeyh/scripts/AF2stab/results/af2/single-repr-full/logs/P01006__M134G__mutant.log
[GPU2] Running P01009__A55L with single repr dump -> /data/store-data/yeyh/scripts/AF2stab/results/af2/single-repr-full/logs/P01009__A55L__mutant.log
[GPU1] Running P01009__F75C with single repr dump -> /data/store-data/yeyh/scripts/AF2stab/results/af2/single-repr-full/logs/P01009__F75C__mutant.log
[GPU0] Running P01009 with single repr dump -> /data/store-data/yeyh/scripts/AF2stab/results/af2/single-repr-full/logs/P01009__A31I__wt.log
[GPU2] Running P01009__F75L with single repr dump -> /data/store-data/yeyh/scripts/AF2stab/results/af2/single-repr-full/logs/P01009__F75L__mutant.log
[GPU3] Running P01009__A55P with single repr dump -> /data/store-data/yeyh/scripts/AF2stab/results/af2/single-repr-full/logs/P01009__A55P__mutant.log
[GPU1] Running P01009__T83A with single repr dump -> /data/store-data/yeyh/scripts/AF2stab/results/af2/single-repr-full/logs/P01009__T83A__mutant.log
[GPU0] Running P01009__A31V with single repr dump -> /data/store-data/yeyh/scripts/AF2stab/results/af2/single-repr-full/logs/P01009__A31V__mutant.log
[GPU2] Running P01009__T92A with single repr dump -> /data/store-data/yeyh/scripts/AF2stab/results/af2/single-repr-full/logs/P01009__T92A__mutant.log
[GPU3] Running P01009__V79I with single repr dump -> /data/store-data/yeyh/scripts/AF2stab/results/af2/single-repr-full/logs/P01009__V79I__mutant.log
[GPU1] Running P01009__V169L with single repr dump -> /data/store-data/yeyh/scripts/AF2stab/results/af2/single-repr-full/logs/P01009__V169L__mutant.log
[GPU2] Running P01009__Y184A with single repr dump -> /data/store-data/yeyh/scripts/AF2stab/results/af2/single-repr-full/logs/P01009__Y184A__mutant.log
[GPU0] Running P01009__A55V with single repr dump -> /data/store-data/yeyh/scripts/AF2stab/results/af2/single-repr-full/logs/P01009__A55V__mutant.log
[GPU3] Running P01009__A94G with single repr dump -> /data/store-data/yeyh/scripts/AF2stab/results/af2/single-repr-full/logs/P01009__A94G__mutant.log
[GPU1] Running P01009__V197L with single repr dump -> /data/store-data/yeyh/scripts/AF2stab/results/af2/single-repr-full/logs/P01009__V197L__mutant.log
[GPU2] Running P01009__A207F with single repr dump -> /data/store-data/yeyh/scripts/AF2stab/results/af2/single-repr-full/logs/P01009__A207F__mutant.log
[GPU3] Running P01009__Y184W with single repr dump -> /data/store-data/yeyh/scripts/AF2stab/results/af2/single-repr-full/logs/P01009__Y184W__mutant.log
[GPU0] Running P01009__V79L with single repr dump -> /data/store-data/yeyh/scripts/AF2stab/results/af2/single-repr-full/logs/P01009__V79L__mutant.log
[GPU1] Running P01009__A207V with single repr dump -> /data/store-data/yeyh/scripts/AF2stab/results/af2/single-repr-full/logs/P01009__A207V__mutant.log
[GPU0] Running P01009__V169I with single repr dump -> /data/store-data/yeyh/scripts/AF2stab/results/af2/single-repr-full/logs/P01009__V169I__mutant.log
[GPU2] Running P01009__W218F with single repr dump -> /data/store-data/yeyh/scripts/AF2stab/results/af2/single-repr-full/logs/P01009__W218F__mutant.log
[GPU3] Running P01009__A207I with single repr dump -> /data/store-data/yeyh/scripts/AF2stab/results/af2/single-repr-full/logs/P01009__A207I__mutant.log
[GPU1] Running P01009__A272I with single repr dump -> /data/store-data/yeyh/scripts/AF2stab/results/af2/single-repr-full/logs/P01009__A272I__mutant.log
[GPU0] Running P01009__V197I with single repr dump -> /data/store-data/yeyh/scripts/AF2stab/results/af2/single-repr-full/logs/P01009__V197I__mutant.log
[GPU3] Running P01009__W262F with single repr dump -> /data/store-data/yeyh/scripts/AF2stab/results/af2/single-repr-full/logs/P01009__W262F__mutant.log
[GPU2] Running P01009__A272L with single repr dump -> /data/store-data/yeyh/scripts/AF2stab/results/af2/single-repr-full/logs/P01009__A272L__mutant.log
[GPU1] Running P01009__A274L with single repr dump -> /data/store-data/yeyh/scripts/AF2stab/results/af2/single-repr-full/logs/P01009__A274L__mutant.log
[GPU2] Running P01009__A274V with single repr dump -> /data/store-data/yeyh/scripts/AF2stab/results/af2/single-repr-full/logs/P01009__A274V__mutant.log
[GPU3] Running P01009__A272V with single repr dump -> /data/store-data/yeyh/scripts/AF2stab/results/af2/single-repr-full/logs/P01009__A272V__mutant.log
[GPU0] Running P01009__A207L with single repr dump -> /data/store-data/yeyh/scripts/AF2stab/results/af2/single-repr-full/logs/P01009__A207L__mutant.log
[GPU1] Running P01009__A308V with single repr dump -> /data/store-data/yeyh/scripts/AF2stab/results/af2/single-repr-full/logs/P01009__A308V__mutant.log
[GPU3] Running P01009__A308I with single repr dump -> /data/store-data/yeyh/scripts/AF2stab/results/af2/single-repr-full/logs/P01009__A308I__mutant.log
[GPU2] Running P01009__V345I with single repr dump -> /data/store-data/yeyh/scripts/AF2stab/results/af2/single-repr-full/logs/P01009__V345I__mutant.log
[GPU0] Running P01009__A272F with single repr dump -> /data/store-data/yeyh/scripts/AF2stab/results/af2/single-repr-full/logs/P01009__A272F__mutant.log
[GPU1] Running P01009__K355F with single repr dump -> /data/store-data/yeyh/scripts/AF2stab/results/af2/single-repr-full/logs/P01009__K355F__mutant.log
[GPU3] Running P01009__V345L with single repr dump -> /data/store-data/yeyh/scripts/AF2stab/results/af2/single-repr-full/logs/P01009__V345L__mutant.log
[GPU0] Running P01009__A274I with single repr dump -> /data/store-data/yeyh/scripts/AF2stab/results/af2/single-repr-full/logs/P01009__A274I__mutant.log
[GPU1] Running P01009__V388I with single repr dump -> /data/store-data/yeyh/scripts/AF2stab/results/af2/single-repr-full/logs/P01009__V388I__mutant.log
[GPU2] Running P01009__K355I with single repr dump -> /data/store-data/yeyh/scripts/AF2stab/results/af2/single-repr-full/logs/P01009__K355I__mutant.log
[GPU3] Running P01009__K355T with single repr dump -> /data/store-data/yeyh/scripts/AF2stab/results/af2/single-repr-full/logs/P01009__K355T__mutant.log
[GPU0] Running P01009__A308L with single repr dump -> /data/store-data/yeyh/scripts/AF2stab/results/af2/single-repr-full/logs/P01009__A308L__mutant.log
[GPU2] Running P01009__V388L with single repr dump -> /data/store-data/yeyh/scripts/AF2stab/results/af2/single-repr-full/logs/P01009__V388L__mutant.log
[GPU1] Running P01009__K411R with single repr dump -> /data/store-data/yeyh/scripts/AF2stab/results/af2/single-repr-full/logs/P01009__K411R__mutant.log
[GPU2] Running P01051 with single repr dump -> /data/store-data/yeyh/scripts/AF2stab/results/af2/single-repr-full/logs/P01051__V14A__wt.log
[GPU0] Running P01009__S354R with single repr dump -> /data/store-data/yeyh/scripts/AF2stab/results/af2/single-repr-full/logs/P01009__S354R__mutant.log
[GPU1] Running P01051__L27A with single repr dump -> /data/store-data/yeyh/scripts/AF2stab/results/af2/single-repr-full/logs/P01051__L27A__mutant.log
[GPU3] Running P01009__M398I with single repr dump -> /data/store-data/yeyh/scripts/AF2stab/results/af2/single-repr-full/logs/P01009__M398I__mutant.log
[GPU1] Running P01053__K22A with single repr dump -> /data/store-data/yeyh/scripts/AF2stab/results/af2/single-repr-full/logs/P01053__K22A__mutant.log
[GPU2] Running P01051__V54A with single repr dump -> /data/store-data/yeyh/scripts/AF2stab/results/af2/single-repr-full/logs/P01051__V54A__mutant.log
[GPU3] Running P01051__V14A with single repr dump -> /data/store-data/yeyh/scripts/AF2stab/results/af2/single-repr-full/logs/P01051__V14A__mutant.log
[GPU0] Running P01009__K355V with single repr dump -> /data/store-data/yeyh/scripts/AF2stab/results/af2/single-repr-full/logs/P01009__K355V__mutant.log
[GPU2] Running P01053__K22M with single repr dump -> /data/store-data/yeyh/scripts/AF2stab/results/af2/single-repr-full/logs/P01053__K22M__mutant.log
[GPU1] Running P01053__T23V with single repr dump -> /data/store-data/yeyh/scripts/AF2stab/results/af2/single-repr-full/logs/P01053__T23V__mutant.log
[GPU3] Running P01051__V62A with single repr dump -> /data/store-data/yeyh/scripts/AF2stab/results/af2/single-repr-full/logs/P01051__V62A__mutant.log
[GPU0] Running P01009__S405A with single repr dump -> /data/store-data/yeyh/scripts/AF2stab/results/af2/single-repr-full/logs/P01009__S405A__mutant.log
[GPU3] Running P01053__T23A with single repr dump -> /data/store-data/yeyh/scripts/AF2stab/results/af2/single-repr-full/logs/P01053__T23A__mutant.log
[GPU1] Running P01053__L28A with single repr dump -> /data/store-data/yeyh/scripts/AF2stab/results/af2/single-repr-full/logs/P01053__L28A__mutant.log
[GPU2] Running P01053__P26A with single repr dump -> /data/store-data/yeyh/scripts/AF2stab/results/af2/single-repr-full/logs/P01053__P26A__mutant.log
[GPU0] Running P01051__V18A with single repr dump -> /data/store-data/yeyh/scripts/AF2stab/results/af2/single-repr-full/logs/P01051__V18A__mutant.log
[GPU3] Running P01053__E27A with single repr dump -> /data/store-data/yeyh/scripts/AF2stab/results/af2/single-repr-full/logs/P01053__E27A__mutant.log
[GPU1] Running P01053__E34A with single repr dump -> /data/store-data/yeyh/scripts/AF2stab/results/af2/single-repr-full/logs/P01053__E34A__mutant.log
[GPU2] Running P01053__K31A with single repr dump -> /data/store-data/yeyh/scripts/AF2stab/results/af2/single-repr-full/logs/P01053__K31A__mutant.log
[GPU0] Running P01053 with single repr dump -> /data/store-data/yeyh/scripts/AF2stab/results/af2/single-repr-full/logs/P01053__K22A__wt.log
[GPU3] Running P01053__S32A with single repr dump -> /data/store-data/yeyh/scripts/AF2stab/results/af2/single-repr-full/logs/P01053__S32A__mutant.log
[GPU1] Running P01053__E35D with single repr dump -> /data/store-data/yeyh/scripts/AF2stab/results/af2/single-repr-full/logs/P01053__E35D__mutant.log
[GPU2] Running P01053__E34D with single repr dump -> /data/store-data/yeyh/scripts/AF2stab/results/af2/single-repr-full/logs/P01053__E34D__mutant.log
[GPU0] Running P01053__T23G with single repr dump -> /data/store-data/yeyh/scripts/AF2stab/results/af2/single-repr-full/logs/P01053__T23G__mutant.log
[GPU3] Running P01053__E34N with single repr dump -> /data/store-data/yeyh/scripts/AF2stab/results/af2/single-repr-full/logs/P01053__E34N__mutant.log
[GPU1] Running P01053__K37A with single repr dump -> /data/store-data/yeyh/scripts/AF2stab/results/af2/single-repr-full/logs/P01053__K37A__mutant.log
[GPU2] Running P01053__E35N with single repr dump -> /data/store-data/yeyh/scripts/AF2stab/results/af2/single-repr-full/logs/P01053__E35N__mutant.log
[GPU0] Running P01053__E27Q with single repr dump -> /data/store-data/yeyh/scripts/AF2stab/results/af2/single-repr-full/logs/P01053__E27Q__mutant.log
[GPU3] Running P01053__E35Q with single repr dump -> /data/store-data/yeyh/scripts/AF2stab/results/af2/single-repr-full/logs/P01053__E35Q__mutant.log
[GPU1] Running P01053__V39A with single repr dump -> /data/store-data/yeyh/scripts/AF2stab/results/af2/single-repr-full/logs/P01053__V39A__mutant.log
[GPU2] Running P01053__K37G with single repr dump -> /data/store-data/yeyh/scripts/AF2stab/results/af2/single-repr-full/logs/P01053__K37G__mutant.log
[GPU0] Running P01053__S32G with single repr dump -> /data/store-data/yeyh/scripts/AF2stab/results/af2/single-repr-full/logs/P01053__S32G__mutant.log
[GPU3] Running P01053__K38A with single repr dump -> /data/store-data/yeyh/scripts/AF2stab/results/af2/single-repr-full/logs/P01053__K38A__mutant.log
[GPU1] Running P01053__L41G with single repr dump -> /data/store-data/yeyh/scripts/AF2stab/results/af2/single-repr-full/logs/P01053__L41G__mutant.log
[GPU2] Running P01053__I40L with single repr dump -> /data/store-data/yeyh/scripts/AF2stab/results/af2/single-repr-full/logs/P01053__I40L__mutant.log
[GPU0] Running P01053__E34Q with single repr dump -> /data/store-data/yeyh/scripts/AF2stab/results/af2/single-repr-full/logs/P01053__E34Q__mutant.log
[GPU3] Running P01053__I40V with single repr dump -> /data/store-data/yeyh/scripts/AF2stab/results/af2/single-repr-full/logs/P01053__I40V__mutant.log
[GPU1] Running P01053__K44A with single repr dump -> /data/store-data/yeyh/scripts/AF2stab/results/af2/single-repr-full/logs/P01053__K44A__mutant.log
[GPU2] Running P01053__Q42A with single repr dump -> /data/store-data/yeyh/scripts/AF2stab/results/af2/single-repr-full/logs/P01053__Q42A__mutant.log
[GPU0] Running P01053__A36G with single repr dump -> /data/store-data/yeyh/scripts/AF2stab/results/af2/single-repr-full/logs/P01053__A36G__mutant.log
[GPU3] Running P01053__Q42G with single repr dump -> /data/store-data/yeyh/scripts/AF2stab/results/af2/single-repr-full/logs/P01053__Q42G__mutant.log
[GPU1] Running P01053__E46Q with single repr dump -> /data/store-data/yeyh/scripts/AF2stab/results/af2/single-repr-full/logs/P01053__E46Q__mutant.log
[GPU2] Running P01053__K44G with single repr dump -> /data/store-data/yeyh/scripts/AF2stab/results/af2/single-repr-full/logs/P01053__K44G__mutant.log
[GPU0] Running P01053__K38G with single repr dump -> /data/store-data/yeyh/scripts/AF2stab/results/af2/single-repr-full/logs/P01053__K38G__mutant.log
[GPU3] Running P01053__P45A with single repr dump -> /data/store-data/yeyh/scripts/AF2stab/results/af2/single-repr-full/logs/P01053__P45A__mutant.log
[GPU2] Running P01053__Q48M with single repr dump -> /data/store-data/yeyh/scripts/AF2stab/results/af2/single-repr-full/logs/P01053__Q48M__mutant.log
[GPU1] Running P01053__I49T with single repr dump -> /data/store-data/yeyh/scripts/AF2stab/results/af2/single-repr-full/logs/P01053__I49T__mutant.log
[GPU0] Running P01053__L41A with single repr dump -> /data/store-data/yeyh/scripts/AF2stab/results/af2/single-repr-full/logs/P01053__L41A__mutant.log
[GPU3] Running P01053__I49A with single repr dump -> /data/store-data/yeyh/scripts/AF2stab/results/af2/single-repr-full/logs/P01053__I49A__mutant.log
[GPU1] Running P01053__I50T with single repr dump -> /data/store-data/yeyh/scripts/AF2stab/results/af2/single-repr-full/logs/P01053__I50T__mutant.log
[GPU2] Running P01053__I49V with single repr dump -> /data/store-data/yeyh/scripts/AF2stab/results/af2/single-repr-full/logs/P01053__I49V__mutant.log
[GPU0] Running P01053__D43A with single repr dump -> /data/store-data/yeyh/scripts/AF2stab/results/af2/single-repr-full/logs/P01053__D43A__mutant.log
[GPU3] Running P01053__I50A with single repr dump -> /data/store-data/yeyh/scripts/AF2stab/results/af2/single-repr-full/logs/P01053__I50A__mutant.log
[GPU2] Running P01053__I50V with single repr dump -> /data/store-data/yeyh/scripts/AF2stab/results/af2/single-repr-full/logs/P01053__I50V__mutant.log
[GPU1] Running P01053__L52V with single repr dump -> /data/store-data/yeyh/scripts/AF2stab/results/af2/single-repr-full/logs/P01053__L52V__mutant.log
[GPU0] Running P01053__E46A with single repr dump -> /data/store-data/yeyh/scripts/AF2stab/results/af2/single-repr-full/logs/P01053__E46A__mutant.log
[GPU3] Running P01053__L52A with single repr dump -> /data/store-data/yeyh/scripts/AF2stab/results/af2/single-repr-full/logs/P01053__L52A__mutant.log
[GPU2] Running P01053__P53A with single repr dump -> /data/store-data/yeyh/scripts/AF2stab/results/af2/single-repr-full/logs/P01053__P53A__mutant.log
[GPU0] Running P01053__I49G with single repr dump -> /data/store-data/yeyh/scripts/AF2stab/results/af2/single-repr-full/logs/P01053__I49G__mutant.log
[GPU1] Running P01053__V54T with single repr dump -> /data/store-data/yeyh/scripts/AF2stab/results/af2/single-repr-full/logs/P01053__V54T__mutant.log
[GPU3] Running P01053__V54A with single repr dump -> /data/store-data/yeyh/scripts/AF2stab/results/af2/single-repr-full/logs/P01053__V54A__mutant.log
[GPU2] Running P01053__T56A with single repr dump -> /data/store-data/yeyh/scripts/AF2stab/results/af2/single-repr-full/logs/P01053__T56A__mutant.log
[GPU1] Running P01053__I57A with single repr dump -> /data/store-data/yeyh/scripts/AF2stab/results/af2/single-repr-full/logs/P01053__I57A__mutant.log
[GPU0] Running P01053__I50G with single repr dump -> /data/store-data/yeyh/scripts/AF2stab/results/af2/single-repr-full/logs/P01053__I50G__mutant.log
[GPU3] Running P01053__T56S with single repr dump -> /data/store-data/yeyh/scripts/AF2stab/results/af2/single-repr-full/logs/P01053__T56S__mutant.log
[GPU2] Running P01053__V58A with single repr dump -> /data/store-data/yeyh/scripts/AF2stab/results/af2/single-repr-full/logs/P01053__V58A__mutant.log
[GPU1] Running P01053__E61A with single repr dump -> /data/store-data/yeyh/scripts/AF2stab/results/af2/single-repr-full/logs/P01053__E61A__mutant.log
[GPU0] Running P01053__L52I with single repr dump -> /data/store-data/yeyh/scripts/AF2stab/results/af2/single-repr-full/logs/P01053__L52I__mutant.log
[GPU3] Running P01053__T59A with single repr dump -> /data/store-data/yeyh/scripts/AF2stab/results/af2/single-repr-full/logs/P01053__T59A__mutant.log
[GPU2] Running P01053__R63A with single repr dump -> /data/store-data/yeyh/scripts/AF2stab/results/af2/single-repr-full/logs/P01053__R63A__mutant.log
[GPU1] Running P01053__R68A with single repr dump -> /data/store-data/yeyh/scripts/AF2stab/results/af2/single-repr-full/logs/P01053__R68A__mutant.log
[GPU0] Running P01053__V54G with single repr dump -> /data/store-data/yeyh/scripts/AF2stab/results/af2/single-repr-full/logs/P01053__V54G__mutant.log
[GPU3] Running P01053__D65A with single repr dump -> /data/store-data/yeyh/scripts/AF2stab/results/af2/single-repr-full/logs/P01053__D65A__mutant.log
[GPU2] Running P01053__L69A with single repr dump -> /data/store-data/yeyh/scripts/AF2stab/results/af2/single-repr-full/logs/P01053__L69A__mutant.log
[GPU1] Running P01053__F70V with single repr dump -> /data/store-data/yeyh/scripts/AF2stab/results/af2/single-repr-full/logs/P01053__F70V__mutant.log
[GPU0] Running P01053__T56V with single repr dump -> /data/store-data/yeyh/scripts/AF2stab/results/af2/single-repr-full/logs/P01053__T56V__mutant.log
[GPU3] Running P01053__F70A with single repr dump -> /data/store-data/yeyh/scripts/AF2stab/results/af2/single-repr-full/logs/P01053__F70A__mutant.log
[GPU2] Running P01053__V71A with single repr dump -> /data/store-data/yeyh/scripts/AF2stab/results/af2/single-repr-full/logs/P01053__V71A__mutant.log
[GPU1] Running P01053__D75N with single repr dump -> /data/store-data/yeyh/scripts/AF2stab/results/af2/single-repr-full/logs/P01053__D75N__mutant.log
[GPU0] Running P01053__T59D with single repr dump -> /data/store-data/yeyh/scripts/AF2stab/results/af2/single-repr-full/logs/P01053__T59D__mutant.log
[GPU2] Running P01053__N76A with single repr dump -> /data/store-data/yeyh/scripts/AF2stab/results/af2/single-repr-full/logs/P01053__N76A__mutant.log
[GPU3] Running P01053__D72A with single repr dump -> /data/store-data/yeyh/scripts/AF2stab/results/af2/single-repr-full/logs/P01053__D72A__mutant.log
[GPU1] Running P01053__I77V with single repr dump -> /data/store-data/yeyh/scripts/AF2stab/results/af2/single-repr-full/logs/P01053__I77V__mutant.log
[GPU0] Running P01053__V67A with single repr dump -> /data/store-data/yeyh/scripts/AF2stab/results/af2/single-repr-full/logs/P01053__V67A__mutant.log
[GPU2] Running P01053__A78G with single repr dump -> /data/store-data/yeyh/scripts/AF2stab/results/af2/single-repr-full/logs/P01053__A78G__mutant.log
[GPU3] Running P01053__N76D with single repr dump -> /data/store-data/yeyh/scripts/AF2stab/results/af2/single-repr-full/logs/P01053__N76D__mutant.log
[GPU1] Running P01053__V80T with single repr dump -> /data/store-data/yeyh/scripts/AF2stab/results/af2/single-repr-full/logs/P01053__V80T__mutant.log
[GPU0] Running P01053__F70L with single repr dump -> /data/store-data/yeyh/scripts/AF2stab/results/af2/single-repr-full/logs/P01053__F70L__mutant.log
[GPU3] Running P01053__V80A with single repr dump -> /data/store-data/yeyh/scripts/AF2stab/results/af2/single-repr-full/logs/P01053__V80A__mutant.log
[GPU2] Running P01053__P81A with single repr dump -> /data/store-data/yeyh/scripts/AF2stab/results/af2/single-repr-full/logs/P01053__P81A__mutant.log
[GPU1] Running P01053__V83G with single repr dump -> /data/store-data/yeyh/scripts/AF2stab/results/af2/single-repr-full/logs/P01053__V83G__mutant.log
[GPU0] Running P01053__K73N with single repr dump -> /data/store-data/yeyh/scripts/AF2stab/results/af2/single-repr-full/logs/P01053__K73N__mutant.log
[GPU3] Running P01053__R82A with single repr dump -> /data/store-data/yeyh/scripts/AF2stab/results/af2/single-repr-full/logs/P01053__R82A__mutant.log
[GPU1] Running P01236__H58A with single repr dump -> /data/store-data/yeyh/scripts/AF2stab/results/af2/single-repr-full/logs/P01236__H58A__mutant.log
[GPU2] Running P01053__V83T with single repr dump -> /data/store-data/yeyh/scripts/AF2stab/results/af2/single-repr-full/logs/P01053__V83T__mutant.log
[GPU0] Running P01053__I77A with single repr dump -> /data/store-data/yeyh/scripts/AF2stab/results/af2/single-repr-full/logs/P01053__I77A__mutant.log
[GPU3] Running P01236 with single repr dump -> /data/store-data/yeyh/scripts/AF2stab/results/af2/single-repr-full/logs/P01236__H55A__wt.log
[GPU2] Running P01236__H74A with single repr dump -> /data/store-data/yeyh/scripts/AF2stab/results/af2/single-repr-full/logs/P01236__H74A__mutant.log
[GPU1] Running P01236__H166A with single repr dump -> /data/store-data/yeyh/scripts/AF2stab/results/af2/single-repr-full/logs/P01236__H166A__mutant.log
[GPU0] Running P01053__V80G with single repr dump -> /data/store-data/yeyh/scripts/AF2stab/results/af2/single-repr-full/logs/P01053__V80G__mutant.log
[GPU3] Running P01236__H87A with single repr dump -> /data/store-data/yeyh/scripts/AF2stab/results/af2/single-repr-full/logs/P01236__H87A__mutant.log
[GPU1] Running P01241 with single repr dump -> /data/store-data/yeyh/scripts/AF2stab/results/af2/single-repr-full/logs/P01241__S97A__wt.log
[GPU2] Running P01236__H201A with single repr dump -> /data/store-data/yeyh/scripts/AF2stab/results/af2/single-repr-full/logs/P01236__H201A__mutant.log
[GPU0] Running P01053__V83A with single repr dump -> /data/store-data/yeyh/scripts/AF2stab/results/af2/single-repr-full/logs/P01053__V83A__mutant.log
[GPU3] Running P01236__H208A with single repr dump -> /data/store-data/yeyh/scripts/AF2stab/results/af2/single-repr-full/logs/P01236__H208A__mutant.log
[GPU1] Running P01241__S97V with single repr dump -> /data/store-data/yeyh/scripts/AF2stab/results/af2/single-repr-full/logs/P01241__S97V__mutant.log
[GPU2] Running P01241__S97A with single repr dump -> /data/store-data/yeyh/scripts/AF2stab/results/af2/single-repr-full/logs/P01241__S97A__mutant.log
[GPU0] Running P01236__H55A with single repr dump -> /data/store-data/yeyh/scripts/AF2stab/results/af2/single-repr-full/logs/P01236__H55A__mutant.log
[GPU1] Running P01241__E100Q with single repr dump -> /data/store-data/yeyh/scripts/AF2stab/results/af2/single-repr-full/logs/P01241__E100Q__mutant.log
[GPU3] Running P01241__S97Q with single repr dump -> /data/store-data/yeyh/scripts/AF2stab/results/af2/single-repr-full/logs/P01241__S97Q__mutant.log
[GPU2] Running P01241__E100A with single repr dump -> /data/store-data/yeyh/scripts/AF2stab/results/af2/single-repr-full/logs/P01241__E100A__mutant.log
[GPU0] Running P01236__H125A with single repr dump -> /data/store-data/yeyh/scripts/AF2stab/results/af2/single-repr-full/logs/P01236__H125A__mutant.log
[GPU3] Running P01241__E100D with single repr dump -> /data/store-data/yeyh/scripts/AF2stab/results/af2/single-repr-full/logs/P01241__E100D__mutant.log
[GPU2] Running P01241__E100S with single repr dump -> /data/store-data/yeyh/scripts/AF2stab/results/af2/single-repr-full/logs/P01241__E100S__mutant.log
[GPU1] Running P01308__S33D with single repr dump -> /data/store-data/yeyh/scripts/AF2stab/results/af2/single-repr-full/logs/P01308__S33D__mutant.log
[GPU0] Running P01236__H223A with single repr dump -> /data/store-data/yeyh/scripts/AF2stab/results/af2/single-repr-full/logs/P01236__H223A__mutant.log
[GPU2] Running P01308__H34D with single repr dump -> /data/store-data/yeyh/scripts/AF2stab/results/af2/single-repr-full/logs/P01308__H34D__mutant.log
[GPU3] Running P01241__E100T with single repr dump -> /data/store-data/yeyh/scripts/AF2stab/results/af2/single-repr-full/logs/P01241__E100T__mutant.log
[GPU1] Running P01308__F49D with single repr dump -> /data/store-data/yeyh/scripts/AF2stab/results/af2/single-repr-full/logs/P01308__F49D__mutant.log
[GPU0] Running P01241__S97T with single repr dump -> /data/store-data/yeyh/scripts/AF2stab/results/af2/single-repr-full/logs/P01241__S97T__mutant.log
[GPU3] Running P01308__H34E with single repr dump -> /data/store-data/yeyh/scripts/AF2stab/results/af2/single-repr-full/logs/P01308__H34E__mutant.log
[GPU1] Running P01308__T97H with single repr dump -> /data/store-data/yeyh/scripts/AF2stab/results/af2/single-repr-full/logs/P01308__T97H__mutant.log
[GPU2] Running P01308__F49H with single repr dump -> /data/store-data/yeyh/scripts/AF2stab/results/af2/single-repr-full/logs/P01308__F49H__mutant.log
[GPU3] Running P01308__Y50T with single repr dump -> /data/store-data/yeyh/scripts/AF2stab/results/af2/single-repr-full/logs/P01308__Y50T__mutant.log
[GPU2] Running P01308__T97R with single repr dump -> /data/store-data/yeyh/scripts/AF2stab/results/af2/single-repr-full/logs/P01308__T97R__mutant.log
[GPU0] Running P01241__E100L with single repr dump -> /data/store-data/yeyh/scripts/AF2stab/results/af2/single-repr-full/logs/P01241__E100L__mutant.log
[GPU1] Running P01584__R120Q with single repr dump -> /data/store-data/yeyh/scripts/AF2stab/results/af2/single-repr-full/logs/P01584__R120Q__mutant.log
[GPU3] Running P01584 with single repr dump -> /data/store-data/yeyh/scripts/AF2stab/results/af2/single-repr-full/logs/P01584__R120P__wt.log
[GPU0] Running P01308 with single repr dump -> /data/store-data/yeyh/scripts/AF2stab/results/af2/single-repr-full/logs/P01308__S33D__wt.log
[GPU2] Running P01584__L122A with single repr dump -> /data/store-data/yeyh/scripts/AF2stab/results/af2/single-repr-full/logs/P01584__L122A__mutant.log
[GPU1] Running P01584__C124A with single repr dump -> /data/store-data/yeyh/scripts/AF2stab/results/af2/single-repr-full/logs/P01584__C124A__mutant.log
[GPU0] Running P01308__H34T with single repr dump -> /data/store-data/yeyh/scripts/AF2stab/results/af2/single-repr-full/logs/P01308__H34T__mutant.log
[GPU3] Running P01584__N123D with single repr dump -> /data/store-data/yeyh/scripts/AF2stab/results/af2/single-repr-full/logs/P01584__N123D__mutant.log
[GPU1] Running P01584__T125L with single repr dump -> /data/store-data/yeyh/scripts/AF2stab/results/af2/single-repr-full/logs/P01584__T125L__mutant.log
[GPU2] Running P01584__C124S with single repr dump -> /data/store-data/yeyh/scripts/AF2stab/results/af2/single-repr-full/logs/P01584__C124S__mutant.log
[GPU0] Running P01308__T97A with single repr dump -> /data/store-data/yeyh/scripts/AF2stab/results/af2/single-repr-full/logs/P01308__T97A__mutant.log
[GPU3] Running P01584__T125A with single repr dump -> /data/store-data/yeyh/scripts/AF2stab/results/af2/single-repr-full/logs/P01584__T125A__mutant.log
[GPU2] Running P01584__T125Q with single repr dump -> /data/store-data/yeyh/scripts/AF2stab/results/af2/single-repr-full/logs/P01584__T125Q__mutant.log
[GPU1] Running P01584__K213R with single repr dump -> /data/store-data/yeyh/scripts/AF2stab/results/af2/single-repr-full/logs/P01584__K213R__mutant.log
[GPU1] Running P01625__L35P with single repr dump -> /data/store-data/yeyh/scripts/AF2stab/results/af2/single-repr-full/logs/P01625__L35P__mutant.log
[GPU3] Running P01584__L126A with single repr dump -> /data/store-data/yeyh/scripts/AF2stab/results/af2/single-repr-full/logs/P01584__L126A__mutant.log
[GPU0] Running P01584__R120P with single repr dump -> /data/store-data/yeyh/scripts/AF2stab/results/af2/single-repr-full/logs/P01584__R120P__mutant.log
[GPU2] Running P01584__K213V with single repr dump -> /data/store-data/yeyh/scripts/AF2stab/results/af2/single-repr-full/logs/P01584__K213V__mutant.log
[GPU2] Running P01625__N54F with single repr dump -> /data/store-data/yeyh/scripts/AF2stab/results/af2/single-repr-full/logs/P01625__N54F__mutant.log
[GPU3] Running P01625 with single repr dump -> /data/store-data/yeyh/scripts/AF2stab/results/af2/single-repr-full/logs/P01625__M24L__wt.log
[GPU0] Running P01584__N123G with single repr dump -> /data/store-data/yeyh/scripts/AF2stab/results/af2/single-repr-full/logs/P01584__N123G__mutant.log
[GPU1] Running P01625__Q64N with single repr dump -> /data/store-data/yeyh/scripts/AF2stab/results/af2/single-repr-full/logs/P01625__Q64N__mutant.log
[GPU2] Running P01625__K65T with single repr dump -> /data/store-data/yeyh/scripts/AF2stab/results/af2/single-repr-full/logs/P01625__K65T__mutant.log
[GPU0] Running P01584__T125G with single repr dump -> /data/store-data/yeyh/scripts/AF2stab/results/af2/single-repr-full/logs/P01584__T125G__mutant.log
[GPU3] Running P01625__K56R with single repr dump -> /data/store-data/yeyh/scripts/AF2stab/results/af2/single-repr-full/logs/P01625__K56R__mutant.log
[GPU1] Running P01625__T100H with single repr dump -> /data/store-data/yeyh/scripts/AF2stab/results/af2/single-repr-full/logs/P01625__T100H__mutant.log
[GPU0] Running P01584__K213G with single repr dump -> /data/store-data/yeyh/scripts/AF2stab/results/af2/single-repr-full/logs/P01584__K213G__mutant.log
[GPU2] Running P01625__S103T with single repr dump -> /data/store-data/yeyh/scripts/AF2stab/results/af2/single-repr-full/logs/P01625__S103T__mutant.log
[GPU1] Running P01625__T120H with single repr dump -> /data/store-data/yeyh/scripts/AF2stab/results/af2/single-repr-full/logs/P01625__T120H__mutant.log
[GPU3] Running P01625__P66L with single repr dump -> /data/store-data/yeyh/scripts/AF2stab/results/af2/single-repr-full/logs/P01625__P66L__mutant.log
[GPU0] Running P01625__M24L with single repr dump -> /data/store-data/yeyh/scripts/AF2stab/results/af2/single-repr-full/logs/P01625__M24L__mutant.log
[GPU1] Running P01857__T233A with single repr dump -> /data/store-data/yeyh/scripts/AF2stab/results/af2/single-repr-full/logs/P01857__T233A__mutant.log
[GPU3] Running P01625__Q115H with single repr dump -> /data/store-data/yeyh/scripts/AF2stab/results/af2/single-repr-full/logs/P01625__Q115H__mutant.log
[GPU2] Running P01857 with single repr dump -> /data/store-data/yeyh/scripts/AF2stab/results/af2/single-repr-full/logs/P01857__Q230A__wt.log
[GPU0] Running P01625__K56T with single repr dump -> /data/store-data/yeyh/scripts/AF2stab/results/af2/single-repr-full/logs/P01625__K56T__mutant.log
[GPU3] Running P01857__Q230A with single repr dump -> /data/store-data/yeyh/scripts/AF2stab/results/af2/single-repr-full/logs/P01857__Q230A__mutant.log
[GPU1] Running P01857__K253A with single repr dump -> /data/store-data/yeyh/scripts/AF2stab/results/af2/single-repr-full/logs/P01857__K253A__mutant.log
[GPU2] Running P01857__L234A with single repr dump -> /data/store-data/yeyh/scripts/AF2stab/results/af2/single-repr-full/logs/P01857__L234A__mutant.log
[GPU0] Running P01625__K71T with single repr dump -> /data/store-data/yeyh/scripts/AF2stab/results/af2/single-repr-full/logs/P01625__K71T__mutant.log
[GPU3] Running P01857__T249A with single repr dump -> /data/store-data/yeyh/scripts/AF2stab/results/af2/single-repr-full/logs/P01857__T249A__mutant.log
[GPU0] Running P01625__Q115N with single repr dump -> /data/store-data/yeyh/scripts/AF2stab/results/af2/single-repr-full/logs/P01625__Q115N__mutant.log
[GPU1] Running P01857__V280A with single repr dump -> /data/store-data/yeyh/scripts/AF2stab/results/af2/single-repr-full/logs/P01857__V280A__mutant.log
[GPU2] Running P01857__K275A with single repr dump -> /data/store-data/yeyh/scripts/AF2stab/results/af2/single-repr-full/logs/P01857__K275A__mutant.log
[GPU0] Running P01857__Y232A with single repr dump -> /data/store-data/yeyh/scripts/AF2stab/results/af2/single-repr-full/logs/P01857__Y232A__mutant.log
[GPU3] Running P01857__T277A with single repr dump -> /data/store-data/yeyh/scripts/AF2stab/results/af2/single-repr-full/logs/P01857__T277A__mutant.log
[GPU1] Running P01857__Y290A with single repr dump -> /data/store-data/yeyh/scripts/AF2stab/results/af2/single-repr-full/logs/P01857__Y290A__mutant.log
[GPU2] Running P01857__L281A with single repr dump -> /data/store-data/yeyh/scripts/AF2stab/results/af2/single-repr-full/logs/P01857__L281A__mutant.log
[GPU0] Running P01857__L251A with single repr dump -> /data/store-data/yeyh/scripts/AF2stab/results/af2/single-repr-full/logs/P01857__L251A__mutant.log
[GPU1] Running P02185__W8F with single repr dump -> /data/store-data/yeyh/scripts/AF2stab/results/af2/single-repr-full/logs/P02185__W8F__mutant.log
[GPU2] Running P01857__K292A with single repr dump -> /data/store-data/yeyh/scripts/AF2stab/results/af2/single-repr-full/logs/P01857__K292A__mutant.log
[GPU3] Running P01857__D282A with single repr dump -> /data/store-data/yeyh/scripts/AF2stab/results/af2/single-repr-full/logs/P01857__D282A__mutant.log
[GPU1] Running P02185__L12A with single repr dump -> /data/store-data/yeyh/scripts/AF2stab/results/af2/single-repr-full/logs/P02185__L12A__mutant.log
[GPU0] Running P01857__P278A with single repr dump -> /data/store-data/yeyh/scripts/AF2stab/results/af2/single-repr-full/logs/P01857__P278A__mutant.log
[GPU2] Running P02185__Q9A with single repr dump -> /data/store-data/yeyh/scripts/AF2stab/results/af2/single-repr-full/logs/P02185__Q9A__mutant.log
[GPU3] Running P02185 with single repr dump -> /data/store-data/yeyh/scripts/AF2stab/results/af2/single-repr-full/logs/P02185__E5A__wt.log
[GPU1] Running P02185__E19A with single repr dump -> /data/store-data/yeyh/scripts/AF2stab/results/af2/single-repr-full/logs/P02185__E19A__mutant.log
[GPU2] Running P02185__V14A with single repr dump -> /data/store-data/yeyh/scripts/AF2stab/results/af2/single-repr-full/logs/P02185__V14A__mutant.log
[GPU3] Running P02185__Q9G with single repr dump -> /data/store-data/yeyh/scripts/AF2stab/results/af2/single-repr-full/logs/P02185__Q9G__mutant.log
[GPU1] Running P02185__I29L with single repr dump -> /data/store-data/yeyh/scripts/AF2stab/results/af2/single-repr-full/logs/P02185__I29L__mutant.log
[GPU0] Running P01857__F288A with single repr dump -> /data/store-data/yeyh/scripts/AF2stab/results/af2/single-repr-full/logs/P01857__F288A__mutant.log
[GPU2] Running P02185__G24A with single repr dump -> /data/store-data/yeyh/scripts/AF2stab/results/af2/single-repr-full/logs/P02185__G24A__mutant.log
[GPU3] Running P02185__W15F with single repr dump -> /data/store-data/yeyh/scripts/AF2stab/results/af2/single-repr-full/logs/P02185__W15F__mutant.log
[GPU1] Running P02185__L30I with single repr dump -> /data/store-data/yeyh/scripts/AF2stab/results/af2/single-repr-full/logs/P02185__L30I__mutant.log
[GPU2] Running P02185__I29M with single repr dump -> /data/store-data/yeyh/scripts/AF2stab/results/af2/single-repr-full/logs/P02185__I29M__mutant.log
[GPU3] Running P02185__H25V with single repr dump -> /data/store-data/yeyh/scripts/AF2stab/results/af2/single-repr-full/logs/P02185__H25V__mutant.log
[GPU0] Running P02185__E5A with single repr dump -> /data/store-data/yeyh/scripts/AF2stab/results/af2/single-repr-full/logs/P02185__E5A__mutant.log
[GPU1] Running P02185__L33A with single repr dump -> /data/store-data/yeyh/scripts/AF2stab/results/af2/single-repr-full/logs/P02185__L33A__mutant.log
[GPU2] Running P02185__L30M with single repr dump -> /data/store-data/yeyh/scripts/AF2stab/results/af2/single-repr-full/logs/P02185__L30M__mutant.log
[GPU3] Running P02185__I29V with single repr dump -> /data/store-data/yeyh/scripts/AF2stab/results/af2/single-repr-full/logs/P02185__I29V__mutant.log
[GPU0] Running P02185__L10A with single repr dump -> /data/store-data/yeyh/scripts/AF2stab/results/af2/single-repr-full/logs/P02185__L10A__mutant.log
[GPU1] Running P02185__L50I with single repr dump -> /data/store-data/yeyh/scripts/AF2stab/results/af2/single-repr-full/logs/P02185__L50I__mutant.log
[GPU2] Running P02185__H37Q with single repr dump -> /data/store-data/yeyh/scripts/AF2stab/results/af2/single-repr-full/logs/P02185__H37Q__mutant.log
[GPU3] Running P02185__L30V with single repr dump -> /data/store-data/yeyh/scripts/AF2stab/results/af2/single-repr-full/logs/P02185__L30V__mutant.log
[GPU0] Running P02185__A16L with single repr dump -> /data/store-data/yeyh/scripts/AF2stab/results/af2/single-repr-full/logs/P02185__A16L__mutant.log
[GPU1] Running P02185__H65Q with single repr dump -> /data/store-data/yeyh/scripts/AF2stab/results/af2/single-repr-full/logs/P02185__H65Q__mutant.log
[GPU2] Running P02185__T52A with single repr dump -> /data/store-data/yeyh/scripts/AF2stab/results/af2/single-repr-full/logs/P02185__T52A__mutant.log
[GPU3] Running P02185__D45A with single repr dump -> /data/store-data/yeyh/scripts/AF2stab/results/af2/single-repr-full/logs/P02185__D45A__mutant.log
[GPU0] Running P02185__I29A with single repr dump -> /data/store-data/yeyh/scripts/AF2stab/results/af2/single-repr-full/logs/P02185__I29A__mutant.log
[GPU1] Running P02185__V69T with single repr dump -> /data/store-data/yeyh/scripts/AF2stab/results/af2/single-repr-full/logs/P02185__V69T__mutant.log
[GPU2] Running P02185__G66A with single repr dump -> /data/store-data/yeyh/scripts/AF2stab/results/af2/single-repr-full/logs/P02185__G66A__mutant.log
[GPU3] Running P02185__K57A with single repr dump -> /data/store-data/yeyh/scripts/AF2stab/results/af2/single-repr-full/logs/P02185__K57A__mutant.log
[GPU0] Running P02185__L30A with single repr dump -> /data/store-data/yeyh/scripts/AF2stab/results/af2/single-repr-full/logs/P02185__L30A__mutant.log
[GPU1] Running P02185__L70V with single repr dump -> /data/store-data/yeyh/scripts/AF2stab/results/af2/single-repr-full/logs/P02185__L70V__mutant.log
[GPU2] Running P02185__L70A with single repr dump -> /data/store-data/yeyh/scripts/AF2stab/results/af2/single-repr-full/logs/P02185__L70A__mutant.log
[GPU3] Running P02185__V67A with single repr dump -> /data/store-data/yeyh/scripts/AF2stab/results/af2/single-repr-full/logs/P02185__V67A__mutant.log
[GPU0] Running P02185__I31A with single repr dump -> /data/store-data/yeyh/scripts/AF2stab/results/af2/single-repr-full/logs/P02185__I31A__mutant.log
[GPU1] Running P02185__P89A with single repr dump -> /data/store-data/yeyh/scripts/AF2stab/results/af2/single-repr-full/logs/P02185__P89A__mutant.log
[GPU2] Running P02185__K78A with single repr dump -> /data/store-data/yeyh/scripts/AF2stab/results/af2/single-repr-full/logs/P02185__K78A__mutant.log
[GPU3] Running P02185__L70I with single repr dump -> /data/store-data/yeyh/scripts/AF2stab/results/af2/single-repr-full/logs/P02185__L70I__mutant.log
[GPU0] Running P02185__H49Q with single repr dump -> /data/store-data/yeyh/scripts/AF2stab/results/af2/single-repr-full/logs/P02185__H49Q__mutant.log
[GPU1] Running P02185__E110A with single repr dump -> /data/store-data/yeyh/scripts/AF2stab/results/af2/single-repr-full/logs/P02185__E110A__mutant.log
[GPU2] Running P02185__H94G with single repr dump -> /data/store-data/yeyh/scripts/AF2stab/results/af2/single-repr-full/logs/P02185__H94G__mutant.log
[GPU3] Running P02185__H82Q with single repr dump -> /data/store-data/yeyh/scripts/AF2stab/results/af2/single-repr-full/logs/P02185__H82Q__mutant.log
[GPU0] Running P02185__D61A with single repr dump -> /data/store-data/yeyh/scripts/AF2stab/results/af2/single-repr-full/logs/P02185__D61A__mutant.log
[GPU1] Running P02185__I112M with single repr dump -> /data/store-data/yeyh/scripts/AF2stab/results/af2/single-repr-full/logs/P02185__I112M__mutant.log
[GPU2] Running P02185__E110G with single repr dump -> /data/store-data/yeyh/scripts/AF2stab/results/af2/single-repr-full/logs/P02185__E110G__mutant.log
[GPU3] Running P02185__H98Q with single repr dump -> /data/store-data/yeyh/scripts/AF2stab/results/af2/single-repr-full/logs/P02185__H98Q__mutant.log
[GPU0] Running P02185__T68A with single repr dump -> /data/store-data/yeyh/scripts/AF2stab/results/af2/single-repr-full/logs/P02185__T68A__mutant.log
[GPU1] Running P02185__H117A with single repr dump -> /data/store-data/yeyh/scripts/AF2stab/results/af2/single-repr-full/logs/P02185__H117A__mutant.log
[GPU3] Running P02185__I112A with single repr dump -> /data/store-data/yeyh/scripts/AF2stab/results/af2/single-repr-full/logs/P02185__I112A__mutant.log
[GPU0] Running P02185__L70M with single repr dump -> /data/store-data/yeyh/scripts/AF2stab/results/af2/single-repr-full/logs/P02185__L70M__mutant.log
[GPU1] Running P02185__F124K with single repr dump -> /data/store-data/yeyh/scripts/AF2stab/results/af2/single-repr-full/logs/P02185__F124K__mutant.log
[GPU2] Running P02185__H114Q with single repr dump -> /data/store-data/yeyh/scripts/AF2stab/results/af2/single-repr-full/logs/P02185__H114Q__mutant.log
[GPU3] Running P02185__V115A with single repr dump -> /data/store-data/yeyh/scripts/AF2stab/results/af2/single-repr-full/logs/P02185__V115A__mutant.log
[GPU0] Running P02185__H83Q with single repr dump -> /data/store-data/yeyh/scripts/AF2stab/results/af2/single-repr-full/logs/P02185__H83Q__mutant.log
[GPU2] Running P02185__S118A with single repr dump -> /data/store-data/yeyh/scripts/AF2stab/results/af2/single-repr-full/logs/P02185__S118A__mutant.log
[GPU1] Running P02185__A131K with single repr dump -> /data/store-data/yeyh/scripts/AF2stab/results/af2/single-repr-full/logs/P02185__A131K__mutant.log
[GPU3] Running P02185__H120F with single repr dump -> /data/store-data/yeyh/scripts/AF2stab/results/af2/single-repr-full/logs/P02185__H120F__mutant.log
[GPU0] Running P02185__F107A with single repr dump -> /data/store-data/yeyh/scripts/AF2stab/results/af2/single-repr-full/logs/P02185__F107A__mutant.log
[GPU1] Running P02185__L136I with single repr dump -> /data/store-data/yeyh/scripts/AF2stab/results/af2/single-repr-full/logs/P02185__L136I__mutant.log
[GPU2] Running P02185__F124T with single repr dump -> /data/store-data/yeyh/scripts/AF2stab/results/af2/single-repr-full/logs/P02185__F124T__mutant.log
[GPU3] Running P02185__A126L with single repr dump -> /data/store-data/yeyh/scripts/AF2stab/results/af2/single-repr-full/logs/P02185__A126L__mutant.log
[GPU0] Running P02185__I112L with single repr dump -> /data/store-data/yeyh/scripts/AF2stab/results/af2/single-repr-full/logs/P02185__I112L__mutant.log
[GPU1] Running P02185__K141A with single repr dump -> /data/store-data/yeyh/scripts/AF2stab/results/af2/single-repr-full/logs/P02185__K141A__mutant.log
[GPU2] Running P02185__A131L with single repr dump -> /data/store-data/yeyh/scripts/AF2stab/results/af2/single-repr-full/logs/P02185__A131L__mutant.log
[GPU3] Running P02185__M132A with single repr dump -> /data/store-data/yeyh/scripts/AF2stab/results/af2/single-repr-full/logs/P02185__M132A__mutant.log
[GPU2] Running P02185__L136M with single repr dump -> /data/store-data/yeyh/scripts/AF2stab/results/af2/single-repr-full/logs/P02185__L136M__mutant.log
[GPU0] Running P02185__L116A with single repr dump -> /data/store-data/yeyh/scripts/AF2stab/results/af2/single-repr-full/logs/P02185__L116A__mutant.log
[GPU1] Running P02185__I143V with single repr dump -> /data/store-data/yeyh/scripts/AF2stab/results/af2/single-repr-full/logs/P02185__I143V__mutant.log
[GPU3] Running P02185__L136V with single repr dump -> /data/store-data/yeyh/scripts/AF2stab/results/af2/single-repr-full/logs/P02185__L136V__mutant.log
[GPU2] Running P02185__I143A with single repr dump -> /data/store-data/yeyh/scripts/AF2stab/results/af2/single-repr-full/logs/P02185__I143A__mutant.log
[GPU0] Running P02185__F124A with single repr dump -> /data/store-data/yeyh/scripts/AF2stab/results/af2/single-repr-full/logs/P02185__F124A__mutant.log
[GPU1] Running P02417__M1A with single repr dump -> /data/store-data/yeyh/scripts/AF2stab/results/af2/single-repr-full/logs/P02417__M1A__mutant.log
[GPU3] Running P02185__I143L with single repr dump -> /data/store-data/yeyh/scripts/AF2stab/results/af2/single-repr-full/logs/P02185__I143L__mutant.log
[GPU2] Running P02185__A145L with single repr dump -> /data/store-data/yeyh/scripts/AF2stab/results/af2/single-repr-full/logs/P02185__A145L__mutant.log
[GPU0] Running P02185__G130A with single repr dump -> /data/store-data/yeyh/scripts/AF2stab/results/af2/single-repr-full/logs/P02185__G130A__mutant.log
[GPU1] Running P02417__V3L with single repr dump -> /data/store-data/yeyh/scripts/AF2stab/results/af2/single-repr-full/logs/P02417__V3L__mutant.log
[GPU3] Running P02185__L150A with single repr dump -> /data/store-data/yeyh/scripts/AF2stab/results/af2/single-repr-full/logs/P02185__L150A__mutant.log
[GPU0] Running P02185__L136A with single repr dump -> /data/store-data/yeyh/scripts/AF2stab/results/af2/single-repr-full/logs/P02185__L136A__mutant.log
[GPU2] Running P02417__M1G with single repr dump -> /data/store-data/yeyh/scripts/AF2stab/results/af2/single-repr-full/logs/P02417__M1G__mutant.log
[GPU1] Running P02417__L6A with single repr dump -> /data/store-data/yeyh/scripts/AF2stab/results/af2/single-repr-full/logs/P02417__L6A__mutant.log
[GPU3] Running P02417__V3A with single repr dump -> /data/store-data/yeyh/scripts/AF2stab/results/af2/single-repr-full/logs/P02417__V3A__mutant.log
[GPU0] Running P02185__L138A with single repr dump -> /data/store-data/yeyh/scripts/AF2stab/results/af2/single-repr-full/logs/P02185__L138A__mutant.log
[GPU2] Running P02417__I4A with single repr dump -> /data/store-data/yeyh/scripts/AF2stab/results/af2/single-repr-full/logs/P02417__I4A__mutant.log
[GPU1] Running P02417__D8N with single repr dump -> /data/store-data/yeyh/scripts/AF2stab/results/af2/single-repr-full/logs/P02417__D8N__mutant.log
[GPU3] Running P02417__I4V with single repr dump -> /data/store-data/yeyh/scripts/AF2stab/results/af2/single-repr-full/logs/P02417__I4V__mutant.log
[GPU0] Running P02185__I143M with single repr dump -> /data/store-data/yeyh/scripts/AF2stab/results/af2/single-repr-full/logs/P02185__I143M__mutant.log
[GPU2] Running P02417__L6I with single repr dump -> /data/store-data/yeyh/scripts/AF2stab/results/af2/single-repr-full/logs/P02417__L6I__mutant.log
[GPU1] Running P02417__K15M with single repr dump -> /data/store-data/yeyh/scripts/AF2stab/results/af2/single-repr-full/logs/P02417__K15M__mutant.log
[GPU0] Running P02417 with single repr dump -> /data/store-data/yeyh/scripts/AF2stab/results/af2/single-repr-full/logs/P02417__M1A__wt.log
[GPU3] Running P02417__L6V with single repr dump -> /data/store-data/yeyh/scripts/AF2stab/results/af2/single-repr-full/logs/P02417__L6V__mutant.log
[GPU2] Running P02417__K10M with single repr dump -> /data/store-data/yeyh/scripts/AF2stab/results/af2/single-repr-full/logs/P02417__K10M__mutant.log
[GPU1] Running P02417__V21L with single repr dump -> /data/store-data/yeyh/scripts/AF2stab/results/af2/single-repr-full/logs/P02417__V21L__mutant.log
[GPU0] Running P02417__V3I with single repr dump -> /data/store-data/yeyh/scripts/AF2stab/results/af2/single-repr-full/logs/P02417__V3I__mutant.log
[GPU3] Running P02417__K12M with single repr dump -> /data/store-data/yeyh/scripts/AF2stab/results/af2/single-repr-full/logs/P02417__K12M__mutant.log
[GPU2] Running P02417__E17Q with single repr dump -> /data/store-data/yeyh/scripts/AF2stab/results/af2/single-repr-full/logs/P02417__E17Q__mutant.log
[GPU1] Running P02417__L30V with single repr dump -> /data/store-data/yeyh/scripts/AF2stab/results/af2/single-repr-full/logs/P02417__L30V__mutant.log
[GPU0] Running P02417__F5V with single repr dump -> /data/store-data/yeyh/scripts/AF2stab/results/af2/single-repr-full/logs/P02417__F5V__mutant.log
[GPU3] Running P02417__V21A with single repr dump -> /data/store-data/yeyh/scripts/AF2stab/results/af2/single-repr-full/logs/P02417__V21A__mutant.log
[GPU2] Running P02417__D23A with single repr dump -> /data/store-data/yeyh/scripts/AF2stab/results/af2/single-repr-full/logs/P02417__D23A__mutant.log
[GPU1] Running P02417__H106Q with single repr dump -> /data/store-data/yeyh/scripts/AF2stab/results/af2/single-repr-full/logs/P02417__H106Q__mutant.log
[GPU0] Running P02417__K7M with single repr dump -> /data/store-data/yeyh/scripts/AF2stab/results/af2/single-repr-full/logs/P02417__K7M__mutant.log
[GPU3] Running P02417__D23N with single repr dump -> /data/store-data/yeyh/scripts/AF2stab/results/af2/single-repr-full/logs/P02417__D23N__mutant.log
[GPU2] Running P02417__E38Q with single repr dump -> /data/store-data/yeyh/scripts/AF2stab/results/af2/single-repr-full/logs/P02417__E38Q__mutant.log
[GPU1] Running P02625__A21P with single repr dump -> /data/store-data/yeyh/scripts/AF2stab/results/af2/single-repr-full/logs/P02625__A21P__mutant.log
[GPU0] Running P02417__K14M with single repr dump -> /data/store-data/yeyh/scripts/AF2stab/results/af2/single-repr-full/logs/P02417__K14M__mutant.log
[GPU2] Running P02417__H134Q with single repr dump -> /data/store-data/yeyh/scripts/AF2stab/results/af2/single-repr-full/logs/P02417__H134Q__mutant.log
[GPU3] Running P02417__E48Q with single repr dump -> /data/store-data/yeyh/scripts/AF2stab/results/af2/single-repr-full/logs/P02417__E48Q__mutant.log
[GPU1] Running P02631 with single repr dump -> /data/store-data/yeyh/scripts/AF2stab/results/af2/single-repr-full/logs/P02631__P22A__wt.log
[GPU0] Running P02417__V21I with single repr dump -> /data/store-data/yeyh/scripts/AF2stab/results/af2/single-repr-full/logs/P02417__V21I__mutant.log
[GPU3] Running P02417__H144Q with single repr dump -> /data/store-data/yeyh/scripts/AF2stab/results/af2/single-repr-full/logs/P02417__H144Q__mutant.log
[GPU2] Running P02625__A22P with single repr dump -> /data/store-data/yeyh/scripts/AF2stab/results/af2/single-repr-full/logs/P02625__A22P__mutant.log
[GPU0] Running P02417__L30A with single repr dump -> /data/store-data/yeyh/scripts/AF2stab/results/af2/single-repr-full/logs/P02417__L30A__mutant.log
[GPU3] Running P02625__H27P with single repr dump -> /data/store-data/yeyh/scripts/AF2stab/results/af2/single-repr-full/logs/P02625__H27P__mutant.log
[GPU1] Running P02633__L10V with single repr dump -> /data/store-data/yeyh/scripts/AF2stab/results/af2/single-repr-full/logs/P02633__L10V__mutant.log
[GPU2] Running P02631__P22A with single repr dump -> /data/store-data/yeyh/scripts/AF2stab/results/af2/single-repr-full/logs/P02631__P22A__mutant.log
[GPU0] Running P02417__E54Q with single repr dump -> /data/store-data/yeyh/scripts/AF2stab/results/af2/single-repr-full/logs/P02417__E54Q__mutant.log
[GPU1] Running P02633__D23N with single repr dump -> /data/store-data/yeyh/scripts/AF2stab/results/af2/single-repr-full/logs/P02633__D23N__mutant.log
[GPU3] Running P02631__P27A with single repr dump -> /data/store-data/yeyh/scripts/AF2stab/results/af2/single-repr-full/logs/P02631__P27A__mutant.log
[GPU2] Running P02633__F14A with single repr dump -> /data/store-data/yeyh/scripts/AF2stab/results/af2/single-repr-full/logs/P02633__F14A__mutant.log
[GPU0] Running P02625 with single repr dump -> /data/store-data/yeyh/scripts/AF2stab/results/af2/single-repr-full/logs/P02625__A21P__wt.log
[GPU1] Running P02633__E30Q with single repr dump -> /data/store-data/yeyh/scripts/AF2stab/results/af2/single-repr-full/logs/P02633__E30Q__mutant.log
[GPU3] Running P02633__Y17F with single repr dump -> /data/store-data/yeyh/scripts/AF2stab/results/af2/single-repr-full/logs/P02633__Y17F__mutant.log
[GPU2] Running P02633__P24G with single repr dump -> /data/store-data/yeyh/scripts/AF2stab/results/af2/single-repr-full/logs/P02633__P24G__mutant.log
[GPU0] Running P02625__K81S with single repr dump -> /data/store-data/yeyh/scripts/AF2stab/results/af2/single-repr-full/logs/P02625__K81S__mutant.log
[GPU1] Running P02633__F70A with single repr dump -> /data/store-data/yeyh/scripts/AF2stab/results/af2/single-repr-full/logs/P02633__F70A__mutant.log
[GPU3] Running P02633__L27A with single repr dump -> /data/store-data/yeyh/scripts/AF2stab/results/af2/single-repr-full/logs/P02633__L27A__mutant.log
[GPU2] Running P02633__L32A with single repr dump -> /data/store-data/yeyh/scripts/AF2stab/results/af2/single-repr-full/logs/P02633__L32A__mutant.log
[GPU1] Running P02640 with single repr dump -> /data/store-data/yeyh/scripts/AF2stab/results/af2/single-repr-full/logs/P02640__H791Y__wt.log
[GPU0] Running P02633 with single repr dump -> /data/store-data/yeyh/scripts/AF2stab/results/af2/single-repr-full/logs/P02633__L10V__wt.log
[GPU3] Running P02633__V65A with single repr dump -> /data/store-data/yeyh/scripts/AF2stab/results/af2/single-repr-full/logs/P02633__V65A__mutant.log
[GPU2] Running P02633__F70W with single repr dump -> /data/store-data/yeyh/scripts/AF2stab/results/af2/single-repr-full/logs/P02633__F70W__mutant.log
[GPU0] Running P02633__E21Q with single repr dump -> /data/store-data/yeyh/scripts/AF2stab/results/af2/single-repr-full/logs/P02633__E21Q__mutant.log
[GPU3] Running P02633__V74L with single repr dump -> /data/store-data/yeyh/scripts/AF2stab/results/af2/single-repr-full/logs/P02633__V74L__mutant.log
[GPU2] Running P02640__H791Y with single repr dump -> /data/store-data/yeyh/scripts/AF2stab/results/af2/single-repr-full/logs/P02640__H791Y__mutant.log
[GPU1] Running P02693 with single repr dump -> /data/store-data/yeyh/scripts/AF2stab/results/af2/single-repr-full/logs/P02693__W7Y__wt.log
[GPU3] Running P02647 with single repr dump -> /data/store-data/yeyh/scripts/AF2stab/results/af2/single-repr-full/logs/P02647__L165R__wt.log
[GPU0] Running P02633__L27G with single repr dump -> /data/store-data/yeyh/scripts/AF2stab/results/af2/single-repr-full/logs/P02633__L27G__mutant.log
[GPU1] Running P02693__V61C with single repr dump -> /data/store-data/yeyh/scripts/AF2stab/results/af2/single-repr-full/logs/P02693__V61C__mutant.log
[GPU2] Running P02693__W7Y with single repr dump -> /data/store-data/yeyh/scripts/AF2stab/results/af2/single-repr-full/logs/P02693__W7Y__mutant.log
[GPU1] Running P02693__G66A with single repr dump -> /data/store-data/yeyh/scripts/AF2stab/results/af2/single-repr-full/logs/P02693__G66A__mutant.log
[GPU3] Running P02693__I24C with single repr dump -> /data/store-data/yeyh/scripts/AF2stab/results/af2/single-repr-full/logs/P02693__I24C__mutant.log
[GPU0] Running P02633__V65G with single repr dump -> /data/store-data/yeyh/scripts/AF2stab/results/af2/single-repr-full/logs/P02633__V65G__mutant.log
[GPU2] Running P02693__V61N with single repr dump -> /data/store-data/yeyh/scripts/AF2stab/results/af2/single-repr-full/logs/P02693__V61N__mutant.log
[GPU1] Running P02693__L90C with single repr dump -> /data/store-data/yeyh/scripts/AF2stab/results/af2/single-repr-full/logs/P02693__L90C__mutant.log
[GPU3] Running P02693__L65A with single repr dump -> /data/store-data/yeyh/scripts/AF2stab/results/af2/single-repr-full/logs/P02693__L65A__mutant.log
[GPU0] Running P02633__I77V with single repr dump -> /data/store-data/yeyh/scripts/AF2stab/results/af2/single-repr-full/logs/P02633__I77V__mutant.log
[GPU2] Running P02693__F69A with single repr dump -> /data/store-data/yeyh/scripts/AF2stab/results/af2/single-repr-full/logs/P02693__F69A__mutant.log
[GPU1] Running P02751__L1530P with single repr dump -> /data/store-data/yeyh/scripts/AF2stab/results/af2/single-repr-full/logs/P02751__L1530P__mutant.log
[GPU3] Running P02693__L73C with single repr dump -> /data/store-data/yeyh/scripts/AF2stab/results/af2/single-repr-full/logs/P02693__L73C__mutant.log
[GPU0] Running P02647__L165R with single repr dump -> /data/store-data/yeyh/scripts/AF2stab/results/af2/single-repr-full/logs/P02647__L165R__mutant.log
[GPU2] Running P02693__F94A with single repr dump -> /data/store-data/yeyh/scripts/AF2stab/results/af2/single-repr-full/logs/P02693__F94A__mutant.log
[GPU3] Running P02693__A105C with single repr dump -> /data/store-data/yeyh/scripts/AF2stab/results/af2/single-repr-full/logs/P02693__A105C__mutant.log
[GPU0] Running P02693__S53C with single repr dump -> /data/store-data/yeyh/scripts/AF2stab/results/af2/single-repr-full/logs/P02693__S53C__mutant.log
[GPU2] Running P02751__P1542A with single repr dump -> /data/store-data/yeyh/scripts/AF2stab/results/af2/single-repr-full/logs/P02751__P1542A__mutant.log
[GPU3] Running P02751__L1545A with single repr dump -> /data/store-data/yeyh/scripts/AF2stab/results/af2/single-repr-full/logs/P02751__L1545A__mutant.log
[GPU0] Running P02693__L65G with single repr dump -> /data/store-data/yeyh/scripts/AF2stab/results/af2/single-repr-full/logs/P02693__L65G__mutant.log
[GPU0] Running P02693__W83Y with single repr dump -> /data/store-data/yeyh/scripts/AF2stab/results/af2/single-repr-full/logs/P02693__W83Y__mutant.log
[GPU0] Running P02751 with single repr dump -> /data/store-data/yeyh/scripts/AF2stab/results/af2/single-repr-full/logs/P02751__L1530P__wt.log
[GPU1] Running P02751__A1550G with single repr dump -> /data/store-data/yeyh/scripts/AF2stab/results/af2/single-repr-full/logs/P02751__A1550G__mutant.log
[GPU3] Running P02751__I1557A with single repr dump -> /data/store-data/yeyh/scripts/AF2stab/results/af2/single-repr-full/logs/P02751__I1557A__mutant.log
[GPU2] Running P02751__L1555A with single repr dump -> /data/store-data/yeyh/scripts/AF2stab/results/af2/single-repr-full/logs/P02751__L1555A__mutant.log
[GPU0] Running P02751__V1547A with single repr dump -> /data/store-data/yeyh/scripts/AF2stab/results/af2/single-repr-full/logs/P02751__V1547A__mutant.log
[GPU1] Running P02751__W1559F with single repr dump -> /data/store-data/yeyh/scripts/AF2stab/results/af2/single-repr-full/logs/P02751__W1559F__mutant.log
[GPU3] Running P02751__V1566A with single repr dump -> /data/store-data/yeyh/scripts/AF2stab/results/af2/single-repr-full/logs/P02751__V1566A__mutant.log
[GPU2] Running P02751__P1562A with single repr dump -> /data/store-data/yeyh/scripts/AF2stab/results/af2/single-repr-full/logs/P02751__P1562A__mutant.log
[GPU0] Running P02751__I1557V with single repr dump -> /data/store-data/yeyh/scripts/AF2stab/results/af2/single-repr-full/logs/P02751__I1557V__mutant.log
[GPU1] Running P02751__Y1569F with single repr dump -> /data/store-data/yeyh/scripts/AF2stab/results/af2/single-repr-full/logs/P02751__Y1569F__mutant.log
[GPU3] Running P02751__I1571A with single repr dump -> /data/store-data/yeyh/scripts/AF2stab/results/af2/single-repr-full/logs/P02751__I1571A__mutant.log
[GPU2] Running P02751__Y1569L with single repr dump -> /data/store-data/yeyh/scripts/AF2stab/results/af2/single-repr-full/logs/P02751__Y1569L__mutant.log
[GPU0] Running P02751__Y1569A with single repr dump -> /data/store-data/yeyh/scripts/AF2stab/results/af2/single-repr-full/logs/P02751__Y1569A__mutant.log
[GPU3] Running P02751__V1587A with single repr dump -> /data/store-data/yeyh/scripts/AF2stab/results/af2/single-repr-full/logs/P02751__V1587A__mutant.log
[GPU1] Running P02751__Y1573A with single repr dump -> /data/store-data/yeyh/scripts/AF2stab/results/af2/single-repr-full/logs/P02751__Y1573A__mutant.log
[GPU2] Running P02751__F1585A with single repr dump -> /data/store-data/yeyh/scripts/AF2stab/results/af2/single-repr-full/logs/P02751__F1585A__mutant.log
[GPU0] Running P02751__I1571V with single repr dump -> /data/store-data/yeyh/scripts/AF2stab/results/af2/single-repr-full/logs/P02751__I1571V__mutant.log
[GPU3] Running P02751__L1599A with single repr dump -> /data/store-data/yeyh/scripts/AF2stab/results/af2/single-repr-full/logs/P02751__L1599A__mutant.log
[GPU1] Running P02751__I1596A with single repr dump -> /data/store-data/yeyh/scripts/AF2stab/results/af2/single-repr-full/logs/P02751__I1596A__mutant.log
[GPU2] Running P02751__I1596V with single repr dump -> /data/store-data/yeyh/scripts/AF2stab/results/af2/single-repr-full/logs/P02751__I1596V__mutant.log
[GPU0] Running P02751__A1594G with single repr dump -> /data/store-data/yeyh/scripts/AF2stab/results/af2/single-repr-full/logs/P02751__A1594G__mutant.log
[GPU1] Running P02751__V1603A with single repr dump -> /data/store-data/yeyh/scripts/AF2stab/results/af2/single-repr-full/logs/P02751__V1603A__mutant.log
[GPU3] Running P02751__I1607A with single repr dump -> /data/store-data/yeyh/scripts/AF2stab/results/af2/single-repr-full/logs/P02751__I1607A__mutant.log
[GPU2] Running P02751__Y1605F with single repr dump -> /data/store-data/yeyh/scripts/AF2stab/results/af2/single-repr-full/logs/P02751__Y1605F__mutant.log
[GPU0] Running P02751__P1601A with single repr dump -> /data/store-data/yeyh/scripts/AF2stab/results/af2/single-repr-full/logs/P02751__P1601A__mutant.log
[GPU1] Running P02751__V1609A with single repr dump -> /data/store-data/yeyh/scripts/AF2stab/results/af2/single-repr-full/logs/P02751__V1609A__mutant.log
[GPU3] Running P02751__Y1610F with single repr dump -> /data/store-data/yeyh/scripts/AF2stab/results/af2/single-repr-full/logs/P02751__Y1610F__mutant.log
[GPU2] Running P02751__Y1610A with single repr dump -> /data/store-data/yeyh/scripts/AF2stab/results/af2/single-repr-full/logs/P02751__Y1610A__mutant.log
[GPU0] Running P02751__I1607V with single repr dump -> /data/store-data/yeyh/scripts/AF2stab/results/af2/single-repr-full/logs/P02751__I1607V__mutant.log
[GPU1] Running P02751__P1619A with single repr dump -> /data/store-data/yeyh/scripts/AF2stab/results/af2/single-repr-full/logs/P02751__P1619A__mutant.log
[GPU3] Running P02751__P1624A with single repr dump -> /data/store-data/yeyh/scripts/AF2stab/results/af2/single-repr-full/logs/P02751__P1624A__mutant.log
[GPU2] Running P02751__S1622A with single repr dump -> /data/store-data/yeyh/scripts/AF2stab/results/af2/single-repr-full/logs/P02751__S1622A__mutant.log
[GPU0] Running P02751__A1611G with single repr dump -> /data/store-data/yeyh/scripts/AF2stab/results/af2/single-repr-full/logs/P02751__A1611G__mutant.log
[GPU1] Running P02751__I1625V with single repr dump -> /data/store-data/yeyh/scripts/AF2stab/results/af2/single-repr-full/logs/P02751__I1625V__mutant.log
[GPU3] Running P02751__I1627V with single repr dump -> /data/store-data/yeyh/scripts/AF2stab/results/af2/single-repr-full/logs/P02751__I1627V__mutant.log
[GPU2] Running P02751__I1627A with single repr dump -> /data/store-data/yeyh/scripts/AF2stab/results/af2/single-repr-full/logs/P02751__I1627A__mutant.log
[GPU0] Running P02751__I1625A with single repr dump -> /data/store-data/yeyh/scripts/AF2stab/results/af2/single-repr-full/logs/P02751__I1625A__mutant.log
[GPU1] Running P02751__Y1629F with single repr dump -> /data/store-data/yeyh/scripts/AF2stab/results/af2/single-repr-full/logs/P02751__Y1629F__mutant.log
[GPU3] Running P02753__W42F with single repr dump -> /data/store-data/yeyh/scripts/AF2stab/results/af2/single-repr-full/logs/P02753__W42F__mutant.log
[GPU3] Running P02753__W123F with single repr dump -> /data/store-data/yeyh/scripts/AF2stab/results/af2/single-repr-full/logs/P02753__W123F__mutant.log
[GPU3] Running P02925 with single repr dump -> /data/store-data/yeyh/scripts/AF2stab/results/af2/single-repr-full/logs/P02925__A52T__wt.log
[GPU2] Running P02753 with single repr dump -> /data/store-data/yeyh/scripts/AF2stab/results/af2/single-repr-full/logs/P02753__W42F__wt.log
[GPU3] Running P02945__S48A with single repr dump -> /data/store-data/yeyh/scripts/AF2stab/results/af2/single-repr-full/logs/P02945__S48A__mutant.log
[GPU2] Running P02753__W109H with single repr dump -> /data/store-data/yeyh/scripts/AF2stab/results/af2/single-repr-full/logs/P02753__W109H__mutant.log
[GPU3] Running P02945__K53A with single repr dump -> /data/store-data/yeyh/scripts/AF2stab/results/af2/single-repr-full/logs/P02945__K53A__mutant.log
[GPU2] Running P02754__W35Y with single repr dump -> /data/store-data/yeyh/scripts/AF2stab/results/af2/single-repr-full/logs/P02754__W35Y__mutant.log
[GPU3] Running P02945__I58A with single repr dump -> /data/store-data/yeyh/scripts/AF2stab/results/af2/single-repr-full/logs/P02945__I58A__mutant.log
[GPU2] Running P02945 with single repr dump -> /data/store-data/yeyh/scripts/AF2stab/results/af2/single-repr-full/logs/P02945__S48A__wt.log
[GPU3] Running P02945__V62A with single repr dump -> /data/store-data/yeyh/scripts/AF2stab/results/af2/single-repr-full/logs/P02945__V62A__mutant.log
[GPU0] Running P02751__Y1629A with single repr dump -> /data/store-data/yeyh/scripts/AF2stab/results/af2/single-repr-full/logs/P02751__Y1629A__mutant.log
[GPU2] Running P02945__D51A with single repr dump -> /data/store-data/yeyh/scripts/AF2stab/results/af2/single-repr-full/logs/P02945__D51A__mutant.log
[GPU3] Running P02945__T68A with single repr dump -> /data/store-data/yeyh/scripts/AF2stab/results/af2/single-repr-full/logs/P02945__T68A__mutant.log
[GPU2] Running P02945__Y56A with single repr dump -> /data/store-data/yeyh/scripts/AF2stab/results/af2/single-repr-full/logs/P02945__Y56A__mutant.log
[GPU3] Running P02945__S72A with single repr dump -> /data/store-data/yeyh/scripts/AF2stab/results/af2/single-repr-full/logs/P02945__S72A__mutant.log
[GPU2] Running P02945__L61A with single repr dump -> /data/store-data/yeyh/scripts/AF2stab/results/af2/single-repr-full/logs/P02945__L61A__mutant.log
[GPU2] Running P02945__F67A with single repr dump -> /data/store-data/yeyh/scripts/AF2stab/results/af2/single-repr-full/logs/P02945__F67A__mutant.log
[GPU3] Running P03023 with single repr dump -> /data/store-data/yeyh/scripts/AF2stab/results/af2/single-repr-full/logs/P03023__K84L__wt.log
[GPU2] Running P02945__L71A with single repr dump -> /data/store-data/yeyh/scripts/AF2stab/results/af2/single-repr-full/logs/P02945__L71A__mutant.log
[GPU3] Running P03034__A16G with single repr dump -> /data/store-data/yeyh/scripts/AF2stab/results/af2/single-repr-full/logs/P03034__A16G__mutant.log
[GPU2] Running P02945__L75A with single repr dump -> /data/store-data/yeyh/scripts/AF2stab/results/af2/single-repr-full/logs/P02945__L75A__mutant.log
[GPU3] Running P03034__V37I with single repr dump -> /data/store-data/yeyh/scripts/AF2stab/results/af2/single-repr-full/logs/P03034__V37I__mutant.log
[GPU2] Running P03034__K5Q with single repr dump -> /data/store-data/yeyh/scripts/AF2stab/results/af2/single-repr-full/logs/P03034__K5Q__mutant.log
[GPU3] Running P03034__G47A with single repr dump -> /data/store-data/yeyh/scripts/AF2stab/results/af2/single-repr-full/logs/P03034__G47A__mutant.log
[GPU2] Running P03034__Q34Y with single repr dump -> /data/store-data/yeyh/scripts/AF2stab/results/af2/single-repr-full/logs/P03034__Q34Y__mutant.log
[GPU1] Running P02753__W42Y with single repr dump -> /data/store-data/yeyh/scripts/AF2stab/results/af2/single-repr-full/logs/P02753__W42Y__mutant.log
[GPU3] Running P03034__A50G with single repr dump -> /data/store-data/yeyh/scripts/AF2stab/results/af2/single-repr-full/logs/P03034__A50G__mutant.log
[GPU2] Running P03034__Q45Y with single repr dump -> /data/store-data/yeyh/scripts/AF2stab/results/af2/single-repr-full/logs/P03034__Q45Y__mutant.log
[GPU1] Running P02754 with single repr dump -> /data/store-data/yeyh/scripts/AF2stab/results/af2/single-repr-full/logs/P02754__W35Y__wt.log
[GPU3] Running P03034__A67T with single repr dump -> /data/store-data/yeyh/scripts/AF2stab/results/af2/single-repr-full/logs/P03034__A67T__mutant.log
[GPU2] Running P03034__G49S with single repr dump -> /data/store-data/yeyh/scripts/AF2stab/results/af2/single-repr-full/logs/P03034__G49S__mutant.log
[GPU1] Running P02925__V75E with single repr dump -> /data/store-data/yeyh/scripts/AF2stab/results/af2/single-repr-full/logs/P02925__V75E__mutant.log
[GPU3] Running P03034__Y89C with single repr dump -> /data/store-data/yeyh/scripts/AF2stab/results/af2/single-repr-full/logs/P03034__Y89C__mutant.log
[GPU2] Running P03034__A67G with single repr dump -> /data/store-data/yeyh/scripts/AF2stab/results/af2/single-repr-full/logs/P03034__A67G__mutant.log
[GPU1] Running P02945__P50A with single repr dump -> /data/store-data/yeyh/scripts/AF2stab/results/af2/single-repr-full/logs/P02945__P50A__mutant.log
[GPU3] Running P03040__Y26D with single repr dump -> /data/store-data/yeyh/scripts/AF2stab/results/af2/single-repr-full/logs/P03040__Y26D__mutant.log
[GPU2] Running P03034__I85S with single repr dump -> /data/store-data/yeyh/scripts/AF2stab/results/af2/single-repr-full/logs/P03034__I85S__mutant.log
[GPU1] Running P02945__F55A with single repr dump -> /data/store-data/yeyh/scripts/AF2stab/results/af2/single-repr-full/logs/P02945__F55A__mutant.log
[GPU3] Running P03040__Y26Q with single repr dump -> /data/store-data/yeyh/scripts/AF2stab/results/af2/single-repr-full/logs/P03040__Y26Q__mutant.log
[GPU1] Running P02945__T60A with single repr dump -> /data/store-data/yeyh/scripts/AF2stab/results/af2/single-repr-full/logs/P02945__T60A__mutant.log
[GPU2] Running P03040__Y26C with single repr dump -> /data/store-data/yeyh/scripts/AF2stab/results/af2/single-repr-full/logs/P03040__Y26C__mutant.log
[GPU3] Running P03050 with single repr dump -> /data/store-data/yeyh/scripts/AF2stab/results/af2/single-repr-full/logs/P03050__M1A__wt.log
[GPU2] Running P03040__Y26L with single repr dump -> /data/store-data/yeyh/scripts/AF2stab/results/af2/single-repr-full/logs/P03040__Y26L__mutant.log
[GPU1] Running P02945__I65A with single repr dump -> /data/store-data/yeyh/scripts/AF2stab/results/af2/single-repr-full/logs/P02945__I65A__mutant.log
[GPU3] Running P03050__M4A with single repr dump -> /data/store-data/yeyh/scripts/AF2stab/results/af2/single-repr-full/logs/P03050__M4A__mutant.log
[GPU2] Running P03040__A36S with single repr dump -> /data/store-data/yeyh/scripts/AF2stab/results/af2/single-repr-full/logs/P03040__A36S__mutant.log
[GPU1] Running P02945__Y70A with single repr dump -> /data/store-data/yeyh/scripts/AF2stab/results/af2/single-repr-full/logs/P02945__Y70A__mutant.log
[GPU3] Running P03050__P8A with single repr dump -> /data/store-data/yeyh/scripts/AF2stab/results/af2/single-repr-full/logs/P03050__P8A__mutant.log
[GPU2] Running P03050__G3A with single repr dump -> /data/store-data/yeyh/scripts/AF2stab/results/af2/single-repr-full/logs/P03050__G3A__mutant.log
[GPU1] Running P02945__L74A with single repr dump -> /data/store-data/yeyh/scripts/AF2stab/results/af2/single-repr-full/logs/P02945__L74A__mutant.log
[GPU0] Running P02753__W42L with single repr dump -> /data/store-data/yeyh/scripts/AF2stab/results/af2/single-repr-full/logs/P02753__W42L__mutant.log
[GPU3] Running P03050__F10A with single repr dump -> /data/store-data/yeyh/scripts/AF2stab/results/af2/single-repr-full/logs/P03050__F10A__mutant.log
[GPU2] Running P03050__M7A with single repr dump -> /data/store-data/yeyh/scripts/AF2stab/results/af2/single-repr-full/logs/P03050__M7A__mutant.log
[GPU1] Running P03034 with single repr dump -> /data/store-data/yeyh/scripts/AF2stab/results/af2/single-repr-full/logs/P03034__K5Q__wt.log
[GPU0] Running P02753__R139Q with single repr dump -> /data/store-data/yeyh/scripts/AF2stab/results/af2/single-repr-full/logs/P02753__R139Q__mutant.log
[GPU3] Running P03050__R13G with single repr dump -> /data/store-data/yeyh/scripts/AF2stab/results/af2/single-repr-full/logs/P03050__R13G__mutant.log
[GPU2] Running P03050__Q9G with single repr dump -> /data/store-data/yeyh/scripts/AF2stab/results/af2/single-repr-full/logs/P03050__Q9G__mutant.log
[GPU0] Running P02925__A52T with single repr dump -> /data/store-data/yeyh/scripts/AF2stab/results/af2/single-repr-full/logs/P02925__A52T__mutant.log
[GPU1] Running P03034__Y23H with single repr dump -> /data/store-data/yeyh/scripts/AF2stab/results/af2/single-repr-full/logs/P03034__Y23H__mutant.log
[GPU3] Running P03050__R16G with single repr dump -> /data/store-data/yeyh/scripts/AF2stab/results/af2/single-repr-full/logs/P03050__R16G__mutant.log
[GPU2] Running P03050__R13A with single repr dump -> /data/store-data/yeyh/scripts/AF2stab/results/af2/single-repr-full/logs/P03050__R13A__mutant.log
[GPU0] Running P02945__D49A with single repr dump -> /data/store-data/yeyh/scripts/AF2stab/results/af2/single-repr-full/logs/P02945__D49A__mutant.log
[GPU1] Running P03034__M41A with single repr dump -> /data/store-data/yeyh/scripts/AF2stab/results/af2/single-repr-full/logs/P03034__M41A__mutant.log
[GPU3] Running P03050__L19A with single repr dump -> /data/store-data/yeyh/scripts/AF2stab/results/af2/single-repr-full/logs/P03050__L19A__mutant.log
[GPU2] Running P03050__R16A with single repr dump -> /data/store-data/yeyh/scripts/AF2stab/results/af2/single-repr-full/logs/P03050__R16A__mutant.log
[GPU0] Running P02945__K54A with single repr dump -> /data/store-data/yeyh/scripts/AF2stab/results/af2/single-repr-full/logs/P02945__K54A__mutant.log
[GPU3] Running P03050__L21A with single repr dump -> /data/store-data/yeyh/scripts/AF2stab/results/af2/single-repr-full/logs/P03050__L21A__mutant.log
[GPU2] Running P03050__V18A with single repr dump -> /data/store-data/yeyh/scripts/AF2stab/results/af2/single-repr-full/logs/P03050__V18A__mutant.log
[GPU1] Running P03034__G49N with single repr dump -> /data/store-data/yeyh/scripts/AF2stab/results/af2/single-repr-full/logs/P03034__G49N__mutant.log
[GPU0] Running P02945__T59A with single repr dump -> /data/store-data/yeyh/scripts/AF2stab/results/af2/single-repr-full/logs/P02945__T59A__mutant.log
[GPU2] Running P03050__D20G with single repr dump -> /data/store-data/yeyh/scripts/AF2stab/results/af2/single-repr-full/logs/P03050__D20G__mutant.log
[GPU3] Running P03050__K24A with single repr dump -> /data/store-data/yeyh/scripts/AF2stab/results/af2/single-repr-full/logs/P03050__K24A__mutant.log
[GPU1] Running P03034__A63G with single repr dump -> /data/store-data/yeyh/scripts/AF2stab/results/af2/single-repr-full/logs/P03034__A63G__mutant.log
[GPU0] Running P02945__P63A with single repr dump -> /data/store-data/yeyh/scripts/AF2stab/results/af2/single-repr-full/logs/P02945__P63A__mutant.log
[GPU2] Running P03050__R23G with single repr dump -> /data/store-data/yeyh/scripts/AF2stab/results/af2/single-repr-full/logs/P03050__R23G__mutant.log
[GPU3] Running P03050__E27A with single repr dump -> /data/store-data/yeyh/scripts/AF2stab/results/af2/single-repr-full/logs/P03050__E27A__mutant.log
[GPU0] Running P02945__M69A with single repr dump -> /data/store-data/yeyh/scripts/AF2stab/results/af2/single-repr-full/logs/P02945__M69A__mutant.log
[GPU1] Running P03034__A82G with single repr dump -> /data/store-data/yeyh/scripts/AF2stab/results/af2/single-repr-full/logs/P03034__A82G__mutant.log
[GPU2] Running P03050__V25A with single repr dump -> /data/store-data/yeyh/scripts/AF2stab/results/af2/single-repr-full/logs/P03050__V25A__mutant.log
[GPU3] Running P03050__N29A with single repr dump -> /data/store-data/yeyh/scripts/AF2stab/results/af2/single-repr-full/logs/P03050__N29A__mutant.log
[GPU0] Running P02945__M73A with single repr dump -> /data/store-data/yeyh/scripts/AF2stab/results/af2/single-repr-full/logs/P02945__M73A__mutant.log
[GPU2] Running P03050__E28G with single repr dump -> /data/store-data/yeyh/scripts/AF2stab/results/af2/single-repr-full/logs/P03050__E28G__mutant.log
[GPU3] Running P03050__V33A with single repr dump -> /data/store-data/yeyh/scripts/AF2stab/results/af2/single-repr-full/logs/P03050__V33A__mutant.log
[GPU1] Running P03040__Q16L with single repr dump -> /data/store-data/yeyh/scripts/AF2stab/results/af2/single-repr-full/logs/P03040__Q16L__mutant.log
[GPU0] Running P03023__K84L with single repr dump -> /data/store-data/yeyh/scripts/AF2stab/results/af2/single-repr-full/logs/P03023__K84L__mutant.log
[GPU2] Running P03050__S32A with single repr dump -> /data/store-data/yeyh/scripts/AF2stab/results/af2/single-repr-full/logs/P03050__S32A__mutant.log
[GPU3] Running P03050__S35G with single repr dump -> /data/store-data/yeyh/scripts/AF2stab/results/af2/single-repr-full/logs/P03050__S35G__mutant.log
[GPU1] Running P03040__Y26H with single repr dump -> /data/store-data/yeyh/scripts/AF2stab/results/af2/single-repr-full/logs/P03040__Y26H__mutant.log
[GPU3] Running P03050__Q39G with single repr dump -> /data/store-data/yeyh/scripts/AF2stab/results/af2/single-repr-full/logs/P03050__Q39G__mutant.log
[GPU0] Running P03034__A21G with single repr dump -> /data/store-data/yeyh/scripts/AF2stab/results/af2/single-repr-full/logs/P03034__A21G__mutant.log
[GPU2] Running P03050__S35A with single repr dump -> /data/store-data/yeyh/scripts/AF2stab/results/af2/single-repr-full/logs/P03050__S35A__mutant.log
[GPU1] Running P03040__Y26W with single repr dump -> /data/store-data/yeyh/scripts/AF2stab/results/af2/single-repr-full/logs/P03040__Y26W__mutant.log
[GPU3] Running P03050__E43A with single repr dump -> /data/store-data/yeyh/scripts/AF2stab/results/af2/single-repr-full/logs/P03050__E43A__mutant.log
[GPU2] Running P03050__Q39A with single repr dump -> /data/store-data/yeyh/scripts/AF2stab/results/af2/single-repr-full/logs/P03050__Q39A__mutant.log
[GPU1] Running P03050__K2A with single repr dump -> /data/store-data/yeyh/scripts/AF2stab/results/af2/single-repr-full/logs/P03050__K2A__mutant.log
[GPU0] Running P03034__A38G with single repr dump -> /data/store-data/yeyh/scripts/AF2stab/results/af2/single-repr-full/logs/P03034__A38G__mutant.log
[GPU2] Running P03050__M42A with single repr dump -> /data/store-data/yeyh/scripts/AF2stab/results/af2/single-repr-full/logs/P03050__M42A__mutant.log
[GPU3] Running P03050__K46G with single repr dump -> /data/store-data/yeyh/scripts/AF2stab/results/af2/single-repr-full/logs/P03050__K46G__mutant.log
[GPU1] Running P03050__K6A with single repr dump -> /data/store-data/yeyh/scripts/AF2stab/results/af2/single-repr-full/logs/P03050__K6A__mutant.log
[GPU0] Running P03034__G49A with single repr dump -> /data/store-data/yeyh/scripts/AF2stab/results/af2/single-repr-full/logs/P03034__G49A__mutant.log
[GPU3] Running P03050__E48G with single repr dump -> /data/store-data/yeyh/scripts/AF2stab/results/af2/single-repr-full/logs/P03050__E48G__mutant.log
[GPU1] Running P03050__Q9A with single repr dump -> /data/store-data/yeyh/scripts/AF2stab/results/af2/single-repr-full/logs/P03050__Q9A__mutant.log
[GPU2] Running P03050__K46A with single repr dump -> /data/store-data/yeyh/scripts/AF2stab/results/af2/single-repr-full/logs/P03050__K46A__mutant.log
[GPU0] Running P03034__A50V with single repr dump -> /data/store-data/yeyh/scripts/AF2stab/results/af2/single-repr-full/logs/P03034__A50V__mutant.log
[GPU3] Running P03050__G52A with single repr dump -> /data/store-data/yeyh/scripts/AF2stab/results/af2/single-repr-full/logs/P03050__G52A__mutant.log
[GPU1] Running P03050__L12A with single repr dump -> /data/store-data/yeyh/scripts/AF2stab/results/af2/single-repr-full/logs/P03050__L12A__mutant.log
[GPU2] Running P03050__E48A with single repr dump -> /data/store-data/yeyh/scripts/AF2stab/results/af2/single-repr-full/logs/P03050__E48A__mutant.log
[GPU3] Running P03051__D30E with single repr dump -> /data/store-data/yeyh/scripts/AF2stab/results/af2/single-repr-full/logs/P03051__D30E__mutant.log
[GPU1] Running P03050__P15A with single repr dump -> /data/store-data/yeyh/scripts/AF2stab/results/af2/single-repr-full/logs/P03050__P15A__mutant.log
[GPU2] Running P03050__I51A with single repr dump -> /data/store-data/yeyh/scripts/AF2stab/results/af2/single-repr-full/logs/P03050__I51A__mutant.log
[GPU0] Running P03034__P79A with single repr dump -> /data/store-data/yeyh/scripts/AF2stab/results/af2/single-repr-full/logs/P03034__P79A__mutant.log
[GPU3] Running P03051__D30I with single repr dump -> /data/store-data/yeyh/scripts/AF2stab/results/af2/single-repr-full/logs/P03051__D30I__mutant.log
[GPU1] Running P03050__E17G with single repr dump -> /data/store-data/yeyh/scripts/AF2stab/results/af2/single-repr-full/logs/P03050__E17G__mutant.log
[GPU2] Running P03051__D30C with single repr dump -> /data/store-data/yeyh/scripts/AF2stab/results/af2/single-repr-full/logs/P03051__D30C__mutant.log
[GPU0] Running P03040 with single repr dump -> /data/store-data/yeyh/scripts/AF2stab/results/af2/single-repr-full/logs/P03040__Q16L__wt.log
[GPU3] Running P03051__D30N with single repr dump -> /data/store-data/yeyh/scripts/AF2stab/results/af2/single-repr-full/logs/P03051__D30N__mutant.log
[GPU2] Running P03051__D30H with single repr dump -> /data/store-data/yeyh/scripts/AF2stab/results/af2/single-repr-full/logs/P03051__D30H__mutant.log
[GPU1] Running P03050__D20A with single repr dump -> /data/store-data/yeyh/scripts/AF2stab/results/af2/single-repr-full/logs/P03050__D20A__mutant.log
[GPU3] Running P03051__D30S with single repr dump -> /data/store-data/yeyh/scripts/AF2stab/results/af2/single-repr-full/logs/P03051__D30S__mutant.log
[GPU0] Running P03040__Y26F with single repr dump -> /data/store-data/yeyh/scripts/AF2stab/results/af2/single-repr-full/logs/P03040__Y26F__mutant.log
[GPU2] Running P03051__D30M with single repr dump -> /data/store-data/yeyh/scripts/AF2stab/results/af2/single-repr-full/logs/P03051__D30M__mutant.log
[GPU1] Running P03050__R23A with single repr dump -> /data/store-data/yeyh/scripts/AF2stab/results/af2/single-repr-full/logs/P03050__R23A__mutant.log
[GPU1] Running P03050__K24T with single repr dump -> /data/store-data/yeyh/scripts/AF2stab/results/af2/single-repr-full/logs/P03050__K24T__mutant.log
[GPU2] Running P03051__D30R with single repr dump -> /data/store-data/yeyh/scripts/AF2stab/results/af2/single-repr-full/logs/P03051__D30R__mutant.log
[GPU3] Running P03051__D30Y with single repr dump -> /data/store-data/yeyh/scripts/AF2stab/results/af2/single-repr-full/logs/P03051__D30Y__mutant.log
[GPU0] Running P03040__Y26V with single repr dump -> /data/store-data/yeyh/scripts/AF2stab/results/af2/single-repr-full/logs/P03040__Y26V__mutant.log
[GPU3] Running P03069__K256A with single repr dump -> /data/store-data/yeyh/scripts/AF2stab/results/af2/single-repr-full/logs/P03069__K256A__mutant.log
[GPU1] Running P03050__E28A with single repr dump -> /data/store-data/yeyh/scripts/AF2stab/results/af2/single-repr-full/logs/P03050__E28A__mutant.log
[GPU2] Running P03051__D30W with single repr dump -> /data/store-data/yeyh/scripts/AF2stab/results/af2/single-repr-full/logs/P03051__D30W__mutant.log
[GPU0] Running P03050__M1A with single repr dump -> /data/store-data/yeyh/scripts/AF2stab/results/af2/single-repr-full/logs/P03050__M1A__mutant.log
[GPU1] Running P03050__R31A with single repr dump -> /data/store-data/yeyh/scripts/AF2stab/results/af2/single-repr-full/logs/P03050__R31A__mutant.log
[GPU2] Running P03069 with single repr dump -> /data/store-data/yeyh/scripts/AF2stab/results/af2/single-repr-full/logs/P03069__K256A__wt.log
[GPU0] Running P03050__S5A with single repr dump -> /data/store-data/yeyh/scripts/AF2stab/results/af2/single-repr-full/logs/P03050__S5A__mutant.log
[GPU3] Running P03069__E270Q with single repr dump -> /data/store-data/yeyh/scripts/AF2stab/results/af2/single-repr-full/logs/P03069__E270Q__mutant.log
[GPU1] Running P03050__N34G with single repr dump -> /data/store-data/yeyh/scripts/AF2stab/results/af2/single-repr-full/logs/P03050__N34G__mutant.log
[GPU2] Running P03069__E268Q with single repr dump -> /data/store-data/yeyh/scripts/AF2stab/results/af2/single-repr-full/logs/P03069__E268Q__mutant.log
[GPU3] Running P03706 with single repr dump -> /data/store-data/yeyh/scripts/AF2stab/results/af2/single-repr-full/logs/P03706__H31D__wt.log
[GPU0] Running P03050__P8L with single repr dump -> /data/store-data/yeyh/scripts/AF2stab/results/af2/single-repr-full/logs/P03050__P8L__mutant.log
[GPU1] Running P03050__Y38A with single repr dump -> /data/store-data/yeyh/scripts/AF2stab/results/af2/single-repr-full/logs/P03050__Y38A__mutant.log
[GPU0] Running P03050__N11A with single repr dump -> /data/store-data/yeyh/scripts/AF2stab/results/af2/single-repr-full/logs/P03050__N11A__mutant.log
[GPU2] Running P03069__K276A with single repr dump -> /data/store-data/yeyh/scripts/AF2stab/results/af2/single-repr-full/logs/P03069__K276A__mutant.log
[GPU3] Running P03958 with single repr dump -> /data/store-data/yeyh/scripts/AF2stab/results/af2/single-repr-full/logs/P03958__W117F__wt.log
[GPU1] Running P03050__V41A with single repr dump -> /data/store-data/yeyh/scripts/AF2stab/results/af2/single-repr-full/logs/P03050__V41A__mutant.log
[GPU2] Running P03706__H48N with single repr dump -> /data/store-data/yeyh/scripts/AF2stab/results/af2/single-repr-full/logs/P03706__H48N__mutant.log
[GPU0] Running P03050__W14A with single repr dump -> /data/store-data/yeyh/scripts/AF2stab/results/af2/single-repr-full/logs/P03050__W14A__mutant.log
[GPU3] Running P03958__W272F with single repr dump -> /data/store-data/yeyh/scripts/AF2stab/results/af2/single-repr-full/logs/P03958__W272F__mutant.log
[GPU1] Running P03050__F45A with single repr dump -> /data/store-data/yeyh/scripts/AF2stab/results/af2/single-repr-full/logs/P03050__F45A__mutant.log
[GPU2] Running P03958__W264F with single repr dump -> /data/store-data/yeyh/scripts/AF2stab/results/af2/single-repr-full/logs/P03958__W264F__mutant.log
[GPU0] Running P03050__E17A with single repr dump -> /data/store-data/yeyh/scripts/AF2stab/results/af2/single-repr-full/logs/P03050__E17A__mutant.log
[GPU3] Running P04166 with single repr dump -> /data/store-data/yeyh/scripts/AF2stab/results/af2/single-repr-full/logs/P04166__R31H__wt.log
[GPU1] Running P03050__K47G with single repr dump -> /data/store-data/yeyh/scripts/AF2stab/results/af2/single-repr-full/logs/P03050__K47G__mutant.log
[GPU0] Running P03050__L19Q with single repr dump -> /data/store-data/yeyh/scripts/AF2stab/results/af2/single-repr-full/logs/P03050__L19Q__mutant.log
[GPU2] Running P04164__M69H with single repr dump -> /data/store-data/yeyh/scripts/AF2stab/results/af2/single-repr-full/logs/P04164__M69H__mutant.log
[GPU3] Running P04166__P97A with single repr dump -> /data/store-data/yeyh/scripts/AF2stab/results/af2/single-repr-full/logs/P04166__P97A__mutant.log
[GPU1] Running P03050__R50A with single repr dump -> /data/store-data/yeyh/scripts/AF2stab/results/af2/single-repr-full/logs/P03050__R50A__mutant.log
[GPU0] Running P03050__V22A with single repr dump -> /data/store-data/yeyh/scripts/AF2stab/results/af2/single-repr-full/logs/P03050__V22A__mutant.log
[GPU3] Running P04179__Y58F with single repr dump -> /data/store-data/yeyh/scripts/AF2stab/results/af2/single-repr-full/logs/P04179__Y58F__mutant.log
[GPU2] Running P04166__P81A with single repr dump -> /data/store-data/yeyh/scripts/AF2stab/results/af2/single-repr-full/logs/P04166__P81A__mutant.log
[GPU1] Running P03051__D30A with single repr dump -> /data/store-data/yeyh/scripts/AF2stab/results/af2/single-repr-full/logs/P03051__D30A__mutant.log
[GPU0] Running P03050__K24G with single repr dump -> /data/store-data/yeyh/scripts/AF2stab/results/af2/single-repr-full/logs/P03050__K24G__mutant.log
[GPU3] Running P04271 with single repr dump -> /data/store-data/yeyh/scripts/AF2stab/results/af2/single-repr-full/logs/P04271__L4A__wt.log
[GPU2] Running P04179 with single repr dump -> /data/store-data/yeyh/scripts/AF2stab/results/af2/single-repr-full/logs/P04179__Y58F__wt.log
[GPU1] Running P03051__D30G with single repr dump -> /data/store-data/yeyh/scripts/AF2stab/results/af2/single-repr-full/logs/P03051__D30G__mutant.log
[GPU2] Running P04179__Q167N with single repr dump -> /data/store-data/yeyh/scripts/AF2stab/results/af2/single-repr-full/logs/P04179__Q167N__mutant.log
[GPU0] Running P03050__E27G with single repr dump -> /data/store-data/yeyh/scripts/AF2stab/results/af2/single-repr-full/logs/P03050__E27G__mutant.log
[GPU3] Running P04271__I12A with single repr dump -> /data/store-data/yeyh/scripts/AF2stab/results/af2/single-repr-full/logs/P04271__I12A__mutant.log
[GPU0] Running P03050__G30A with single repr dump -> /data/store-data/yeyh/scripts/AF2stab/results/af2/single-repr-full/logs/P03050__G30A__mutant.log
[GPU2] Running P04271__M8A with single repr dump -> /data/store-data/yeyh/scripts/AF2stab/results/af2/single-repr-full/logs/P04271__M8A__mutant.log
[GPU1] Running P03051__D30L with single repr dump -> /data/store-data/yeyh/scripts/AF2stab/results/af2/single-repr-full/logs/P03051__D30L__mutant.log
[GPU3] Running P04637__Q104P with single repr dump -> /data/store-data/yeyh/scripts/AF2stab/results/af2/single-repr-full/logs/P04637__Q104P__mutant.log
[GPU1] Running P03051__D30Q with single repr dump -> /data/store-data/yeyh/scripts/AF2stab/results/af2/single-repr-full/logs/P03051__D30Q__mutant.log
[GPU0] Running P03050__N34A with single repr dump -> /data/store-data/yeyh/scripts/AF2stab/results/af2/single-repr-full/logs/P03050__N34A__mutant.log
[GPU2] Running P04637__Q104H with single repr dump -> /data/store-data/yeyh/scripts/AF2stab/results/af2/single-repr-full/logs/P04637__Q104H__mutant.log
[GPU3] Running P04637__A129S with single repr dump -> /data/store-data/yeyh/scripts/AF2stab/results/af2/single-repr-full/logs/P04637__A129S__mutant.log
[GPU0] Running P03050__I37V with single repr dump -> /data/store-data/yeyh/scripts/AF2stab/results/af2/single-repr-full/logs/P03050__I37V__mutant.log
[GPU1] Running P03051__D30V with single repr dump -> /data/store-data/yeyh/scripts/AF2stab/results/af2/single-repr-full/logs/P03051__D30V__mutant.log
[GPU2] Running P04637__A129E with single repr dump -> /data/store-data/yeyh/scripts/AF2stab/results/af2/single-repr-full/logs/P04637__A129E__mutant.log
[GPU3] Running P04637__L145Q with single repr dump -> /data/store-data/yeyh/scripts/AF2stab/results/af2/single-repr-full/logs/P04637__L145Q__mutant.log
[GPU1] Running P03051__L41V with single repr dump -> /data/store-data/yeyh/scripts/AF2stab/results/af2/single-repr-full/logs/P03051__L41V__mutant.log
[GPU0] Running P03050__R40A with single repr dump -> /data/store-data/yeyh/scripts/AF2stab/results/af2/single-repr-full/logs/P03050__R40A__mutant.log
[GPU2] Running P04637__V143A with single repr dump -> /data/store-data/yeyh/scripts/AF2stab/results/af2/single-repr-full/logs/P04637__V143A__mutant.log
[GPU3] Running P04637__P151S with single repr dump -> /data/store-data/yeyh/scripts/AF2stab/results/af2/single-repr-full/logs/P04637__P151S__mutant.log
[GPU0] Running P03050__S44A with single repr dump -> /data/store-data/yeyh/scripts/AF2stab/results/af2/single-repr-full/logs/P03050__S44A__mutant.log
[GPU1] Running P03069__K263A with single repr dump -> /data/store-data/yeyh/scripts/AF2stab/results/af2/single-repr-full/logs/P03069__K263A__mutant.log
[GPU2] Running P04637__T150P with single repr dump -> /data/store-data/yeyh/scripts/AF2stab/results/af2/single-repr-full/logs/P04637__T150P__mutant.log
[GPU3] Running P04637__H168R with single repr dump -> /data/store-data/yeyh/scripts/AF2stab/results/af2/single-repr-full/logs/P04637__H168R__mutant.log
[GPU0] Running P03050__K47A with single repr dump -> /data/store-data/yeyh/scripts/AF2stab/results/af2/single-repr-full/logs/P03050__K47A__mutant.log
[GPU1] Running P03069__K275A with single repr dump -> /data/store-data/yeyh/scripts/AF2stab/results/af2/single-repr-full/logs/P03069__K275A__mutant.log
[GPU2] Running P04637__Q167E with single repr dump -> /data/store-data/yeyh/scripts/AF2stab/results/af2/single-repr-full/logs/P04637__Q167E__mutant.log
[GPU3] Running P04637__C182S with single repr dump -> /data/store-data/yeyh/scripts/AF2stab/results/af2/single-repr-full/logs/P04637__C182S__mutant.log
[GPU0] Running P03050__G49A with single repr dump -> /data/store-data/yeyh/scripts/AF2stab/results/af2/single-repr-full/logs/P03050__G49A__mutant.log
[GPU1] Running P03706__H31N with single repr dump -> /data/store-data/yeyh/scripts/AF2stab/results/af2/single-repr-full/logs/P03706__H31N__mutant.log
[GPU2] Running P04637__R175H with single repr dump -> /data/store-data/yeyh/scripts/AF2stab/results/af2/single-repr-full/logs/P04637__R175H__mutant.log
[GPU3] Running P04637__L206S with single repr dump -> /data/store-data/yeyh/scripts/AF2stab/results/af2/single-repr-full/logs/P04637__L206S__mutant.log
[GPU0] Running P03051 with single repr dump -> /data/store-data/yeyh/scripts/AF2stab/results/af2/single-repr-full/logs/P03051__D30A__wt.log
[GPU1] Running P03958__W161F with single repr dump -> /data/store-data/yeyh/scripts/AF2stab/results/af2/single-repr-full/logs/P03958__W161F__mutant.log
[GPU2] Running P04637__V203A with single repr dump -> /data/store-data/yeyh/scripts/AF2stab/results/af2/single-repr-full/logs/P04637__V203A__mutant.log
[GPU3] Running P04637__Y236F with single repr dump -> /data/store-data/yeyh/scripts/AF2stab/results/af2/single-repr-full/logs/P04637__Y236F__mutant.log
[GPU0] Running P03051__D30F with single repr dump -> /data/store-data/yeyh/scripts/AF2stab/results/af2/single-repr-full/logs/P03051__D30F__mutant.log
[GPU1] Running P04164__M69A with single repr dump -> /data/store-data/yeyh/scripts/AF2stab/results/af2/single-repr-full/logs/P04164__M69A__mutant.log
[GPU2] Running P04637__I232T with single repr dump -> /data/store-data/yeyh/scripts/AF2stab/results/af2/single-repr-full/logs/P04637__I232T__mutant.log
[GPU3] Running P04637__G245S with single repr dump -> /data/store-data/yeyh/scripts/AF2stab/results/af2/single-repr-full/logs/P04637__G245S__mutant.log
[GPU0] Running P03051__D30K with single repr dump -> /data/store-data/yeyh/scripts/AF2stab/results/af2/single-repr-full/logs/P03051__D30K__mutant.log
[GPU1] Running P04166__D76R with single repr dump -> /data/store-data/yeyh/scripts/AF2stab/results/af2/single-repr-full/logs/P04166__D76R__mutant.log
[GPU2] Running P04637__C242S with single repr dump -> /data/store-data/yeyh/scripts/AF2stab/results/af2/single-repr-full/logs/P04637__C242S__mutant.log
[GPU0] Running P03051__D30P with single repr dump -> /data/store-data/yeyh/scripts/AF2stab/results/af2/single-repr-full/logs/P03051__D30P__mutant.log
[GPU3] Running P04637__S260P with single repr dump -> /data/store-data/yeyh/scripts/AF2stab/results/af2/single-repr-full/logs/P04637__S260P__mutant.log
[GPU1] Running P04168__Y12F with single repr dump -> /data/store-data/yeyh/scripts/AF2stab/results/af2/single-repr-full/logs/P04168__Y12F__mutant.log
[GPU2] Running P04637__I255F with single repr dump -> /data/store-data/yeyh/scripts/AF2stab/results/af2/single-repr-full/logs/P04637__I255F__mutant.log
[GPU0] Running P03051__D30T with single repr dump -> /data/store-data/yeyh/scripts/AF2stab/results/af2/single-repr-full/logs/P03051__D30T__mutant.log
[GPU3] Running P04637__R273C with single repr dump -> /data/store-data/yeyh/scripts/AF2stab/results/af2/single-repr-full/logs/P04637__R273C__mutant.log
[GPU1] Running P04179__Q143N with single repr dump -> /data/store-data/yeyh/scripts/AF2stab/results/af2/single-repr-full/logs/P04179__Q143N__mutant.log
[GPU0] Running P03051__L41A with single repr dump -> /data/store-data/yeyh/scripts/AF2stab/results/af2/single-repr-full/logs/P03051__L41A__mutant.log
[GPU2] Running P04637__F270L with single repr dump -> /data/store-data/yeyh/scripts/AF2stab/results/af2/single-repr-full/logs/P04637__F270L__mutant.log
[GPU3] Running P04637__F328A with single repr dump -> /data/store-data/yeyh/scripts/AF2stab/results/af2/single-repr-full/logs/P04637__F328A__mutant.log
[GPU1] Running P04271__L4S with single repr dump -> /data/store-data/yeyh/scripts/AF2stab/results/af2/single-repr-full/logs/P04271__L4S__mutant.log
[GPU0] Running P03069__E259Q with single repr dump -> /data/store-data/yeyh/scripts/AF2stab/results/af2/single-repr-full/logs/P03069__E259Q__mutant.log
[GPU2] Running P04637__E326A with single repr dump -> /data/store-data/yeyh/scripts/AF2stab/results/af2/single-repr-full/logs/P04637__E326A__mutant.log
[GPU3] Running P04637__Q331A with single repr dump -> /data/store-data/yeyh/scripts/AF2stab/results/af2/single-repr-full/logs/P04637__Q331A__mutant.log
[GPU1] Running P04637 with single repr dump -> /data/store-data/yeyh/scripts/AF2stab/results/af2/single-repr-full/logs/P04637__Q104H__wt.log
[GPU0] Running P03069__R273A with single repr dump -> /data/store-data/yeyh/scripts/AF2stab/results/af2/single-repr-full/logs/P03069__R273A__mutant.log
[GPU2] Running P04637__L330F with single repr dump -> /data/store-data/yeyh/scripts/AF2stab/results/af2/single-repr-full/logs/P04637__L330F__mutant.log
[GPU3] Running P04637__E336A with single repr dump -> /data/store-data/yeyh/scripts/AF2stab/results/af2/single-repr-full/logs/P04637__E336A__mutant.log
[GPU1] Running P04637__A129D with single repr dump -> /data/store-data/yeyh/scripts/AF2stab/results/af2/single-repr-full/logs/P04637__A129D__mutant.log
[GPU0] Running P03706__H31D with single repr dump -> /data/store-data/yeyh/scripts/AF2stab/results/af2/single-repr-full/logs/P03706__H31D__mutant.log
[GPU2] Running P04637__R335A with single repr dump -> /data/store-data/yeyh/scripts/AF2stab/results/af2/single-repr-full/logs/P04637__R335A__mutant.log
[GPU3] Running P04637__M340A with single repr dump -> /data/store-data/yeyh/scripts/AF2stab/results/af2/single-repr-full/logs/P04637__M340A__mutant.log
[GPU1] Running P04637__F134L with single repr dump -> /data/store-data/yeyh/scripts/AF2stab/results/af2/single-repr-full/logs/P04637__F134L__mutant.log
[GPU0] Running P03958__W117F with single repr dump -> /data/store-data/yeyh/scripts/AF2stab/results/af2/single-repr-full/logs/P03958__W117F__mutant.log
[GPU2] Running P04637__E339A with single repr dump -> /data/store-data/yeyh/scripts/AF2stab/results/af2/single-repr-full/logs/P04637__E339A__mutant.log
[GPU3] Running P04637__R342A with single repr dump -> /data/store-data/yeyh/scripts/AF2stab/results/af2/single-repr-full/logs/P04637__R342A__mutant.log
[GPU1] Running P04637__D148S with single repr dump -> /data/store-data/yeyh/scripts/AF2stab/results/af2/single-repr-full/logs/P04637__D148S__mutant.log
[GPU0] Running P04164 with single repr dump -> /data/store-data/yeyh/scripts/AF2stab/results/af2/single-repr-full/logs/P04164__M69A__wt.log
[GPU2] Running P04637__F341L with single repr dump -> /data/store-data/yeyh/scripts/AF2stab/results/af2/single-repr-full/logs/P04637__F341L__mutant.log
[GPU3] Running P04637__N345A with single repr dump -> /data/store-data/yeyh/scripts/AF2stab/results/af2/single-repr-full/logs/P04637__N345A__mutant.log
[GPU1] Running P04637__Q165K with single repr dump -> /data/store-data/yeyh/scripts/AF2stab/results/af2/single-repr-full/logs/P04637__Q165K__mutant.log
[GPU2] Running P04637__L344I with single repr dump -> /data/store-data/yeyh/scripts/AF2stab/results/af2/single-repr-full/logs/P04637__L344I__mutant.log
[GPU0] Running P04166__R31H with single repr dump -> /data/store-data/yeyh/scripts/AF2stab/results/af2/single-repr-full/logs/P04166__R31H__mutant.log
[GPU3] Running P04637__L350A with single repr dump -> /data/store-data/yeyh/scripts/AF2stab/results/af2/single-repr-full/logs/P04637__L350A__mutant.log
[GPU1] Running P04637__R175A with single repr dump -> /data/store-data/yeyh/scripts/AF2stab/results/af2/single-repr-full/logs/P04637__R175A__mutant.log
[GPU2] Running P04637__E349A with single repr dump -> /data/store-data/yeyh/scripts/AF2stab/results/af2/single-repr-full/logs/P04637__E349A__mutant.log
[GPU0] Running P04168 with single repr dump -> /data/store-data/yeyh/scripts/AF2stab/results/af2/single-repr-full/logs/P04168__Y12F__wt.log
[GPU3] Running P04925__M128V with single repr dump -> /data/store-data/yeyh/scripts/AF2stab/results/af2/single-repr-full/logs/P04925__M128V__mutant.log
[GPU1] Running P04637__L201P with single repr dump -> /data/store-data/yeyh/scripts/AF2stab/results/af2/single-repr-full/logs/P04637__L201P__mutant.log
[GPU0] Running P04179__I82T with single repr dump -> /data/store-data/yeyh/scripts/AF2stab/results/af2/single-repr-full/logs/P04179__I82T__mutant.log
[GPU2] Running P04925 with single repr dump -> /data/store-data/yeyh/scripts/AF2stab/results/af2/single-repr-full/logs/P04925__M128V__wt.log
[GPU3] Running P04925__T189V with single repr dump -> /data/store-data/yeyh/scripts/AF2stab/results/af2/single-repr-full/logs/P04925__T189V__mutant.log
[GPU1] Running P04637__D228E with single repr dump -> /data/store-data/yeyh/scripts/AF2stab/results/af2/single-repr-full/logs/P04637__D228E__mutant.log
[GPU0] Running P04271__L4A with single repr dump -> /data/store-data/yeyh/scripts/AF2stab/results/af2/single-repr-full/logs/P04271__L4A__mutant.log
[GPU3] Running P04925__V209I with single repr dump -> /data/store-data/yeyh/scripts/AF2stab/results/af2/single-repr-full/logs/P04925__V209I__mutant.log
[GPU2] Running P04925__T182A with single repr dump -> /data/store-data/yeyh/scripts/AF2stab/results/af2/single-repr-full/logs/P04925__T182A__mutant.log
[GPU1] Running P04637__N239Y with single repr dump -> /data/store-data/yeyh/scripts/AF2stab/results/af2/single-repr-full/logs/P04637__N239Y__mutant.log
[GPU0] Running P04271__F15A with single repr dump -> /data/store-data/yeyh/scripts/AF2stab/results/af2/single-repr-full/logs/P04271__F15A__mutant.log
[GPU2] Running P04925__R207H with single repr dump -> /data/store-data/yeyh/scripts/AF2stab/results/af2/single-repr-full/logs/P04925__R207H__mutant.log
[GPU3] Running P05121__E350R with single repr dump -> /data/store-data/yeyh/scripts/AF2stab/results/af2/single-repr-full/logs/P05121__E350R__mutant.log
[GPU1] Running P04637__R249S with single repr dump -> /data/store-data/yeyh/scripts/AF2stab/results/af2/single-repr-full/logs/P04637__R249S__mutant.log
[GPU0] Running P04637__T123A with single repr dump -> /data/store-data/yeyh/scripts/AF2stab/results/af2/single-repr-full/logs/P04637__T123A__mutant.log
[GPU2] Running P05121__E350P with single repr dump -> /data/store-data/yeyh/scripts/AF2stab/results/af2/single-repr-full/logs/P05121__E350P__mutant.log
[GPU3] Running P05230__V46I with single repr dump -> /data/store-data/yeyh/scripts/AF2stab/results/af2/single-repr-full/logs/P05230__V46I__mutant.log
[GPU1] Running P04637__F270C with single repr dump -> /data/store-data/yeyh/scripts/AF2stab/results/af2/single-repr-full/logs/P04637__F270C__mutant.log
[GPU0] Running P04637__M133L with single repr dump -> /data/store-data/yeyh/scripts/AF2stab/results/af2/single-repr-full/logs/P04637__M133L__mutant.log
[GPU3] Running P05230__L59W with single repr dump -> /data/store-data/yeyh/scripts/AF2stab/results/af2/single-repr-full/logs/P05230__L59W__mutant.log
[GPU2] Running P05230__H36Y with single repr dump -> /data/store-data/yeyh/scripts/AF2stab/results/af2/single-repr-full/logs/P05230__H36Y__mutant.log
[GPU1] Running P04637__R282W with single repr dump -> /data/store-data/yeyh/scripts/AF2stab/results/af2/single-repr-full/logs/P04637__R282W__mutant.log
[GPU0] Running P04637__D148E with single repr dump -> /data/store-data/yeyh/scripts/AF2stab/results/af2/single-repr-full/logs/P04637__D148E__mutant.log
[GPU3] Running P05230__C98S with single repr dump -> /data/store-data/yeyh/scripts/AF2stab/results/af2/single-repr-full/logs/P05230__C98S__mutant.log
[GPU2] Running P05230__L59P with single repr dump -> /data/store-data/yeyh/scripts/AF2stab/results/af2/single-repr-full/logs/P05230__L59P__mutant.log
[GPU1] Running P04637__T329A with single repr dump -> /data/store-data/yeyh/scripts/AF2stab/results/af2/single-repr-full/logs/P04637__T329A__mutant.log
[GPU3] Running P05230__H108N with single repr dump -> /data/store-data/yeyh/scripts/AF2stab/results/af2/single-repr-full/logs/P05230__H108N__mutant.log
[GPU0] Running P04637__V157F with single repr dump -> /data/store-data/yeyh/scripts/AF2stab/results/af2/single-repr-full/logs/P04637__V157F__mutant.log
[GPU2] Running P05230__L88V with single repr dump -> /data/store-data/yeyh/scripts/AF2stab/results/af2/single-repr-full/logs/P05230__L88V__mutant.log
[GPU1] Running P04637__R333A with single repr dump -> /data/store-data/yeyh/scripts/AF2stab/results/af2/single-repr-full/logs/P04637__R333A__mutant.log
[GPU3] Running P05230__F123Y with single repr dump -> /data/store-data/yeyh/scripts/AF2stab/results/af2/single-repr-full/logs/P05230__F123Y__mutant.log
[GPU0] Running P04637__R174K with single repr dump -> /data/store-data/yeyh/scripts/AF2stab/results/af2/single-repr-full/logs/P04637__R174K__mutant.log
[GPU2] Running P05230__H108G with single repr dump -> /data/store-data/yeyh/scripts/AF2stab/results/af2/single-repr-full/logs/P05230__H108G__mutant.log
[GPU1] Running P04637__F338A with single repr dump -> /data/store-data/yeyh/scripts/AF2stab/results/af2/single-repr-full/logs/P04637__F338A__mutant.log
[GPU2] Running P05230__N121G with single repr dump -> /data/store-data/yeyh/scripts/AF2stab/results/af2/single-repr-full/logs/P05230__N121G__mutant.log
[GPU3] Running P05230__C132S with single repr dump -> /data/store-data/yeyh/scripts/AF2stab/results/af2/single-repr-full/logs/P05230__C132S__mutant.log
[GPU0] Running P04637__I195T with single repr dump -> /data/store-data/yeyh/scripts/AF2stab/results/af2/single-repr-full/logs/P04637__I195T__mutant.log
[GPU2] Running P05230__C132I with single repr dump -> /data/store-data/yeyh/scripts/AF2stab/results/af2/single-repr-full/logs/P05230__C132I__mutant.log
[GPU3] Running P05413__F5S with single repr dump -> /data/store-data/yeyh/scripts/AF2stab/results/af2/single-repr-full/logs/P05413__F5S__mutant.log
[GPU1] Running P04637__F341I with single repr dump -> /data/store-data/yeyh/scripts/AF2stab/results/af2/single-repr-full/logs/P04637__F341I__mutant.log
[GPU0] Running P04637__Y220C with single repr dump -> /data/store-data/yeyh/scripts/AF2stab/results/af2/single-repr-full/logs/P04637__Y220C__mutant.log
[GPU2] Running P05413 with single repr dump -> /data/store-data/yeyh/scripts/AF2stab/results/af2/single-repr-full/logs/P05413__F5S__wt.log
[GPU3] Running P05413__K22I with single repr dump -> /data/store-data/yeyh/scripts/AF2stab/results/af2/single-repr-full/logs/P05413__K22I__mutant.log
[GPU1] Running P04637__L344F with single repr dump -> /data/store-data/yeyh/scripts/AF2stab/results/af2/single-repr-full/logs/P04637__L344F__mutant.log
[GPU0] Running P04637__M237I with single repr dump -> /data/store-data/yeyh/scripts/AF2stab/results/af2/single-repr-full/logs/P04637__M237I__mutant.log
[GPU2] Running P05413__F17Y with single repr dump -> /data/store-data/yeyh/scripts/AF2stab/results/af2/single-repr-full/logs/P05413__F17Y__mutant.log
[GPU3] Running P05413__T41E with single repr dump -> /data/store-data/yeyh/scripts/AF2stab/results/af2/single-repr-full/logs/P05413__T41E__mutant.log
[GPU1] Running P04637__A347G with single repr dump -> /data/store-data/yeyh/scripts/AF2stab/results/af2/single-repr-full/logs/P04637__A347G__mutant.log
[GPU0] Running P04637__R248Q with single repr dump -> /data/store-data/yeyh/scripts/AF2stab/results/af2/single-repr-full/logs/P04637__R248Q__mutant.log
[GPU2] Running P05413__T40V with single repr dump -> /data/store-data/yeyh/scripts/AF2stab/results/af2/single-repr-full/logs/P05413__T40V__mutant.log
[GPU3] Running P05413__F65S with single repr dump -> /data/store-data/yeyh/scripts/AF2stab/results/af2/single-repr-full/logs/P05413__F65S__mutant.log
[GPU1] Running P04637__D352A with single repr dump -> /data/store-data/yeyh/scripts/AF2stab/results/af2/single-repr-full/logs/P04637__D352A__mutant.log
[GPU0] Running P04637__N268D with single repr dump -> /data/store-data/yeyh/scripts/AF2stab/results/af2/single-repr-full/logs/P04637__N268D__mutant.log
[GPU3] Running P05413__R107T with single repr dump -> /data/store-data/yeyh/scripts/AF2stab/results/af2/single-repr-full/logs/P05413__R107T__mutant.log
[GPU2] Running P05413__F58S with single repr dump -> /data/store-data/yeyh/scripts/AF2stab/results/af2/single-repr-full/logs/P05413__F58S__mutant.log
[GPU1] Running P04925__V179I with single repr dump -> /data/store-data/yeyh/scripts/AF2stab/results/af2/single-repr-full/logs/P04925__V179I__mutant.log
[GPU0] Running P04637__R273H with single repr dump -> /data/store-data/yeyh/scripts/AF2stab/results/af2/single-repr-full/logs/P04637__R273H__mutant.log
[GPU3] Running P05798 with single repr dump -> /data/store-data/yeyh/scripts/AF2stab/results/af2/single-repr-full/logs/P05798__V2T__wt.log
[GPU2] Running P05413__E73S with single repr dump -> /data/store-data/yeyh/scripts/AF2stab/results/af2/single-repr-full/logs/P05413__E73S__mutant.log
[GPU1] Running P04925__E199K with single repr dump -> /data/store-data/yeyh/scripts/AF2stab/results/af2/single-repr-full/logs/P04925__E199K__mutant.log
[GPU0] Running P04637__F328L with single repr dump -> /data/store-data/yeyh/scripts/AF2stab/results/af2/single-repr-full/logs/P04637__F328L__mutant.log
[GPU2] Running P05413__Y129F with single repr dump -> /data/store-data/yeyh/scripts/AF2stab/results/af2/single-repr-full/logs/P05413__Y129F__mutant.log
[GPU3] Running P05798__D17K with single repr dump -> /data/store-data/yeyh/scripts/AF2stab/results/af2/single-repr-full/logs/P05798__D17K__mutant.log
[GPU1] Running P05121 with single repr dump -> /data/store-data/yeyh/scripts/AF2stab/results/af2/single-repr-full/logs/P05121__E350P__wt.log
[GPU0] Running P04637__I332V with single repr dump -> /data/store-data/yeyh/scripts/AF2stab/results/af2/single-repr-full/logs/P04637__I332V__mutant.log
[GPU2] Running P05798__T16V with single repr dump -> /data/store-data/yeyh/scripts/AF2stab/results/af2/single-repr-full/logs/P05798__T16V__mutant.log
[GPU3] Running P05798__Y30F with single repr dump -> /data/store-data/yeyh/scripts/AF2stab/results/af2/single-repr-full/logs/P05798__Y30F__mutant.log
[GPU1] Running P05230__C31S with single repr dump -> /data/store-data/yeyh/scripts/AF2stab/results/af2/single-repr-full/logs/P05230__C31S__mutant.log
[GPU0] Running P04637__R337A with single repr dump -> /data/store-data/yeyh/scripts/AF2stab/results/af2/single-repr-full/logs/P04637__R337A__mutant.log
[GPU2] Running P05798__D25K with single repr dump -> /data/store-data/yeyh/scripts/AF2stab/results/af2/single-repr-full/logs/P05798__D25K__mutant.log
[GPU3] Running P05798__N39A with single repr dump -> /data/store-data/yeyh/scripts/AF2stab/results/af2/single-repr-full/logs/P05798__N39A__mutant.log
[GPU1] Running P05230__L59F with single repr dump -> /data/store-data/yeyh/scripts/AF2stab/results/af2/single-repr-full/logs/P05230__L59F__mutant.log
[GPU2] Running P05798__Q38A with single repr dump -> /data/store-data/yeyh/scripts/AF2stab/results/af2/single-repr-full/logs/P05798__Q38A__mutant.log
[GPU0] Running P04637__M340I with single repr dump -> /data/store-data/yeyh/scripts/AF2stab/results/af2/single-repr-full/logs/P04637__M340I__mutant.log
[GPU3] Running P05798__E41K with single repr dump -> /data/store-data/yeyh/scripts/AF2stab/results/af2/single-repr-full/logs/P05798__E41K__mutant.log
[GPU1] Running P05230__G77N with single repr dump -> /data/store-data/yeyh/scripts/AF2stab/results/af2/single-repr-full/logs/P05230__G77N__mutant.log
[GPU2] Running P05798__R40E with single repr dump -> /data/store-data/yeyh/scripts/AF2stab/results/af2/single-repr-full/logs/P05798__R40E__mutant.log
[GPU3] Running P05798__Y52F with single repr dump -> /data/store-data/yeyh/scripts/AF2stab/results/af2/single-repr-full/logs/P05798__Y52F__mutant.log
[GPU0] Running P04637__E343A with single repr dump -> /data/store-data/yeyh/scripts/AF2stab/results/af2/single-repr-full/logs/P04637__E343A__mutant.log
[GPU1] Running P05230__H108A with single repr dump -> /data/store-data/yeyh/scripts/AF2stab/results/af2/single-repr-full/logs/P05230__H108A__mutant.log
[GPU3] Running P05798__V57T with single repr dump -> /data/store-data/yeyh/scripts/AF2stab/results/af2/single-repr-full/logs/P05798__V57T__mutant.log
[GPU2] Running P05798__Y51F with single repr dump -> /data/store-data/yeyh/scripts/AF2stab/results/af2/single-repr-full/logs/P05798__Y51F__mutant.log
[GPU0] Running P04637__E346A with single repr dump -> /data/store-data/yeyh/scripts/AF2stab/results/af2/single-repr-full/logs/P04637__E346A__mutant.log
[GPU1] Running P05230__A118G with single repr dump -> /data/store-data/yeyh/scripts/AF2stab/results/af2/single-repr-full/logs/P05230__A118G__mutant.log
[GPU3] Running P05798__T72V with single repr dump -> /data/store-data/yeyh/scripts/AF2stab/results/af2/single-repr-full/logs/P05798__T72V__mutant.log
[GPU2] Running P05798__T56V with single repr dump -> /data/store-data/yeyh/scripts/AF2stab/results/af2/single-repr-full/logs/P05798__T56V__mutant.log
[GPU0] Running P04637__K351A with single repr dump -> /data/store-data/yeyh/scripts/AF2stab/results/af2/single-repr-full/logs/P04637__K351A__mutant.log
[GPU1] Running P05230__V124L with single repr dump -> /data/store-data/yeyh/scripts/AF2stab/results/af2/single-repr-full/logs/P05230__V124L__mutant.log
[GPU3] Running P05798__D79F with single repr dump -> /data/store-data/yeyh/scripts/AF2stab/results/af2/single-repr-full/logs/P05798__D79F__mutant.log
[GPU2] Running P05798__T67V with single repr dump -> /data/store-data/yeyh/scripts/AF2stab/results/af2/single-repr-full/logs/P05798__T67V__mutant.log
[GPU0] Running P04925__F174W with single repr dump -> /data/store-data/yeyh/scripts/AF2stab/results/af2/single-repr-full/logs/P04925__F174W__mutant.log
[GPU1] Running P05230__F147W with single repr dump -> /data/store-data/yeyh/scripts/AF2stab/results/af2/single-repr-full/logs/P05230__F147W__mutant.log
[GPU3] Running P05798__D79L with single repr dump -> /data/store-data/yeyh/scripts/AF2stab/results/af2/single-repr-full/logs/P05798__D79L__mutant.log
[GPU2] Running P05798__D79E with single repr dump -> /data/store-data/yeyh/scripts/AF2stab/results/af2/single-repr-full/logs/P05798__D79E__mutant.log
[GPU0] Running P04925__F197S with single repr dump -> /data/store-data/yeyh/scripts/AF2stab/results/af2/single-repr-full/logs/P04925__F197S__mutant.log
[GPU1] Running P05413__F17S with single repr dump -> /data/store-data/yeyh/scripts/AF2stab/results/af2/single-repr-full/logs/P05413__F17S__mutant.log
[GPU3] Running P05798__D79Y with single repr dump -> /data/store-data/yeyh/scripts/AF2stab/results/af2/single-repr-full/logs/P05798__D79Y__mutant.log
[GPU2] Running P05798__D79K with single repr dump -> /data/store-data/yeyh/scripts/AF2stab/results/af2/single-repr-full/logs/P05798__D79K__mutant.log
[GPU0] Running P04925__Q216R with single repr dump -> /data/store-data/yeyh/scripts/AF2stab/results/af2/single-repr-full/logs/P04925__Q216R__mutant.log
[GPU1] Running P05413__T40Q with single repr dump -> /data/store-data/yeyh/scripts/AF2stab/results/af2/single-repr-full/logs/P05413__T40Q__mutant.log
[GPU3] Running P05798__H85Q with single repr dump -> /data/store-data/yeyh/scripts/AF2stab/results/af2/single-repr-full/logs/P05798__H85Q__mutant.log
[GPU2] Running P05798__D79W with single repr dump -> /data/store-data/yeyh/scripts/AF2stab/results/af2/single-repr-full/logs/P05798__D79W__mutant.log
[GPU0] Running P05230 with single repr dump -> /data/store-data/yeyh/scripts/AF2stab/results/af2/single-repr-full/logs/P05230__C31S__wt.log
[GPU1] Running P05413__T41V with single repr dump -> /data/store-data/yeyh/scripts/AF2stab/results/af2/single-repr-full/logs/P05413__T41V__mutant.log
[GPU3] Running P05825__L266C with single repr dump -> /data/store-data/yeyh/scripts/AF2stab/results/af2/single-repr-full/logs/P05825__L266C__mutant.log
[GPU2] Running P05798__T82V with single repr dump -> /data/store-data/yeyh/scripts/AF2stab/results/af2/single-repr-full/logs/P05798__T82V__mutant.log
[GPU0] Running P05230__V46W with single repr dump -> /data/store-data/yeyh/scripts/AF2stab/results/af2/single-repr-full/logs/P05230__V46W__mutant.log
[GPU1] Running P05413__G68S with single repr dump -> /data/store-data/yeyh/scripts/AF2stab/results/af2/single-repr-full/logs/P05413__G68S__mutant.log
[GPU2] Running P05825 with single repr dump -> /data/store-data/yeyh/scripts/AF2stab/results/af2/single-repr-full/logs/P05825__L266C__wt.log
[GPU0] Running P05230__G77A with single repr dump -> /data/store-data/yeyh/scripts/AF2stab/results/af2/single-repr-full/logs/P05230__G77A__mutant.log
[GPU1] Running P05413__R127Q with single repr dump -> /data/store-data/yeyh/scripts/AF2stab/results/af2/single-repr-full/logs/P05413__R127Q__mutant.log
[GPU0] Running P05230__F100W with single repr dump -> /data/store-data/yeyh/scripts/AF2stab/results/af2/single-repr-full/logs/P05230__F100W__mutant.log
[GPU1] Running P05798__T5V with single repr dump -> /data/store-data/yeyh/scripts/AF2stab/results/af2/single-repr-full/logs/P05798__T5V__mutant.log
[GPU3] Running P05825__G274C with single repr dump -> /data/store-data/yeyh/scripts/AF2stab/results/af2/single-repr-full/logs/P05825__G274C__mutant.log
[GPU0] Running P05230__H117Y with single repr dump -> /data/store-data/yeyh/scripts/AF2stab/results/af2/single-repr-full/logs/P05230__H117Y__mutant.log
[GPU1] Running P05798__D25H with single repr dump -> /data/store-data/yeyh/scripts/AF2stab/results/af2/single-repr-full/logs/P05798__D25H__mutant.log
[GPU2] Running P05825__E272C with single repr dump -> /data/store-data/yeyh/scripts/AF2stab/results/af2/single-repr-full/logs/P05825__E272C__mutant.log
[GPU0] Running P05230__V124I with single repr dump -> /data/store-data/yeyh/scripts/AF2stab/results/af2/single-repr-full/logs/P05230__V124I__mutant.log
[GPU1] Running P05798__V36T with single repr dump -> /data/store-data/yeyh/scripts/AF2stab/results/af2/single-repr-full/logs/P05798__V36T__mutant.log
[GPU0] Running P05230__C132V with single repr dump -> /data/store-data/yeyh/scripts/AF2stab/results/af2/single-repr-full/logs/P05230__C132V__mutant.log
[GPU3] Running P06213__W1202F with single repr dump -> /data/store-data/yeyh/scripts/AF2stab/results/af2/single-repr-full/logs/P06213__W1202F__mutant.log
[GPU1] Running P05798__N39S with single repr dump -> /data/store-data/yeyh/scripts/AF2stab/results/af2/single-repr-full/logs/P05798__N39S__mutant.log
[GPU0] Running P05413__W9E with single repr dump -> /data/store-data/yeyh/scripts/AF2stab/results/af2/single-repr-full/logs/P05413__W9E__mutant.log
[GPU1] Running P05798__Y49F with single repr dump -> /data/store-data/yeyh/scripts/AF2stab/results/af2/single-repr-full/logs/P05798__Y49F__mutant.log
[GPU2] Running P06213 with single repr dump -> /data/store-data/yeyh/scripts/AF2stab/results/af2/single-repr-full/logs/P06213__W1202F__wt.log
[GPU0] Running P05413__T40E with single repr dump -> /data/store-data/yeyh/scripts/AF2stab/results/af2/single-repr-full/logs/P05413__T40E__mutant.log
[GPU1] Running P05798__Y55F with single repr dump -> /data/store-data/yeyh/scripts/AF2stab/results/af2/single-repr-full/logs/P05798__Y55F__mutant.log
[GPU0] Running P05413__T41Q with single repr dump -> /data/store-data/yeyh/scripts/AF2stab/results/af2/single-repr-full/logs/P05413__T41Q__mutant.log
[GPU1] Running P05798__R65A with single repr dump -> /data/store-data/yeyh/scripts/AF2stab/results/af2/single-repr-full/logs/P05798__R65A__mutant.log
[GPU0] Running P05413__L67G with single repr dump -> /data/store-data/yeyh/scripts/AF2stab/results/af2/single-repr-full/logs/P05413__L67G__mutant.log
[GPU1] Running P05798__D79A with single repr dump -> /data/store-data/yeyh/scripts/AF2stab/results/af2/single-repr-full/logs/P05798__D79A__mutant.log
[GPU0] Running P05413__R127K with single repr dump -> /data/store-data/yeyh/scripts/AF2stab/results/af2/single-repr-full/logs/P05413__R127K__mutant.log
[GPU0] Running P05798__V2T with single repr dump -> /data/store-data/yeyh/scripts/AF2stab/results/af2/single-repr-full/logs/P05798__V2T__mutant.log
[GPU1] Running P05798__D79I with single repr dump -> /data/store-data/yeyh/scripts/AF2stab/results/af2/single-repr-full/logs/P05798__D79I__mutant.log
[GPU1] Running P05798__D79R with single repr dump -> /data/store-data/yeyh/scripts/AF2stab/results/af2/single-repr-full/logs/P05798__D79R__mutant.log
[GPU0] Running P05798__T18V with single repr dump -> /data/store-data/yeyh/scripts/AF2stab/results/af2/single-repr-full/logs/P05798__T18V__mutant.log
[GPU3] Running P06241__F87V with single repr dump -> /data/store-data/yeyh/scripts/AF2stab/results/af2/single-repr-full/logs/P06241__F87V__mutant.log
[GPU2] Running P06241__F87L with single repr dump -> /data/store-data/yeyh/scripts/AF2stab/results/af2/single-repr-full/logs/P06241__F87L__mutant.log
[GPU1] Running P05798__Y81F with single repr dump -> /data/store-data/yeyh/scripts/AF2stab/results/af2/single-repr-full/logs/P05798__Y81F__mutant.log
[GPU0] Running P05798__D33A with single repr dump -> /data/store-data/yeyh/scripts/AF2stab/results/af2/single-repr-full/logs/P05798__D33A__mutant.log
[GPU1] Running P05798__Q94K with single repr dump -> /data/store-data/yeyh/scripts/AF2stab/results/af2/single-repr-full/logs/P05798__Q94K__mutant.log
[GPU0] Running P05798__N39D with single repr dump -> /data/store-data/yeyh/scripts/AF2stab/results/af2/single-repr-full/logs/P05798__N39D__mutant.log
[GPU1] Running P05825__E270C with single repr dump -> /data/store-data/yeyh/scripts/AF2stab/results/af2/single-repr-full/logs/P05825__E270C__mutant.log
[GPU0] Running P05798__V43T with single repr dump -> /data/store-data/yeyh/scripts/AF2stab/results/af2/single-repr-full/logs/P05798__V43T__mutant.log
[GPU3] Running P06241__L101I with single repr dump -> /data/store-data/yeyh/scripts/AF2stab/results/af2/single-repr-full/logs/P06241__L101I__mutant.log
[GPU2] Running P06241__L101F with single repr dump -> /data/store-data/yeyh/scripts/AF2stab/results/af2/single-repr-full/logs/P06241__L101F__mutant.log
[GPU0] Running P05798__E54Q with single repr dump -> /data/store-data/yeyh/scripts/AF2stab/results/af2/single-repr-full/logs/P05798__E54Q__mutant.log
[GPU0] Running P05798__T59V with single repr dump -> /data/store-data/yeyh/scripts/AF2stab/results/af2/single-repr-full/logs/P05798__T59V__mutant.log
[GPU1] Running P05825__Q278C with single repr dump -> /data/store-data/yeyh/scripts/AF2stab/results/af2/single-repr-full/logs/P05825__Q278C__mutant.log
[GPU0] Running P05798__E74K with single repr dump -> /data/store-data/yeyh/scripts/AF2stab/results/af2/single-repr-full/logs/P05798__E74K__mutant.log
[GPU0] Running P05798__D79H with single repr dump -> /data/store-data/yeyh/scripts/AF2stab/results/af2/single-repr-full/logs/P05798__D79H__mutant.log
[GPU3] Running P06241__E107A with single repr dump -> /data/store-data/yeyh/scripts/AF2stab/results/af2/single-repr-full/logs/P06241__E107A__mutant.log
[GPU2] Running P06241__F103V with single repr dump -> /data/store-data/yeyh/scripts/AF2stab/results/af2/single-repr-full/logs/P06241__F103V__mutant.log
[GPU0] Running P05798__D79N with single repr dump -> /data/store-data/yeyh/scripts/AF2stab/results/af2/single-repr-full/logs/P05798__D79N__mutant.log
[GPU1] Running P06241__F87A with single repr dump -> /data/store-data/yeyh/scripts/AF2stab/results/af2/single-repr-full/logs/P06241__F87A__mutant.log
[GPU0] Running P05798__Y80F with single repr dump -> /data/store-data/yeyh/scripts/AF2stab/results/af2/single-repr-full/logs/P05798__Y80F__mutant.log
[GPU0] Running P05798__Y86F with single repr dump -> /data/store-data/yeyh/scripts/AF2stab/results/af2/single-repr-full/logs/P05798__Y86F__mutant.log
[GPU3] Running P06241__E107H with single repr dump -> /data/store-data/yeyh/scripts/AF2stab/results/af2/single-repr-full/logs/P06241__E107H__mutant.log
[GPU2] Running P06241__E107G with single repr dump -> /data/store-data/yeyh/scripts/AF2stab/results/af2/single-repr-full/logs/P06241__E107G__mutant.log
[GPU0] Running P05825__S268C with single repr dump -> /data/store-data/yeyh/scripts/AF2stab/results/af2/single-repr-full/logs/P05825__S268C__mutant.log
[GPU1] Running P06241__A89S with single repr dump -> /data/store-data/yeyh/scripts/AF2stab/results/af2/single-repr-full/logs/P06241__A89S__mutant.log
[GPU3] Running P06241__E107P with single repr dump -> /data/store-data/yeyh/scripts/AF2stab/results/af2/single-repr-full/logs/P06241__E107P__mutant.log
[GPU2] Running P06241__E107L with single repr dump -> /data/store-data/yeyh/scripts/AF2stab/results/af2/single-repr-full/logs/P06241__E107L__mutant.log
[GPU0] Running P05825__S276C with single repr dump -> /data/store-data/yeyh/scripts/AF2stab/results/af2/single-repr-full/logs/P05825__S276C__mutant.log
[GPU1] Running P06241__F103L with single repr dump -> /data/store-data/yeyh/scripts/AF2stab/results/af2/single-repr-full/logs/P06241__F103L__mutant.log
[GPU0] Running P06241 with single repr dump -> /data/store-data/yeyh/scripts/AF2stab/results/af2/single-repr-full/logs/P06241__F87A__wt.log
[GPU2] Running P06241__E107S with single repr dump -> /data/store-data/yeyh/scripts/AF2stab/results/af2/single-repr-full/logs/P06241__E107S__mutant.log
[GPU3] Running P06241__E107T with single repr dump -> /data/store-data/yeyh/scripts/AF2stab/results/af2/single-repr-full/logs/P06241__E107T__mutant.log
[GPU1] Running P06241__E107F with single repr dump -> /data/store-data/yeyh/scripts/AF2stab/results/af2/single-repr-full/logs/P06241__E107F__mutant.log
[GPU0] Running P06241__A89G with single repr dump -> /data/store-data/yeyh/scripts/AF2stab/results/af2/single-repr-full/logs/P06241__A89G__mutant.log
[GPU2] Running P06241__F109I with single repr dump -> /data/store-data/yeyh/scripts/AF2stab/results/af2/single-repr-full/logs/P06241__F109I__mutant.log
[GPU3] Running P06241__F109L with single repr dump -> /data/store-data/yeyh/scripts/AF2stab/results/af2/single-repr-full/logs/P06241__F109L__mutant.log
[GPU1] Running P06241__E107K with single repr dump -> /data/store-data/yeyh/scripts/AF2stab/results/af2/single-repr-full/logs/P06241__E107K__mutant.log
[GPU0] Running P06241__L101V with single repr dump -> /data/store-data/yeyh/scripts/AF2stab/results/af2/single-repr-full/logs/P06241__L101V__mutant.log
[GPU2] Running P06241__I111L with single repr dump -> /data/store-data/yeyh/scripts/AF2stab/results/af2/single-repr-full/logs/P06241__I111L__mutant.log
[GPU3] Running P06241__I111V with single repr dump -> /data/store-data/yeyh/scripts/AF2stab/results/af2/single-repr-full/logs/P06241__I111V__mutant.log
[GPU1] Running P06241__E107R with single repr dump -> /data/store-data/yeyh/scripts/AF2stab/results/af2/single-repr-full/logs/P06241__E107R__mutant.log
[GPU0] Running P06241__E107D with single repr dump -> /data/store-data/yeyh/scripts/AF2stab/results/af2/single-repr-full/logs/P06241__E107D__mutant.log
[GPU2] Running P06241__W120V with single repr dump -> /data/store-data/yeyh/scripts/AF2stab/results/af2/single-repr-full/logs/P06241__W120V__mutant.log
[GPU3] Running P06241__A122G with single repr dump -> /data/store-data/yeyh/scripts/AF2stab/results/af2/single-repr-full/logs/P06241__A122G__mutant.log
[GPU1] Running P06241__E107Y with single repr dump -> /data/store-data/yeyh/scripts/AF2stab/results/af2/single-repr-full/logs/P06241__E107Y__mutant.log
[GPU0] Running P06241__E107I with single repr dump -> /data/store-data/yeyh/scripts/AF2stab/results/af2/single-repr-full/logs/P06241__E107I__mutant.log
[GPU2] Running P06241__S124D with single repr dump -> /data/store-data/yeyh/scripts/AF2stab/results/af2/single-repr-full/logs/P06241__S124D__mutant.log
[GPU3] Running P06241__S124F with single repr dump -> /data/store-data/yeyh/scripts/AF2stab/results/af2/single-repr-full/logs/P06241__S124F__mutant.log
[GPU2] Running P06241__S124I with single repr dump -> /data/store-data/yeyh/scripts/AF2stab/results/af2/single-repr-full/logs/P06241__S124I__mutant.log
[GPU0] Running P06241__E107Q with single repr dump -> /data/store-data/yeyh/scripts/AF2stab/results/af2/single-repr-full/logs/P06241__E107Q__mutant.log
[GPU1] Running P06241__I111A with single repr dump -> /data/store-data/yeyh/scripts/AF2stab/results/af2/single-repr-full/logs/P06241__I111A__mutant.log
[GPU3] Running P06241__S124K with single repr dump -> /data/store-data/yeyh/scripts/AF2stab/results/af2/single-repr-full/logs/P06241__S124K__mutant.log
[GPU2] Running P06241__S124R with single repr dump -> /data/store-data/yeyh/scripts/AF2stab/results/af2/single-repr-full/logs/P06241__S124R__mutant.log
[GPU0] Running P06241__E107V with single repr dump -> /data/store-data/yeyh/scripts/AF2stab/results/af2/single-repr-full/logs/P06241__E107V__mutant.log
[GPU3] Running P06241__S124T with single repr dump -> /data/store-data/yeyh/scripts/AF2stab/results/af2/single-repr-full/logs/P06241__S124T__mutant.log
[GPU1] Running P06241__W120L with single repr dump -> /data/store-data/yeyh/scripts/AF2stab/results/af2/single-repr-full/logs/P06241__W120L__mutant.log
[GPU1] Running P06241__S124A with single repr dump -> /data/store-data/yeyh/scripts/AF2stab/results/af2/single-repr-full/logs/P06241__S124A__mutant.log
[GPU3] Running P06241__G128A with single repr dump -> /data/store-data/yeyh/scripts/AF2stab/results/af2/single-repr-full/logs/P06241__G128A__mutant.log
[GPU0] Running P06241__F109V with single repr dump -> /data/store-data/yeyh/scripts/AF2stab/results/af2/single-repr-full/logs/P06241__F109V__mutant.log
[GPU2] Running P06241__T127A with single repr dump -> /data/store-data/yeyh/scripts/AF2stab/results/af2/single-repr-full/logs/P06241__T127A__mutant.log
[GPU1] Running P06241__S124H with single repr dump -> /data/store-data/yeyh/scripts/AF2stab/results/af2/single-repr-full/logs/P06241__S124H__mutant.log
[GPU3] Running P06241__V138F with single repr dump -> /data/store-data/yeyh/scripts/AF2stab/results/af2/single-repr-full/logs/P06241__V138F__mutant.log
[GPU2] Running P06241__V138A with single repr dump -> /data/store-data/yeyh/scripts/AF2stab/results/af2/single-repr-full/logs/P06241__V138A__mutant.log
[GPU0] Running P06241__W120F with single repr dump -> /data/store-data/yeyh/scripts/AF2stab/results/af2/single-repr-full/logs/P06241__W120F__mutant.log
[GPU0] Running P06241__A122V with single repr dump -> /data/store-data/yeyh/scripts/AF2stab/results/af2/single-repr-full/logs/P06241__A122V__mutant.log
[GPU1] Running P06241__S124N with single repr dump -> /data/store-data/yeyh/scripts/AF2stab/results/af2/single-repr-full/logs/P06241__S124N__mutant.log
[GPU3] Running P06241__V138M with single repr dump -> /data/store-data/yeyh/scripts/AF2stab/results/af2/single-repr-full/logs/P06241__V138M__mutant.log
[GPU2] Running P06241__V138L with single repr dump -> /data/store-data/yeyh/scripts/AF2stab/results/af2/single-repr-full/logs/P06241__V138L__mutant.log
[GPU2] Running P06396__D214N with single repr dump -> /data/store-data/yeyh/scripts/AF2stab/results/af2/single-repr-full/logs/P06396__D214N__mutant.log
[GPU3] Running P06396__D214Y with single repr dump -> /data/store-data/yeyh/scripts/AF2stab/results/af2/single-repr-full/logs/P06396__D214Y__mutant.log
[GPU0] Running P06241__S124G with single repr dump -> /data/store-data/yeyh/scripts/AF2stab/results/af2/single-repr-full/logs/P06241__S124G__mutant.log
[GPU1] Running P06241__S124Y with single repr dump -> /data/store-data/yeyh/scripts/AF2stab/results/af2/single-repr-full/logs/P06241__S124Y__mutant.log
[GPU2] Running P06654__M1D with single repr dump -> /data/store-data/yeyh/scripts/AF2stab/results/af2/single-repr-full/logs/P06654__M1D__mutant.log
[GPU3] Running P06654__M1E with single repr dump -> /data/store-data/yeyh/scripts/AF2stab/results/af2/single-repr-full/logs/P06654__M1E__mutant.log
[GPU2] Running P06654__M1H with single repr dump -> /data/store-data/yeyh/scripts/AF2stab/results/af2/single-repr-full/logs/P06654__M1H__mutant.log
[GPU3] Running P06654__M1I with single repr dump -> /data/store-data/yeyh/scripts/AF2stab/results/af2/single-repr-full/logs/P06654__M1I__mutant.log
[GPU1] Running P06241__I133V with single repr dump -> /data/store-data/yeyh/scripts/AF2stab/results/af2/single-repr-full/logs/P06241__I133V__mutant.log
[GPU0] Running P06241__S124L with single repr dump -> /data/store-data/yeyh/scripts/AF2stab/results/af2/single-repr-full/logs/P06241__S124L__mutant.log
[GPU2] Running P06654__M1N with single repr dump -> /data/store-data/yeyh/scripts/AF2stab/results/af2/single-repr-full/logs/P06654__M1N__mutant.log
[GPU3] Running P06654__M1P with single repr dump -> /data/store-data/yeyh/scripts/AF2stab/results/af2/single-repr-full/logs/P06654__M1P__mutant.log
[GPU2] Running P06654__M1S with single repr dump -> /data/store-data/yeyh/scripts/AF2stab/results/af2/single-repr-full/logs/P06654__M1S__mutant.log
[GPU3] Running P06654__M1T with single repr dump -> /data/store-data/yeyh/scripts/AF2stab/results/af2/single-repr-full/logs/P06654__M1T__mutant.log
[GPU2] Running P06654__T228A with single repr dump -> /data/store-data/yeyh/scripts/AF2stab/results/af2/single-repr-full/logs/P06654__T228A__mutant.log
[GPU3] Running P06654__T228D with single repr dump -> /data/store-data/yeyh/scripts/AF2stab/results/af2/single-repr-full/logs/P06654__T228D__mutant.log
[GPU0] Running P06241__S124V with single repr dump -> /data/store-data/yeyh/scripts/AF2stab/results/af2/single-repr-full/logs/P06241__S124V__mutant.log
[GPU1] Running P06241__V138I with single repr dump -> /data/store-data/yeyh/scripts/AF2stab/results/af2/single-repr-full/logs/P06241__V138I__mutant.log
[GPU2] Running P06654__T228G with single repr dump -> /data/store-data/yeyh/scripts/AF2stab/results/af2/single-repr-full/logs/P06654__T228G__mutant.log
[GPU3] Running P06654__T228H with single repr dump -> /data/store-data/yeyh/scripts/AF2stab/results/af2/single-repr-full/logs/P06654__T228H__mutant.log
[GPU3] Running P06654__T228M with single repr dump -> /data/store-data/yeyh/scripts/AF2stab/results/af2/single-repr-full/logs/P06654__T228M__mutant.log
[GPU2] Running P06654__T228L with single repr dump -> /data/store-data/yeyh/scripts/AF2stab/results/af2/single-repr-full/logs/P06654__T228L__mutant.log
[GPU3] Running P06654__T228S with single repr dump -> /data/store-data/yeyh/scripts/AF2stab/results/af2/single-repr-full/logs/P06654__T228S__mutant.log
[GPU2] Running P06654__T228R with single repr dump -> /data/store-data/yeyh/scripts/AF2stab/results/af2/single-repr-full/logs/P06654__T228R__mutant.log
[GPU1] Running P06396 with single repr dump -> /data/store-data/yeyh/scripts/AF2stab/results/af2/single-repr-full/logs/P06396__D214N__wt.log
[GPU0] Running P06241__I133L with single repr dump -> /data/store-data/yeyh/scripts/AF2stab/results/af2/single-repr-full/logs/P06241__I133L__mutant.log
[GPU3] Running P06654__Y229D with single repr dump -> /data/store-data/yeyh/scripts/AF2stab/results/af2/single-repr-full/logs/P06654__Y229D__mutant.log
[GPU2] Running P06654__Y229A with single repr dump -> /data/store-data/yeyh/scripts/AF2stab/results/af2/single-repr-full/logs/P06654__Y229A__mutant.log
[GPU1] Running P06654__M1A with single repr dump -> /data/store-data/yeyh/scripts/AF2stab/results/af2/single-repr-full/logs/P06654__M1A__mutant.log
[GPU3] Running P06654__Y229H with single repr dump -> /data/store-data/yeyh/scripts/AF2stab/results/af2/single-repr-full/logs/P06654__Y229H__mutant.log
[GPU2] Running P06654__Y229G with single repr dump -> /data/store-data/yeyh/scripts/AF2stab/results/af2/single-repr-full/logs/P06654__Y229G__mutant.log
[GPU1] Running P06654__M1G with single repr dump -> /data/store-data/yeyh/scripts/AF2stab/results/af2/single-repr-full/logs/P06654__M1G__mutant.log
[GPU3] Running P06654__Y229M with single repr dump -> /data/store-data/yeyh/scripts/AF2stab/results/af2/single-repr-full/logs/P06654__Y229M__mutant.log
[GPU2] Running P06654__Y229L with single repr dump -> /data/store-data/yeyh/scripts/AF2stab/results/af2/single-repr-full/logs/P06654__Y229L__mutant.log
[GPU0] Running P06241__V138G with single repr dump -> /data/store-data/yeyh/scripts/AF2stab/results/af2/single-repr-full/logs/P06241__V138G__mutant.log
[GPU1] Running P06654__M1L with single repr dump -> /data/store-data/yeyh/scripts/AF2stab/results/af2/single-repr-full/logs/P06654__M1L__mutant.log
[GPU3] Running P06654__Y229R with single repr dump -> /data/store-data/yeyh/scripts/AF2stab/results/af2/single-repr-full/logs/P06654__Y229R__mutant.log
[GPU2] Running P06654__Y229Q with single repr dump -> /data/store-data/yeyh/scripts/AF2stab/results/af2/single-repr-full/logs/P06654__Y229Q__mutant.log
[GPU1] Running P06654__M1R with single repr dump -> /data/store-data/yeyh/scripts/AF2stab/results/af2/single-repr-full/logs/P06654__M1R__mutant.log
[GPU2] Running P06654__Y229V with single repr dump -> /data/store-data/yeyh/scripts/AF2stab/results/af2/single-repr-full/logs/P06654__Y229V__mutant.log
[GPU3] Running P06654__K230A with single repr dump -> /data/store-data/yeyh/scripts/AF2stab/results/af2/single-repr-full/logs/P06654__K230A__mutant.log
[GPU1] Running P06654__M1Y with single repr dump -> /data/store-data/yeyh/scripts/AF2stab/results/af2/single-repr-full/logs/P06654__M1Y__mutant.log
[GPU3] Running P06654__K230G with single repr dump -> /data/store-data/yeyh/scripts/AF2stab/results/af2/single-repr-full/logs/P06654__K230G__mutant.log
[GPU2] Running P06654__K230F with single repr dump -> /data/store-data/yeyh/scripts/AF2stab/results/af2/single-repr-full/logs/P06654__K230F__mutant.log
[GPU0] Running P06241__V138T with single repr dump -> /data/store-data/yeyh/scripts/AF2stab/results/af2/single-repr-full/logs/P06241__V138T__mutant.log
[GPU1] Running P06654__T228F with single repr dump -> /data/store-data/yeyh/scripts/AF2stab/results/af2/single-repr-full/logs/P06654__T228F__mutant.log
[GPU3] Running P06654__K230M with single repr dump -> /data/store-data/yeyh/scripts/AF2stab/results/af2/single-repr-full/logs/P06654__K230M__mutant.log
[GPU2] Running P06654__K230L with single repr dump -> /data/store-data/yeyh/scripts/AF2stab/results/af2/single-repr-full/logs/P06654__K230L__mutant.log
[GPU1] Running P06654__T228K with single repr dump -> /data/store-data/yeyh/scripts/AF2stab/results/af2/single-repr-full/logs/P06654__T228K__mutant.log
[GPU2] Running P06654__K230Q with single repr dump -> /data/store-data/yeyh/scripts/AF2stab/results/af2/single-repr-full/logs/P06654__K230Q__mutant.log
[GPU3] Running P06654__K230R with single repr dump -> /data/store-data/yeyh/scripts/AF2stab/results/af2/single-repr-full/logs/P06654__K230R__mutant.log
[GPU1] Running P06654__T228P with single repr dump -> /data/store-data/yeyh/scripts/AF2stab/results/af2/single-repr-full/logs/P06654__T228P__mutant.log
[GPU2] Running P06654__K230V with single repr dump -> /data/store-data/yeyh/scripts/AF2stab/results/af2/single-repr-full/logs/P06654__K230V__mutant.log
[GPU3] Running P06654__K230Y with single repr dump -> /data/store-data/yeyh/scripts/AF2stab/results/af2/single-repr-full/logs/P06654__K230Y__mutant.log
[GPU1] Running P06654__T228Y with single repr dump -> /data/store-data/yeyh/scripts/AF2stab/results/af2/single-repr-full/logs/P06654__T228Y__mutant.log
[GPU0] Running P06654 with single repr dump -> /data/store-data/yeyh/scripts/AF2stab/results/af2/single-repr-full/logs/P06654__M1A__wt.log
[GPU2] Running P06654__L231E with single repr dump -> /data/store-data/yeyh/scripts/AF2stab/results/af2/single-repr-full/logs/P06654__L231E__mutant.log
[GPU3] Running P06654__L231F with single repr dump -> /data/store-data/yeyh/scripts/AF2stab/results/af2/single-repr-full/logs/P06654__L231F__mutant.log
[GPU1] Running P06654__Y229F with single repr dump -> /data/store-data/yeyh/scripts/AF2stab/results/af2/single-repr-full/logs/P06654__Y229F__mutant.log
[GPU0] Running P06654__M1F with single repr dump -> /data/store-data/yeyh/scripts/AF2stab/results/af2/single-repr-full/logs/P06654__M1F__mutant.log
[GPU2] Running P06654__L231I with single repr dump -> /data/store-data/yeyh/scripts/AF2stab/results/af2/single-repr-full/logs/P06654__L231I__mutant.log
[GPU3] Running P06654__L231K with single repr dump -> /data/store-data/yeyh/scripts/AF2stab/results/af2/single-repr-full/logs/P06654__L231K__mutant.log
[GPU0] Running P06654__M1K with single repr dump -> /data/store-data/yeyh/scripts/AF2stab/results/af2/single-repr-full/logs/P06654__M1K__mutant.log
[GPU1] Running P06654__Y229K with single repr dump -> /data/store-data/yeyh/scripts/AF2stab/results/af2/single-repr-full/logs/P06654__Y229K__mutant.log
[GPU2] Running P06654__L231P with single repr dump -> /data/store-data/yeyh/scripts/AF2stab/results/af2/single-repr-full/logs/P06654__L231P__mutant.log
[GPU3] Running P06654__L231Q with single repr dump -> /data/store-data/yeyh/scripts/AF2stab/results/af2/single-repr-full/logs/P06654__L231Q__mutant.log
[GPU1] Running P06654__Y229P with single repr dump -> /data/store-data/yeyh/scripts/AF2stab/results/af2/single-repr-full/logs/P06654__Y229P__mutant.log
[GPU0] Running P06654__M1Q with single repr dump -> /data/store-data/yeyh/scripts/AF2stab/results/af2/single-repr-full/logs/P06654__M1Q__mutant.log
[GPU3] Running P06654__L231V with single repr dump -> /data/store-data/yeyh/scripts/AF2stab/results/af2/single-repr-full/logs/P06654__L231V__mutant.log
[GPU2] Running P06654__L231T with single repr dump -> /data/store-data/yeyh/scripts/AF2stab/results/af2/single-repr-full/logs/P06654__L231T__mutant.log
[GPU1] Running P06654__Y229T with single repr dump -> /data/store-data/yeyh/scripts/AF2stab/results/af2/single-repr-full/logs/P06654__Y229T__mutant.log
[GPU0] Running P06654__M1V with single repr dump -> /data/store-data/yeyh/scripts/AF2stab/results/af2/single-repr-full/logs/P06654__M1V__mutant.log
[GPU2] Running P06654__I232D with single repr dump -> /data/store-data/yeyh/scripts/AF2stab/results/af2/single-repr-full/logs/P06654__I232D__mutant.log
[GPU3] Running P06654__I232E with single repr dump -> /data/store-data/yeyh/scripts/AF2stab/results/af2/single-repr-full/logs/P06654__I232E__mutant.log
[GPU0] Running P06654__T228E with single repr dump -> /data/store-data/yeyh/scripts/AF2stab/results/af2/single-repr-full/logs/P06654__T228E__mutant.log
[GPU1] Running P06654__K230E with single repr dump -> /data/store-data/yeyh/scripts/AF2stab/results/af2/single-repr-full/logs/P06654__K230E__mutant.log
[GPU3] Running P06654__I232K with single repr dump -> /data/store-data/yeyh/scripts/AF2stab/results/af2/single-repr-full/logs/P06654__I232K__mutant.log
[GPU2] Running P06654__I232H with single repr dump -> /data/store-data/yeyh/scripts/AF2stab/results/af2/single-repr-full/logs/P06654__I232H__mutant.log
[GPU0] Running P06654__T228I with single repr dump -> /data/store-data/yeyh/scripts/AF2stab/results/af2/single-repr-full/logs/P06654__T228I__mutant.log
[GPU1] Running P06654__K230I with single repr dump -> /data/store-data/yeyh/scripts/AF2stab/results/af2/single-repr-full/logs/P06654__K230I__mutant.log
[GPU3] Running P06654__I232P with single repr dump -> /data/store-data/yeyh/scripts/AF2stab/results/af2/single-repr-full/logs/P06654__I232P__mutant.log
[GPU2] Running P06654__I232N with single repr dump -> /data/store-data/yeyh/scripts/AF2stab/results/af2/single-repr-full/logs/P06654__I232N__mutant.log
[GPU1] Running P06654__K230P with single repr dump -> /data/store-data/yeyh/scripts/AF2stab/results/af2/single-repr-full/logs/P06654__K230P__mutant.log
[GPU0] Running P06654__T228N with single repr dump -> /data/store-data/yeyh/scripts/AF2stab/results/af2/single-repr-full/logs/P06654__T228N__mutant.log
[GPU2] Running P06654__I232S with single repr dump -> /data/store-data/yeyh/scripts/AF2stab/results/af2/single-repr-full/logs/P06654__I232S__mutant.log
[GPU3] Running P06654__I232T with single repr dump -> /data/store-data/yeyh/scripts/AF2stab/results/af2/single-repr-full/logs/P06654__I232T__mutant.log
[GPU1] Running P06654__K230T with single repr dump -> /data/store-data/yeyh/scripts/AF2stab/results/af2/single-repr-full/logs/P06654__K230T__mutant.log
[GPU0] Running P06654__T228V with single repr dump -> /data/store-data/yeyh/scripts/AF2stab/results/af2/single-repr-full/logs/P06654__T228V__mutant.log
[GPU3] Running P06654__L233D with single repr dump -> /data/store-data/yeyh/scripts/AF2stab/results/af2/single-repr-full/logs/P06654__L233D__mutant.log
[GPU2] Running P06654__L233A with single repr dump -> /data/store-data/yeyh/scripts/AF2stab/results/af2/single-repr-full/logs/P06654__L233A__mutant.log
[GPU1] Running P06654__L231D with single repr dump -> /data/store-data/yeyh/scripts/AF2stab/results/af2/single-repr-full/logs/P06654__L231D__mutant.log
[GPU0] Running P06654__Y229E with single repr dump -> /data/store-data/yeyh/scripts/AF2stab/results/af2/single-repr-full/logs/P06654__Y229E__mutant.log
[GPU2] Running P06654__L233G with single repr dump -> /data/store-data/yeyh/scripts/AF2stab/results/af2/single-repr-full/logs/P06654__L233G__mutant.log
[GPU3] Running P06654__L233H with single repr dump -> /data/store-data/yeyh/scripts/AF2stab/results/af2/single-repr-full/logs/P06654__L233H__mutant.log
[GPU1] Running P06654__L231H with single repr dump -> /data/store-data/yeyh/scripts/AF2stab/results/af2/single-repr-full/logs/P06654__L231H__mutant.log
[GPU0] Running P06654__Y229I with single repr dump -> /data/store-data/yeyh/scripts/AF2stab/results/af2/single-repr-full/logs/P06654__Y229I__mutant.log
[GPU2] Running P06654__L233M with single repr dump -> /data/store-data/yeyh/scripts/AF2stab/results/af2/single-repr-full/logs/P06654__L233M__mutant.log
[GPU3] Running P06654__L233N with single repr dump -> /data/store-data/yeyh/scripts/AF2stab/results/af2/single-repr-full/logs/P06654__L233N__mutant.log
[GPU1] Running P06654__L231N with single repr dump -> /data/store-data/yeyh/scripts/AF2stab/results/af2/single-repr-full/logs/P06654__L231N__mutant.log
[GPU2] Running P06654__L233R with single repr dump -> /data/store-data/yeyh/scripts/AF2stab/results/af2/single-repr-full/logs/P06654__L233R__mutant.log
[GPU0] Running P06654__Y229N with single repr dump -> /data/store-data/yeyh/scripts/AF2stab/results/af2/single-repr-full/logs/P06654__Y229N__mutant.log
[GPU3] Running P06654__L233S with single repr dump -> /data/store-data/yeyh/scripts/AF2stab/results/af2/single-repr-full/logs/P06654__L233S__mutant.log
[GPU1] Running P06654__L231S with single repr dump -> /data/store-data/yeyh/scripts/AF2stab/results/af2/single-repr-full/logs/P06654__L231S__mutant.log
[GPU2] Running P06654__L233Y with single repr dump -> /data/store-data/yeyh/scripts/AF2stab/results/af2/single-repr-full/logs/P06654__L233Y__mutant.log
[GPU0] Running P06654__Y229S with single repr dump -> /data/store-data/yeyh/scripts/AF2stab/results/af2/single-repr-full/logs/P06654__Y229S__mutant.log
[GPU3] Running P06654__N234A with single repr dump -> /data/store-data/yeyh/scripts/AF2stab/results/af2/single-repr-full/logs/P06654__N234A__mutant.log
[GPU1] Running P06654__I232A with single repr dump -> /data/store-data/yeyh/scripts/AF2stab/results/af2/single-repr-full/logs/P06654__I232A__mutant.log
[GPU2] Running P06654__N234F with single repr dump -> /data/store-data/yeyh/scripts/AF2stab/results/af2/single-repr-full/logs/P06654__N234F__mutant.log
[GPU3] Running P06654__N234G with single repr dump -> /data/store-data/yeyh/scripts/AF2stab/results/af2/single-repr-full/logs/P06654__N234G__mutant.log
[GPU0] Running P06654__K230D with single repr dump -> /data/store-data/yeyh/scripts/AF2stab/results/af2/single-repr-full/logs/P06654__K230D__mutant.log
[GPU1] Running P06654__I232G with single repr dump -> /data/store-data/yeyh/scripts/AF2stab/results/af2/single-repr-full/logs/P06654__I232G__mutant.log
[GPU2] Running P06654__N234K with single repr dump -> /data/store-data/yeyh/scripts/AF2stab/results/af2/single-repr-full/logs/P06654__N234K__mutant.log
[GPU3] Running P06654__N234L with single repr dump -> /data/store-data/yeyh/scripts/AF2stab/results/af2/single-repr-full/logs/P06654__N234L__mutant.log
[GPU0] Running P06654__K230H with single repr dump -> /data/store-data/yeyh/scripts/AF2stab/results/af2/single-repr-full/logs/P06654__K230H__mutant.log
[GPU1] Running P06654__I232M with single repr dump -> /data/store-data/yeyh/scripts/AF2stab/results/af2/single-repr-full/logs/P06654__I232M__mutant.log
[GPU2] Running P06654__N234Q with single repr dump -> /data/store-data/yeyh/scripts/AF2stab/results/af2/single-repr-full/logs/P06654__N234Q__mutant.log
[GPU3] Running P06654__N234R with single repr dump -> /data/store-data/yeyh/scripts/AF2stab/results/af2/single-repr-full/logs/P06654__N234R__mutant.log
[GPU0] Running P06654__K230N with single repr dump -> /data/store-data/yeyh/scripts/AF2stab/results/af2/single-repr-full/logs/P06654__K230N__mutant.log
[GPU1] Running P06654__I232R with single repr dump -> /data/store-data/yeyh/scripts/AF2stab/results/af2/single-repr-full/logs/P06654__I232R__mutant.log
[GPU2] Running P06654__N234V with single repr dump -> /data/store-data/yeyh/scripts/AF2stab/results/af2/single-repr-full/logs/P06654__N234V__mutant.log
[GPU3] Running P06654__N234Y with single repr dump -> /data/store-data/yeyh/scripts/AF2stab/results/af2/single-repr-full/logs/P06654__N234Y__mutant.log
[GPU0] Running P06654__K230S with single repr dump -> /data/store-data/yeyh/scripts/AF2stab/results/af2/single-repr-full/logs/P06654__K230S__mutant.log
[GPU2] Running P06654__G235E with single repr dump -> /data/store-data/yeyh/scripts/AF2stab/results/af2/single-repr-full/logs/P06654__G235E__mutant.log
[GPU1] Running P06654__I232Y with single repr dump -> /data/store-data/yeyh/scripts/AF2stab/results/af2/single-repr-full/logs/P06654__I232Y__mutant.log
[GPU3] Running P06654__G235F with single repr dump -> /data/store-data/yeyh/scripts/AF2stab/results/af2/single-repr-full/logs/P06654__G235F__mutant.log
[GPU0] Running P06654__L231A with single repr dump -> /data/store-data/yeyh/scripts/AF2stab/results/af2/single-repr-full/logs/P06654__L231A__mutant.log
[GPU1] Running P06654__L233F with single repr dump -> /data/store-data/yeyh/scripts/AF2stab/results/af2/single-repr-full/logs/P06654__L233F__mutant.log
[GPU2] Running P06654__G235K with single repr dump -> /data/store-data/yeyh/scripts/AF2stab/results/af2/single-repr-full/logs/P06654__G235K__mutant.log
[GPU3] Running P06654__G235L with single repr dump -> /data/store-data/yeyh/scripts/AF2stab/results/af2/single-repr-full/logs/P06654__G235L__mutant.log
[GPU0] Running P06654__L231G with single repr dump -> /data/store-data/yeyh/scripts/AF2stab/results/af2/single-repr-full/logs/P06654__L231G__mutant.log
[GPU1] Running P06654__L233K with single repr dump -> /data/store-data/yeyh/scripts/AF2stab/results/af2/single-repr-full/logs/P06654__L233K__mutant.log
[GPU2] Running P06654__G235P with single repr dump -> /data/store-data/yeyh/scripts/AF2stab/results/af2/single-repr-full/logs/P06654__G235P__mutant.log
[GPU0] Running P06654__L231M with single repr dump -> /data/store-data/yeyh/scripts/AF2stab/results/af2/single-repr-full/logs/P06654__L231M__mutant.log
[GPU3] Running P06654__G235Q with single repr dump -> /data/store-data/yeyh/scripts/AF2stab/results/af2/single-repr-full/logs/P06654__G235Q__mutant.log
[GPU2] Running P06654__G235T with single repr dump -> /data/store-data/yeyh/scripts/AF2stab/results/af2/single-repr-full/logs/P06654__G235T__mutant.log
[GPU1] Running P06654__L233Q with single repr dump -> /data/store-data/yeyh/scripts/AF2stab/results/af2/single-repr-full/logs/P06654__L233Q__mutant.log
[GPU0] Running P06654__L231R with single repr dump -> /data/store-data/yeyh/scripts/AF2stab/results/af2/single-repr-full/logs/P06654__L231R__mutant.log
[GPU3] Running P06654__G235V with single repr dump -> /data/store-data/yeyh/scripts/AF2stab/results/af2/single-repr-full/logs/P06654__G235V__mutant.log
[GPU2] Running P06654__K236D with single repr dump -> /data/store-data/yeyh/scripts/AF2stab/results/af2/single-repr-full/logs/P06654__K236D__mutant.log
[GPU1] Running P06654__L233V with single repr dump -> /data/store-data/yeyh/scripts/AF2stab/results/af2/single-repr-full/logs/P06654__L233V__mutant.log
[GPU0] Running P06654__L231Y with single repr dump -> /data/store-data/yeyh/scripts/AF2stab/results/af2/single-repr-full/logs/P06654__L231Y__mutant.log
[GPU3] Running P06654__K236E with single repr dump -> /data/store-data/yeyh/scripts/AF2stab/results/af2/single-repr-full/logs/P06654__K236E__mutant.log
[GPU2] Running P06654__K236H with single repr dump -> /data/store-data/yeyh/scripts/AF2stab/results/af2/single-repr-full/logs/P06654__K236H__mutant.log
[GPU1] Running P06654__N234E with single repr dump -> /data/store-data/yeyh/scripts/AF2stab/results/af2/single-repr-full/logs/P06654__N234E__mutant.log
[GPU0] Running P06654__I232F with single repr dump -> /data/store-data/yeyh/scripts/AF2stab/results/af2/single-repr-full/logs/P06654__I232F__mutant.log
[GPU3] Running P06654__K236I with single repr dump -> /data/store-data/yeyh/scripts/AF2stab/results/af2/single-repr-full/logs/P06654__K236I__mutant.log
[GPU0] Running P06654__I232L with single repr dump -> /data/store-data/yeyh/scripts/AF2stab/results/af2/single-repr-full/logs/P06654__I232L__mutant.log
[GPU2] Running P06654__K236N with single repr dump -> /data/store-data/yeyh/scripts/AF2stab/results/af2/single-repr-full/logs/P06654__K236N__mutant.log
[GPU1] Running P06654__N234I with single repr dump -> /data/store-data/yeyh/scripts/AF2stab/results/af2/single-repr-full/logs/P06654__N234I__mutant.log
[GPU3] Running P06654__K236P with single repr dump -> /data/store-data/yeyh/scripts/AF2stab/results/af2/single-repr-full/logs/P06654__K236P__mutant.log
[GPU0] Running P06654__I232Q with single repr dump -> /data/store-data/yeyh/scripts/AF2stab/results/af2/single-repr-full/logs/P06654__I232Q__mutant.log
[GPU2] Running P06654__K236S with single repr dump -> /data/store-data/yeyh/scripts/AF2stab/results/af2/single-repr-full/logs/P06654__K236S__mutant.log
[GPU1] Running P06654__N234P with single repr dump -> /data/store-data/yeyh/scripts/AF2stab/results/af2/single-repr-full/logs/P06654__N234P__mutant.log
[GPU3] Running P06654__K236T with single repr dump -> /data/store-data/yeyh/scripts/AF2stab/results/af2/single-repr-full/logs/P06654__K236T__mutant.log
[GPU0] Running P06654__I232V with single repr dump -> /data/store-data/yeyh/scripts/AF2stab/results/af2/single-repr-full/logs/P06654__I232V__mutant.log
[GPU2] Running P06654__T237A with single repr dump -> /data/store-data/yeyh/scripts/AF2stab/results/af2/single-repr-full/logs/P06654__T237A__mutant.log
[GPU1] Running P06654__N234T with single repr dump -> /data/store-data/yeyh/scripts/AF2stab/results/af2/single-repr-full/logs/P06654__N234T__mutant.log
[GPU3] Running P06654__T237D with single repr dump -> /data/store-data/yeyh/scripts/AF2stab/results/af2/single-repr-full/logs/P06654__T237D__mutant.log
[GPU0] Running P06654__L233E with single repr dump -> /data/store-data/yeyh/scripts/AF2stab/results/af2/single-repr-full/logs/P06654__L233E__mutant.log
[GPU1] Running P06654__G235D with single repr dump -> /data/store-data/yeyh/scripts/AF2stab/results/af2/single-repr-full/logs/P06654__G235D__mutant.log
[GPU2] Running P06654__T237G with single repr dump -> /data/store-data/yeyh/scripts/AF2stab/results/af2/single-repr-full/logs/P06654__T237G__mutant.log
[GPU3] Running P06654__T237H with single repr dump -> /data/store-data/yeyh/scripts/AF2stab/results/af2/single-repr-full/logs/P06654__T237H__mutant.log
[GPU1] Running P06654__G235I with single repr dump -> /data/store-data/yeyh/scripts/AF2stab/results/af2/single-repr-full/logs/P06654__G235I__mutant.log
[GPU2] Running P06654__T237L with single repr dump -> /data/store-data/yeyh/scripts/AF2stab/results/af2/single-repr-full/logs/P06654__T237L__mutant.log
[GPU0] Running P06654__L233I with single repr dump -> /data/store-data/yeyh/scripts/AF2stab/results/af2/single-repr-full/logs/P06654__L233I__mutant.log
[GPU3] Running P06654__T237M with single repr dump -> /data/store-data/yeyh/scripts/AF2stab/results/af2/single-repr-full/logs/P06654__T237M__mutant.log
[GPU0] Running P06654__L233P with single repr dump -> /data/store-data/yeyh/scripts/AF2stab/results/af2/single-repr-full/logs/P06654__L233P__mutant.log
[GPU1] Running P06654__G235N with single repr dump -> /data/store-data/yeyh/scripts/AF2stab/results/af2/single-repr-full/logs/P06654__G235N__mutant.log
[GPU2] Running P06654__T237Q with single repr dump -> /data/store-data/yeyh/scripts/AF2stab/results/af2/single-repr-full/logs/P06654__T237Q__mutant.log
[GPU3] Running P06654__T237R with single repr dump -> /data/store-data/yeyh/scripts/AF2stab/results/af2/single-repr-full/logs/P06654__T237R__mutant.log
[GPU1] Running P06654__G235S with single repr dump -> /data/store-data/yeyh/scripts/AF2stab/results/af2/single-repr-full/logs/P06654__G235S__mutant.log
[GPU0] Running P06654__L233T with single repr dump -> /data/store-data/yeyh/scripts/AF2stab/results/af2/single-repr-full/logs/P06654__L233T__mutant.log
[GPU2] Running P06654__T237Y with single repr dump -> /data/store-data/yeyh/scripts/AF2stab/results/af2/single-repr-full/logs/P06654__T237Y__mutant.log
[GPU3] Running P06654__L238A with single repr dump -> /data/store-data/yeyh/scripts/AF2stab/results/af2/single-repr-full/logs/P06654__L238A__mutant.log
[GPU1] Running P06654__K236A with single repr dump -> /data/store-data/yeyh/scripts/AF2stab/results/af2/single-repr-full/logs/P06654__K236A__mutant.log
[GPU0] Running P06654__N234D with single repr dump -> /data/store-data/yeyh/scripts/AF2stab/results/af2/single-repr-full/logs/P06654__N234D__mutant.log
[GPU2] Running P06654__L238F with single repr dump -> /data/store-data/yeyh/scripts/AF2stab/results/af2/single-repr-full/logs/P06654__L238F__mutant.log
[GPU3] Running P06654__L238G with single repr dump -> /data/store-data/yeyh/scripts/AF2stab/results/af2/single-repr-full/logs/P06654__L238G__mutant.log
[GPU2] Running P06654__L238K with single repr dump -> /data/store-data/yeyh/scripts/AF2stab/results/af2/single-repr-full/logs/P06654__L238K__mutant.log
[GPU1] Running P06654__K236G with single repr dump -> /data/store-data/yeyh/scripts/AF2stab/results/af2/single-repr-full/logs/P06654__K236G__mutant.log
[GPU0] Running P06654__N234H with single repr dump -> /data/store-data/yeyh/scripts/AF2stab/results/af2/single-repr-full/logs/P06654__N234H__mutant.log
[GPU3] Running P06654__L238M with single repr dump -> /data/store-data/yeyh/scripts/AF2stab/results/af2/single-repr-full/logs/P06654__L238M__mutant.log
[GPU2] Running P06654__L238Q with single repr dump -> /data/store-data/yeyh/scripts/AF2stab/results/af2/single-repr-full/logs/P06654__L238Q__mutant.log
[GPU1] Running P06654__K236M with single repr dump -> /data/store-data/yeyh/scripts/AF2stab/results/af2/single-repr-full/logs/P06654__K236M__mutant.log
[GPU0] Running P06654__N234M with single repr dump -> /data/store-data/yeyh/scripts/AF2stab/results/af2/single-repr-full/logs/P06654__N234M__mutant.log
[GPU3] Running P06654__L238R with single repr dump -> /data/store-data/yeyh/scripts/AF2stab/results/af2/single-repr-full/logs/P06654__L238R__mutant.log
[GPU3] Running P06654__L238Y with single repr dump -> /data/store-data/yeyh/scripts/AF2stab/results/af2/single-repr-full/logs/P06654__L238Y__mutant.log
[GPU1] Running P06654__K236R with single repr dump -> /data/store-data/yeyh/scripts/AF2stab/results/af2/single-repr-full/logs/P06654__K236R__mutant.log
[GPU2] Running P06654__L238V with single repr dump -> /data/store-data/yeyh/scripts/AF2stab/results/af2/single-repr-full/logs/P06654__L238V__mutant.log
[GPU0] Running P06654__N234S with single repr dump -> /data/store-data/yeyh/scripts/AF2stab/results/af2/single-repr-full/logs/P06654__N234S__mutant.log
[GPU1] Running P06654__K236Y with single repr dump -> /data/store-data/yeyh/scripts/AF2stab/results/af2/single-repr-full/logs/P06654__K236Y__mutant.log
[GPU2] Running P06654__K239E with single repr dump -> /data/store-data/yeyh/scripts/AF2stab/results/af2/single-repr-full/logs/P06654__K239E__mutant.log
[GPU3] Running P06654__K239F with single repr dump -> /data/store-data/yeyh/scripts/AF2stab/results/af2/single-repr-full/logs/P06654__K239F__mutant.log
[GPU0] Running P06654__G235A with single repr dump -> /data/store-data/yeyh/scripts/AF2stab/results/af2/single-repr-full/logs/P06654__G235A__mutant.log
