mode,split,fold_index,sample_id,y_true,y_pred
cv,train,1,P00644__T86G,0.20000000298023224,0.5695726275444031
cv,train,1,P00644__R187G,2.4000000953674316,2.895569324493408
cv,train,1,P02633__L27G,4.139999866485596,4.576150894165039
cv,train,1,P00644__Q213F,0.6000000238418579,1.3426594734191895
cv,train,1,P00171__S76L,-0.800000011920929,-0.4399508237838745
cv,train,1,P00644__I154E,6.650000095367432,7.284512519836426
cv,train,1,P00974__C65S,8.0,8.362979888916016
cv,train,1,P00782__N325S,-1.0700000524520874,-0.38210904598236084
cv,train,1,P00644__F158A,4.050000190734863,4.678193092346191
cv,train,1,P04637__R249S,1.934999942779541,2.2681915760040283
cv,train,1,P00720__G156D,2.9000000953674316,3.5789856910705566
cv,train,1,P02185__A145L,-0.25,0.3768945336341858
cv,train,1,P00644__A194G,0.0,0.7889016270637512
cv,train,1,P00974__K50A,0.4000000059604645,0.7923830151557922
cv,train,1,P02417__V21A,2.3299999237060547,2.8392653465270996
cv,train,1,P00644__H206E,-0.3499999940395355,0.14282900094985962
cv,train,1,P01009__A308L,0.800000011920929,1.4106650352478027
cv,train,1,P00644__V148M,0.10000000149011612,0.6490779519081116
cv,train,1,P03050__S35G,0.33000001311302185,0.8078112006187439
cv,train,1,P00644__V105E,6.0,6.746840953826904
cv,train,1,P00644__P129A,0.550000011920929,1.0509428977966309
cv,train,1,P00720__N40D,-0.41999998688697815,0.10721557587385178
cv,train,1,P00712__A49I,-1.600000023841858,-0.8787159323692322
cv,train,1,P03069__K275A,0.9100000262260437,1.3657124042510986
cv,train,1,P00282__H66G,10.899999618530273,11.372124671936035
cv,train,1,P01053__V80T,0.4000000059604645,0.999056875705719
cv,train,1,P02751__V1547A,1.2000000476837158,1.8855341672897339
cv,train,1,P00720__L7A,3.5999999046325684,4.191056251525879
cv,train,1,P00698__E53A,-1.399999976158142,-0.8848796486854553
cv,train,1,P00644__L96I,1.5,2.1185173988342285
cv,train,1,P00644__L185E,5.550000190734863,6.185239791870117
cv,train,1,P01009__A272V,-2.1500000953674316,-1.3514665365219116
cv,train,1,P01009__A207L,-1.2999999523162842,-0.6397449374198914
cv,train,1,P00711__Y122P,0.25999999046325684,0.9686459898948669
cv,train,1,P00644__V193L,0.8999999761581421,1.4455331563949585
cv,train,1,P00282__V25A,0.7300000190734863,1.4348002672195435
cv,train,1,P00644__E134F,0.6000000238418579,0.8403890132904053
cv,train,1,P00509__C180W,2.200000047683716,2.7667131423950195
cv,train,1,P05413__G68S,1.2000000476837158,1.757277011871338
cv,train,1,P00648__N105A,2.1700000762939453,2.9581587314605713
cv,train,1,P00044__N58S,0.30000001192092896,0.6860395073890686
cv,train,1,P00648__A79F,0.6000000238418579,1.1812634468078613
cv,train,1,P00818__I87V,1.7000000476837158,2.444556951522827
cv,train,1,P03050__E43A,0.30000001192092896,0.8108872771263123
cv,train,1,P00509__E253Q,5.800000190734863,6.02214241027832
cv,train,1,P00644__Y195L,-0.20000000298023224,0.33668941259384155
cv,train,1,P03050__E48G,1.8450000286102295,2.2128376960754395
cv,train,1,P00720__G30F,1.5,2.073660373687744
cv,train,1,P00644__Y109L,1.5,2.0592713356018066
cv,train,1,P01241__E100D,1.2999999523162842,1.7830893993377686
cv,train,1,P00644__I154L,0.20000000298023224,0.8515987992286682
cv,train,1,P00651__A47Q,0.33000001311302185,0.9833009839057922
cv,train,1,P05413__T41E,3.2699999809265137,3.8664019107818604
cv,train,1,P00648__H65N,1.6799999475479126,2.1741228103637695
cv,train,1,P00044__K79W,1.5,2.036031484603882
cv,train,1,P00974__P37A,1.2999999523162842,1.8126057386398315
cv,train,1,1YYX_A__A87G,3.0,3.5889663696289062
cv,train,1,P00644__A214V,4.699999809265137,5.361473560333252
cv,train,1,P01584__C124A,2.0999999046325684,2.601288318634033
cv,train,1,P00644__A191E,5.800000190734863,6.516947269439697
cv,train,1,P00974__N79G,4.699999809265137,5.158682346343994
cv,train,1,P00648__D101N,2.4000000953674316,3.0015151500701904
cv,train,1,P05798__T5V,0.0,0.5912095904350281
cv,train,1,P05798__T72V,0.20000000298023224,0.9507145285606384
cv,train,1,P00044__C108T,-3.0999999046325684,-2.344938278198242
cv,train,1,P00698__E53H,2.299999952316284,2.5343897342681885
cv,train,1,P00929__Y175Q,1.600000023841858,2.230271339416504
cv,train,1,P00974__N78G,5.699999809265137,6.350592136383057
cv,train,1,P01053__P53A,0.30000001192092896,0.8181453347206116
cv,train,1,P00651__A47L,0.12999999523162842,0.7620366215705872
cv,train,1,P00644__E155Q,0.6000000238418579,0.8730494379997253
cv,train,1,P00644__A184G,1.2999999523162842,1.9803378582000732
cv,train,1,P04637__G245S,1.0049999952316284,1.486196756362915
cv,train,1,P00644__L185I,1.100000023841858,1.808469533920288
cv,train,1,P00282__V115T,0.11999999731779099,0.8531592488288879
cv,train,1,P00644__F116C,2.799999952316284,3.607898473739624
cv,train,1,P00698__D119S,-0.8700000047683716,-0.18574029207229614
cv,train,1,P00648__V57A,3.4000000953674316,4.11966609954834
cv,train,1,P00282__V42T,2.5999999046325684,3.233412265777588
cv,train,1,P00644__K160F,-0.10000000149011612,0.4692891240119934
cv,train,1,P03034__A67G,-0.10000000149011612,0.5516569018363953
cv,train,1,P00712__L71A,3.200000047683716,3.8048157691955566
cv,train,1,P00818__T79S,1.399999976158142,1.9702658653259277
cv,train,1,P00720__K124G,0.05000000074505806,0.5868393778800964
cv,train,1,P02633__V74L,0.6449999809265137,1.0337505340576172
cv,train,1,P04637__P151S,4.489999771118164,4.935155391693115
cv,train,1,P01009__A55P,-2.5,-1.7478102445602417
cv,train,1,P01053__V83G,3.5,4.049417018890381
cv,train,1,P04637__R174K,0.2199999988079071,0.5827271342277527
cv,train,1,P00648__T73D,0.0,0.6239897608757019
cv,train,1,P00644__Q112G,0.8999999761581421,1.3368326425552368
cv,train,1,P00644__L120I,2.0999999046325684,2.6701817512512207
cv,train,1,P02417__V3I,0.3100000023841858,0.7934890389442444
cv,train,1,P03034__A67T,2.990000009536743,3.4984450340270996
cv,train,1,P00644__K98A,0.20000000298023224,0.7533040642738342
cv,train,1,P01053__N76A,0.9150000214576721,1.5082122087478638
cv,train,1,P04637__L201P,-0.3499999940395355,0.13095390796661377
cv,train,1,P00720__I58A,3.200000047683716,3.8936657905578613
cv,train,1,P00644__P199T,-1.0,-0.4792492985725403
cv,train,1,P00592__H70Q,0.8149999976158142,1.2580446004867554
cv,train,1,P01009__A272L,0.30000001192092896,0.7801129221916199
cv,train,1,P00720__F153L,-0.30000001192092896,0.37486934661865234
cv,train,1,P06241__F103V,1.899999976158142,2.47350811958313
cv,train,1,P00644__Q112A,0.25,0.7395101189613342
cv,train,1,P00720__M102K,6.449999809265137,7.068749904632568
cv,train,1,P00644__V186E,4.099999904632568,4.929955959320068
cv,train,1,P01053__I40V,1.2000000476837158,1.80084228515625
cv,train,1,P02751__L1599A,2.9000000953674316,3.381070137023926
cv,train,1,P00044__L100I,0.0,0.7475680708885193
cv,train,1,P00651__A47M,0.15000000596046448,0.6874609589576721
cv,train,1,P00698__I96M,0.8500000238418579,1.3835605382919312
cv,train,1,P00720__A42G,2.950000047683716,3.574547529220581
cv,train,1,P03050__V33A,1.934999942779541,2.3650059700012207
cv,train,1,P00720__T157D,2.049999952316284,2.615518093109131
cv,train,1,P03051__D30H,-0.8999999761581421,-0.5678537487983704
cv,train,1,P00644__N200G,1.7000000476837158,2.4758520126342773
cv,train,1,P00644__N200A,1.9500000476837158,2.701594352722168
cv,train,1,P04637__N239Y,-1.4900000095367432,-0.9507573246955872
cv,train,1,P00099__E92V,1.100000023841858,1.5664167404174805
cv,train,1,P00644__D103A,-0.699999988079071,-0.0666690543293953
cv,train,1,P02753__W42L,2.5999999046325684,3.037468910217285
cv,train,1,P02185__P89A,-0.6000000238418579,-0.024694986641407013
cv,train,1,P00644__V148G,4.400000095367432,5.021726131439209
cv,train,1,P00648__K74A,-0.4449999928474426,0.10931771248579025
cv,train,1,P00644__V105T,3.200000047683716,3.924548387527466
cv,train,1,P01584__K213V,-1.100000023841858,-0.5044657588005066
cv,train,1,P02945__I65A,1.399999976158142,2.1559057235717773
cv,train,1,P00720__S44D,0.10499999672174454,0.6148731112480164
cv,train,1,P00644__E157K,2.200000047683716,2.673773765563965
cv,train,1,P00712__L31A,2.700000047683716,3.277036190032959
cv,train,1,P00644__T164V,-0.20000000298023224,0.44241994619369507
cv,train,1,P00720__A49S,0.44999998807907104,1.0584274530410767
cv,train,1,P00974__R74A,0.0,0.5036668181419373
cv,train,1,P04925__M128V,0.2150000035762787,0.554868757724762
cv,train,1,P00644__V193S,4.75,5.3353400230407715
cv,train,1,P00720__V111M,0.550000011920929,1.108954906463623
cv,train,1,P00644__L219A,2.200000047683716,2.7985172271728516
cv,train,1,P00044__P77V,1.0,1.6481093168258667
cv,train,1,P04637__I255F,3.2899999618530273,3.899709701538086
cv,train,1,P00644__E217A,0.699999988079071,1.2841612100601196
cv,train,1,P00593__H70N,2.4000000953674316,2.83030366897583
cv,train,1,P00044__C108A,-2.9000000953674316,-2.250718116760254
cv,train,1,P05798__E74K,-0.800000011920929,-0.32727378606796265
cv,train,1,P02693__F69A,-1.2000000476837158,-0.6031885743141174
cv,train,1,P00644__S141G,0.8999999761581421,1.5708321332931519
cv,train,1,P00644__T144E,5.0,5.868945598602295
cv,train,1,P00509__C389S,1.7999999523162842,2.413587808609009
cv,train,1,P05798__D79E,0.3499999940395355,0.836891233921051
cv,train,1,P00560__Y49W,1.684999942779541,2.333284854888916
cv,train,1,P04637__C242S,3.069999933242798,3.478938341140747
cv,train,1,P00711__Q73A,0.4050000011920929,0.9723798632621765
cv,train,1,P00644__A172G,1.899999976158142,2.5094590187072754
cv,train,1,P00720__M6L,3.9000000953674316,4.327282905578613
cv,train,1,P00720__R119H,0.29499998688697815,0.6700654625892639
cv,train,1,P00720__T157E,1.2999999523162842,1.767142415046692
cv,train,1,P02751__Y1569A,4.199999809265137,4.756017684936523
cv,train,1,P04164__M69A,-5.0,-4.51220703125
cv,train,1,P01053__F70L,2.055000066757202,2.535449504852295
cv,train,1,P00651__V42T,3.8499999046325684,4.371103763580322
cv,train,1,P05230__N121G,-0.28999999165534973,0.49624985456466675
cv,train,1,P00644__Y109C,2.700000047683716,3.25500750541687
cv,train,1,P03034__G49A,-0.8700000047683716,-0.2761368155479431
cv,train,1,P04925__V179I,0.3499999940395355,0.9820491671562195
cv,train,1,P00644__V186T,2.5,3.254755973815918
cv,train,1,P05413__T41Q,4.369999885559082,4.910022258758545
cv,train,1,P00974__L64A,0.0,0.5649729371070862
cv,train,1,P03050__S5A,-0.10000000149011612,0.1968892216682434
cv,train,1,P03050__K46G,1.149999976158142,1.65728759765625
cv,train,1,P00644__Y109W,0.6000000238418579,1.2486326694488525
cv,train,1,P00644__T126I,0.6000000238418579,1.0292234420776367
cv,train,1,P00818__Y26A,0.05000000074505806,0.737325131893158
cv,train,1,P00644__A99V,1.899999976158142,2.5502071380615234
cv,train,1,P04637__D148S,-0.2199999988079071,0.3781629800796509
cv,train,1,P00712__V27A,1.0,1.7825168371200562
cv,train,1,P00644__Y136G,1.75,2.381155490875244
cv,train,1,P00720__Q122A,0.2199999988079071,0.8320105671882629
cv,train,1,P01053__V71A,1.9500000476837158,2.571235179901123
cv,train,1,P00974__T67A,0.10000000149011612,0.5938495993614197
cv,train,1,P01053__D65A,0.8500000238418579,1.3470667600631714
cv,train,1,P05121__E350R,0.30000001192092896,0.6181393265724182
cv,train,1,P03050__K24A,0.6000000238418579,1.0601246356964111
cv,train,1,P00648__Q62G,1.600000023841858,2.2125399112701416
cv,train,1,P01053__V54A,0.6349999904632568,1.2312034368515015
cv,train,1,P02417__I4V,0.5899999737739563,1.2336981296539307
cv,train,1,P00644__A99G,0.25,1.0960725545883179
cv,train,1,P00644__K135A,0.20000000298023224,0.652534544467926
cv,train,1,O74035__D7N,-1.399999976158142,-0.7820505499839783
cv,train,1,P06241__S124K,-0.10499999672174454,0.40733426809310913
cv,train,1,P00644__I174E,7.150000095367432,7.802720069885254
cv,train,1,P04637__A129D,0.699999988079071,1.2875256538391113
cv,train,1,P00720__Q69P,3.0,3.6421151161193848
cv,train,1,P00644__Y136A,2.049999952316284,2.6671695709228516
cv,train,1,P00644__Y173A,4.900000095367432,5.554195880889893
cv,train,1,P00648__A79I,0.699999988079071,1.3361775875091553
cv,train,1,P00720__S44C,0.10499999672174454,0.5639693140983582
cv,train,1,P00044__T75E,-1.399999976158142,-0.7135547995567322
cv,train,1,P01009__V345I,-0.550000011920929,0.02874641865491867
cv,train,1,P05825__G274C,-7.929999828338623,-7.314711093902588
cv,train,1,P03050__K47A,1.7999999523162842,2.2209253311157227
cv,train,1,P02185__H82Q,0.0,0.3896159529685974
cv,train,1,P01308__F49H,-1.0,-0.6674909591674805
cv,train,1,P00648__A79K,0.15000000596046448,0.833638608455658
cv,train,1,2IMM_A__M21L,0.30000001192092896,0.7545595169067383
cv,train,1,P00644__S223A,0.25999999046325684,0.633804976940155
cv,train,1,P00720__A93T,-0.07999999821186066,0.6103501915931702
cv,train,1,P00974__Y58A,5.949999809265137,6.405492782592773
cv,train,1,P00593__H70A,1.899999976158142,2.2766788005828857
cv,train,1,P00644__V196A,0.0,0.8130007386207581
cv,train,1,P00648__I72V,1.0499999523162842,1.7664732933044434
cv,train,1,P00720__I3S,1.7999999523162842,2.2694032192230225
cv,train,1,P04637__A129E,0.3799999952316284,0.934238851070404
cv,train,1,P00644__K110G,0.75,1.2471970319747925
cv,train,1,P00171__V50G,1.899999976158142,2.381141185760498
cv,train,1,P00045__P81T,0.800000011920929,1.4004194736480713
cv,train,1,P00929__G211R,0.75,1.275121808052063
cv,train,1,P04166__P81A,1.100000023841858,1.613297939300537
cv,train,1,P00644__E155G,2.700000047683716,3.29209041595459
cv,train,1,P00929__E49K,-0.8500000238418579,-0.38694995641708374
cv,train,1,P03034__G47A,-0.6600000262260437,-0.0856286957859993
cv,train,1,P00644__K192A,1.2999999523162842,1.8315424919128418
cv,train,1,P04637__T123A,0.12999999523162842,0.7408851981163025
cv,train,1,P00644__E157G,3.4000000953674316,3.8608479499816895
cv,train,1,P06241__F87A,1.2999999523162842,1.955636739730835
cv,train,1,P02693__G66A,1.100000023841858,1.660867691040039
cv,train,1,P05798__D79N,-1.2000000476837158,-0.7625569701194763
cv,train,1,P05798__D17K,1.100000023841858,1.6453986167907715
cv,train,1,P03069__E270Q,1.8300000429153442,2.3026089668273926
cv,train,1,P00044__L100T,3.299999952316284,3.987502098083496
cv,train,1,P02753__W109H,0.10000000149011612,0.4336128234863281
cv,train,1,P00720__A98V,4.650000095367432,5.020268440246582
cv,train,1,P05798__D79K,-2.299999952316284,-1.9026809930801392
cv,train,1,P05798__Y30F,-0.4000000059604645,0.19183093309402466
cv,train,1,P00644__E204A,0.30000001192092896,0.8289433121681213
cv,train,1,P01009__T83A,-0.949999988079071,-0.2386447787284851
cv,train,1,P00648__D140N,4.054999828338623,4.706498622894287
cv,train,1,P00698__S109D,2.309999942779541,2.9295225143432617
cv,train,1,P00648__T73S,0.5299999713897705,1.2662575244903564
cv,train,1,P02633__V65G,3.9749999046325684,4.473877906799316
cv,train,1,P00644__G102E,3.700000047683716,4.270728588104248
cv,train,1,P00644__K216A,-0.10000000149011612,0.38853317499160767
cv,train,1,P00644__T104V,0.8500000238418579,1.492010235786438
cv,train,1,P00257__D134E,-0.44999998807907104,0.17210954427719116
cv,train,1,P00720__L99F,0.30000001192092896,1.1118537187576294
cv,train,1,P00644__N220G,-0.20000000298023224,0.3932865262031555
cv,train,1,P00720__T26S,-0.5849999785423279,0.02180188149213791
cv,train,1,P00698__T58I,2.200000047683716,2.683664321899414
cv,train,1,P02625__K81S,0.28999999165534973,0.6105716824531555
cv,train,1,P00644__L207A,4.800000190734863,5.364038944244385
cv,train,1,P00720__T59N,1.0,1.402187705039978
cv,train,1,P00929__P132A,1.0,1.7327277660369873
cv,train,1,P01308__H34E,-1.440000057220459,-1.1759824752807617
cv,train,1,P00282__I101A,2.0999999046325684,2.778552532196045
cv,train,1,P01051__V62A,1.0049999952316284,1.672987937927246
cv,train,1,P02417__M1A,1.4600000381469727,1.7947485446929932
cv,train,1,P00648__T73V,2.2049999237060547,2.787605047225952
cv,train,1,P00644__I221M,0.4000000059604645,0.9652419686317444
cv,train,1,P00648__G81A,2.799999952316284,3.3667540550231934
cv,train,1,P04166__R31H,-1.399999976158142,-0.9785932302474976
cv,train,1,P00720__D47A,0.824999988079071,1.3799446821212769
cv,train,1,P02185__L70I,0.0,0.5748353600502014
cv,train,1,P00711__L129E,0.19499999284744263,0.7031119465827942
cv,train,1,P00918__V68C,1.2000000476837158,1.863793969154358
cv,train,1,P02633__L32A,2.450000047683716,2.9375572204589844
cv,train,1,P00644__P199G,-1.100000023841858,-0.4808662533760071
cv,train,1,1YYX_A__F61A,5.5,6.12691068649292
cv,train,1,P00720__G77A,0.4000000059604645,1.0499210357666016
cv,train,1,P02417__D8N,0.30000001192092896,0.7427939772605896
cv,train,1,P00644__G170V,0.3499999940395355,1.0175755023956299
cv,train,1,P05798__D79F,0.699999988079071,1.3097333908081055
cv,train,1,P06241__E107R,3.390000104904175,3.784390926361084
cv,train,1,P00644__Y175G,6.949999809265137,7.585560321807861
cv,train,1,P06241__E107Y,2.4000000953674316,2.772204875946045
cv,train,1,P00720__A146T,2.2899999618530273,2.8455710411071777
cv,train,1,P00644__L89V,1.2000000476837158,1.6472587585449219
cv,train,1,P01053__V54G,2.4000000953674316,2.879655599594116
cv,train,1,P04637__N268D,-1.065000057220459,-0.2532185912132263
cv,train,1,3PG0_A__A92G,0.0,0.6662281155586243
cv,train,1,P05798__H85Q,0.0,0.38417690992355347
cv,train,1,P00644__K166G,0.3499999940395355,0.793397843837738
cv,train,1,P00560__Y123W,2.0999999046325684,2.6988539695739746
cv,train,1,P03051__D30S,-1.0,-0.5836515426635742
cv,train,1,P00648__L136G,7.0,7.746517181396484
cv,train,1,P00171__V66K,2.365000009536743,2.6950926780700684
cv,train,1,P00720__M102V,3.0,3.578795909881592
cv,train,1,P00720__T157I,1.899999976158142,2.3149642944335938
cv,train,1,P00257__D73E,-0.5,-0.2725728154182434
cv,train,1,P00644__V186A,2.799999952316284,3.617250919342041
cv,train,1,P00644__V121G,4.599999904632568,5.202285289764404
cv,train,1,P00644__V148W,3.009999990463257,3.7546236515045166
cv,train,1,P06241__I111L,0.8500000238418579,1.3970329761505127
cv,train,1,P02945__P63A,-0.10000000149011612,0.48251551389694214
cv,train,1,P00720__M120L,-0.44999998807907104,0.07700251787900925
cv,train,1,P00648__Y64G,4.164999961853027,4.8278021812438965
cv,train,1,P00720__R96T,2.950000047683716,3.6189160346984863
cv,train,1,P00644__V133I,-0.10000000149011612,0.3958919644355774
cv,train,1,P02945__F55A,1.600000023841858,2.3818721771240234
cv,train,1,P00720__A42F,5.199999809265137,5.804907321929932
cv,train,1,P01053__I57A,0.36500000953674316,0.7951143980026245
cv,train,1,P00644__N220A,1.0,1.5419760942459106
cv,train,1,P00698__G120A,-0.6100000143051147,0.01684897392988205
cv,train,1,P02751__A1550G,0.9300000071525574,1.4420537948608398
cv,train,1,P00644__G161D,2.2799999713897705,2.829272747039795
cv,train,1,P01857__T277A,0.6000000238418579,1.0795769691467285
cv,train,1,P03050__N34A,0.0,0.5971894264221191
cv,train,1,P00711__H51A,2.115000009536743,2.724865436553955
cv,train,1,P01009__A31P,-2.0999999046325684,-1.7356129884719849
cv,train,1,P02751__I1627A,0.5249999761581421,1.1151831150054932
cv,train,1,P00644__G111F,1.2000000476837158,1.7222789525985718
cv,train,1,P04637__M237I,3.180000066757202,3.5395798683166504
cv,train,1,P00509__C180A,1.100000023841858,1.746433138847351
cv,train,1,P04637__E346A,0.3499999940395355,0.808259904384613
cv,train,1,P00712__L115A,1.7999999523162842,2.5314135551452637
cv,train,1,P02185__M132A,1.2999999523162842,1.9282735586166382
cv,train,1,P00720__T59A,1.649999976158142,2.2056925296783447
cv,train,1,P00593__F128Y,-0.3499999940395355,0.3595755696296692
cv,train,1,P04637__M133L,-0.30000001192092896,0.14999407529830933
cv,train,1,P00720__Q123A,0.20999999344348907,0.8273780941963196
cv,train,1,P00720__S38A,0.7699999809265137,1.206495761871338
cv,train,1,P04166__P97A,0.699999988079071,1.18522310256958
cv,train,1,P00644__Q162G,1.2000000476837158,1.6946312189102173
cv,train,1,P02751__P1624A,0.20999999344348907,0.7451356053352356
cv,train,1,P00044__N58M,-2.9000000953674316,-2.5236847400665283
cv,train,1,P01053__L41A,1.2999999523162842,1.8626749515533447
cv,train,1,P00644__K198A,-0.699999988079071,-0.1825506091117859
cv,train,1,P00974__F57A,1.2000000476837158,1.8009103536605835
cv,train,1,P00644__E183F,2.700000047683716,3.227175712585449
cv,train,1,P00720__K60P,0.0,0.6019734740257263
cv,train,1,P00711__H126Y,0.19499999284744263,0.7604396939277649
cv,train,1,P00644__E134A,0.10000000149011612,0.5352269411087036
cv,train,1,P05413__F5S,3.700000047683716,4.260450839996338
cv,train,1,P05798__Y49F,0.20000000298023224,0.7305473685264587
cv,train,1,P01625__Q115N,1.4500000476837158,1.9065258502960205
cv,train,1,P00818__L66V,5.349999904632568,5.894554615020752
cv,train,1,P00644__N226G,0.5,0.8894360661506653
cv,train,1,P04637__I332V,4.849999904632568,5.426180839538574
cv,train,1,P00644__L185A,4.599999904632568,5.183182239532471
cv,train,1,P00644__G170A,0.15000000596046448,0.860086977481842
cv,train,1,P00644__K145G,1.5,2.0233678817749023
cv,train,1,P00644__H206Q,-0.6000000238418579,-0.16542774438858032
cv,train,1,P00560__W334Y,-1.100000023841858,-0.3442593216896057
cv,train,1,P00651__D102N,3.0999999046325684,3.500164270401001
cv,train,1,P00720__G113E,-0.30000001192092896,0.32930976152420044
cv,train,1,P00644__K215F,1.2999999523162842,1.8725357055664062
cv,train,1,P02185__L50I,0.800000011920929,1.326184868812561
cv,train,1,P03050__Q9G,-0.4399999976158142,-0.18484491109848022
cv,train,1,P00720__N132M,-1.5,-1.0054807662963867
cv,train,1,P00818__M62A,4.0,4.509085655212402
cv,train,1,P01857__P278A,3.200000047683716,3.711979627609253
cv,train,1,P05798__T18V,1.399999976158142,2.0736660957336426
cv,train,1,P00698__A49L,-1.7999999523162842,-1.0707427263259888
cv,train,1,P00644__F158G,4.699999809265137,5.416553974151611
cv,train,1,P00929__E49G,1.7000000476837158,2.2323269844055176
cv,train,1,P00644__L118A,3.549999952316284,4.329004287719727
cv,train,1,P00720__S44E,0.0,0.4148813486099243
cv,train,1,P00648__A79D,0.5,1.2073451280593872
cv,train,1,P04637__K351A,-1.5499999523162842,-1.1428358554840088
cv,train,1,P00974__G91A,0.20000000298023224,0.6677135825157166
cv,train,1,P00644__D225K,0.30000001192092896,0.658389151096344
cv,train,1,P00593__F44A,-0.3499999940395355,0.3039668798446655
cv,train,1,P00720__R96S,2.700000047683716,3.3848862648010254
cv,train,1,P01308__H34T,0.2199999988079071,0.5465530157089233
cv,train,1,P02693__L73C,0.05000000074505806,0.40041762590408325
cv,train,1,P00644__A194V,1.2999999523162842,1.9474495649337769
cv,train,1,P00929__P28G,1.600000023841858,2.212859869003296
cv,train,1,P00720__S38D,0.0,0.5017499327659607
cv,train,1,P01006__V44A,6.78000020980835,7.355015277862549
cv,train,1,P01006__M134G,6.900000095367432,7.375810623168945
cv,train,1,P01236__H74A,0.6000000238418579,0.9912850260734558
cv,train,1,P00711__H126A,0.7950000166893005,1.2625200748443604
cv,train,1,P00644__T104A,1.600000023841858,2.279263973236084
cv,train,1,P00651__S90A,1.5,1.8365529775619507
cv,train,1,P02417__M1G,2.359999895095825,2.6741156578063965
cv,train,1,P00644__K152A,0.15000000596046448,0.6385795474052429
cv,train,1,P00648__Y60F,0.5,1.0274661779403687
cv,train,1,P00648__N131A,1.9500000476837158,2.4759113788604736
cv,train,1,P05825__E270C,-6.829999923706055,-6.339842796325684
cv,train,1,P00651__A47S,0.4449999928474426,1.0187631845474243
cv,train,1,P01009__A274V,0.3499999940395355,0.9712333083152771
cv,train,1,P06241__E107F,1.6150000095367432,1.9874390363693237
cv,train,1,P00720__C54Y,4.659999847412109,5.04062557220459
cv,train,1,P00648__E76G,1.7999999523162842,2.3049559593200684
cv,train,1,P05230__H117Y,-0.3499999940395355,0.24214929342269897
cv,train,1,P00720__V131A,-0.27000001072883606,0.36464136838912964
cv,train,1,P00720__L121I,1.2999999523162842,1.9417110681533813
cv,train,1,P00720__D89A,0.6000000238418579,1.302695631980896
cv,train,1,P00644__L96V,1.5,2.088148355484009
cv,train,1,P01857__K292A,2.4000000953674316,2.8095858097076416
cv,train,1,P00782__N183D,-0.44999998807907104,0.2433907389640808
cv,train,1,P00644__A172V,0.10000000149011612,0.8230777382850647
cv,train,1,P00929__E49A,0.30000001192092896,0.8759389519691467
cv,train,1,P02751__I1625A,0.5249999761581421,1.1244134902954102
cv,train,1,P00593__F44I,-2.049999952316284,-1.448775291442871
cv,train,1,P01053__I49G,3.3499999046325684,3.922332286834717
cv,train,1,P00644__N226A,0.10000000149011612,0.5439417958259583
cv,train,1,P00094__P56A,2.0,2.636841297149658
cv,train,1,2IMM_A__T69S,-0.30000001192092896,0.36182528734207153
cv,train,1,P00818__V48A,1.899999976158142,2.641803026199341
cv,train,1,P00720__R14A,3.0,3.39689040184021
cv,train,1,P00698__D119Q,0.07999999821186066,0.6011396050453186
cv,train,1,P00644__V105I,0.10000000149011612,0.8105320334434509
cv,train,1,P00644__W222F,0.6000000238418579,1.0671533346176147
cv,train,1,P00509__N282D,-0.6000000238418579,0.014906458556652069
cv,train,1,P00651__G49A,1.2000000476837158,1.847293496131897
cv,train,1,P03034__A50G,-1.2000000476837158,-0.5485482811927795
cv,train,1,P00644__L190A,5.349999904632568,5.894379615783691
cv,train,1,P00918__W123C,0.0,0.6226274371147156
cv,train,1,P04637__N345A,2.3499999046325684,3.0062592029571533
cv,train,1,P01053__K73N,0.6000000238418579,1.0173499584197998
cv,train,1,P03034__A38G,-0.6000000238418579,0.04490547627210617
cv,train,1,P00720__L99A,4.300000190734863,5.105687618255615
cv,train,1,P00509__F2A,7.349999904632568,7.795133113861084
cv,train,1,P04925__R207H,1.2699999809265137,1.6497126817703247
cv,train,1,P03051__D30K,-0.8999999761581421,-0.454270601272583
cv,train,1,P00651__D102S,3.200000047683716,3.930196762084961
cv,train,1,P00720__G30A,-0.10000000149011612,0.5821129679679871
cv,train,1,P00644__T126V,-0.10000000149011612,0.3860071301460266
cv,train,1,P02753__W42Y,2.200000047683716,2.6654863357543945
cv,train,1,P04637__L350A,1.2999999523162842,1.6627520322799683
cv,train,1,P03958__W117F,-4.699999809265137,-4.157771587371826
cv,train,1,P00644__Y109M,1.899999976158142,2.6347599029541016
cv,train,1,P00720__L99G,6.5,7.31353235244751
cv,train,1,P00918__W16F,-3.0,-2.391777515411377
cv,train,1,P00644__W222Y,1.100000023841858,1.5455145835876465
cv,train,1,P00651__W85Y,0.9300000071525574,1.533978819847107
cv,train,1,P01009__S354R,-1.6100000143051147,-1.2317314147949219
cv,train,1,P01053__A78G,1.8799999952316284,2.5064380168914795
cv,train,1,P04164__M69H,0.699999988079071,1.0832691192626953
cv,train,1,P01625__K65T,2.450000047683716,2.958726167678833
cv,train,1,P00711__W123Y,2.4200000762939453,2.878542423248291
cv,train,1,P00698__I73V,0.45500001311302185,1.1270551681518555
cv,train,1,P00644__L89I,0.8999999761581421,1.3895628452301025
cv,train,1,P00929__P28A,2.0,2.58296799659729
cv,train,1,P00648__Y64F,0.44999998807907104,1.082565188407898
cv,train,1,P00711__H126W,1.7100000381469727,2.23294734954834
cv,train,1,P00720__I58Y,2.8550000190734863,3.3350541591644287
cv,train,1,O74035__I102A,3.7200000286102295,4.472601890563965
cv,train,1,P00644__Y109H,1.600000023841858,2.140965461730957
cv,train,1,P00648__N105D,-0.44999998807907104,0.34791773557662964
cv,train,1,P00644__L119E,2.9000000953674316,3.5830938816070557
cv,train,1,P04637__E349A,2.5,2.941340923309326
cv,train,1,3PG0_A__D49N,-0.20000000298023224,0.30654507875442505
cv,train,1,P05230__H36Y,-0.7250000238418579,-0.15205150842666626
cv,train,1,P00025__K74M,1.0,1.3330368995666504
cv,train,1,P02751__W1559F,1.940000057220459,2.4129385948181152
cv,train,1,P00644__H128G,0.30000001192092896,0.6885570883750916
cv,train,1,P00720__S44L,-0.39500001072883606,0.021122626960277557
cv,train,1,P05825__Q278C,-2.2799999713897705,-1.6962321996688843
cv,train,1,P00644__T202G,1.899999976158142,2.601370334625244
cv,train,1,P00711__K133Q,0.6000000238418579,0.909880518913269
cv,train,1,P05825__E272C,-9.789999961853027,-9.246213912963867
cv,train,1,P00644__G178A,1.75,2.375916004180908
cv,train,1,P00644__P199A,-0.75,-0.10793835669755936
cv,train,1,P00644__E204Q,1.5,1.9099140167236328
cv,train,1,P05798__E41K,1.100000023841858,1.5241386890411377
cv,train,1,P00720__I3F,1.090000033378601,1.6726629734039307
cv,train,1,P00644__Y167G,1.0,1.5535123348236084
cv,train,1,P01006__M104I,0.9399999976158142,1.18585205078125
cv,train,1,P00712__D106N,1.100000023841858,1.6352921724319458
cv,train,1,P00644__Y109P,5.650000095367432,6.160145282745361
cv,train,1,P02633__Y17F,1.1449999809265137,1.579148292541504
cv,train,1,P00644__K218F,1.0,1.377117395401001
cv,train,1,P00099__Q59R,-0.5,-0.13753211498260498
cv,train,1,P05798__Y52F,3.5999999046325684,4.194905757904053
cv,train,1,P03050__G52A,-0.20000000298023224,0.2686372399330139
cv,train,1,P00648__I156V,0.7799999713897705,1.5173488855361938
cv,train,1,P01625__T120H,-0.699999988079071,-0.5204369425773621
cv,train,1,P00974__K81A,-0.10000000149011612,0.39263540506362915
cv,train,1,P00720__L118I,1.2000000476837158,1.8912993669509888
cv,train,1,P00720__T157G,1.100000023841858,1.8047089576721191
cv,train,1,P01241__S97T,0.20000000298023224,0.7178557515144348
cv,train,1,P00651__A47F,0.5699999928474426,1.241294026374817
cv,train,1,P00560__W309F,3.630000114440918,4.0244951248168945
cv,train,1,P01053__E35Q,0.4699999988079071,0.7955701947212219
cv,train,1,P00720__T157N,1.0,1.461666226387024
cv,train,1,P02185__L10A,0.4000000059604645,1.0377343893051147
cv,train,1,P00651__A47E,-0.17499999701976776,0.3295958638191223
cv,train,1,P00644__T164S,0.699999988079071,1.3455177545547485
cv,train,1,P00644__D177A,3.3499999046325684,3.943014144897461
cv,train,1,P02185__L30A,0.6000000238418579,1.4158616065979004
cv,train,1,P05798__Y81F,1.2000000476837158,1.7895134687423706
cv,train,1,P01051__V54A,1.590000033378601,2.357278347015381
cv,train,1,P00173__D65R,-0.10000000149011612,0.2605668902397156
cv,train,1,P00644__A184F,1.7000000476837158,2.4029603004455566
cv,train,1,P00644__T202C,1.649999976158142,2.3216896057128906
cv,train,1,P00004__P31V,5.0,5.46768856048584
cv,train,1,P02417__K10M,-0.05000000074505806,0.21920084953308105
cv,train,1,P02633__F70W,1.6200000047683716,2.162776470184326
cv,train,1,P00720__L39P,2.799999952316284,3.424671173095703
cv,train,1,P00648__G100V,7.800000190734863,8.257206916809082
cv,train,1,P01009__A207V,-3.5,-2.6585612297058105
cv,train,1,P00974__Y70N,3.700000047683716,4.130931854248047
cv,train,1,P00974__Q66A,1.0,1.5084106922149658
cv,train,1,P00644__L107A,2.6500000953674316,3.3419604301452637
cv,train,1,P00644__G168V,3.700000047683716,4.194179534912109
cv,train,1,P00644__A214G,3.5999999046325684,4.242933750152588
cv,train,1,P00651__Y82F,0.7450000047683716,1.2859009504318237
cv,train,1,P00644__R169A,0.800000011920929,1.454429268836975
cv,train,1,P00698__F52Y,-0.1899999976158142,0.47454386949539185
cv,train,1,P00648__S75E,-0.5,-0.1307833194732666
cv,train,1,P00171__V66Y,1.315000057220459,1.7346138954162598
cv,train,1,P00644__A142C,1.149999976158142,1.6678136587142944
cv,train,1,P00044__Y103F,-0.10000000149011612,0.4776056408882141
cv,train,1,P00644__E139K,0.05000000074505806,0.4069715738296509
cv,train,1,P00818__V18A,1.7999999523162842,2.281700372695923
cv,train,1,P05798__D79A,0.8999999761581421,1.4819552898406982
cv,train,1,P00644__L219I,0.800000011920929,1.3830426931381226
cv,train,1,P00644__I97G,3.299999952316284,4.1230974197387695
cv,train,1,P00171__V50T,1.0,1.3526921272277832
cv,train,1,P00648__G99V,8.399999618530273,8.840188980102539
cv,train,1,P00644__A142V,2.75,3.3953890800476074
cv,train,1,P02185__V14A,0.10000000149011612,0.8380326628684998
cv,train,1,P00648__A79M,0.20000000298023224,0.9013902544975281
cv,train,1,P00644__V186G,6.0,6.592490196228027
cv,train,1,P00720__A129F,1.899999976158142,2.617034435272217
cv,train,1,P00648__L136T,2.5,3.3756580352783203
cv,train,1,P00720__R96M,2.5999999046325684,3.040684461593628
cv,train,1,P00644__I154G,6.0,6.667221546173096
cv,train,1,P00644__A151G,2.0,2.656561851501465
cv,train,1,P00720__R96Q,0.5,1.026540756225586
cv,train,1,P03040__Q16L,-2.0999999046325684,-1.6178995370864868
cv,train,1,P00644__E157V,2.299999952316284,2.727738380432129
cv,train,1,P00648__E76A,1.25,1.7100813388824463
cv,train,1,1YYX_A__M33A,3.5,3.988922357559204
cv,train,1,P00720__T152V,-0.20000000298023224,0.4128769040107727
cv,train,1,P00720__I78A,1.2000000476837158,2.04944109916687
cv,train,1,P00644__L185V,2.0,2.634631633758545
cv,train,1,P05798__Y86F,0.30000001192092896,0.6410030722618103
cv,train,1,P00644__Y109T,3.200000047683716,3.7994542121887207
cv,train,1,P00282__F117A,2.630000114440918,3.1897263526916504
cv,train,1,P00644__S210F,1.0,1.6174356937408447
cv,train,1,P00644__K91F,1.0,1.4020190238952637
cv,train,1,P00720__T157A,1.0,1.6778093576431274
cv,train,1,P00644__S141F,-0.30000001192092896,0.3199536204338074
cv,train,1,P00720__N132F,-1.2999999523162842,-0.6312922835350037
cv,train,1,P03050__M1A,0.10000000149011612,0.3444121181964874
cv,train,1,P00282__L70A,1.7899999618530273,2.579136371612549
cv,train,1,P00648__N52A,1.850000023841858,2.310643196105957
cv,train,1,P00720__T157H,2.0999999046325684,2.4601120948791504
cv,train,1,P02185__I29A,-0.07999999821186066,0.8266300559043884
cv,train,1,P00648__A79Y,0.699999988079071,1.2238187789916992
cv,train,1,P00648__A79L,0.10000000149011612,0.6821669936180115
cv,train,1,P02185__D45A,0.17499999701976776,0.7828240990638733
cv,train,1,P00698__G120V,0.03999999910593033,0.6095927357673645
cv,train,1,P00644__L171F,1.2000000476837158,1.8851134777069092
cv,train,1,P00644__A194C,0.800000011920929,1.358787178993225
cv,train,1,P00974__Y45A,1.2000000476837158,1.7961221933364868
cv,train,1,P00644__T95G,1.100000023841858,1.790624976158142
cv,train,1,P00171__V66E,1.0750000476837158,1.613011360168457
cv,train,1,P00648__K66R,-0.6000000238418579,-0.16394144296646118
cv,train,1,P00698__M30F,-0.2800000011920929,0.29879844188690186
cv,train,1,3PG0_A__Q102I,2.700000047683716,3.213912010192871
cv,train,1,P00720__I3P,2.880000114440918,3.52205228805542
cv,train,1,P01006__M134V,1.840000033378601,2.260986089706421
cv,train,1,P04637__F134L,4.78000020980835,5.193456649780273
cv,train,1,P00644__L89A,1.600000023841858,2.1252002716064453
cv,train,1,P02417__L30A,2.759999990463257,3.286529302597046
cv,train,1,P00644__T164A,0.8999999761581421,1.6123815774917603
cv,train,1,P00648__D55S,0.75,1.4440202713012695
cv,train,1,P01308__F49D,-0.6000000238418579,-0.3400580883026123
cv,train,1,P00698__S109Y,3.069999933242798,3.5979137420654297
cv,train,1,P02417__E38Q,0.5600000023841858,0.8086800575256348
cv,train,1,P00720__R96P,5.75,6.360551834106445
cv,train,1,P00644__G161A,2.25,2.783036947250366
cv,train,1,P00648__H65K,1.100000023841858,1.507886290550232
cv,train,1,P00974__G63A,1.0,1.5122250318527222
cv,train,1,P00712__T57A,1.2999999523162842,1.9149900674819946
cv,train,1,P00811__Y166F,0.8999999761581421,1.5348089933395386
cv,train,1,P00974__E84A,0.20000000298023224,0.7442913055419922
cv,train,1,P02185__L70M,0.0,0.5301743149757385
cv,train,1,P00644__R187F,3.0999999046325684,3.695685386657715
cv,train,1,3PG0_A__K77V,-0.800000011920929,-0.21607106924057007
cv,train,1,P00720__I100M,1.600000023841858,2.1899983882904053
cv,train,1,P01241__E100A,0.8999999761581421,1.5023081302642822
cv,train,1,P00044__N58V,-1.8600000143051147,-1.2585251331329346
cv,train,1,P00644__V156I,1.7999999523162842,2.413938522338867
cv,train,1,P00698__G89A,1.2400000095367432,1.7909047603607178
cv,train,1,P01009__S405A,-0.949999988079071,-0.3256864547729492
cv,train,1,P00593__H70Q,0.5,0.935650646686554
cv,train,1,P00720__S90H,1.100000023841858,1.4864413738250732
cv,train,1,P00644__D177G,2.75,3.3539657592773438
cv,train,1,2IMM_A__Q85E,0.4000000059604645,0.8043673634529114
cv,train,1,P00929__F22L,1.0099999904632568,1.5750046968460083
cv,train,1,P00651__S38A,1.1549999713897705,1.5651830434799194
cv,train,1,P00720__I3D,2.700000047683716,3.192627191543579
cv,train,1,P01053__I49T,1.2000000476837158,1.7916992902755737
cv,train,1,P01625__Q115H,0.8500000238418579,1.2621711492538452
cv,train,1,P00644__L190I,3.299999952316284,3.8943874835968018
cv,train,1,P00929__G211D,0.550000011920929,1.2093701362609863
cv,train,1,P02185__I29V,0.0,0.7850143313407898
cv,train,1,P00644__E157A,1.899999976158142,2.3458974361419678
cv,train,1,P00644__D101G,0.4000000059604645,1.00597083568573
cv,train,1,P00720__S44P,3.015000104904175,3.4981024265289307
cv,train,1,P00099__F56Y,-1.3300000429153442,-0.6948867440223694
cv,train,1,P00974__C65V,6.0,6.538991451263428
cv,train,1,P00698__N95H,0.3799999952316284,0.7969546914100647
cv,train,1,P00644__V148K,4.800000190734863,5.52385139465332
cv,train,1,P00720__W126R,5.320000171661377,5.757653713226318
cv,train,1,P00648__W141Y,1.149999976158142,1.5491697788238525
cv,train,1,P00711__K133E,0.699999988079071,1.0769281387329102
cv,train,1,P00720__V131M,-0.11999999731779099,0.48603755235671997
cv,train,1,P00720__R96N,3.1500000953674316,3.8374228477478027
cv,train,1,P00720__L133F,0.30000001192092896,0.9978106617927551
cv,train,1,P00644__K146E,1.600000023841858,2.0984768867492676
cv,train,1,P03050__P15A,1.899999976158142,2.440606117248535
cv,train,1,P00720__L133D,5.5,6.003298759460449
cv,train,1,P00648__A79H,0.699999988079071,1.2655055522918701
cv,train,1,P00644__Y195A,-0.05000000074505806,0.5279169678688049
cv,train,1,P00651__A47T,0.5699999928474426,1.2351611852645874
cv,train,1,P01241__S97V,1.25,1.74501633644104
cv,train,1,P00974__R52A,0.30000001192092896,0.8894919157028198
cv,train,1,P02185__I143M,-0.8999999761581421,-0.2914268374443054
cv,train,1,P01053__E35N,1.0700000524520874,1.540239691734314
cv,train,1,P00818__Y12I,2.200000047683716,2.7180209159851074
cv,train,1,P00099__E92Q,-0.20000000298023224,0.25911998748779297
cv,train,1,P00644__T104S,0.6000000238418579,1.175453782081604
cv,train,1,P03034__Q34Y,-1.3200000524520874,-0.7856078743934631
cv,train,1,P00644__K160C,0.3499999940395355,0.8806312680244446
cv,train,1,P00644__E217Q,0.699999988079071,1.0839455127716064
cv,train,1,P00720__S44W,-0.07500000298023224,0.39383596181869507
cv,train,1,P02751__Y1629F,-0.10499999672174454,0.3850308060646057
cv,train,1,P03050__I37V,1.3700000047683716,1.9484493732452393
cv,train,1,P03051__D30I,0.800000011920929,1.194389820098877
cv,train,1,P01006__M134L,0.02500000037252903,0.41837191581726074
cv,train,1,P00593__F44Y,-1.149999976158142,-0.5623742938041687
cv,train,1,P00644__E92Q,1.100000023841858,1.4172453880310059
cv,train,1,P00720__A41S,0.699999988079071,1.2470409870147705
cv,train,1,P00644__Y195F,0.0,0.48605090379714966
cv,train,1,P00698__D119F,-0.7200000286102295,-0.16880303621292114
cv,train,1,P00644__Y109I,2.299999952316284,2.8883204460144043
cv,train,1,P01006__M134A,2.200000047683716,2.847306728363037
cv,train,1,P03051__D30E,-1.0,-0.5480556488037109
cv,train,1,P00644__L118I,3.0999999046325684,3.5987582206726074
cv,train,1,P00509__C180G,0.0,0.6377425789833069
cv,train,1,P00644__V196G,0.10000000149011612,0.8270028233528137
cv,train,1,P00282__M141A,2.869999885559082,3.377129077911377
cv,train,1,P00720__F153A,3.5,4.2121100425720215
cv,train,1,P05230__C98S,1.7999999523162842,2.407166004180908
cv,train,1,P00648__V83A,1.2999999523162842,1.9619275331497192
cv,train,1,P00720__A73S,0.3499999940395355,0.9710062146186829
cv,train,1,P00720__T152I,0.4000000059604645,0.9156787991523743
cv,train,1,P00720__A130S,0.8999999761581421,1.5121660232543945
cv,train,1,P02751__P1542A,-0.10999999940395355,0.5542767643928528
cv,train,1,1YYX_A__L94A,1.7000000476837158,2.4184579849243164
cv,train,1,P00720__A146I,4.005000114440918,4.534695148468018
cv,train,1,P00720__S44G,0.5149999856948853,1.0693098306655884
cv,train,1,P04637__V203A,-0.49000000953674316,0.1250055432319641
cv,train,1,P02631__P27A,0.699999988079071,1.155794620513916
cv,train,1,P00560__W334F,1.0149999856948853,1.7740681171417236
cv,train,1,P00648__D101A,2.984999895095825,3.4633922576904297
cv,train,1,P03706__H48N,5.0,5.634169578552246
cv,train,1,P00644__V181A,3.200000047683716,3.979917287826538
cv,train,1,P05413__K22I,0.0,0.5276669859886169
cv,train,1,P00644__H128A,0.5,0.8735467791557312
cv,train,1,P00644__V156G,6.099999904632568,6.688668727874756
cv,train,1,P00720__S44V,-0.10000000149011612,0.3661070466041565
cv,train,1,P05825__S276C,-5.940000057220459,-5.385472297668457
cv,train,1,P00644__L107G,4.5,5.264729976654053
cv,train,1,P01009__A207F,-1.399999976158142,-0.6843017935752869
cv,train,1,P00644__L118E,5.849999904632568,6.520151615142822
cv,train,1,P00648__H65A,1.9249999523162842,2.4892404079437256
cv,train,1,P00720__L46A,2.4100000858306885,3.0568032264709473
cv,train,1,P00651__Y68F,-1.1449999809265137,-0.4155866503715515
cv,train,1,P02693__L65G,2.5999999046325684,3.2463767528533936
cv,train,1,P00044__A13Y,-0.30000001192092896,0.3270677924156189
cv,train,1,P00698__I116M,0.8500000238418579,1.4083161354064941
cv,train,1,P00644__E92K,2.0,2.372908592224121
cv,train,1,P02751__Y1610A,1.899999976158142,2.330735921859741
cv,train,1,P01009__A308V,-0.75,-0.09314031153917313
cv,train,1,P00282__L70T,2.244999885559082,2.884925127029419
cv,train,1,P05413__E73S,3.700000047683716,4.146954536437988
cv,train,1,P00720__N40A,-0.25999999046325684,0.30610209703445435
cv,train,1,P01009__V79L,0.30000001192092896,0.8988914489746094
cv,train,1,P00644__A172E,7.75,8.493132591247559
cv,train,1,P00712__T52I,-0.18000000715255737,0.3566775918006897
cv,train,1,P00651__A47V,0.6600000262260437,1.4416404962539673
cv,train,1,P03051__D30Q,-1.7999999523162842,-1.3414850234985352
cv,train,1,P00720__G113A,-0.44999998807907104,0.2221105694770813
cv,train,1,2IMM_A__P49S,0.20000000298023224,0.5835117101669312
cv,train,1,P00644__M114L,0.800000011920929,1.303681492805481
cv,train,1,P00720__R96Y,4.599999904632568,5.220485210418701
cv,train,1,P02185__I112A,1.7999999523162842,2.4495887756347656
cv,train,1,P00720__N116D,-0.3400000035762787,0.23838812112808228
cv,train,1,P00929__E49D,-0.800000011920929,-0.10593146830797195
cv,train,1,P00644__S223G,0.8999999761581421,1.3599931001663208
cv,train,1,P03051__D30F,0.10000000149011612,0.5020412802696228
cv,train,1,P00720__S117V,-2.0,-1.353988528251648
cv,train,1,P00712__I74V,2.700000047683716,3.391200542449951
cv,train,1,P03034__I85S,2.25,2.817213535308838
cv,train,1,P01006__M104D,-1.25,-0.9409753084182739
cv,train,1,O74035__I20A,4.110000133514404,4.775379657745361
cv,train,1,P06241__A89S,1.2999999523162842,1.8755325078964233
cv,train,1,P02751__Y1569F,0.4099999964237213,0.9738741517066956
cv,train,1,P02185__Q9G,0.5,1.0440521240234375
cv,train,1,P00720__I3W,2.799999952316284,3.369612216949463
cv,train,1,P03050__Y38A,3.4000000953674316,3.956650733947754
cv,train,1,P00644__D225N,0.30000001192092896,0.691830039024353
cv,train,1,2IMM_A__A106G,0.0,0.5816550850868225
cv,train,1,P05798__T59V,1.7000000476837158,2.236654758453369
cv,train,1,P00044__F16W,1.2999999523162842,1.9773249626159668
cv,train,1,P01009__K355V,0.6499999761581421,1.3652480840682983
cv,train,1,P00644__I97M,0.20000000298023224,0.8278467059135437
cv,train,1,P04637__R333A,2.5,2.819446086883545
cv,train,1,P02751__I1607A,3.7200000286102295,4.327320575714111
cv,train,1,P00648__L61A,4.409999847412109,5.070868968963623
cv,train,1,P00644__K216G,0.699999988079071,1.275136947631836
cv,train,1,P00711__H51Y,-0.08500000089406967,0.5197482705116272
cv,train,1,P03051__D30M,-0.6000000238418579,-0.07345414906740189
cv,train,1,P00818__V21A,0.30000001192092896,0.9064428210258484
cv,train,1,P00929__P62A,0.30000001192092896,0.9719883799552917
cv,train,1,P00644__P199F,-0.30000001192092896,0.1473267674446106
cv,train,1,P00593__F128I,-1.399999976158142,-0.7720540165901184
cv,train,1,P01584__L122A,2.5999999046325684,3.1254940032958984
cv,train,1,P06241__E107I,2.7049999237060547,3.035884141921997
cv,train,1,P04925__Q216R,2.015000104904175,2.3548710346221924
cv,train,1,P00929__P96A,1.850000023841858,2.421668529510498
cv,train,1,P01009__A207I,-1.649999976158142,-0.9243941903114319
cv,train,1,P02751__V1609A,3.200000047683716,3.668402671813965
cv,train,1,P00644__K218A,0.800000011920929,1.2729496955871582
cv,train,1,P00644__G189A,4.400000095367432,4.921889305114746
cv,train,1,O74035__L92A,2.634999990463257,3.3018083572387695
cv,train,1,P00698__W126Q,3.569999933242798,4.075581073760986
cv,train,1,P00644__M108A,1.5,2.0410823822021484
cv,train,1,P00644__E125D,-0.20000000298023224,0.2860158085823059
cv,train,1,P00644__K106F,0.5,1.091011643409729
cv,train,1,P03050__R40A,4.599999904632568,5.013792514801025
cv,train,1,2IMM_A__A15L,-1.399999976158142,-0.9006506204605103
cv,train,1,P01006__M134I,2.009999990463257,2.471973180770874
cv,train,1,P02185__T52A,1.399999976158142,1.882384181022644
cv,train,1,P00720__R14K,0.014999999664723873,0.41390782594680786
cv,train,1,P03034__V37I,-0.800000011920929,-0.20316869020462036
cv,train,1,P01009__V197L,0.550000011920929,1.01499342918396
cv,train,1,P00648__T53G,1.149999976158142,1.740453839302063
cv,train,1,P02185__I143A,1.5499999523162842,2.3599653244018555
cv,train,1,P02417__H134Q,1.2999999523162842,1.6945383548736572
cv,train,1,P00712__L129A,0.30000001192092896,0.8692933917045593
cv,train,1,P00644__K130A,-0.10000000149011612,0.4171903729438782
cv,train,1,P01053__N76D,1.3049999475479126,1.7323839664459229
cv,train,1,P00644__T104I,0.6000000238418579,1.0946599245071411
cv,train,1,P00818__V36A,2.5,3.0454342365264893
cv,train,1,P03040__Y26F,-0.30000001192092896,0.1452309489250183
cv,train,1,P00044__K79A,0.44999998807907104,1.0594145059585571
cv,train,1,P02185__V67A,-0.5,0.20686787366867065
cv,train,1,P00644__P138G,0.949999988079071,1.521335482597351
cv,train,1,P04637__R282W,3.1500000953674316,3.5955567359924316
cv,train,1,P03050__G49A,2.0,2.4041833877563477
cv,train,1,P00644__A140E,5.599999904632568,6.276911735534668
cv,train,1,P03050__P8L,-2.490000009536743,-2.132664442062378
cv,train,1,P00720__T157S,0.6600000262260437,1.3950178623199463
cv,train,1,P00644__V105F,1.899999976158142,2.5449059009552
cv,train,1,P00720__D20N,-1.2000000476837158,-0.6410165429115295
cv,train,1,P00644__K209F,0.30000001192092896,0.9407258629798889
cv,train,1,P00648__K113A,-0.20000000298023224,0.35946112871170044
cv,train,1,P02417__I4A,2.2200000286102295,2.8276822566986084
cv,train,1,P00644__K130E,-0.05000000074505806,0.37648969888687134
cv,train,1,P00644__K152C,0.5,0.8978541493415833
cv,train,1,P00648__H65Q,1.4700000286102295,1.8284063339233398
cv,train,1,P00004__H34N,-1.0,-0.41323143243789673
cv,train,1,P00025__K74Y,1.0499999523162842,1.5340371131896973
cv,train,1,3PG0_A__R114L,0.0,0.5867191553115845
cv,train,1,P02945__L75A,-0.5,0.04178088158369064
cv,train,1,P00644__Y173L,3.8499999046325684,4.3745880126953125
cv,train,1,P00644__D159A,3.0999999046325684,3.744034767150879
cv,train,1,P00509__N282R,2.5999999046325684,3.0996031761169434
cv,train,1,P00712__V109A,-0.8999999761581421,-0.2645072340965271
cv,train,1,P02185__H37Q,0.6000000238418579,0.9724035859107971
cv,train,1,P02751__L1545A,1.6399999856948853,2.1255974769592285
cv,train,1,P00698__G85A,-0.14499999582767487,0.45620328187942505
cv,train,1,P00698__I73L,0.44999998807907104,1.03053879737854
cv,train,1,P06241__S124I,1.4049999713897705,1.939198613166809
cv,train,1,P01006__V44F,5.414999961853027,6.004071235656738
cv,train,1,P02185__G24A,0.8999999761581421,1.5104422569274902
cv,train,1,P03051__L41V,1.9149999618530273,2.518664836883545
cv,train,1,P00651__A47K,0.5099999904632568,1.225480318069458
cv,train,1,P00648__E120W,2.049999952316284,2.4880154132843018
cv,train,1,P00044__L91A,2.799999952316284,3.362589120864868
cv,train,1,P00698__M30L,0.38499999046325684,0.8766348958015442
cv,train,1,P04637__L344F,3.8499999046325684,4.361968040466309
cv,train,1,P00720__A42S,2.450000047683716,2.951528549194336
cv,train,1,P01308__S33D,-0.10000000149011612,0.24502593278884888
cv,train,1,P00257__H114R,1.2000000476837158,1.6035230159759521
cv,train,1,P00004__L95I,-0.20000000298023224,0.5025319457054138
cv,train,1,P00648__L89V,0.3499999940395355,1.018667459487915
cv,train,1,O74035__I15A,1.965000033378601,2.7507247924804688
cv,train,1,P00818__V14A,2.5999999046325684,3.3014280796051025
cv,train,1,P00720__Q123E,-0.30000001192092896,0.28249090909957886
cv,train,1,P00644__V148L,0.20000000298023224,0.8139683604240417
cv,train,1,P00644__L190G,6.650000095367432,7.274521350860596
cv,train,1,P00720__K147E,-0.10000000149011612,0.41677480936050415
cv,train,1,P03050__L21A,3.4000000953674316,3.9083831310272217
cv,train,1,P02751__I1596V,1.0,1.6845452785491943
cv,train,1,P00644__V181L,0.20000000298023224,0.9252461791038513
cv,train,1,P05230__A118G,0.45500001311302185,1.158372163772583
cv,train,1,P02185__W15F,0.6499999761581421,1.3141233921051025
cv,train,1,P00720__F153I,0.25,0.8851999640464783
cv,train,1,P00720__N101A,1.5,1.9035216569900513
cv,train,1,P04637__F270C,4.539999961853027,5.080597877502441
cv,train,1,P06241__S124F,1.899999976158142,2.3268940448760986
cv,train,1,P02633__E30Q,-0.04500000178813934,0.1076081320643425
cv,train,1,P00560__F195W,-0.9200000166893005,-0.31923699378967285
cv,train,1,P00509__C77S,2.4000000953674316,2.9013686180114746
cv,train,1,P02693__W83Y,-0.24500000476837158,0.19935256242752075
cv,train,1,P02693__F94A,2.4000000953674316,3.030773162841797
cv,train,1,P06241__E107K,0.9850000143051147,1.404151439666748
cv,train,1,P00644__Y197L,0.30000001192092896,0.8117942214012146
cv,train,1,P00929__G211W,1.350000023841858,1.8479441404342651
cv,train,1,P00644__A142G,1.399999976158142,2.0877175331115723
cv,train,1,P00644__F116E,6.5,7.161975860595703
cv,train,1,P01053__K22M,0.6700000166893005,1.0719479322433472
cv,train,1,P00720__M120A,0.20000000298023224,0.6172861456871033
cv,train,1,P00648__I72A,3.5,4.229447841644287
cv,train,1,P00644__K87G,-0.30000001192092896,0.1864219307899475
cv,train,1,P02417__K12M,-1.7300000190734863,-1.4501482248306274
cv,train,1,P00712__T48I,-2.799999952316284,-2.073690176010132
cv,train,1,P00974__A51V,1.2999999523162842,1.8429739475250244
cv,train,1,P00644__V148S,3.0999999046325684,3.7665178775787354
cv,train,1,P00045__N62I,-2.4000000953674316,-1.872978687286377
cv,train,1,P00648__L89T,3.049999952316284,3.6151461601257324
cv,train,1,P01857__K253A,1.100000023841858,1.7153916358947754
cv,train,1,P04166__D76R,-0.15000000596046448,0.26961851119995117
cv,train,1,P04637__Q165K,1.2699999809265137,1.7578083276748657
cv,train,1,P02185__L70V,0.10000000149011612,0.78477543592453
cv,train,1,P00929__A18V,-0.20000000298023224,0.4733784794807434
cv,train,1,P00644__E204K,2.5,2.9538655281066895
cv,train,1,P00644__Q162F,0.6000000238418579,1.1649861335754395
cv,train,1,P00720__L66A,3.9000000953674316,4.577315807342529
cv,train,1,1YYX_A__L48A,4.199999809265137,4.740324974060059
cv,train,1,P00560__L400W,3.0,3.661935329437256
cv,train,1,P01053__T59D,-0.03999999910593033,0.4443696141242981
cv,train,1,P00648__G81D,3.25,3.8284108638763428
cv,train,1,P00644__K179F,0.6000000238418579,1.1528379917144775
cv,train,1,P02693__S53C,-0.75,-0.31998151540756226
cv,train,1,P00644__H206G,0.5,1.085965633392334
cv,train,1,P00644__K152F,0.05000000074505806,0.469190776348114
cv,train,1,P00644__G137A,0.5,0.9915177226066589
cv,train,1,P00929__P57A,0.5,1.0833253860473633
cv,train,1,P00644__L207G,6.5,7.09965181350708
cv,train,1,P00720__Q105G,2.25,2.7229361534118652
cv,train,1,P02185__I112L,0.6000000238418579,1.2143863439559937
cv,train,1,P00644__T95A,0.699999988079071,1.3397337198257446
cv,train,1,P00698__G67A,0.20000000298023224,0.7397590279579163
cv,train,1,P01053__E34Q,0.5,0.7645981907844543
cv,train,1,P02693__V61C,-0.6499999761581421,-0.19636660814285278
cv,train,1,P00644__A140V,2.5999999046325684,3.1378912925720215
cv,train,1,P00648__N124A,1.600000023841858,2.1321258544921875
cv,train,1,P00282__V115A,0.9599999785423279,1.7030353546142578
cv,train,1,P00720__A160T,3.5,3.965075969696045
cv,train,1,P00648__E120G,5.400000095367432,5.87373161315918
cv,train,1,P06241__E107A,1.284999966621399,1.7302685976028442
cv,train,1,P00644__K146F,0.20000000298023224,0.6709174513816833
cv,train,1,P02945__K54A,1.600000023841858,2.16487455368042
cv,train,1,P03034__M41A,2.0999999046325684,2.565253734588623
cv,train,1,P01241__S97Q,1.399999976158142,1.8452937602996826
cv,train,1,P00644__R163A,1.100000023841858,1.5566807985305786
cv,train,1,P00004__Y68F,2.200000047683716,2.68919038772583
cv,train,1,P00720__E128A,-0.1599999964237213,0.2658093571662903
cv,train,1,P00974__Y45L,2.9000000953674316,3.4503397941589355
cv,train,1,P00720__L118M,0.4000000059604645,0.9459801316261292
cv,train,1,P02633__V65A,3.3399999141693115,3.7949137687683105
cv,train,1,P02925__A52T,3.299999952316284,3.8584446907043457
cv,train,1,P00644__A191G,1.0,1.8091458082199097
cv,train,1,P04637__R273H,0.22499999403953552,0.5801630616188049
cv,train,1,P01051__V18A,1.2000000476837158,1.9800444841384888
cv,train,1,P00720__V94A,1.7999999523162842,2.478437900543213
cv,train,1,P00644__V148A,2.049999952316284,2.7169153690338135
cv,train,1,P06241__I111V,0.4000000059604645,1.1575413942337036
cv,train,1,P00644__K127E,-0.05000000074505806,0.2991812825202942
cv,train,1,P00044__P77I,1.7000000476837158,2.1928155422210693
cv,train,1,P00648__A79V,0.6000000238418579,1.227189540863037
cv,train,1,P00720__E128K,1.2300000190734863,1.648931622505188
cv,train,1,P00720__R96V,2.450000047683716,3.1327340602874756
cv,train,1,P03051__D30A,-0.30000001192092896,0.1552475094795227
cv,train,1,P00648__I102V,0.3499999940395355,1.0737625360488892
cv,train,1,P00171__V50E,2.4000000953674316,2.7799265384674072
cv,train,1,P03040__Y26H,-1.399999976158142,-0.9997016787528992
cv,train,1,P00644__D228G,0.20000000298023224,0.535083532333374
cv,train,1,P00644__L107I,1.7000000476837158,2.3320088386535645
cv,train,1,P00720__V87A,1.7000000476837158,2.3381576538085938
cv,train,1,P01053__E27Q,0.6200000047683716,0.9039604067802429
cv,train,1,P00698__I73F,2.4600000381469727,3.1181466579437256
cv,train,1,P00929__G211V,-0.800000011920929,-0.2292211651802063
cv,train,1,P01584__T125Q,2.700000047683716,3.255462884902954
cv,train,1,P00651__N62A,-0.029999999329447746,0.5490917563438416
cv,train,1,P00044__K79R,0.029999999329447746,0.47798919677734375
cv,train,1,P01236__H125A,-0.699999988079071,-0.09626693278551102
cv,train,1,P03050__V41A,3.7100000381469727,4.290538311004639
cv,train,1,P02751__A1611G,1.3799999952316284,1.9673035144805908
cv,train,1,P03050__S35A,-0.20000000298023224,0.29573768377304077
cv,train,1,P00720__V149S,4.400000095367432,5.0359272956848145
cv,train,1,P00648__A79S,0.25,0.8554425835609436
cv,train,1,P00720__P143A,1.0,1.6959302425384521
cv,train,1,P02185__H120F,-0.029999999329447746,0.4587098956108093
cv,train,1,P00644__G161S,2.0999999046325684,2.617380142211914
cv,train,1,P00974__K76A,0.4000000059604645,0.8569896221160889
cv,train,1,P01053__L28A,2.6500000953674316,3.3589694499969482
cv,train,1,P01625__K56T,1.2999999523162842,1.933901071548462
cv,train,1,P00644__D225F,0.10000000149011612,0.47040945291519165
cv,train,1,P03050__E28A,0.5,0.8863411545753479
cv,train,1,P00720__E11M,-1.600000023841858,-1.1600089073181152
cv,train,1,P00282__L70V,0.30000001192092896,0.9892397522926331
cv,train,1,P00648__D55G,1.1699999570846558,1.8520158529281616
cv,train,1,P00644__H206F,-0.4000000059604645,0.21893173456192017
cv,train,1,P00644__A191V,2.799999952316284,3.443568229675293
cv,train,1,P00974__R55A,1.7999999523162842,2.30385684967041
cv,train,1,P01053__T23A,0.8500000238418579,1.4112943410873413
cv,train,1,P00651__H66T,0.25999999046325684,0.9492513537406921
cv,train,1,P00644__K152G,0.5,0.9854225516319275
cv,train,1,P00648__T53Q,1.8700000047683716,2.242107391357422
cv,train,1,P00644__A142F,0.800000011920929,1.4822243452072144
cv,train,1,P00044__K79V,0.6399999856948853,1.1429409980773926
cv,train,1,P00045__P86G,1.2000000476837158,1.7761064767837524
cv,train,1,P00644__G111C,1.100000023841858,1.5982340574264526
cv,train,1,P00644__K127F,0.20000000298023224,0.5568171143531799
cv,train,1,P00644__Y173S,5.300000190734863,5.846059322357178
cv,train,1,P00720__R96W,4.349999904632568,4.948551654815674
cv,train,1,P00644__V196L,1.100000023841858,1.6434992551803589
cv,train,1,P00644__A194F,1.350000023841858,2.0500330924987793
cv,train,1,P00651__D75H,-5.099999904632568,-4.521373748779297
cv,train,1,P00644__T144S,2.0999999046325684,2.7484498023986816
cv,train,1,P00644__Y197G,0.6000000238418579,1.2099624872207642
cv,train,1,P00818__Y12F,-0.699999988079071,-0.03455299884080887
cv,train,1,P00563__D122A,1.2400000095367432,1.8532997369766235
cv,train,1,P00698__N121D,-0.6200000047683716,-0.046286530792713165
cv,train,1,P01053__I50A,2.119999885559082,2.6406824588775635
cv,train,1,P00644__Q205G,0.5,1.0418548583984375
cv,train,1,P00644__G178F,2.5999999046325684,3.1947102546691895
cv,train,1,1YYX_A__A90G,2.9000000953674316,3.5308704376220703
cv,train,1,P06241__E107D,-0.6899999976158142,-0.19020920991897583
cv,train,1,P03051__L41A,4.610000133514404,5.283211708068848
cv,train,1,P00644__L120A,1.5499999523162842,2.2287564277648926
cv,train,1,P02185__I112M,1.100000023841858,1.6488714218139648
cv,train,1,P00644__V193A,4.300000190734863,4.60781717300415
cv,train,1,P00720__R154E,-0.3499999940395355,0.022492103278636932
cv,train,1,P00044__F16M,3.299999952316284,3.908508777618408
cv,train,1,P00648__K66A,-0.800000011920929,-0.3383108973503113
cv,train,1,P00720__G51D,2.4149999618530273,3.1126596927642822
cv,train,1,P01006__V44M,5.565000057220459,6.1429877281188965
cv,train,1,P00648__T73N,1.2899999618530273,1.7525392770767212
cv,train,1,P00644__L120G,0.5,1.3257734775543213
cv,train,1,P00720__V149M,2.5999999046325684,3.303445816040039
cv,train,1,P00025__K74W,1.4299999475479126,1.830689787864685
cv,train,1,P01053__E46Q,0.6000000238418579,0.8691020607948303
cv,train,1,P00974__N59A,2.200000047683716,2.6110947132110596
cv,train,1,P00648__I102G,3.0999999046325684,3.866536855697632
cv,train,1,P02751__Y1610F,2.0999999046325684,2.5510988235473633
cv,train,1,P00099__W99F,1.2000000476837158,1.7278029918670654
cv,train,1,P00644__K110E,0.800000011920929,1.2997952699661255
cv,train,1,P00651__V104T,3.0999999046325684,3.795238494873047
cv,train,1,P00720__T115A,0.11999999731779099,0.8699929118156433
cv,train,1,P00698__A49I,-1.399999976158142,-0.6447429060935974
cv,train,1,P00711__K133N,-2.5999999046325684,-2.1310558319091797
cv,train,1,P00644__N150A,0.4000000059604645,0.9665228724479675
cv,train,1,P04179__Q167N,-1.4249999523162842,-0.81998211145401
cv,train,1,P00644__I154A,4.699999809265137,5.395349979400635
cv,train,1,P02751__V1603A,0.6700000166893005,1.2639187574386597
cv,train,1,P03050__F10A,2.700000047683716,3.279221773147583
cv,train,1,P00268__V24I,-0.36000001430511475,0.24239665269851685
cv,train,1,P03069__K276A,0.05999999865889549,0.5255550146102905
cv,train,1,1YYX_A__L68A,4.0,4.597228527069092
cv,train,1,P01236__H166A,-1.2999999523162842,-0.7866634726524353
cv,train,1,P00644__V133G,0.30000001192092896,0.9243687987327576
cv,train,1,P00651__A47C,0.7400000095367432,1.3593908548355103
cv,train,1,P00648__I51A,1.399999976158142,1.9395583868026733
cv,train,1,P00648__I135L,0.20000000298023224,1.0078777074813843
cv,train,1,P02185__A131L,0.8999999761581421,1.4103764295578003
cv,train,1,P00648__I123V,0.8100000023841858,1.7109646797180176
cv,train,1,P05798__V43T,0.5,1.034508228302002
cv,train,1,P00044__V26C,1.100000023841858,1.7146008014678955
cv,train,1,P00974__Y70L,3.700000047683716,4.151960372924805
cv,train,1,P00644__L171A,2.5999999046325684,3.2505109310150146
cv,train,1,P05798__D79W,-2.25,-1.7618489265441895
cv,train,1,P04637__F341L,3.1500000953674316,3.4872148036956787
cv,train,1,P00974__E42A,1.5,1.8893424272537231
cv,train,1,P00282__I101T,2.9000000953674316,3.557344675064087
cv,train,1,P00644__F143A,2.299999952316284,3.0116119384765625
cv,train,1,P00592__H70N,1.9900000095367432,2.422858953475952
cv,train,1,P00648__D69M,0.1850000023841858,0.5259624123573303
cv,train,1,P02753__W123F,0.4000000059604645,0.964933454990387
cv,train,1,P00644__V148T,1.2999999523162842,1.9535942077636719
cv,train,1,P00648__T63S,1.7000000476837158,2.214956760406494
cv,train,1,P00648__S75A,-0.45500001311302185,0.10350929945707321
cv,train,1,P01236__H87A,1.0,1.4050997495651245
cv,train,1,P00720__S44A,0.30000001192092896,0.8003570437431335
cv,train,1,P01009__F75L,-1.9500000476837158,-1.2367442846298218
cv,train,1,P00644__V105G,5.199999809265137,5.891774654388428
cv,train,1,P02751__Y1569L,2.5999999046325684,3.012958526611328
cv,train,1,P00720__V103M,1.399999976158142,2.077561855316162
cv,train,1,P00648__S75G,0.44999998807907104,0.9617810845375061
cv,train,1,P00044__F88Y,0.699999988079071,1.3562366962432861
cv,train,1,P00698__G120R,-0.3799999952316284,0.13185256719589233
cv,train,1,P00720__R119A,0.1899999976158142,0.721684992313385
cv,train,1,P00720__L133M,0.3499999940395355,0.831180989742279
cv,train,1,P01053__Q42A,0.1599999964237213,0.6101002097129822
cv,train,1,P00720__A42L,5.099999904632568,5.6088972091674805
cv,train,1,P05798__D79L,-2.6500000953674316,-2.171663999557495
cv,train,1,P00644__K98F,0.4000000059604645,1.007603645324707
cv,train,1,P02185__H117A,-0.20000000298023224,0.4787212014198303
cv,train,1,P05230__F123Y,-0.5,0.078068308532238
cv,train,1,P00712__W79F,0.9850000143051147,1.543785572052002
cv,train,1,P00644__L120E,3.299999952316284,3.7566871643066406
cv,train,1,P01053__I50V,-0.07999999821186066,0.5403178334236145
cv,train,1,P00644__T115S,1.2999999523162842,1.8442836999893188
cv,train,1,P03051__D30L,0.10000000149011612,0.451285183429718
cv,train,1,P01009__A274L,0.949999988079071,1.4815195798873901
cv,train,1,P00282__I101V,0.1550000011920929,0.8588005900382996
cv,train,1,P02417__E54Q,-0.33000001311302185,-0.006835408508777618
cv,train,1,P00644__D165G,2.6500000953674316,3.1639821529388428
cv,train,1,P00644__V105A,2.5999999046325684,3.2887301445007324
cv,train,1,P01053__R68A,1.3049999475479126,1.8449300527572632
cv,train,1,P00720__K135E,0.800000011920929,1.3492836952209473
cv,train,1,P00644__K91A,1.399999976158142,1.813612699508667
cv,train,1,P03050__S44A,-0.30000001192092896,0.11899226158857346
cv,train,1,P00257__Y140F,0.009999999776482582,0.4878231883049011
cv,train,1,P01053__T56V,1.0,1.4554872512817383
cv,train,1,P00720__N163D,0.20999999344348907,0.7104653716087341
cv,train,1,P00698__C112A,5.389999866485596,6.007193088531494
cv,train,1,P00644__L190V,3.799999952316284,4.378791332244873
cv,train,1,P00648__L142G,4.699999809265137,5.398475170135498
cv,train,1,P00644__V181S,5.099999904632568,5.847451686859131
cv,train,1,P04637__I232T,3.190000057220459,3.8247663974761963
cv,train,1,P01053__I77V,-0.19499999284744263,0.523878276348114
cv,train,1,P01241__S97A,1.0499999523162842,1.5129985809326172
cv,train,1,P00644__E149Q,0.5,1.002503514289856
cv,train,1,P00648__G81S,2.950000047683716,3.433640956878662
cv,train,1,P02945__V62A,-0.699999988079071,0.05416946858167648
cv,train,1,P00044__K79I,1.0950000286102295,1.6896998882293701
cv,train,1,P00720__I58T,3.4000000953674316,4.178249835968018
cv,train,1,P02417__K15M,0.3100000023841858,0.6401554346084595
cv,train,1,P00644__Y173E,7.25,7.878456115722656
cv,train,1,P02751__I1557A,0.699999988079071,1.317640781402588
cv,train,1,P01584__T125G,3.200000047683716,3.8648409843444824
cv,train,1,P00720__S44K,-0.20000000298023224,0.2914915680885315
cv,train,1,P00974__T46A,0.0,0.6366870999336243
cv,train,1,P01053__L69A,3.7699999809265137,4.39707612991333
cv,train,1,P00644__K88G,-0.25,0.20415377616882324
cv,train,1,P01053__R63A,0.800000011920929,1.1318750381469727
cv,train,1,P00720__Y25G,4.224999904632568,4.841471195220947
cv,train,1,P00644__Y175L,4.5,4.96030330657959
cv,train,1,P00648__R130Q,1.690000057220459,2.0814762115478516
cv,train,1,P00644__A176G,2.4000000953674316,2.932924509048462
cv,train,1,P03050__E17A,0.5,0.9101500511169434
cv,train,1,P00644__E157Q,0.6000000238418579,1.0671112537384033
cv,train,1,P00720__I150V,1.9500000476837158,2.7528433799743652
cv,train,1,P01053__I49A,3.700000047683716,4.2079925537109375
cv,train,1,P00698__D119G,-0.44999998807907104,0.1304890513420105
cv,train,1,P00720__V71A,1.5,2.1781725883483887
cv,train,1,P00974__F80A,6.849999904632568,7.324098110198975
cv,train,1,P00720__I3E,1.6549999713897705,2.162888526916504
cv,train,1,P00651__A47I,0.4399999976158142,1.173048734664917
cv,train,1,P00644__T115V,-0.4000000059604645,0.2029547095298767
cv,train,1,P00808__S277C,1.2999999523162842,1.8472400903701782
cv,train,1,P00509__I5A,5.0,5.382871150970459
cv,train,1,P01584__R120Q,0.8999999761581421,1.1465216875076294
cv,train,1,P00918__W5F,-0.6499999761581421,-0.11817003041505814
cv,train,1,P00644__I221L,0.10000000149011612,0.5712538361549377
cv,train,1,P00648__R119G,2.5,2.9901113510131836
cv,train,1,P05798__T67V,0.0,0.6148691773414612
cv,train,1,P00644__K215Q,0.4000000059604645,0.8735412955284119
cv,train,1,P00974__G47A,1.7999999523162842,2.2994132041931152
cv,train,1,P00720__M6I,3.5999999046325684,4.068944454193115
cv,train,1,P00918__L60C,0.10000000149011612,0.7609439492225647
cv,train,1,P04925__T189V,0.17000000178813934,0.6389284729957581
cv,train,1,P00720__R96G,2.9000000953674316,3.450206756591797
cv,train,1,P00651__V42C,4.849999904632568,5.443448066711426
cv,train,1,P00648__I135G,7.400000095367432,8.032501220703125
cv,train,1,P03050__V25A,0.18000000715255737,0.7791078686714172
cv,train,1,P00648__I135V,1.399999976158142,2.308566093444824
cv,train,1,P00644__E183A,1.600000023841858,2.0803356170654297
cv,train,1,P00644__L219G,4.400000095367432,4.961366176605225
cv,train,1,P00644__M114I,0.6000000238418579,1.1564784049987793
cv,train,1,P00644__K88A,-0.25,0.16011303663253784
cv,train,1,P00918__S56C,0.5,1.0169798135757446
cv,train,1,P00644__D159K,3.299999952316284,3.9611430168151855
cv,train,1,P00720__T157C,1.2999999523162842,1.7755390405654907
cv,train,1,P02417__V21I,0.4000000059604645,0.9706863760948181
cv,train,1,P00644__G189V,7.5,7.962655067443848
cv,train,1,P05798__R40E,-0.20000000298023224,0.1329365372657776
cv,train,1,P00720__L84M,2.1500000953674316,2.6907362937927246
cv,train,1,P01006__M104V,0.5600000023841858,0.8964070677757263
cv,train,1,P02417__E48Q,-0.029999999329447746,0.3293033242225647
cv,train,1,P00644__Y109K,3.799999952316284,4.4731879234313965
cv,train,1,P03050__R50A,1.899999976158142,2.264479875564575
cv,train,1,P00644__K166Q,0.10000000149011612,0.4029751420021057
cv,train,1,2IMM_A__L112I,-0.4000000059604645,0.04508870095014572
cv,train,1,P00750__V280M,2.200000047683716,2.8006491661071777
cv,train,1,P00644__K152Q,0.25,0.5738527774810791
cv,train,1,P01857__D282A,0.699999988079071,1.278586506843567
cv,train,1,P00648__A79C,1.5,2.0578906536102295
cv,train,1,P02945__S72A,-0.10000000149011612,0.43468016386032104
cv,train,1,P00720__V111F,1.6449999809265137,2.249840259552002
cv,train,1,P00644__R163G,2.0999999046325684,2.5639491081237793
cv,train,1,1YYX_A__I72A,4.699999809265137,5.399415493011475
cv,train,1,P01053__T59A,0.6949999928474426,1.2118722200393677
cv,train,1,P00712__A49T,-0.800000011920929,-0.11897987872362137
cv,train,1,P00644__A212V,1.100000023841858,1.7735202312469482
cv,train,1,P00974__G71A,2.0999999046325684,2.56836199760437
cv,train,1,P00929__F139W,0.6499999761581421,1.2987606525421143
cv,train,1,P05798__D25K,0.8999999761581421,1.4982900619506836
cv,train,1,O74035__I6A,2.7100000381469727,3.2186732292175293
cv,train,1,P00648__E120F,1.9500000476837158,2.429229974746704
cv,train,1,P00648__R130K,4.264999866485596,4.619116306304932
cv,train,1,P01009__A272F,-1.649999976158142,-0.9455242156982422
cv,train,1,P00720__I100A,2.5,3.2533581256866455
cv,train,1,P02185__V115A,0.8500000238418579,1.5128408670425415
cv,train,1,P00644__L171G,3.200000047683716,3.884659767150879
cv,train,1,P04637__L330F,3.5,4.139834880828857
cv,train,1,P05230__C31S,2.799999952316284,3.3300304412841797
cv,train,1,P00720__A98S,2.299999952316284,2.855557918548584
cv,train,1,P02751__L1555A,0.8700000047683716,1.4915578365325928
cv,train,1,P03050__D20A,0.800000011920929,1.2621320486068726
cv,train,1,P00720__A98C,1.100000023841858,1.6782528162002563
cv,train,1,P02693__W7Y,0.8999999761581421,1.3523533344268799
cv,train,1,P00720__F153V,1.7999999523162842,2.5219390392303467
cv,train,1,P00644__Y109A,3.5,4.095527172088623
cv,train,1,P00644__G102V,2.200000047683716,2.704543113708496
cv,train,1,P01584__R120P,0.3499999940395355,0.6901393532752991
cv,train,1,P05798__N39D,1.5,2.244126319885254
cv,train,1,P02185__H98Q,0.054999999701976776,0.4338555335998535
cv,train,1,P04271__L4A,-0.41499999165534973,0.20853358507156372
cv,train,1,P02633__F14A,4.465000152587891,4.958215236663818
cv,train,1,P00720__S44I,-0.3050000071525574,0.1810491681098938
cv,train,1,P00648__G81H,2.6500000953674316,3.0929861068725586
cv,train,1,P00929__F258W,1.2000000476837158,1.991468071937561
cv,train,1,P00644__T123V,-0.800000011920929,-0.2707543969154358
cv,train,1,P00644__K216C,0.699999988079071,1.2211337089538574
cv,train,1,P00644__M108I,0.800000011920929,1.3476672172546387
cv,train,1,P01053__E46A,0.550000011920929,1.0036780834197998
cv,train,1,P03050__K46A,0.0,0.5917431712150574
cv,train,1,P00644__Y195G,0.20000000298023224,0.8449954390525818
cv,train,1,2IMM_A__M21I,-0.20000000298023224,0.32435160875320435
cv,train,1,P00648__K109R,0.3499999940395355,0.7591323256492615
cv,train,1,P00644__R187A,1.2999999523162842,1.8466782569885254
cv,train,1,P00644__R117A,1.399999976158142,1.9883506298065186
cv,train,1,P05230__V46I,1.0,1.5396455526351929
cv,train,1,P05798__N39A,2.200000047683716,3.0058908462524414
cv,train,1,P00644__V133T,-0.20000000298023224,0.3905196189880371
cv,train,1,P00711__V61N,0.2199999988079071,0.8651061654090881
cv,train,1,P00651__D75Y,0.25,0.8282981514930725
cv,train,1,P00720__I3T,2.190000057220459,2.6105480194091797
cv,train,1,P00644__Y109F,0.4000000059604645,1.0302834510803223
cv,train,1,P00509__C180R,1.7000000476837158,2.188816547393799
cv,train,1,P00648__R106A,-0.5699999928474426,-0.012797065079212189
cv,train,1,P00644__T144C,1.100000023841858,1.8502731323242188
cv,train,1,P00644__K179G,1.7000000476837158,2.2813658714294434
cv,train,1,P02417__E17Q,0.20999999344348907,0.5343741774559021
cv,train,1,P00974__G71S,0.699999988079071,1.2160099744796753
cv,train,1,P00974__N79A,3.299999952316284,3.769097089767456
cv,train,1,P00644__K166F,0.800000011920929,1.172650933265686
cv,train,1,P00648__A79G,0.8999999761581421,1.6088262796401978
cv,train,1,P00720__V87M,2.25,2.9203238487243652
cv,train,1,P02751__P1562A,0.4399999976158142,0.8964241147041321
cv,train,1,P00560__H389Q,0.8399999737739563,1.2986818552017212
cv,train,1,P04637__D228E,-0.05000000074505806,0.3375591039657593
cv,train,1,P03050__G30A,1.8949999809265137,2.393099784851074
cv,train,1,P00644__R187C,2.5999999046325684,3.159815549850464
cv,train,1,P03050__Q39G,0.9599999785423279,1.5008759498596191
cv,train,1,P00648__L136V,0.30000001192092896,1.1344231367111206
cv,train,1,3PG0_A__A86V,-0.5,0.0804925486445427
cv,train,1,1YYX_A__M58A,3.5999999046325684,4.194551944732666
cv,train,1,P00698__D119E,0.0,0.5707970261573792
cv,train,1,P02693__V61N,0.800000011920929,1.2347209453582764
cv,train,1,P05798__Q38A,-0.699999988079071,-0.08496028929948807
cv,train,1,P00720__R80K,0.1850000023841858,0.6397165060043335
cv,train,1,P00720__N132I,-1.2000000476837158,-0.5286927819252014
cv,train,1,P00644__E92A,1.2999999523162842,1.7250715494155884
cv,train,1,P01584__C124S,4.099999904632568,4.5710906982421875
cv,train,1,P00644__T123E,3.299999952316284,3.79923677444458
cv,train,1,P00720__I78V,0.75,1.5675417184829712
cv,train,1,P00648__S139A,2.799999952316284,3.2389349937438965
cv,train,1,P05798__R65A,1.100000023841858,1.6179866790771484
cv,train,1,P00720__I50A,2.25,2.954061269760132
cv,train,1,P00720__A41D,-0.29499998688697815,0.42290765047073364
cv,train,1,P02185__H25V,-0.019999999552965164,0.6265013813972473
cv,train,1,P00929__G211E,-0.5,0.1309240460395813
cv,train,1,P00720__F153M,0.6000000238418579,1.171189785003662
cv,train,1,P00509__C180S,1.399999976158142,2.08713436126709
cv,train,1,P00644__M114A,1.7000000476837158,2.2063803672790527
cv,train,1,P00974__P44A,0.800000011920929,1.4029672145843506
cv,train,1,P01053__V83A,1.4249999523162842,2.154338836669922
cv,train,1,P00648__E120Q,2.5,2.97529935836792
cv,train,1,P00648__I143G,5.699999809265137,6.371011257171631
cv,train,1,P00648__A79T,0.6000000238418579,1.1457971334457397
cv,train,1,P00644__T202V,1.7000000476837158,2.290933132171631
cv,train,1,P00720__E11N,0.75,1.220923662185669
cv,train,1,P01857__T233A,0.10000000149011612,0.7501240372657776
cv,train,1,P00644__K209G,0.699999988079071,1.2699321508407593
cv,train,1,P00720__T152C,0.5,1.1655150651931763
cv,train,1,P00644__M108L,0.4000000059604645,0.8724627494812012
cv,train,1,P00644__V196I,0.10000000149011612,0.7020174860954285
cv,train,1,P06241__E107L,3.0,3.3612546920776367
cv,train,1,P02753__W42F,2.5,2.9798059463500977
cv,train,1,P01009__V169I,-0.20000000298023224,0.46848636865615845
cv,train,1,P00644__M147G,4.599999904632568,5.146116733551025
cv,train,1,P01053__F70V,1.899999976158142,2.4881973266601562
cv,train,1,P01006__M104L,0.2750000059604645,0.5859366059303284
cv,train,1,P00648__Y60G,6.400000095367432,6.953775405883789
cv,train,1,P00644__I174G,6.099999904632568,6.721624851226807
cv,train,1,P00644__A176V,1.2999999523162842,1.9890317916870117
cv,train,1,P00648__V83T,1.100000023841858,1.7432055473327637
cv,train,1,P00698__Q139H,0.44999998807907104,0.7752749919891357
cv,train,1,P06241__F103L,1.100000023841858,1.6269663572311401
cv,train,1,P00044__N58H,1.600000023841858,2.0503811836242676
cv,train,1,P04637__C182S,-0.1599999964237213,0.20533591508865356
cv,train,1,P00720__C54V,0.699999988079071,1.2494417428970337
cv,train,1,P05230__H108G,-1.2999999523162842,-0.7326467633247375
cv,train,1,P00698__I73A,3.5999999046325684,4.191861629486084
cv,train,1,P00720__L91P,9.699999809265137,10.244049072265625
cv,train,1,P00644__H128Y,0.0,0.30207812786102295
cv,train,1,P00974__V69A,1.2000000476837158,1.7856602668762207
cv,train,1,P00644__A151T,2.700000047683716,3.2126522064208984
cv,train,1,P01053__E35D,0.7400000095367432,1.2438106536865234
cv,train,1,P06241__F109I,2.0,2.5311880111694336
cv,train,1,P01625__M24L,-1.0499999523162842,-0.5827723145484924
cv,train,1,P01053__I50G,3.5199999809265137,4.0553717613220215
cv,train,1,P00974__S82A,1.600000023841858,2.0678915977478027
cv,train,1,P00974__F39L,2.200000047683716,2.6616251468658447
cv,train,1,P00974__Y70D,3.799999952316284,4.391433238983154
cv,train,1,P00644__D165F,4.800000190734863,5.395750999450684
cv,train,1,P02751__F1585A,2.0,2.4420042037963867
cv,train,1,P00509__D11A,5.699999809265137,6.09641695022583
cv,train,1,P00044__G12A,3.5,3.9642856121063232
cv,train,1,P00698__S109T,-0.9900000095367432,-0.39401334524154663
cv,train,1,P00974__L41A,0.6000000238418579,1.2638510465621948
cv,train,1,P00644__L119A,1.600000023841858,2.4464964866638184
cv,train,1,P00720__D72P,2.700000047683716,3.361861228942871
cv,train,1,P04925__E199K,0.17000000178813934,0.45604783296585083
cv,train,1,P00648__T53N,1.2699999809265137,1.6813700199127197
cv,train,1,P00808__S140C,0.699999988079071,1.2711936235427856
cv,train,1,P05230__H108A,0.5149999856948853,1.0885602235794067
cv,train,1,1YYX_A__V84A,3.9000000953674316,4.482816219329834
cv,train,1,P00720__T109N,-0.10000000149011612,0.4431183934211731
cv,train,1,P00648__N88D,2.5,3.2344541549682617
cv,train,1,P00648__G81K,2.799999952316284,3.2907485961914062
cv,train,1,P04637__T150P,0.07999999821186066,0.5648090243339539
cv,train,1,P00644__D103G,-0.30000001192092896,0.299335777759552
cv,train,1,P00720__L99I,1.5,2.2502963542938232
cv,train,1,P00644__D177F,4.900000095367432,5.3338141441345215
cv,train,1,P00648__I123T,2.5999999046325684,3.6228432655334473
cv,train,1,P02945__L74A,-0.699999988079071,0.005488209426403046
cv,train,1,P00644__H206A,-0.4000000059604645,0.18165773153305054
cv,train,1,P04637__L206S,0.10000000149011612,0.6611412167549133
cv,train,1,P03050__E28G,1.2450000047683716,1.6589722633361816
cv,train,1,P00711__W137H,0.6000000238418579,0.8676591515541077
cv,train,1,P03034__A50V,1.2200000286102295,1.7684202194213867
cv,train,1,P02417__D23N,0.5799999833106995,1.057327151298523
cv,train,1,P02185__E110A,-0.25,0.23537546396255493
cv,train,1,P03050__F45A,2.700000047683716,3.320066452026367
cv,train,1,P00644__N201A,1.149999976158142,1.7711588144302368
cv,train,1,P06213__W1202F,-0.6000000238418579,-0.10619587451219559
cv,train,1,P00644__K106G,1.100000023841858,1.6722981929779053
cv,train,1,P03051__D30G,-2.0,-1.440962791442871
cv,train,1,P00651__N70D,1.399999976158142,2.1282761096954346
cv,train,1,P00720__L33A,3.5999999046325684,4.245560169219971
cv,train,1,P00644__L119I,1.7999999523162842,2.50124454498291
cv,train,1,P00509__C180F,0.8999999761581421,1.4497512578964233
cv,train,1,P00644__A140G,2.5,3.042731285095215
cv,train,1,P00720__R96K,0.25,0.8566111922264099
cv,train,1,P00648__H65D,2.299999952316284,2.7664990425109863
cv,train,1,P04637__Q104P,-0.10999999940395355,0.40935587882995605
cv,train,1,P00171__V66H,1.6150000095367432,2.1675171852111816
cv,train,1,P01857__Y290A,2.0999999046325684,2.7429256439208984
cv,train,1,P04637__R337A,5.849999904632568,6.312549114227295
cv,train,1,P04637__H168R,2.9100000858306885,3.1996688842773438
cv,train,1,P00720__V103I,0.4000000059604645,1.0454021692276
cv,train,1,P01857__K275A,0.4000000059604645,0.9883959889411926
cv,train,1,P00818__P72A,1.600000023841858,2.169811725616455
cv,train,1,P00720__E108V,-1.0499999523162842,-0.4233852028846741
cv,train,1,P01009__T92A,-0.949999988079071,-0.2703861594200134
cv,train,1,P02751__I1627V,0.2800000011920929,0.9291595816612244
cv,train,1,P00644__T95S,0.30000001192092896,0.948786199092865
cv,train,1,P01006__M104A,-0.30000001192092896,0.09832560271024704
cv,train,1,P01009__V388I,-0.3499999940395355,0.2519126534461975
cv,train,1,P00720__P86G,1.7549999952316284,2.351048469543457
cv,train,1,P00720__T151S,-0.39500001072883606,0.25003403425216675
cv,train,1,P00644__G170W,0.800000011920929,1.4343500137329102
cv,train,1,P00644__P113G,1.5,2.1136252880096436
cv,train,1,P03069__K263A,0.4099999964237213,0.8839064836502075
cv,train,1,P00720__V131E,-0.20000000298023224,0.3420836329460144
cv,train,1,P00644__P93G,0.949999988079071,1.6037888526916504
cv,train,1,P00648__I98A,4.699999809265137,5.396474361419678
cv,train,1,P03040__Y26D,-2.049999952316284,-1.5536630153656006
cv,train,1,P00711__L129H,-1.3949999809265137,-0.9920051693916321
cv,train,1,P00929__E49L,-6.75,-6.1715407371521
cv,train,1,P02633__L27A,3.4649999141693115,3.9622631072998047
cv,train,1,P00644__E211F,3.9000000953674316,4.447543621063232
cv,train,1,P00651__V115C,3.5199999809265137,4.266302585601807
cv,train,1,P01053__L41G,1.899999976158142,2.5991053581237793
cv,train,1,P00720__L99M,0.5,1.2218464612960815
cv,train,1,P00651__A47W,0.30000001192092896,0.9662999510765076
cv,train,1,P00644__L118C,2.9000000953674316,3.621941566467285
cv,train,1,P00644__E204G,2.0,2.510751724243164
cv,train,1,P00509__C181S,1.0,1.5671842098236084
cv,train,1,P05230__F100W,0.0,0.6672986149787903
cv,train,1,P00099__F29A,-1.100000023841858,-0.4545854926109314
cv,train,1,P00094__K53E,-0.30000001192092896,0.1563238501548767
cv,train,1,P00929__L209V,2.0,2.555637836456299
cv,train,1,P00644__Y109Q,3.200000047683716,3.790130138397217
cv,train,1,P00644__A227G,0.4000000059604645,0.9224057793617249
cv,train,1,P00782__Y324K,-0.7200000286102295,-0.1291537880897522
cv,train,1,P00644__K152E,0.30000001192092896,0.7175382971763611
cv,train,1,P02185__E110G,0.8999999761581421,1.3750232458114624
cv,train,1,P00644__G132V,1.0,1.4763660430908203
cv,train,1,P04925__F197S,2.2799999713897705,2.6683766841888428
cv,train,1,P02185__L33A,1.0499999523162842,1.7414921522140503
cv,train,1,P00644__Q213G,2.299999952316284,3.000206232070923
cv,train,1,P00720__A42K,3.700000047683716,4.359961032867432
cv,train,1,P00257__Y140W,0.20499999821186066,0.6786209940910339
cv,train,1,P02185__H65Q,0.2750000059604645,0.7719973921775818
cv,train,1,P03706__H31D,1.600000023841858,2.0236117839813232
cv,train,1,P02185__H49Q,0.4050000011920929,0.7238098978996277
cv,train,1,P02945__D51A,0.5,1.202815055847168
cv,train,1,P05230__H108N,-0.24500000476837158,0.25252389907836914
cv,train,1,P05798__D79Y,-2.9000000953674316,-2.2406492233276367
cv,train,1,P00644__S210A,-0.699999988079071,0.05133341997861862
cv,train,1,P00648__R157A,0.3499999940395355,0.6993077397346497
cv,train,1,P00644__L96G,3.700000047683716,4.377505779266357
cv,train,1,P03050__M4A,-0.20000000298023224,0.02211426943540573
cv,train,1,P01241__E100S,1.0,1.5588722229003906
cv,train,1,P00648__D59S,0.800000011920929,1.3775238990783691
cv,train,1,P00644__V181T,3.299999952316284,4.014395236968994
cv,train,1,P01053__I49V,1.0,1.6892799139022827
cv,train,1,P00644__K179A,0.15000000596046448,0.732384979724884
cv,train,1,P01053__I50T,1.340000033378601,1.9148896932601929
cv,train,1,P02625__A21P,0.0,0.592586100101471
cv,train,1,P00720__A93P,-0.30000001192092896,0.49356335401535034
cv,train,1,P03050__N29A,0.4000000059604645,0.9804255366325378
cv,train,1,P01308__H34D,-1.2999999523162842,-1.140409231185913
cv,train,1,P00698__D119P,2.200000047683716,2.83304762840271
cv,train,1,P00720__Q105A,0.699999988079071,1.2782012224197388
cv,train,1,P00720__A41V,-0.4099999964237213,0.34704285860061646
cv,train,1,P00929__F22V,-0.05999999865889549,0.5747595429420471
cv,train,1,P00509__R254M,3.5999999046325684,3.898221015930176
cv,train,1,P00711__A125S,1.0750000476837158,1.6024997234344482
cv,train,1,P06241__L101V,1.600000023841858,2.2199454307556152
cv,train,1,P00648__T53A,2.125,2.686131477355957
cv,train,1,P05798__D33A,6.050000190734863,6.643616199493408
cv,train,1,P00644__K106A,0.25,0.8253609538078308
cv,train,1,P06241__L101F,1.2000000476837158,1.8090988397598267
cv,train,1,P00644__T126A,0.30000001192092896,0.8829260468482971
cv,train,1,P00644__G132C,0.800000011920929,1.1941242218017578
cv,train,1,P00560__W309Y,1.3650000095367432,1.8609873056411743
cv,train,1,P00720__K16E,0.30000001192092896,0.7655459046363831
cv,train,1,P05413__Y129F,3.259999990463257,3.7446184158325195
cv,train,1,P00720__D92N,1.25,1.7468243837356567
cv,train,1,P00648__Y150F,0.14000000059604645,0.5398619771003723
cv,train,1,P00929__E49W,-0.949999988079071,-0.29312556982040405
cv,train,1,P02417__H144Q,0.8399999737739563,1.2583410739898682
cv,train,1,P01584__T125L,1.899999976158142,2.4600300788879395
cv,train,1,P00644__R208A,1.600000023841858,2.065999984741211
cv,train,1,P03050__M7A,0.6000000238418579,0.9626947641372681
cv,train,1,P05413__R127Q,0.46000000834465027,0.8840349316596985
cv,train,1,P00711__W137Y,1.184999942779541,1.731704831123352
cv,train,1,P00044__G29S,1.5,2.0131454467773438
cv,train,1,P00644__Y109D,5.0,5.580310344696045
cv,train,1,P02751__V1566A,1.399999976158142,1.9138519763946533
cv,train,1,P00644__D101F,1.2999999523162842,1.8988468647003174
cv,train,1,P00644__A214E,7.050000190734863,7.709914207458496
cv,train,1,P00509__C77A,0.5,1.083030104637146
cv,train,1,P00648__T63R,0.05000000074505806,0.575878918170929
cv,train,1,P01308__T97R,-1.25,-0.9195338487625122
cv,train,1,P00651__V115T,3.0850000381469727,3.7259206771850586
cv,train,1,P01009__A308I,0.0,0.6719792485237122
cv,train,1,P00648__T53H,2.0999999046325684,2.4046125411987305
cv,train,1,P04637__R342A,0.8999999761581421,1.3625884056091309
cv,train,1,P05230__V46W,-0.9599999785423279,-0.21626430749893188
cv,train,1,P05230__G77A,1.465000033378601,2.1109237670898438
cv,train,1,P00720__Y24A,5.5,6.00032377243042
cv,train,1,P03706__H31N,-1.7999999523162842,-1.382473111152649
cv,train,1,P01006__V44L,2.299999952316284,2.8236823081970215
cv,train,1,P01009__A55L,-0.8999999761581421,-0.3339375853538513
cv,train,1,P03069__K256A,0.38999998569488525,0.8726047873497009
cv,train,1,P00720__A42V,3.5,4.065308570861816
cv,train,1,P00644__E149G,0.8999999761581421,1.4522942304611206
cv,train,1,P01053__E61A,0.699999988079071,1.06023371219635
cv,train,1,P00644__V186L,0.800000011920929,1.4523802995681763
cv,train,1,P00644__V156A,3.0999999046325684,3.7571544647216797
cv,train,1,P00698__P88N,2.1500000953674316,2.52280330657959
cv,train,1,P00651__V42S,4.699999809265137,5.344859600067139
cv,train,1,P04637__M340A,4.150000095367432,4.621819972991943
cv,train,1,P00644__T86A,0.20000000298023224,0.6477308869361877
cv,train,1,P00099__V35M,-0.4000000059604645,0.299471914768219
cv,train,1,P03050__E17G,0.8949999809265137,1.325397253036499
cv,train,1,P00644__I100M,0.6000000238418579,1.2048964500427246
cv,train,1,P00044__H39P,0.800000011920929,1.4034992456436157
cv,train,1,P00644__Y167L,0.10000000149011612,0.5180420875549316
cv,train,1,3PG0_A__D117P,0.0,0.4831046462059021
cv,train,1,P00648__G100A,3.4000000953674316,4.005398750305176
cv,train,1,P00720__A130G,1.9500000476837158,2.6453118324279785
cv,train,1,P00644__G161V,2.200000047683716,2.7607626914978027
cv,train,1,P00720__K85A,0.25,0.6060243248939514
cv,train,1,P03050__L19A,1.3600000143051147,1.9735339879989624
cv,train,1,2IMM_A__F38Y,-0.4000000059604645,0.23024994134902954
cv,train,1,P00644__Y173G,6.199999809265137,6.95904541015625
cv,train,1,P00644__T123C,-0.6000000238418579,-0.14992362260818481
cv,train,1,P00698__S109V,0.07999999821186066,0.698980987071991
cv,train,1,P00044__L100V,0.699999988079071,1.458057165145874
cv,train,1,P00644__Y167A,0.4000000059604645,0.9810501933097839
cv,train,1,P04179__Y58F,-6.349999904632568,-5.740987300872803
cv,train,1,P00651__S43A,-0.6200000047683716,-0.060994215309619904
cv,train,1,P05798__T82V,1.7000000476837158,2.337414503097534
cv,train,1,P00648__A79R,0.15000000596046448,0.7557019591331482
cv,train,1,P00750__V280L,1.899999976158142,2.3721861839294434
cv,train,1,P00720__F67A,1.899999976158142,2.531332492828369
cv,train,1,P02633__E21Q,-0.3799999952316284,-0.1690446138381958
cv,train,1,P00509__C180Y,1.100000023841858,1.6999107599258423
cv,train,1,P00782__G276A,-0.30000001192092896,0.31585782766342163
cv,train,1,P00644__V181I,0.15000000596046448,0.9034776091575623
cv,train,1,P04637__Q331A,0.949999988079071,1.5288325548171997
cv,train,1,P00044__K79G,0.7400000095367432,1.3281276226043701
cv,train,1,P02647__L165R,0.699999988079071,1.0323905944824219
cv,train,1,P00750__V280S,2.4000000953674316,3.0985774993896484
cv,train,1,P01053__D75N,0.0,0.4316334128379822
cv,train,1,P02185__S118A,0.30000001192092896,0.8269595503807068
cv,train,1,P04925__F174W,0.10000000149011612,0.8943502306938171
cv,train,1,P00282__V42A,1.5,2.3168721199035645
cv,train,1,P00644__V133L,0.15000000596046448,0.5951359272003174
cv,train,1,P01053__V58A,1.100000023841858,1.7210602760314941
cv,train,1,P00644__Q205F,0.6000000238418579,1.1527684926986694
cv,train,1,P00720__A129L,1.600000023841858,2.153641700744629
cv,train,1,2IMM_A__N96Q,-1.100000023841858,-0.5817345976829529
cv,train,1,P04637__D352A,1.399999976158142,1.922027349472046
cv,train,1,O74035__L118A,4.880000114440918,5.481498718261719
cv,train,1,P00644__K160A,0.5,0.9690967202186584
cv,train,1,P00509__E253K,7.300000190734863,7.5357747077941895
cv,train,1,P02945__T60A,1.0,1.6525436639785767
cv,train,1,P00592__H70K,2.6549999713897705,3.0610463619232178
cv,train,1,P00698__R86K,0.03999999910593033,0.490653932094574
cv,train,1,P00644__K179E,0.5,0.9635229706764221
cv,train,1,P00644__K91G,1.899999976158142,2.3416643142700195
cv,train,1,P00509__K63E,4.800000190734863,5.165748596191406
cv,train,1,P00648__G81R,2.5999999046325684,3.175248861312866
cv,train,1,P02417__F5V,3.990000009536743,4.458263874053955
cv,train,1,P03051__D30Y,-0.20000000298023224,0.2250576615333557
cv,train,1,P00644__P124G,0.3499999940395355,0.9800905585289001
cv,train,1,P00698__A49V,-1.2000000476837158,-0.38475197553634644
cv,train,1,P00282__I40V,0.3799999952316284,1.0999717712402344
cv,train,1,P00644__Y175F,1.899999976158142,2.3643198013305664
cv,train,1,P05798__E54Q,2.0,2.4571590423583984
cv,train,1,P00257__Y140S,0.33000001311302185,0.8122227787971497
cv,train,1,P01053__K44A,0.6499999761581421,1.0828161239624023
cv,train,1,P00644__T126S,0.0,0.5896156430244446
cv,train,1,P00644__N201G,1.149999976158142,1.7382899522781372
cv,train,1,P00644__E217G,1.600000023841858,2.2218146324157715
cv,train,1,P00929__E49M,-3.5999999046325684,-3.057934045791626
cv,train,1,P00004__L95A,3.5,4.183108806610107
cv,train,1,P02185__L30V,1.7000000476837158,2.3103384971618652
cv,train,1,P00644__V181G,4.650000095367432,5.429338455200195
cv,train,1,P00644__R208G,2.9000000953674316,3.3454627990722656
cv,train,1,P01584__N123D,-0.26499998569488525,0.2638658881187439
cv,train,1,P00648__H65G,0.5,1.0539876222610474
cv,train,1,P02633__L10V,1.9500000476837158,2.3274331092834473
cv,train,1,P01625__T100H,-0.699999988079071,-0.21971768140792847
cv,train,1,P04271__L4S,-0.800000011920929,-0.3522830605506897
cv,train,1,P00720__A93S,0.15000000596046448,0.746632993221283
cv,train,1,P04637__Y220C,4.090000152587891,4.565253257751465
cv,train,1,P00720__S44T,-0.004999999888241291,0.5969721674919128
cv,train,1,P02185__L150A,1.600000023841858,2.202139377593994
cv,train,1,P02417__V21L,1.2300000190734863,1.7238011360168457
cv,train,1,P02185__F124A,0.699999988079071,1.3417446613311768
cv,train,1,P03034__G49S,-0.6800000071525574,-0.13585740327835083
cv,train,1,P00974__D85A,0.4000000059604645,1.002553939819336
cv,train,1,P00720__G28A,2.0999999046325684,2.613760471343994
cv,train,1,P00720__I100V,0.4000000059604645,1.2485116720199585
cv,train,1,P05413__T40V,0.800000011920929,1.3359206914901733
cv,train,1,P00698__N37K,1.059999942779541,1.5689359903335571
cv,train,1,P01308__T97A,-0.1599999964237213,0.2850719094276428
cv,train,1,P00644__L119V,2.799999952316284,3.4832217693328857
cv,train,1,P00648__T73A,1.899999976158142,2.4784936904907227
cv,train,1,P06241__S124D,2.009999990463257,2.506716728210449
cv,train,1,P00094__K35E,1.100000023841858,1.656602144241333
cv,train,1,P04637__A347G,1.850000023841858,2.4541354179382324
cv,train,1,P00644__K153A,0.4000000059604645,0.9942541718482971
cv,train,1,P02751__A1594G,2.5,3.0984039306640625
cv,train,1,P04637__R335A,1.4500000476837158,2.0077009201049805
cv,train,1,P00282__L145A,1.434999942779541,2.0602357387542725
cv,train,1,P00648__G81T,3.25,3.7459592819213867
cv,train,1,P00644__K145A,0.4000000059604645,0.9500390887260437
cv,train,1,P00651__Y37F,2.069999933242798,2.597013473510742
cv,train,1,P00644__Y167F,0.10000000149011612,0.5849022269248962
cv,train,1,P00648__T53E,0.27000001072883606,0.6918930411338806
cv,train,1,P00720__A42I,4.400000095367432,4.946458339691162
cv,train,1,P01053__Q42G,0.699999988079071,1.2315938472747803
cv,train,1,P00974__F39A,3.0,3.4665513038635254
cv,train,1,P00974__M87A,1.7000000476837158,2.1093802452087402
cv,train,1,P00644__P113A,0.550000011920929,1.1521674394607544
cv,train,1,P00644__M147A,2.0,2.464482307434082
cv,train,1,P02185__H114Q,-0.10000000149011612,0.28899651765823364
cv,train,1,P01053__L52V,0.6000000238418579,1.1441023349761963
cv,train,1,P05230__V124I,0.009999999776482582,0.5872917771339417
cv,train,1,P01857__L281A,0.10000000149011612,0.7075658440589905
cv,train,1,P00644__K215G,3.200000047683716,3.769174098968506
cv,train,1,P04637__F328A,4.800000190734863,5.229814052581787
cv,train,1,P01241__E100Q,0.699999988079071,1.142747402191162
cv,train,1,P00720__E22K,-0.5849999785423279,-0.08457786589860916
cv,train,1,P00644__A227V,0.30000001192092896,0.7175437211990356
cv,train,1,P01009__K355F,1.1050000190734863,1.7616534233093262
cv,train,1,P00720__S117A,-1.2699999809265137,-0.5519275069236755
cv,train,1,P00974__I54A,2.0999999046325684,2.6687262058258057
cv,train,1,P00044__N58T,-1.350000023841858,-0.8745326995849609
cv,train,1,P00720__P86A,0.4000000059604645,1.0157736539840698
cv,train,1,P02185__F124K,1.399999976158142,2.128848075866699
cv,train,1,P05798__V2T,0.8999999761581421,1.4728708267211914
cv,train,1,P00282__I27A,3.2750000953674316,3.954850673675537
cv,train,1,P00648__Q78A,-0.10000000149011612,0.5356207489967346
cv,train,1,P00648__I98V,1.7999999523162842,2.630164623260498
cv,train,1,P02945__I58A,1.899999976158142,2.569636821746826
cv,train,1,P00698__T58S,0.27000001072883606,1.0093028545379639
cv,train,1,P00648__L80Q,1.2999999523162842,1.8057527542114258
cv,train,1,P00644__F116G,5.75,6.65329647064209
cv,train,1,P00644__T123I,-0.699999988079071,-0.3111603856086731
cv,train,1,P00648__Q151A,0.12999999523162842,0.6336768269538879
cv,train,1,P00651__Y71W,-0.7400000095367432,-0.2117544412612915
cv,train,1,P06241__A89G,1.600000023841858,2.1693124771118164
cv,train,1,P00644__L119G,3.799999952316284,4.501186370849609
cv,train,1,P00651__A47H,0.3499999940395355,0.9115418791770935
cv,train,1,P00720__N144H,0.10000000149011612,0.5082332491874695
cv,train,1,P00720__R96I,2.8499999046325684,3.398470401763916
cv,train,1,P04637__Y236F,-0.27000001072883606,0.3900830149650574
cv,train,1,P01053__S32G,-0.6499999761581421,-0.04105854779481888
cv,train,1,P00974__P48A,1.399999976158142,1.9526076316833496
cv,train,1,P02185__I29M,0.6000000238418579,1.194522738456726
cv,train,1,P00644__W222L,4.5,4.8378095626831055
cv,train,1,P00644__I174M,1.600000023841858,2.217863082885742
cv,train,1,P00648__A79N,0.5,1.1622254848480225
cv,train,1,P02751__Y1605F,2.0299999713897705,2.515958786010742
cv,train,1,P04179__Q143N,-1.2000000476837158,-0.6125862002372742
cv,train,1,P01857__V280A,0.6000000238418579,1.2190866470336914
cv,train,1,P04271__F15A,4.460000038146973,5.048222064971924
cv,train,1,P00644__I221A,3.299999952316284,3.87735915184021
cv,train,1,P06241__F109L,0.800000011920929,1.396785855293274
cv,train,1,P05230__C132V,0.30000001192092896,0.8148886561393738
cv,train,1,P00644__L219V,1.399999976158142,2.002065658569336
cv,train,1,P00644__L171V,1.399999976158142,2.0429399013519287
cv,train,1,P02185__L136I,1.5,2.0644848346710205
cv,train,1,P03040__A36S,-0.30000001192092896,0.37819892168045044
cv,train,1,P02633__D23N,-0.7400000095367432,-0.3385745882987976
cv,train,1,P00929__E49Y,0.0,0.4568353295326233
cv,train,1,P00257__C153S,-0.9599999785423279,-0.551301121711731
cv,train,1,P05413__T40E,2.4000000953674316,2.9461584091186523
cv,train,1,P00648__T152V,2.200000047683716,2.7917866706848145
cv,train,1,P00644__L96A,2.299999952316284,2.9774692058563232
cv,train,1,P02185__G66A,0.10000000149011612,0.7768315672874451
cv,train,1,3PG0_A__D109P,-0.20000000298023224,0.4549506902694702
cv,train,1,P06241__E107Q,0.7200000286102295,1.1551902294158936
cv,train,1,P04637__E343A,0.6499999761581421,1.1796915531158447
cv,train,1,P00644__T104C,0.8999999761581421,1.4857358932495117
cv,train,1,P00648__D91E,-0.20000000298023224,0.26061004400253296
cv,train,1,P00282__F130A,5.019999980926514,5.600430488586426
cv,train,1,P00644__N182G,5.0,5.856876850128174
cv,train,1,P00644__E139G,1.399999976158142,1.9867076873779297
cv,train,1,P00644__F143G,4.75,5.395603656768799
cv,train,1,P00720__T152A,1.5,2.136245012283325
cv,train,1,P00720__V131L,-0.09000000357627869,0.4709629416465759
cv,train,1,P00644__K198G,-1.0,-0.4117681384086609
cv,train,1,P00644__T164G,2.0,2.6661105155944824
cv,train,1,P03050__V22A,3.0199999809265137,3.5365209579467773
cv,train,1,P00099__E65Y,-0.6499999761581421,-0.07148785144090652
cv,train,1,P00025__K74F,1.149999976158142,1.5577260255813599
cv,train,1,P00644__R117G,2.200000047683716,2.613785743713379
cv,train,1,P00952__T51P,0.7699999809265137,1.5295792818069458
cv,train,1,P02751__V1587A,2.4200000762939453,3.005237340927124
cv,train,1,P00644__T144G,3.450000047683716,4.181534767150879
cv,train,1,P00644__Y197A,0.25,0.8831669688224792
cv,train,1,P00720__K43A,1.065000057220459,1.6497089862823486
cv,train,1,P00644__T164C,0.10000000149011612,0.6774019598960876
cv,train,1,P04637__I195T,4.119999885559082,4.735518932342529
cv,train,1,P03050__D20G,2.0950000286102295,2.688771963119507
cv,train,1,P00648__A79Q,0.4000000059604645,1.1136159896850586
cv,train,1,P00644__R169G,2.5,3.094372510910034
cv,train,1,P00940__Q179A,-0.10000000149011612,0.5525619983673096
cv,train,1,P06241__E107H,0.9950000047683716,1.3763976097106934
cv,train,1,P00648__D55A,0.8500000238418579,1.4352344274520874
cv,train,1,P00929__E49N,-0.3499999940395355,0.16358298063278198
cv,train,1,P00644__V181E,6.75,7.497737884521484
cv,train,1,P00644__K166A,-0.15000000596046448,0.26683133840560913
cv,train,1,P00644__N182A,4.800000190734863,5.671654224395752
cv,train,1,P00698__I73T,4.099999904632568,4.676060676574707
cv,train,1,P01051__L27A,0.18000000715255737,0.7610175013542175
cv,train,1,P00644__K160Q,0.10000000149011612,0.5004680752754211
cv,train,1,P01009__K411R,-0.949999988079071,-0.27518409490585327
cv,train,1,P00929__G211S,-0.20000000298023224,0.37499338388442993
cv,train,1,P00651__V104A,4.090000152587891,4.725891590118408
cv,train,1,P05798__N39S,2.299999952316284,2.993844509124756
cv,train,1,P00644__D122A,-0.30000001192092896,0.3729775547981262
cv,train,1,P03050__Q39A,-0.10000000149011612,0.40338486433029175
cv,train,1,P00648__E76S,1.2000000476837158,1.63558030128479
cv,train,1,O74035__E8A,-2.450000047683716,-1.9467459917068481
cv,train,1,P01241__E100T,1.100000023841858,1.6578909158706665
cv,train,1,P01053__K44G,3.25,3.594625473022461
cv,train,1,P00171__V50Y,1.5399999618530273,1.9262787103652954
cv,train,1,P00644__I174A,4.0,4.7479143142700195
cv,train,1,P01053__K38A,-0.2199999988079071,0.35386401414871216
cv,train,1,P00651__A47R,0.4099999964237213,1.0981178283691406
cv,train,1,P01053__E34D,0.5199999809265137,1.0207152366638184
cv,train,1,P03034__A21G,-0.8999999761581421,-0.1632208228111267
cv,train,1,P00644__K153F,0.0,0.4717482924461365
cv,train,1,P00644__K110Q,0.30000001192092896,0.6918331980705261
cv,train,1,P00720__D20S,-0.44999998807907104,0.12285589426755905
cv,train,1,P00818__E84D,1.5,1.9946362972259521
cv,train,1,P00509__C181A,1.2000000476837158,1.8022302389144897
cv,train,1,P00720__I3V,0.5,1.2311935424804688
cv,train,1,P00974__G47D,4.300000190734863,4.734867572784424
cv,train,1,P00644__D159N,2.700000047683716,3.4424405097961426
cv,train,1,P00918__I255C,0.30000001192092896,0.9766371846199036
cv,train,1,P00644__Q162A,0.05000000074505806,0.5841602683067322
cv,train,1,P00509__C258A,1.7000000476837158,2.263913154602051
cv,train,1,P02185__K141A,-0.42500001192092896,0.01061420887708664
cv,train,1,P02751__P1601A,0.35499998927116394,0.8869627118110657
cv,train,1,P03050__R13A,0.6000000238418579,0.9587963223457336
cv,train,1,P04271__M8A,2.0,2.5595078468322754
cv,train,1,P01053__P26A,1.5700000524520874,2.1482999324798584
cv,train,1,P02185__A126L,-0.5,0.015044264495372772
cv,train,1,P00974__C65T,7.800000190734863,8.258223533630371
cv,train,1,P00698__T136P,1.850000023841858,2.423081398010254
cv,train,1,P00720__S117I,-1.5499999523162842,-1.0196000337600708
cv,train,1,P00644__Y109V,2.5999999046325684,3.155829668045044
cv,train,1,P02185__L136V,2.200000047683716,2.8008875846862793
cv,train,1,P00644__K218G,0.0,0.47616344690322876
cv,train,1,P00257__T112A,1.309999942779541,1.8337929248809814
cv,train,1,P00644__K145F,1.7999999523162842,2.512911319732666
cv,train,1,P00644__K160E,0.699999988079071,1.1744509935379028
cv,train,1,P00698__M123T,0.6200000047683716,1.3619002103805542
cv,train,1,P00720__T157F,3.5999999046325684,3.942652940750122
cv,train,1,P01053__D72A,3.3499999046325684,3.8411567211151123
cv,train,1,P02417__K7M,-0.3499999940395355,-0.00508321076631546
cv,train,1,P00720__M106A,2.0,2.574042320251465
cv,train,1,P00698__S109A,0.15000000596046448,0.8036080002784729
cv,train,1,P00644__H90A,0.4000000059604645,0.8263031244277954
cv,train,1,P00648__Y144G,6.599999904632568,7.305872917175293
cv,train,1,P00648__S132A,0.11999999731779099,0.7041592001914978
cv,train,1,P03034__Y23H,2.25,2.7457075119018555
cv,train,1,P03050__G3A,-0.30000001192092896,0.12173085659742355
cv,train,1,P00644__V193I,0.699999988079071,1.3938429355621338
cv,train,1,P01053__S32A,-0.75,-0.24915170669555664
cv,train,1,P00644__V186I,-0.25,0.4511823058128357
cv,train,1,P00644__I100L,0.15000000596046448,0.7723247408866882
cv,train,1,P05230__L59W,0.10000000149011612,0.6516560912132263
cv,train,1,P00644__V156S,5.400000095367432,5.996799468994141
cv,train,1,P00282__I27S,3.9000000953674316,4.427191734313965
cv,train,1,P00644__D225A,0.10000000149011612,0.5426033139228821
cv,train,1,P00004__L95V,1.0,1.655423879623413
cv,train,1,P00644__E139C,0.6499999761581421,1.0961662530899048
cv,train,1,P01053__V80G,3.200000047683716,3.8529882431030273
cv,train,1,P00720__M102A,2.8499999046325684,3.349912166595459
cv,train,1,P00952__I52L,-0.05000000074505806,0.5982410311698914
cv,train,1,P00644__P93F,0.550000011920929,1.0780893564224243
cv,train,1,P00644__V121T,1.2999999523162842,2.04770565032959
cv,train,1,P04637__F328L,2.450000047683716,2.73976469039917
cv,train,1,P00509__E3A,3.4000000953674316,3.826812744140625
cv,train,1,P00644__A212G,1.0,1.6867332458496094
cv,train,1,P00644__P138A,0.0,0.6689868569374084
cv,train,1,P00282__I40T,2.0999999046325684,2.706674575805664
cv,train,1,P00644__V148I,0.8999999761581421,1.5017852783203125
cv,train,1,P00720__I50M,0.800000011920929,1.3695805072784424
cv,train,1,P00651__Q51K,-0.9300000071525574,-0.45334023237228394
cv,train,1,P03050__N11A,-0.5,-0.01726413518190384
cv,train,1,P06241__E107G,2.2950000762939453,2.752643585205078
cv,train,1,P00720__R96D,2.9000000953674316,3.635559558868408
cv,train,1,P03051__D30V,0.4000000059604645,0.8072250485420227
cv,train,1,P00929__E49C,-2.799999952316284,-2.2065322399139404
cv,train,1,P01236__H55A,-0.699999988079071,-0.12476403266191483
cv,train,1,P00644__T115G,2.5,3.177088499069214
cv,train,1,P01625__K71T,2.299999952316284,2.842052459716797
cv,train,1,P00720__E45A,-0.25,0.2960030436515808
cv,train,1,P00720__N116A,-0.1850000023841858,0.39337486028671265
cv,train,1,P01053__K31A,-0.41999998688697815,0.034705810248851776
cv,train,1,P00644__V196T,0.30000001192092896,0.8953454494476318
cv,train,1,P01308__T97H,-1.7599999904632568,-1.2940599918365479
cv,train,1,P03040__Y26V,-0.699999988079071,-0.2008994221687317
cv,train,1,P06241__L101I,0.699999988079071,1.2984907627105713
cv,train,1,P06241__E107T,0.6000000238418579,1.0575220584869385
cv,train,1,P00644__G132A,-0.20000000298023224,0.3691588044166565
cv,train,1,P00720__K60H,0.30000001192092896,0.7855725884437561
cv,train,1,P00698__R39Q,0.15000000596046448,0.5468339920043945
cv,train,1,P00644__E224A,0.30000001192092896,0.7625223994255066
cv,train,1,P00644__G102A,0.20000000298023224,0.916958749294281
cv,train,1,P00644__H206L,-1.2999999523162842,-0.712405264377594
cv,train,1,P00644__K127Q,-0.05000000074505806,0.3164084553718567
cv,train,1,P00094__Y96C,1.5,1.9621331691741943
cv,train,1,P03050__R31A,3.4000000953674316,3.856719970703125
cv,train,1,P01584__N123G,2.200000047683716,2.7408573627471924
cv,train,1,P04637__L344I,0.800000011920929,1.4181632995605469
cv,train,1,P00929__E49T,-0.949999988079071,-0.3475034236907959
cv,train,1,P00004__N53I,3.0999999046325684,3.5821380615234375
cv,train,1,P04637__R175A,0.7300000190734863,1.4455641508102417
cv,train,1,P02751__S1622A,-0.10499999672174454,0.2973260283470154
cv,train,1,P00720__T34A,0.20000000298023224,0.8611175417900085
cv,train,1,P00720__A82S,0.25,0.887489378452301
cv,train,1,P00720__S44F,-0.07999999821186066,0.35047346353530884
cv,train,1,P00644__V133S,0.10000000149011612,0.7015987038612366
cv,train,1,P00720__L91M,0.75,1.2801200151443481
cv,train,1,P00644__E217F,1.100000023841858,1.6416923999786377
cv,train,1,P00711__V61A,0.9150000214576721,1.5408356189727783
cv,train,1,P00644__V121S,2.4000000953674316,3.1108503341674805
cv,train,1,P02633__I77V,1.4149999618530273,1.9713879823684692
cv,train,1,P00648__T126V,-0.25,0.27707260847091675
cv,train,1,P00644__L107E,7.800000190734863,8.458820343017578
cv,train,1,P00644__A94V,1.100000023841858,1.6800273656845093
cv,train,1,P05230__G77N,0.8949999809265137,1.526872992515564
cv,train,1,P05798__Y51F,2.299999952316284,2.854537010192871
cv,train,1,P03050__I51A,1.899999976158142,2.3352010250091553
cv,train,1,P00644__M108G,1.899999976158142,2.4541659355163574
cv,train,1,P02185__F124T,3.049999952316284,3.6439404487609863
cv,train,1,P05798__V36T,1.2999999523162842,1.8761780261993408
cv,train,1,P00929__E49H,-2.799999952316284,-2.247811794281006
cv,train,1,P00648__G99A,5.300000190734863,5.7501397132873535
cv,train,1,P00720__A74P,4.699999809265137,5.453819751739502
cv,train,1,P01009__A31I,-0.800000011920929,-0.4623635411262512
cv,train,1,P01053__V54T,1.0299999713897705,1.557436227798462
cv,train,1,P00648__H149A,0.23999999463558197,0.7964935898780823
cv,train,1,P00644__N150G,0.4000000059604645,1.020356297492981
cv,train,1,P03051__D30W,0.4000000059604645,0.7969621419906616
cv,train,1,P03051__D30R,-0.800000011920929,-0.3052492141723633
cv,train,1,P02751__I1571A,4.900000095367432,5.505129337310791
cv,train,1,P00711__I78W,0.9150000214576721,1.4176809787750244
cv,train,1,P00644__T126C,0.20000000298023224,0.6458532214164734
cv,train,1,P00720__M102L,0.8999999761581421,1.527019739151001
cv,train,1,P03050__R16A,-0.20000000298023224,0.29806339740753174
cv,train,1,P00648__G81N,2.700000047683716,3.296617031097412
cv,train,1,P01053__K38G,0.9800000190734863,1.5649745464324951
cv,train,1,P00644__T144V,0.20000000298023224,0.880060613155365
cv,train,1,P05230__V124L,0.6000000238418579,1.214599609375
cv,train,1,P05798__D25H,-0.8999999761581421,-0.306704580783844
cv,train,1,P00648__I102T,1.100000023841858,1.8024417161941528
cv,train,1,P00720__L66M,1.0,1.562744140625
cv,train,1,P00648__E76Q,0.20000000298023224,0.5860525965690613
cv,train,1,P00651__Y83F,0.4699999988079071,1.021719217300415
cv,train,1,P02185__L136M,0.800000011920929,1.2708775997161865
cv,train,1,P00644__G111V,3.0,3.4635672569274902
cv,train,1,P00720__D127A,-0.20000000298023224,0.4764787554740906
cv,train,1,P00644__T95V,0.3499999940395355,0.899753987789154
cv,train,1,P00648__V57T,2.4800000190734863,3.076488733291626
cv,train,1,P00648__V92A,1.659999966621399,2.2632343769073486
cv,train,1,P02751__Y1629A,1.100000023841858,1.6149532794952393
cv,train,1,P00720__E11A,-1.100000023841858,-0.6309834122657776
cv,train,1,P02751__I1625V,0.32499998807907104,0.8807575106620789
cv,train,1,P00698__R91K,-0.23000000417232513,0.2368343472480774
cv,train,1,P03034__P79A,1.600000023841858,2.233572483062744
cv,train,1,P00698__D119A,-0.7599999904632568,-0.13340061902999878
cv,train,1,P00004__H34F,-0.699999988079071,-0.09898466616868973
cv,train,1,P00929__E49S,-0.800000011920929,-0.20403307676315308
cv,train,1,P00720__L121M,0.5,0.9916144013404846
cv,train,1,P00720__L91A,2.5999999046325684,3.313159227371216
cv,train,1,P02417__L6A,3.0999999046325684,3.623408555984497
cv,train,1,P01009__A272I,-2.049999952316284,-1.382742166519165
cv,train,1,P00644__Y136L,3.3499999046325684,3.824636936187744
cv,train,1,P00720__I3G,2.0,2.5562996864318848
cv,train,1,P00651__V104C,3.684999942779541,4.273062229156494
cv,train,1,P02185__T68A,0.30000001192092896,0.892061173915863
cv,train,1,P00648__T53S,0.25999999046325684,0.8776938319206238
cv,train,1,P00644__K216F,0.3499999940395355,0.8505993485450745
cv,train,1,P00720__R96C,2.9000000953674316,3.558422088623047
cv,train,1,P00563__D122N,1.190000057220459,1.9539176225662231
cv,train,1,P00644__L89F,1.2000000476837158,1.6510381698608398
cv,train,1,P00720__S44Y,-0.19499999284744263,0.25954729318618774
cv,train,1,P01009__V79I,0.20000000298023224,0.8211036324501038
cv,train,1,P03051__D30T,0.4000000059604645,0.8448650240898132
cv,train,1,P01241__E100L,1.0,1.3987617492675781
cv,train,1,P00644__D101N,0.15000000596046448,0.6810492873191833
cv,train,1,P00651__P99V,-2.069999933242798,-1.5005098581314087
cv,train,1,P00044__P77T,1.7000000476837158,2.149723529815674
cv,train,1,P00644__L185G,6.099999904632568,6.7753071784973145
cv,train,1,P02185__D61A,0.125,0.7741091847419739
cv,train,1,P00712__I108V,0.8999999761581421,1.6058051586151123
cv,train,1,P02417__L6V,0.4099999964237213,1.0105540752410889
cv,train,1,P03050__V18A,0.6449999809265137,1.2173917293548584
cv,train,1,P00644__K146G,0.4000000059604645,0.9660773873329163
cv,train,1,P05413__F58S,3.015000104904175,3.4427099227905273
cv,train,1,P01053__E34N,0.6000000238418579,1.1047306060791016
cv,train,1,P00974__G92A,0.20000000298023224,0.7309138178825378
cv,train,1,P00929__P132G,0.800000011920929,1.3935394287109375
cv,train,1,P00644__L171I,1.100000023841858,1.6960488557815552
cv,train,1,P00644__D228A,0.20000000298023224,0.5421309471130371
cv,train,1,P05230__F147W,0.30000001192092896,0.931827962398529
cv,train,1,P00818__I76V,1.399999976158142,2.0710320472717285
cv,train,1,P00644__D225G,0.20000000298023224,0.663607656955719
cv,train,1,P01857__F288A,2.5,3.0228090286254883
cv,train,1,P00648__Y71F,-0.09000000357627869,0.3749315142631531
cv,train,1,P00720__R96A,2.0,2.602975368499756
cv,train,1,P03069__R273A,1.659999966621399,2.205592155456543
cv,train,1,P04637__S260P,0.3199999928474426,0.7386292815208435
cv,train,1,P02185__I29L,0.6000000238418579,1.2050070762634277
cv,train,1,P01053__V67A,4.90500020980835,5.415060520172119
cv,train,1,P03050__E27A,-0.4000000059604645,0.022947482764720917
cv,train,1,P00648__R116M,2.450000047683716,2.855942487716675
cv,train,1,P00644__L120V,0.15000000596046448,0.7792825102806091
cv,train,1,P03051__D30N,-0.800000011920929,-0.35839956998825073
cv,train,1,P00648__D59G,0.8999999761581421,1.4989914894104004
cv,train,1,P00644__T123A,0.0,0.56558758020401
cv,train,1,P02751__Y1573A,2.0,2.440828323364258
cv,train,1,P02185__L30M,-0.10000000149011612,0.4419322609901428
cv,train,1,P00257__H114T,1.2000000476837158,1.6111774444580078
cv,train,1,P00720__L66P,9.664999961853027,10.197410583496094
cv,train,1,P02945__Y56A,1.2999999523162842,2.0382070541381836
cv,train,1,P00644__P129F,0.30000001192092896,0.6564694046974182
cv,train,1,P01053__A36G,1.149999976158142,1.981365442276001
cv,train,1,P00648__R116S,2.759999990463257,3.105222702026367
cv,train,1,1YYX_A__I98A,3.799999952316284,4.409392833709717
cv,train,1,P02185__Q9A,-0.949999988079071,-0.4043962359428406
cv,train,1,P00720__M6A,1.600000023841858,2.0702929496765137
cv,train,1,P00044__K79L,0.029999999329447746,0.5124726891517639
cv,train,1,P00720__D20T,-0.75,-0.23647397756576538
cv,train,1,P00720__M106L,-0.25,0.34397953748703003
cv,train,1,P00698__R132H,-0.6800000071525574,-0.3223083019256592
cv,train,1,P00720__H31N,4.0,4.567173957824707
cv,train,1,P00720__V75T,0.8999999761581421,1.5555509328842163
cv,train,1,P00720__N68A,0.05000000074505806,0.6190316081047058
cv,train,1,P00651__V115S,4.885000228881836,5.57501745223999
cv,train,1,P04637__E326A,1.0,1.4275119304656982
cv,train,1,P00651__A47G,1.0,1.6877541542053223
cv,train,1,P00918__C205S,-0.10000000149011612,0.5311324000358582
cv,train,1,P00648__Q62A,0.20000000298023224,0.8777242302894592
cv,train,1,P00644__S210G,1.5,2.227959632873535
cv,train,1,P02633__P24G,1.190000057220459,1.6911336183547974
cv,train,1,P00929__G234D,-1.7000000476837158,-1.1196926832199097
cv,train,1,P00720__V149I,0.10000000149011612,0.8019861578941345
cv,train,1,P02185__I143L,-0.6000000238418579,0.0884508416056633
cv,train,1,P00648__T147G,2.799999952316284,3.4636945724487305
cv,train,1,P02185__L138A,0.30000001192092896,0.9882691502571106
cv,train,1,P00282__I40A,1.7999999523162842,2.4903297424316406
cv,train,1,P00720__S44H,-0.019999999552965164,0.37154752016067505
cv,train,1,P04637__Q104H,-0.23999999463558197,0.11832945793867111
cv,train,1,P00974__G71D,2.799999952316284,3.2905092239379883
cv,train,1,P00651__E84A,-0.4000000059604645,0.07226472347974777
cv,train,1,P00720__I3Y,2.450000047683716,2.945885181427002
cv,train,1,P00648__A79E,0.20000000298023224,0.8224241137504578
cv,train,1,P04271__I12A,-1.2899999618530273,-0.3329956531524658
cv,train,1,P00644__G137V,1.5,1.9609454870224
cv,train,1,P00044__N58A,-2.484999895095825,-1.9573891162872314
cv,train,1,P00974__I53A,1.5,2.0759706497192383
cv,train,1,P00929__E49I,-6.550000190734863,-6.025393962860107
cv,train,1,P00929__F22I,4.190000057220459,4.734896659851074
cv,train,1,P00974__G47V,4.099999904632568,4.453691482543945
cv,train,1,P05798__D79H,-1.75,-1.3594224452972412
cv,train,1,P00651__Y68W,0.14000000059604645,0.8251364827156067
cv,train,1,P00818__G46A,1.7000000476837158,2.2117040157318115
cv,train,1,P00644__M147I,1.399999976158142,1.8743377923965454
cv,train,1,P00644__L107V,1.7999999523162842,2.5135045051574707
cv,train,1,P00044__K79H,1.4249999523162842,1.815730094909668
cv,train,1,P00648__H65S,2.1500000953674316,2.6602706909179688
cv,train,1,P05230__C132I,-0.36000001430511475,0.08882277458906174
cv,train,1,P00651__Y50W,-0.7699999809265137,0.06983368843793869
cv,train,1,P00720__M106I,-0.10000000149011612,0.40959256887435913
cv,train,1,P00648__Y60A,3.5,4.0752339363098145
cv,train,1,P00720__V131D,-0.07999999821186066,0.4851987957954407
cv,train,1,P00644__K160G,1.100000023841858,1.631892442703247
cv,train,1,P02945__P50A,0.20000000298023224,0.7466047406196594
cv,train,1,P00644__T115A,1.399999976158142,2.039167881011963
cv,train,1,P00644__G132F,0.550000011920929,0.9232346415519714
cv,train,1,P00644__G178V,3.700000047683716,4.338209629058838
cv,train,1,P00720__M120Y,0.4000000059604645,0.9654695391654968
cv,train,1,P00644__M180L,2.299999952316284,2.749127149581909
cv,train,1,P02185__L30I,1.100000023841858,1.648315191268921
cv,train,1,P00044__N58L,-4.264999866485596,-3.770132541656494
cv,train,1,P00648__I51V,1.100000023841858,1.6805366277694702
cv,train,1,P00644__K130F,0.4000000059604645,0.798061192035675
cv,train,1,P00720__L121A,2.700000047683716,3.3742592334747314
cv,train,1,P00644__E134G,0.3499999940395355,0.7331473231315613
cv,train,1,P00974__K61A,0.0,0.46925443410873413
cv,train,1,P00929__P207A,1.5,2.040489912033081
cv,train,1,P00644__N200D,2.3499999046325684,3.054440498352051
cv,train,1,P03050__R16G,1.0750000476837158,1.527139663696289
cv,train,1,P00712__W45F,2.25,2.8330070972442627
cv,train,1,P00720__V131T,0.10999999940395355,0.750196635723114
cv,train,1,P06241__W120V,1.0,1.567414402961731
cv,train,1,P00644__I154M,1.7999999523162842,2.4777698516845703
cv,train,1,P00720__A129V,0.75,1.569554328918457
cv,train,1,P00044__T102A,-0.8999999761581421,-0.17564719915390015
cv,train,1,P04637__F341I,4.449999809265137,4.898287296295166
cv,train,1,P00720__V111I,0.800000011920929,1.3961631059646606
cv,train,1,P05413__F65S,3.799999952316284,4.344004154205322
cv,train,1,P00648__W141L,0.8299999833106995,1.1989593505859375
cv,train,1,P05413__F17Y,3.0199999809265137,3.6590323448181152
cv,train,1,P02945__T59A,2.200000047683716,2.782252311706543
cv,train,1,P00644__Y109N,3.799999952316284,4.465583801269531
cv,train,1,P00648__Y125F,1.375,1.9207110404968262
cv,train,1,P00644__K152W,0.4000000059604645,0.8440178036689758
cv,train,1,P03958__W264F,-8.640000343322754,-8.015556335449219
cv,train,1,P00644__H203A,2.9000000953674316,3.4802770614624023
cv,train,1,P00818__V52A,1.899999976158142,2.7126355171203613
cv,train,1,1YYX_A__F65A,2.5,3.2153067588806152
cv,train,1,P00974__F68L,2.0,2.4819488525390625
cv,train,1,P00644__V133A,0.20000000298023224,0.8658738732337952
cv,train,1,P00720__V103A,1.7549999952316284,2.3791346549987793
cv,train,1,P00648__H65R,1.0499999523162842,1.4101895093917847
cv,train,1,P00720__A129W,3.200000047683716,3.9152653217315674
cv,train,1,P00720__F104A,2.700000047683716,3.2959303855895996
cv,train,1,P00720__L118A,3.3499999046325684,3.8855152130126953
cv,train,1,P00918__E117A,4.699999809265137,5.132664203643799
cv,train,1,P00720__R96L,3.200000047683716,3.8820998668670654
cv,train,1,P00720__I17A,2.700000047683716,3.334062099456787
cv,train,1,P00648__Y64A,2.0999999046325684,2.8161139488220215
cv,train,1,P00644__D103N,-1.399999976158142,-0.7417100071907043
cv,train,1,P00974__Y70G,5.0,5.52791166305542
cv,train,1,P01053__E34A,-0.6000000238418579,-0.03604073077440262
cv,train,1,P01236__H58A,-2.5999999046325684,-1.917898416519165
cv,train,1,P02751__I1557V,0.30000001192092896,0.9591144919395447
cv,train,1,P00044__G7A,1.2999999523162842,1.8930869102478027
cv,train,1,P00929__A18G,2.0999999046325684,2.691568374633789
cv,train,1,P00644__P199L,-0.20000000298023224,0.17481547594070435
cv,train,1,P00974__Y70A,4.699999809265137,5.188658237457275
cv,train,1,P00720__S44N,0.11999999731779099,0.5841174721717834
cv,train,1,P00651__V42A,2.25,3.0171220302581787
cv,train,1,P02625__H27P,-1.25,-0.6976416707038879
cv,train,1,P00818__E30D,3.5,4.152786731719971
cv,train,1,P00818__P55A,0.5,1.0475988388061523
cv,train,1,P05413__L67G,3.700000047683716,4.324953556060791
cv,train,1,P00644__I97V,0.800000011920929,1.57463800907135
cv,train,1,P00644__I97L,0.6000000238418579,1.20779287815094
cv,train,1,P00644__K110F,0.800000011920929,1.298648476600647
cv,train,1,P02693__I24C,-1.100000023841858,-0.7463246583938599
cv,train,1,P00720__L32A,3.0,3.6910712718963623
cv,train,1,P00044__A13L,-0.30000001192092896,0.30358511209487915
cv,train,1,P00004__H27V,3.799999952316284,4.220703125
cv,train,1,P00644__E125A,-0.30000001192092896,0.2506088614463806
cv,train,1,P00644__V193G,4.800000190734863,5.3200201988220215
cv,train,1,P01006__M104K,-0.3499999940395355,-0.1391797661781311
cv,train,1,P03069__E259Q,0.7400000095367432,1.0405014753341675
cv,train,1,P00644__I154V,1.7999999523162842,2.534101963043213
cv,train,1,P03050__R23G,1.5700000524520874,2.0489792823791504
cv,train,1,P00644__V186S,4.900000095367432,5.590148448944092
cv,train,1,P03034__Q45Y,0.019999999552965164,0.4799168109893799
cv,train,1,P00644__E204F,0.699999988079071,1.30375337600708
cv,train,1,P00918__H107A,8.300000190734863,8.785799026489258
cv,train,1,O74035__I56A,3.684999942779541,4.334173202514648
cv,train,1,P01006__M104E,-0.5600000023841858,-0.2612246870994568
cv,train,1,P00282__V51T,2.5999999046325684,3.2634615898132324
cv,train,1,P05230__C132S,0.6000000238418579,1.1156247854232788
cv,train,1,P05230__L59P,-0.6899999976158142,-0.09530044347047806
cv,train,1,P00918__H107N,5.400000095367432,6.023397922515869
cv,train,1,P00644__K145Q,0.8999999761581421,1.3552738428115845
cv,train,1,P00644__M180I,4.400000095367432,4.859184265136719
cv,train,1,P00644__D101A,0.10000000149011612,0.702705442905426
cv,train,1,P02417__H106Q,1.3350000381469727,1.6419148445129395
cv,train,1,P04637__A129S,0.1899999976158142,0.6832008957862854
cv,train,1,P00644__F158W,1.0,1.6066220998764038
cv,train,1,P00651__H118A,1.059999942779541,1.625267744064331
cv,train,1,P05413__W9E,3.799999952316284,4.293722629547119
cv,train,1,P00698__I73M,2.2699999809265137,2.8008079528808594
cv,train,1,P01236__H201A,-0.10000000149011612,0.44131726026535034
cv,train,1,P00644__E155A,1.399999976158142,1.9932420253753662
cv,train,1,P02185__I143V,0.10000000149011612,0.853605329990387
cv,train,1,P00720__L84A,3.700000047683716,4.306630611419678
cv,train,1,P00651__V78T,3.5999999046325684,4.136790752410889
cv,train,1,P00918__H107Y,9.199999809265137,9.59891414642334
cv,train,1,P00648__T53P,3.140000104904175,3.7643003463745117
cv,train,1,P00712__I114V,1.7000000476837158,2.4315438270568848
cv,train,1,P01053__T23G,1.159999966621399,1.7751888036727905
cv,train,1,P04925__V209I,0.18000000715255737,0.8682968020439148
cv,train,1,P00651__A47N,-0.3400000035762787,0.3410951495170593
cv,train,1,P00644__K153G,1.100000023841858,1.7099368572235107
cv,train,1,P05230__L88V,1.4800000190734863,1.9990267753601074
cv,train,1,P00644__L207V,2.299999952316284,2.9053049087524414
cv,train,1,P00651__N35A,0.800000011920929,1.459073543548584
cv,train,1,P00720__L39A,0.8999999761581421,1.554840326309204
cv,train,1,P02945__K53A,0.30000001192092896,0.7886119484901428
cv,train,1,P00644__I100G,2.549999952316284,3.3672807216644287
cv,train,1,P00644__V105S,4.699999809265137,5.422790050506592
cv,train,1,P02631__P22A,0.699999988079071,1.293797492980957
cv,train,1,P00644__Y109G,5.300000190734863,5.867386817932129
cv,train,1,P00282__Y128A,3.5899999141693115,4.2602620124816895
cv,train,1,P02945__L71A,-0.30000001192092896,0.49786895513534546
cv,train,1,P03050__R13G,-0.33000001311302185,0.02807348221540451
cv,train,1,P00644__K192G,2.700000047683716,3.2114391326904297
cv,train,1,O74035__L33A,4.21999979019165,4.755462169647217
cv,train,1,P00644__I97A,2.6500000953674316,3.3550753593444824
cv,train,1,P00644__Q188A,-0.15000000596046448,0.3967069983482361
cv,train,1,P01625__K56R,0.800000011920929,1.201780915260315
cv,train,1,P00711__L129R,-0.41499999165534973,0.011784248054027557
cv,train,1,P00644__L207E,6.150000095367432,6.730353355407715
cv,train,1,P00648__A79W,1.0499999523162842,1.6721887588500977
cv,train,1,P00644__K131G,0.20000000298023224,0.5750095844268799
cv,train,1,P00644__K146A,-0.15000000596046448,0.4257872700691223
cv,train,1,P00929__E49P,-0.699999988079071,-0.007358379662036896
cv,train,1,P03050__M42A,3.2850000858306885,3.675323486328125
cv,train,1,P00644__V196S,0.0,0.5853284001350403
cv,train,1,P00929__I232V,1.5,2.1348257064819336
cv,train,1,P00974__G72D,1.7000000476837158,2.242182493209839
cv,train,1,P01009__A31V,-0.5,-0.16258740425109863
cv,val,1,P00648__Y64S,2.299999952316284,3.6310532093048096
cv,val,1,P00698__G67N,1.4800000190734863,2.2945752143859863
cv,val,1,P02945__M69A,-1.399999976158142,0.00468706339597702
cv,val,1,P00720__F104M,0.75,1.2442269325256348
cv,val,1,P00644__K130G,-0.20000000298023224,-0.12569111585617065
cv,val,1,P00644__K110A,0.699999988079071,1.2098596096038818
cv,val,1,P00648__T73H,4.300000190734863,3.2750048637390137
cv,val,1,P00782__M157F,-0.47999998927116394,2.194579601287842
cv,val,1,P00711__V61G,1.125,2.507505416870117
cv,val,1,P00651__V78S,4.900000095367432,4.4753031730651855
cv,val,1,P01053__T56S,0.25999999046325684,-0.864040195941925
cv,val,1,P00720__S44M,-0.3149999976158142,0.692093551158905
cv,val,1,P00644__Q188G,1.5,1.7719367742538452
cv,val,1,O74035__D135A,-2.200000047683716,2.9869167804718018
cv,val,1,P00648__T53D,-0.10999999940395355,1.512657642364502
cv,val,1,P01009__Y184A,0.20000000298023224,4.754854679107666
cv,val,1,P00782__Q313C,-1.25,-0.09389526396989822
cv,val,1,P02945__D49A,0.8999999761581421,1.279683232307434
cv,val,1,P00644__T164I,-0.5,0.8364272713661194
cv,val,1,P00648__D59A,-0.05000000074505806,0.8782081007957458
cv,val,1,P00651__N70A,2.0,1.5287226438522339
cv,val,1,P00257__H114Q,1.7000000476837158,1.4684888124465942
cv,val,1,P01009__W262F,-1.0,3.0464558601379395
cv,val,1,P00282__L53A,1.6699999570846558,1.8856968879699707
cv,val,1,P00644__K127G,-0.20000000298023224,0.5901395678520203
cv,val,1,P00171__F40H,3.109999895095825,1.2687828540802002
cv,val,1,P00720__L99V,2.049999952316284,3.747251510620117
cv,val,1,P00644__V156E,7.699999809265137,6.339573860168457
cv,val,1,P00644__D122G,0.4000000059604645,0.6667446494102478
cv,val,1,P00644__K131A,0.30000001192092896,0.870926022529602
cv,val,1,P00929__E49F,-2.9000000953674316,0.2611144185066223
cv,val,1,P00974__D38A,-0.20000000298023224,0.2948213219642639
cv,val,1,P00644__M147L,0.699999988079071,1.2129783630371094
cv,val,1,P00644__S141A,-0.30000001192092896,0.7181901335716248
cv,val,1,O74035__D105A,-1.5800000429153442,1.5376707315444946
cv,val,1,P00648__T63A,0.3499999940395355,2.6383886337280273
cv,val,1,P03050__E27G,0.574999988079071,2.2704334259033203
cv,val,1,P00644__V156T,3.799999952316284,2.5275509357452393
cv,val,1,P04637__L145Q,2.9800000190734863,3.0783371925354004
cv,val,1,P00644__E155F,0.8999999761581421,1.9037779569625854
cv,val,1,P00974__R88A,0.10000000149011612,1.0298795700073242
cv,val,1,P00644__V121I,-0.10000000149011612,0.5407342314720154
cv,val,1,P00644__V105L,0.05000000074505806,1.1503379344940186
cv,val,1,P03050__L19Q,1.350000023841858,0.4606432318687439
cv,val,1,P00720__S117F,-1.100000023841858,0.6691452860832214
cv,val,1,P00720__N144D,-0.4000000059604645,-0.382392942905426
cv,val,1,P00644__F158V,0.0,3.5309581756591797
cv,val,1,P01236__H223A,0.0,1.7656089067459106
cv,val,1,P00720__F153C,2.8550000190734863,1.6619887351989746
cv,val,1,P00720__M106K,3.450000047683716,4.38052225112915
cv,val,1,P00974__T89A,0.10000000149011612,0.5446144938468933
cv,val,1,P00644__E183G,2.5999999046325684,2.2985191345214844
cv,val,1,P04637__R175H,3.255000114440918,1.1515661478042603
cv,val,1,P02185__K57A,0.22499999403953552,0.7250058054924011
cv,val,1,P00720__L33M,2.299999952316284,0.6845976710319519
cv,val,1,P00807__D170N,0.41499999165534973,2.0052261352539062
cv,val,1,P00644__I100V,1.0,1.2634905576705933
cv,val,1,P00720__V87I,0.44999998807907104,0.8961228728294373
cv,val,1,P01625__N54F,2.75,1.2757551670074463
cv,val,1,P01009__A55I,-0.8999999761581421,-0.7074036002159119
cv,val,1,P03050__P8A,-2.9000000953674316,1.0262280702590942
cv,val,1,P02417__L30V,3.619999885559082,2.6618621349334717
cv,val,1,P00750__V280T,1.0,1.6936964988708496
cv,val,1,P00644__I174V,0.5,1.2490243911743164
cv,val,1,P00282__A102G,2.0350000858306885,2.0045974254608154
cv,val,1,P02185__V69T,0.4000000059604645,2.4876675605773926
cv,val,1,P00644__E125G,-0.5,0.5437508225440979
cv,val,1,P00720__R96H,3.049999952316284,1.0354127883911133
cv,val,1,P02185__E19A,0.6000000238418579,0.2510583996772766
cv,val,1,P00644__N182E,1.7999999523162842,2.8119192123413086
cv,val,1,P05798__D79R,-2.700000047683716,-0.770317018032074
cv,val,1,P05798__Y55F,0.6000000238418579,1.695155143737793
cv,val,1,P00644__K127A,-0.25,1.0951788425445557
cv,val,1,P00644__V193T,2.299999952316284,3.064786672592163
cv,val,1,P00974__A51T,1.7000000476837158,1.7825379371643066
cv,val,1,P05413__T40Q,2.700000047683716,2.652811050415039
cv,val,1,1YYX_A__A36G,2.700000047683716,2.3454091548919678
cv,val,1,P00644__E139Q,0.15000000596046448,0.8636853694915771
cv,val,1,P00282__H137G,9.899999618530273,6.257875442504883
cv,val,1,P00712__T48V,-1.899999976158142,-0.8555259108543396
cv,val,1,P01009__Y184W,-1.2000000476837158,0.8411991000175476
cv,val,1,P00720__N55G,0.550000011920929,1.329810619354248
cv,val,1,P01857__Q230A,1.100000023841858,1.7484979629516602
cv,val,1,P05798__Y80F,1.5,1.7135318517684937
cv,val,1,P00720__S44R,-0.2199999988079071,0.6733906865119934
cv,val,1,1YYX_A__L76A,3.4000000953674316,2.9434099197387695
cv,val,1,3PG0_A__E90Y,0.6000000238418579,0.8559207916259766
cv,val,1,P00644__I221V,1.399999976158142,0.9310968518257141
cv,val,1,P01053__L52I,0.6000000238418579,0.8822783827781677
cv,val,1,P00644__M114G,2.4000000953674316,2.289677619934082
cv,val,1,P00268__I33L,-0.7599999904632568,0.703489363193512
cv,val,1,P00509__R254K,6.300000190734863,4.006832599639893
cv,val,1,P01625__P66L,1.7000000476837158,-0.2636476159095764
cv,val,1,P02925__V75E,3.5,5.416364669799805
cv,val,1,P00648__T146V,2.700000047683716,3.11490797996521
cv,val,1,P00720__C54T,-0.8500000238418579,-0.442926824092865
cv,val,1,P04637__E339A,1.25,0.8513190150260925
cv,val,1,P03023__K84L,0.20000000298023224,-0.8622425198554993
cv,val,1,P00720__T157L,1.7000000476837158,1.8167461156845093
cv,val,1,P00644__T202S,0.6000000238418579,1.6897411346435547
cv,val,1,P03958__W272F,-4.699999809265137,1.3271373510360718
cv,val,1,P00720__A98M,4.0,4.038347244262695
cv,val,1,P00974__C65A,6.099999904632568,6.0137858390808105
cv,val,1,P04637__V157F,3.880000114440918,2.343937873840332
cv,val,1,P00644__I221G,4.199999809265137,4.164793491363525
cv,val,1,P00940__K193A,-1.0,1.7462425231933594
cv,val,1,P01006__V44G,9.800000190734863,7.8049540519714355
cv,val,1,P02185__K78A,0.03500000014901161,1.06580650806427
cv,val,1,P00648__Q78G,0.9900000095367432,1.1957695484161377
cv,val,1,P00698__D119N,-0.03999999910593033,-0.17726349830627441
cv,val,1,P00698__E53Q,-0.15000000596046448,2.1492161750793457
cv,val,1,P00644__Y109R,2.9000000953674316,2.9196698665618896
cv,val,1,P03051__D30P,1.600000023841858,-0.03698492795228958
cv,val,1,P02185__H83Q,0.02500000037252903,1.9201836585998535
cv,val,1,P05825__S268C,-7.769999980926514,-0.8450901508331299
cv,val,1,P00648__S85A,-0.25,0.2509196400642395
cv,val,1,P00698__G120P,0.10000000149011612,0.9058217406272888
cv,val,1,P00644__K130Q,0.05000000074505806,-0.5998811721801758
cv,val,1,P00818__T43A,1.7999999523162842,1.9390922784805298
cv,val,1,P00044__N58I,-3.0,-1.077393889427185
cv,val,1,P00720__I29A,2.5999999046325684,2.9125616550445557
cv,val,1,P01009__A94G,-1.5,-0.8245167136192322
cv,val,1,P00720__N53A,0.800000011920929,1.6836881637573242
cv,val,1,P00644__K98G,0.699999988079071,0.9152904152870178
cv,val,1,P00720__M120K,1.7999999523162842,1.0207456350326538
cv,val,1,P00644__L207I,1.0,2.886138916015625
cv,val,1,P00648__T73E,0.05000000074505806,3.2690019607543945
cv,val,1,P00171__F40Y,-0.7900000214576721,1.8486615419387817
cv,val,1,P00644__K166E,0.0,0.1432686448097229
cv,val,1,P01053__V39A,0.46000000834465027,1.5429058074951172
cv,val,1,P00720__T157R,0.15000000596046448,2.7642078399658203
cv,val,1,P00720__K83H,0.4000000059604645,1.2178423404693604
cv,val,1,P00720__E11H,-0.4000000059604645,1.613222360610962
cv,val,1,P02185__L116A,1.2000000476837158,3.3968448638916016
cv,val,1,P00044__N58G,-0.8999999761581421,0.35945266485214233
cv,val,1,P00720__T59D,1.149999976158142,1.9143794775009155
cv,val,1,P00818__W39F,0.0,0.3353946805000305
cv,val,1,P06241__F87L,2.0,1.1705583333969116
cv,val,1,P00750__V280A,2.0,2.826827049255371
cv,val,1,P00648__W141F,0.800000011920929,1.786952257156372
cv,val,1,P01009__F75C,-2.805000066757202,1.1005669832229614
cv,val,1,P01053__T23V,0.3199999928474426,0.9694128632545471
cv,val,1,P00974__G72A,2.700000047683716,3.2702584266662598
cv,val,1,P06241__E107P,1.7050000429153442,1.90617036819458
cv,val,1,P01053__I77A,4.25,3.6865391731262207
cv,val,1,P00644__K87A,-0.30000001192092896,0.2908392548561096
cv,val,1,P00711__Y122A,2.494999885559082,1.3578822612762451
cv,val,1,P05230__L59F,0.04500000178813934,0.13297611474990845
cv,val,1,P00651__Y94F,1.3550000190734863,0.6958779692649841
cv,val,1,P02185__A131K,1.75,3.0883774757385254
cv,val,1,P00644__D159G,2.200000047683716,5.038319110870361
cv,val,1,P00818__A31G,1.600000023841858,2.061552047729492
cv,val,1,P03050__E48A,-0.12999999523162842,1.5171010494232178
cv,val,1,P00644__E211G,3.700000047683716,5.29088020324707
cv,val,1,P00712__W79A,2.0,3.537856101989746
cv,val,1,P00720__V131G,0.6800000071525574,1.6275945901870728
cv,val,1,P01006__V44I,0.8399999737739563,1.9738849401474
cv,val,1,P00644__H90G,0.800000011920929,0.3618631958961487
cv,val,1,P00698__G135A,1.1299999952316284,0.8575640320777893
cv,val,1,P04637__F270L,4.099999904632568,2.5810041427612305
cv,val,1,P00044__F16Y,0.699999988079071,3.7196497917175293
cv,val,1,P00644__L118V,3.5,3.3793392181396484
cv,val,1,P05413__R107T,3.1700000762939453,2.785583019256592
cv,val,1,P00720__Q105M,1.2000000476837158,2.4415674209594727
cv,val,1,P02185__L12A,0.5,2.103978395462036
cv,val,1,P02751__L1530P,0.0,1.3470568656921387
cv,val,1,P02945__Y70A,3.700000047683716,3.6744985580444336
cv,val,1,P01009__V388L,0.30000001192092896,1.0518934726715088
cv,val,1,P00644__I100A,2.5,2.735137939453125
cv,val,1,P00094__K33D,1.2000000476837158,1.9158570766448975
cv,val,1,P01009__A274I,0.3499999940395355,-0.5240318179130554
cv,val,1,P00720__V149T,2.950000047683716,3.732391357421875
cv,val,1,P00651__V104S,4.715000152587891,5.391834735870361
cv,val,1,P00698__D119K,-0.1899999976158142,0.17713958024978638
cv,val,1,P04637__R273C,-0.4000000059604645,1.1742513179779053
cv,val,1,P00644__L89G,1.5,2.4192495346069336
cv,val,1,P00929__E49Q,2.450000047683716,-1.5327821969985962
cv,val,1,P00720__A82P,-0.44999998807907104,0.1021299883723259
cv,val,1,P00648__T73Q,1.7200000286102295,2.979551315307617
cv,val,1,P00648__Q62I,-1.2000000476837158,0.6878685355186462
cv,val,1,P03050__K6A,-0.4000000059604645,1.9287574291229248
cv,val,1,P01051__V14A,1.0199999809265137,1.9321345090866089
cv,val,1,P04637__D148E,0.4300000071525574,0.46750086545944214
cv,val,1,P00698__K31D,7.34499979019165,2.8161721229553223
cv,val,1,P02751__P1619A,0.41999998688697815,0.6448034048080444
cv,val,1,P00720__T115E,0.10000000149011612,1.909960150718689
cv,val,1,P02185__I31A,-0.45500001311302185,2.331320285797119
cv,val,1,O74035__L147A,2.4049999713897705,5.506945610046387
cv,val,1,P03040__Y26W,0.10000000149011612,-0.5102186799049377
cv,val,1,P00720__I78M,1.5499999523162842,1.9381186962127686
cv,val,1,P03034__G49N,-0.7900000214576721,-0.2862926125526428
cv,val,1,P00094__G55S,2.200000047683716,3.4846441745758057
cv,val,1,P00044__H39Y,0.44999998807907104,0.24393922090530396
cv,val,1,P01053__D43A,1.0,0.582713782787323
cv,val,1,P00644__Q231G,0.4000000059604645,-0.7617717385292053
cv,val,1,P01584__L126A,4.300000190734863,3.1630449295043945
cv,val,1,P00644__A172S,2.0999999046325684,3.0770263671875
cv,val,1,P01625__S103T,-0.10000000149011612,0.4798682928085327
cv,val,1,P00171__F40L,1.8700000047683716,2.629303455352783
cv,val,1,P01053__T56A,-0.41499999165534973,0.3381912112236023
cv,val,1,P00648__K155R,-0.800000011920929,0.4044201970100403
cv,val,1,P00818__L90A,1.7000000476837158,2.437976360321045
cv,val,1,P00712__Y122F,2.0999999046325684,1.0265038013458252
cv,val,1,P05798__Q94K,-0.5,1.4062063694000244
cv,val,1,P02633__F70A,4.585000038146973,3.7628986835479736
cv,val,1,P00648__T63G,1.5,3.470224142074585
cv,val,1,P02185__G130A,-1.0,0.1736336350440979
cv,val,1,P02751__I1607V,0.6100000143051147,0.4744647145271301
cv,val,1,P00644__Y197F,0.10000000149011612,-0.4129038453102112
cv,val,1,P00644__E92G,1.7999999523162842,2.914098024368286
cv,val,1,P00720__I3L,-0.8500000238418579,0.4489361643791199
cv,val,1,P04637__V143A,3.5999999046325684,3.241091012954712
cv,val,1,P00644__A184V,1.7999999523162842,1.5169613361358643
cv,val,1,P00720__A129M,1.899999976158142,3.585698127746582
cv,val,1,P00648__K74G,0.4000000059604645,1.1808133125305176
cv,val,1,P00720__R96F,4.199999809265137,5.270517826080322
cv,val,1,P00720__R119E,0.10000000149011612,0.3255341649055481
cv,val,1,P01009__V197I,-0.44999998807907104,0.9012303948402405
cv,val,1,P00644__M147F,1.600000023841858,2.348256826400757
cv,val,1,P01053__L52A,2.369999885559082,3.706148624420166
cv,val,1,P02751__I1571V,0.30000001192092896,0.976865828037262
cv,val,1,P00648__I143V,0.949999988079071,2.466724395751953
cv,val,1,P00648__T73G,1.5,2.0674328804016113
cv,val,1,P00282__W68A,3.375,2.2033512592315674
cv,val,1,P01584__T125A,1.399999976158142,1.8817272186279297
cv,val,1,P02185__A16L,-0.15000000596046448,0.9884558320045471
cv,val,1,P00094__Y96F,-0.7099999785423279,1.7254637479782104
cv,val,1,P00720__S38N,0.0,0.5948415398597717
cv,val,1,P03050__Q9A,0.10000000149011612,-1.0122575759887695
cv,val,1,P00720__I27M,5.099999904632568,2.4586567878723145
cv,val,1,P03050__L12A,2.009999990463257,2.4062819480895996
cv,val,1,P00720__V149G,4.900000095367432,4.880875110626221
cv,val,1,P00644__T202I,1.5,0.9817833304405212
cv,val,1,P00644__V156L,1.100000023841858,2.6308722496032715
cv,val,1,P04637__F338A,4.599999904632568,4.508683681488037
cv,val,1,P00720__T59G,1.649999976158142,1.8183344602584839
cv,val,1,P00099__W78F,1.899999976158142,2.6394553184509277
cv,val,1,P00698__N64D,0.33000001311302185,3.193336009979248
cv,val,1,P00644__D101K,0.3499999940395355,3.077341079711914
cv,val,1,P01053__P45A,1.6799999475479126,1.143343448638916
cv,val,1,P03050__N34G,-0.41999998688697815,1.0449573993682861
cv,val,1,P00720__A146V,4.005000114440918,3.008589744567871
cv,val,1,P01053__P81A,3.369999885559082,2.0961215496063232
cv,val,1,P00644__P124A,-0.10000000149011612,1.0664056539535522
cv,val,1,P00720__E11F,-1.7000000476837158,1.0898557901382446
cv,val,1,P00044__C108S,-2.799999952316284,0.2817460298538208
cv,val,1,P01006__M104G,0.20999999344348907,1.069082498550415
cv,val,1,P00648__E120A,2.3499999046325684,1.5063151121139526
cv,val,1,P00818__F95L,4.300000190734863,1.672343373298645
cv,val,1,P00720__L133A,4.190000057220459,3.972534418106079
cv,val,1,P00711__Q136A,0.9800000190734863,2.265739679336548
cv,val,1,P06241__I111A,2.799999952316284,4.78947114944458
cv,val,1,P01053__K22A,0.699999988079071,2.273228168487549
cv,val,1,P05413__T41V,1.840000033378601,0.3324735760688782
cv,val,1,P03050__W14A,4.0,1.354655146598816
cv,val,1,P00720__R119M,0.0,3.304600715637207
cv,val,1,P00044__N58Q,0.6700000166893005,0.9278455376625061
cv,val,1,P00720__T59V,1.649999976158142,2.231510639190674
cv,val,1,P00644__M180G,4.400000095367432,7.031490325927734
cv,val,1,P00509__T6A,1.2999999523162842,0.6973605751991272
cv,val,1,P00698__H33L,-0.7599999904632568,-0.7344159483909607
cv,val,1,P02640__H791Y,-1.149999976158142,-0.12148208171129227
cv,val,1,P00651__A47D,-0.26499998569488525,0.6374519467353821
cv,val,1,P04168__Y12F,2.299999952316284,1.5716747045516968
cv,val,1,P02185__H94G,-0.019999999552965164,3.8452653884887695
cv,val,1,P00648__Q78S,0.20000000298023224,0.543942391872406
cv,val,1,P00974__Y56A,3.9000000953674316,4.5392327308654785
cv,val,1,P00644__K179Q,0.30000001192092896,1.4740891456604004
cv,val,1,P01625__Q64N,1.350000023841858,2.4428133964538574
cv,val,1,P00044__L100A,3.799999952316284,4.312163829803467
cv,val,1,P00644__E155K,2.0999999046325684,2.0974385738372803
cv,val,1,P00644__T144A,2.299999952316284,2.0743157863616943
cv,val,1,P00974__R36A,0.5,1.5977195501327515
cv,val,1,P00720__V131S,0.05000000074505806,1.0213123559951782
cv,val,1,P01009__K355T,-0.36500000953674316,3.2131428718566895
cv,val,1,P00171__V50H,1.4450000524520874,2.547292470932007
cv,val,1,P00644__K209A,-0.20000000298023224,-0.21971970796585083
cv,val,1,P00644__M180A,4.400000095367432,4.315334796905518
cv,val,1,P00720__W138Y,2.4000000953674316,1.5606011152267456
cv,val,1,P01236__H208A,0.6000000238418579,-1.108298659324646
cv,val,1,P02754__W35Y,5.204999923706055,1.8324353694915771
cv,val,1,P00720__V149A,3.0,2.9251561164855957
cv,val,1,P03050__K24G,1.8250000476837158,1.5547797679901123
cv,val,1,P00720__I3C,-0.25,1.1369096040725708
cv,val,1,P00974__Y56L,3.4000000953674316,3.3573999404907227
cv,val,1,P00648__A79P,3.799999952316284,2.9437174797058105
cv,val,1,P02945__T68A,0.10000000149011612,0.26206451654434204
cv,val,1,P01053__E27A,0.800000011920929,1.0998914241790771
cv,val,1,P00974__P48S,1.399999976158142,1.505077838897705
cv,val,1,P00644__A151V,2.299999952316284,2.663799285888672
cv,val,1,P00720__V87T,1.399999976158142,2.9328742027282715
cv,val,1,P00644__Q205A,0.30000001192092896,1.1589515209197998
cv,val,1,P02417__K14M,-0.009999999776482582,-0.7386465668678284
cv,val,1,P00644__V121E,4.949999809265137,4.787088394165039
cv,val,1,P01009__V169L,0.6499999761581421,0.9570840001106262
cv,val,1,P00720__T59S,0.25,0.5882663130760193
cv,val,1,P02693__A105C,-1.7999999523162842,-0.5574344992637634
cv,val,1,P00044__F16I,0.8999999761581421,3.803558111190796
cv,val,1,P00648__G112S,-0.75,0.8418352007865906
cv,val,1,P00282__V51A,1.6699999570846558,3.132157802581787
cv,val,1,P00593__F128A,1.0499999523162842,2.4334537982940674
cv,val,1,P00818__W65A,1.5,1.3373826742172241
cv,val,1,P00004__P31A,5.599999904632568,3.704317092895508
cv,val,1,P03040__Y26L,-0.8500000238418579,0.9013538956642151
cv,val,1,P01625__L35P,1.5,4.4673237800598145
cv,val,1,P00644__E139F,0.800000011920929,2.9696602821350098
cv,val,1,P00282__F130S,4.75,5.100724220275879
cv,val,1,P00712__W137F,-0.23000000417232513,2.191713809967041
cv,val,1,P00644__G168A,0.5,1.7848870754241943
cv,val,1,P00929__E49V,-3.200000047683716,-2.9081010818481445
cv,val,1,P00720__S44Q,-0.2849999964237213,0.0143313929438591
cv,val,1,P00644__E149A,1.0,0.8380252718925476
cv,val,1,P05798__T16V,-0.30000001192092896,1.057301640510559
cv,val,1,P00644__E211A,2.200000047683716,2.460742473602295
cv,val,1,P00644__Y109E,4.650000095367432,6.182384490966797
cv,val,1,P02417__V3A,2.549999952316284,2.9005465507507324
cv,val,1,P00044__H32Y,2.0,1.2828289270401
cv,val,1,P03040__Y26Q,-1.0499999523162842,0.5653886795043945
cv,val,1,P00648__I156A,1.75,3.596108913421631
cv,val,1,P00818__V40A,1.600000023841858,3.221785545349121
cv,val,1,P00644__W222H,0.4000000059604645,2.942990303039551
cv,val,1,P00648__I135A,4.050000190734863,3.8623392581939697
cv,val,1,P00720__V149C,2.0999999046325684,2.289128303527832
cv,val,1,P01053__V80A,1.5049999952316284,2.3813652992248535
cv,val,1,P00648__D122N,4.900000095367432,1.2467470169067383
cv,val,1,P00644__Q213A,0.15000000596046448,1.85420823097229
cv,val,1,P00509__N285R,5.199999809265137,3.3394546508789062
cv,val,1,P00720__I27A,3.0999999046325684,3.181088924407959
cv,val,1,P01053__Q48M,-0.30000001192092896,-0.46376603841781616
cv,val,1,P00974__F68I,2.4000000953674316,2.4285426139831543
cv,val,1,P00644__V121L,0.8999999761581421,2.1443898677825928
cv,val,1,P00720__T157V,1.600000023841858,2.398448944091797
cv,val,1,P00720__V131I,-0.1599999964237213,-0.5526302456855774
cv,val,1,P00644__A94G,2.4000000953674316,2.466092348098755
cv,val,1,P04637__E336A,-1.7000000476837158,-0.045136459171772
cv,val,1,P02693__L90C,1.100000023841858,1.049959659576416
cv,val,1,P01009__A55V,-0.6000000238418579,0.2545807957649231
cv,val,1,P04925__T182A,4.309999942779541,1.3413727283477783
cv,val,1,P00099__V100I,-1.024999976158142,-0.4225628972053528
cv,val,1,P01009__M398I,-2.1500000953674316,0.8379153609275818
cv,val,1,P00644__T104G,2.4000000953674316,3.496735095977783
cv,val,1,P05798__T56V,1.899999976158142,1.5579445362091064
cv,val,1,P01009__A31L,-0.800000011920929,-1.1672395467758179
cv,val,1,P03040__Y26C,-2.200000047683716,-1.166568398475647
cv,val,1,P00720__D20A,0.4000000059604645,1.3950293064117432
cv,val,1,P00648__R116K,3.1649999618530273,2.8493032455444336
cv,val,1,P01009__V345L,1.100000023841858,0.8351708054542542
cv,val,1,P01308__Y50T,0.30000001192092896,2.8942031860351562
cv,val,1,P02185__W8F,0.4000000059604645,2.65030837059021
cv,val,1,P00644__E224G,0.30000001192092896,0.26438015699386597
cv,val,1,P03034__A82G,-0.800000011920929,0.7594611048698425
cv,val,1,P00651__N70S,1.850000023841858,3.0497899055480957
cv,val,1,2IMM_A__K24R,0.20000000298023224,-0.6508600115776062
cv,val,1,P00720__K48A,0.5299999713897705,0.3996804356575012
cv,val,1,P00651__D75A,-0.30000001192092896,-0.2688722014427185
cv,val,1,P05798__V57T,4.400000095367432,4.427745342254639
cv,val,1,P03069__E268Q,-0.20000000298023224,0.23986786603927612
cv,val,1,P00720__T109D,0.30000001192092896,0.8323732018470764
cv,val,1,P01009__K355I,0.4000000059604645,1.3577494621276855
cv,val,1,P00644__T115C,1.100000023841858,0.6884856224060059
cv,val,1,P02185__L70A,1.2000000476837158,2.1901073455810547
cv,val,1,P00648__V92T,2.319999933242798,2.039997100830078
cv,val,1,P00720__A98T,3.565000057220459,2.7406673431396484
cv,val,1,P00644__K215A,1.2999999523162842,2.014822483062744
cv,val,1,P00257__T112S,-0.10000000149011612,1.8648440837860107
cv,val,1,P00644__L118G,5.300000190734863,5.671963691711426
cv,val,1,P00257__Y140L,0.4000000059604645,2.1375155448913574
cv,val,1,P00644__T115I,-0.6000000238418579,1.0497558116912842
cv,val,1,P00644__T202A,1.100000023841858,1.2663588523864746
cv,val,1,P00720__I3M,0.699999988079071,1.4600756168365479
cv,val,1,P00644__T95C,1.2999999523162842,0.3152627944946289
cv,val,1,P00720__R96E,2.200000047683716,3.519207715988159
cv,val,1,P05413__R127K,3.9800000190734863,2.7701568603515625
cv,val,1,P00644__T144I,1.399999976158142,1.9550964832305908
cv,val,1,P01009__W218F,0.5,1.0407776832580566
cv,val,1,P00644__Y136F,0.44999998807907104,1.7277789115905762
cv,val,1,P02185__E5A,0.625,2.5235414505004883
cv,val,1,P00644__V121A,2.200000047683716,2.830502510070801
cv,val,1,P00648__I143A,3.200000047683716,6.021231174468994
cv,val,1,P00651__A47Y,0.38999998569488525,0.759086549282074
cv,val,1,P02417__V3L,2.2100000381469727,0.5141429901123047
cv,val,1,P00698__W126Y,1.3600000143051147,1.8801521062850952
cv,val,1,P01857__T249A,2.299999952316284,2.5580224990844727
cv,val,1,P00720__I17M,2.75,0.9684169888496399
cv,val,1,P00644__Y175A,6.0,6.058484077453613
cv,val,1,P00644__Y109S,3.0,5.02080774307251
cv,val,1,P02753__R139Q,2.5999999046325684,0.05244212597608566
cv,val,1,P04637__R248Q,1.940000057220459,1.4581186771392822
cv,val,1,P00644__P129G,0.10000000149011612,0.457935631275177
cv,val,1,P00712__K112A,1.7000000476837158,2.300621271133423
cv,val,1,P02751__I1596A,3.299999952316284,2.1179914474487305
cv,val,1,P00282__C132S,-1.5700000524520874,3.199580192565918
cv,val,1,P01857__L234A,1.2999999523162842,2.1617257595062256
cv,val,1,P00644__E139A,0.15000000596046448,1.0492581129074097
cv,val,1,P00644__K145E,1.5,1.4519479274749756
cv,val,1,P00651__N107A,2.890000104904175,1.9925875663757324
cv,val,1,P06241__F87V,0.5,1.6426117420196533
cv,val,1,P00648__F54L,4.199999809265137,2.0726776123046875
cv,val,1,P00644__N200E,1.899999976158142,4.822721004486084
cv,val,1,P03050__K47G,0.8799999952316284,1.7681046724319458
cv,val,1,P00644__T126G,0.5,3.073470115661621
cv,val,1,P00644__T123S,1.0,0.236042320728302
cv,val,1,P06241__A122G,1.399999976158142,2.1221790313720703
cv,val,1,P00648__I123A,1.7000000476837158,3.7176122665405273
cv,val,1,P01857__L251A,2.200000047683716,2.344686508178711
cv,val,1,P00720__Q105E,0.8999999761581421,3.2985429763793945
cv,val,1,P03050__K24T,0.8999999761581421,1.3620147705078125
cv,val,1,P00644__T123G,1.7999999523162842,1.8862394094467163
cv,val,1,P00974__C65G,8.699999809265137,7.853516101837158
cv,val,1,P00648__N70A,2.200000047683716,1.8313446044921875
cv,val,1,P01584__K213G,1.600000023841858,1.1713039875030518
cv,val,1,P01053__K37G,2.0,1.720043659210205
cv,val,1,P00509__K63M,5.0,3.0008955001831055
cv,val,1,P03050__K2A,-0.10000000149011612,1.2963175773620605
cv,val,1,P03034__A63G,-1.5,1.7230629920959473
cv,val,1,P00720__A134S,0.15000000596046448,1.023939847946167
cv,val,1,P03034__Y89C,-2.4000000953674316,0.3742421269416809
cv,val,1,P00651__D75W,0.8999999761581421,-1.5116515159606934
cv,val,1,P01053__I40L,1.9600000381469727,1.3810491561889648
cv,val,1,P00644__K131F,-0.10000000149011612,0.7214972376823425
cv,val,1,P01584__K213R,1.7999999523162842,-0.22681325674057007
cv,val,1,P03050__S32A,3.7799999713897705,0.4772030711174011
cv,val,1,P03050__R23A,1.100000023841858,1.0784426927566528
cv,val,1,P02693__L65A,2.0999999046325684,2.1556172370910645
cv,val,1,P01857__Y232A,0.699999988079071,2.841887950897217
cv,val,1,P00644__G168F,2.0,1.9852073192596436
cv,val,1,P05825__L266C,-6.880000114440918,-0.8788415789604187
cv,val,1,P00648__S104A,-0.15000000596046448,0.7473776936531067
cv,val,1,P04637__Q167E,0.4300000071525574,1.3765854835510254
cv,val,1,P00644__D165A,3.799999952316284,2.742550849914551
cv,val,1,P00644__E217K,1.100000023841858,0.9852479100227356
cv,val,1,P03034__A16G,0.6000000238418579,0.400604784488678
cv,val,1,P00918__H107F,8.600000381469727,5.007910251617432
cv,val,1,P03958__W161F,-7.300000190734863,-0.02454335242509842
cv,val,1,P04179__I82T,2.8499999046325684,2.8870391845703125
cv,val,1,P00698__I76M,1.090000033378601,1.6438604593276978
cv,val,1,P00651__D102A,3.75,4.604109287261963
cv,val,1,P00644__K135G,0.20000000298023224,1.4341132640838623
cv,val,1,P02945__F67A,1.0,2.2477707862854004
cv,val,1,P05413__F17S,4.0,3.4181928634643555
cv,val,1,P01053__F70A,3.6500000953674316,3.4877395629882812
cv,val,1,P00644__H203G,4.099999904632568,4.252748966217041
cv,val,1,P00929__G234K,-0.10000000149011612,0.25405043363571167
cv,val,1,P00974__P43A,0.30000001192092896,0.8307134509086609
cv,val,1,P00712__W123F,2.134999990463257,1.9685345888137817
cv,val,1,P00720__N144E,-0.5,-1.8647191524505615
cv,val,1,P00644__P93A,0.3499999940395355,2.1923274993896484
cv,val,1,P00712__L124A,0.30000001192092896,1.587565541267395
cv,val,1,P02945__L61A,0.10000000149011612,2.440439462661743
cv,val,1,P02945__M73A,0.800000011920929,2.90757417678833
cv,val,1,P00818__F23L,1.2999999523162842,1.5735422372817993
cv,val,1,P02417__D23A,-0.10000000149011612,0.7199906706809998
cv,val,1,P00974__Y70F,0.6000000238418579,1.593453049659729
cv,val,1,P00720__T152S,2.200000047683716,3.6290674209594727
cv,val,1,P00720__P37A,0.0,0.8441895842552185
cv,val,1,P00644__F116A,3.700000047683716,4.378349781036377
cv,val,1,P02185__F107A,0.44999998807907104,3.832815170288086
cv,val,1,P00648__I102A,1.2000000476837158,2.0920281410217285
cv,val,1,P00644__E149F,1.2999999523162842,0.9903910756111145
cv,val,1,P02417__L6I,0.12999999523162842,1.8203109502792358
cv,val,1,P04637__M340I,-0.550000011920929,3.1238040924072266
cv,val,1,P00644__Y173F,2.3499999046325684,0.9252261519432068
cv,val,1,P00952__L105V,2.9600000381469727,2.848504066467285
cv,val,1,P03034__K5Q,-0.4300000071525574,0.9214109778404236
cv,val,1,P01053__R82A,0.6000000238418579,1.4971997737884521
cv,val,1,P00644__I174L,0.6000000238418579,0.7910733819007874
cv,val,1,P00509__C389A,-2.1500000953674316,1.4942197799682617
cv,val,1,P00750__V280I,-0.30000001192092896,0.3100324273109436
cv,val,1,3PG0_A__E90L,0.8999999761581421,0.3083952069282532
cv,val,1,P00044__N58F,0.05999999865889549,-1.4868640899658203
cv,val,1,P03051__D30C,-0.800000011920929,-0.4012088179588318
cv,val,1,P00974__R77A,0.5,0.0027199313044548035
cv,val,1,P01053__K37A,0.5,0.33326584100723267
cv,val,1,P00282__V80G,3.109999895095825,3.5071945190429688
cv,val,1,P00644__K146Q,0.0,-0.04994577914476395
cv,val,1,P02185__L136A,1.25,3.9413962364196777
cv,val,1,P01053__V83T,1.149999976158142,2.0089311599731445
cv,val,1,P00720__I3A,0.800000011920929,2.525533676147461
cv,val,1,P05798__D79I,-2.8499999046325684,-0.4383764863014221
cv,val,1,P00651__P65A,4.900000095367432,1.76609468460083
cv,val,1,P00648__S138A,1.899999976158142,2.269282817840576
cv,val,1,P05121__E350P,-0.30000001192092896,1.7412159442901611
cv,val,1,P00651__D75F,0.15000000596046448,0.7804974913597107
cv,val,1,P00644__T95I,0.10000000149011612,-0.1992061734199524
cv,val,1,P00698__F21Y,0.44999998807907104,0.3979334235191345
cv,val,1,O74035__E8Q,-0.6000000238418579,1.1154671907424927
cv,val,1,P00644__D103K,-1.0,-0.28291934728622437
cv,val,1,P06241__E107S,1.6200000047683716,1.6103004217147827
cv,val,1,P02625__A22P,0.48500001430511475,0.06516700237989426
cv,val,1,P04637__T329A,2.299999952316284,2.46958327293396
cv,val,1,P00644__K198F,0.15000000596046448,1.546932578086853
cv,val,1,P02945__S48A,0.30000001192092896,0.5097772479057312
cv,val,1,P00698__D119R,-0.27000001072883606,1.0334608554840088
cv,val,1,P00720__V111A,1.100000023841858,3.025885581970215
cv,val,1,P00644__G111A,1.25,3.0774035453796387
cv,train,2,P00648__Y64S,2.299999952316284,2.1408884525299072
cv,train,2,P00698__G67N,1.4800000190734863,1.2513421773910522
cv,train,2,P02945__M69A,-1.399999976158142,-1.6588339805603027
cv,train,2,P00720__F104M,0.75,0.5819689035415649
cv,train,2,P00644__K130G,-0.20000000298023224,-0.4448133409023285
cv,train,2,P00644__K110A,0.699999988079071,0.5088703632354736
cv,train,2,P00648__T73H,4.300000190734863,4.197266578674316
cv,train,2,P00782__M157F,-0.47999998927116394,-0.639802098274231
cv,train,2,P00711__V61G,1.125,0.8561407327651978
cv,train,2,P00651__V78S,4.900000095367432,4.752039909362793
cv,train,2,P01053__T56S,0.25999999046325684,0.07930552959442139
cv,train,2,P00720__S44M,-0.3149999976158142,-0.4370555877685547
cv,train,2,P00644__Q188G,1.5,1.1249804496765137
cv,train,2,O74035__D135A,-2.200000047683716,-2.4294168949127197
cv,train,2,P00648__T53D,-0.10999999940395355,-0.2670367956161499
cv,train,2,P01009__Y184A,0.20000000298023224,-0.02460777759552002
cv,train,2,P00782__Q313C,-1.25,-1.3463307619094849
cv,train,2,P02945__D49A,0.8999999761581421,0.650253176689148
cv,train,2,P00644__T164I,-0.5,-0.7578009366989136
cv,train,2,P00648__D59A,-0.05000000074505806,-0.2582172751426697
cv,train,2,P00651__N70A,2.0,1.7399739027023315
cv,train,2,P00257__H114Q,1.7000000476837158,1.5281426906585693
cv,train,2,P01009__W262F,-1.0,-1.238835096359253
cv,train,2,P00282__L53A,1.6699999570846558,1.2739121913909912
cv,train,2,P00644__K127G,-0.20000000298023224,-0.467271625995636
cv,train,2,P00171__F40H,3.109999895095825,2.9200353622436523
cv,train,2,P00720__L99V,2.049999952316284,1.841623067855835
cv,train,2,P00644__V156E,7.699999809265137,7.49906587600708
cv,train,2,P00644__D122G,0.4000000059604645,0.18134725093841553
cv,train,2,P00644__K131A,0.30000001192092896,0.05898416042327881
cv,train,2,P00929__E49F,-2.9000000953674316,-2.8867321014404297
cv,train,2,P00974__D38A,-0.20000000298023224,-0.4005197286605835
cv,train,2,P00644__M147L,0.699999988079071,0.40026095509529114
cv,train,2,P00644__S141A,-0.30000001192092896,-0.5480821132659912
cv,train,2,O74035__D105A,-1.5800000429153442,-1.829303503036499
cv,train,2,P00648__T63A,0.3499999940395355,0.0860862135887146
cv,train,2,P03050__E27G,0.574999988079071,0.34837913513183594
cv,train,2,P00644__V156T,3.799999952316284,3.5465502738952637
cv,train,2,P04637__L145Q,2.9800000190734863,2.807452440261841
cv,train,2,P00644__E155F,0.8999999761581421,0.7486811876296997
cv,train,2,P00974__R88A,0.10000000149011612,-0.1414419412612915
cv,train,2,P00644__V121I,-0.10000000149011612,-0.33361995220184326
cv,train,2,P00644__V105L,0.05000000074505806,-0.21380043029785156
cv,train,2,P03050__L19Q,1.350000023841858,1.096468210220337
cv,train,2,P00720__S117F,-1.100000023841858,-1.2649381160736084
cv,train,2,P00720__N144D,-0.4000000059604645,-0.5680562257766724
cv,train,2,P00644__F158V,0.0,-0.2203218936920166
cv,train,2,P01236__H223A,0.0,-0.2680619955062866
cv,train,2,P00720__F153C,2.8550000190734863,2.708223819732666
cv,train,2,P00720__M106K,3.450000047683716,3.3369321823120117
cv,train,2,P00974__T89A,0.10000000149011612,-0.07260805368423462
cv,train,2,P00644__E183G,2.5999999046325684,2.260930299758911
cv,train,2,P04637__R175H,3.255000114440918,3.151393413543701
cv,train,2,P02185__K57A,0.22499999403953552,-0.0212973952293396
cv,train,2,P00720__L33M,2.299999952316284,2.0439934730529785
cv,train,2,P00807__D170N,0.41499999165534973,0.18939316272735596
cv,train,2,P00644__I100V,1.0,0.6519174575805664
cv,train,2,P00720__V87I,0.44999998807907104,0.0881451964378357
cv,train,2,P01625__N54F,2.75,2.5985300540924072
cv,train,2,P01009__A55I,-0.8999999761581421,-1.153914213180542
cv,train,2,P03050__P8A,-2.9000000953674316,-3.0488805770874023
cv,train,2,P02417__L30V,3.619999885559082,3.4405081272125244
cv,train,2,P00750__V280T,1.0,0.7578587532043457
cv,train,2,P00644__I174V,0.5,0.31954634189605713
cv,train,2,P00282__A102G,2.0350000858306885,1.7772533893585205
cv,train,2,P02185__V69T,0.4000000059604645,0.11907792091369629
cv,train,2,P00644__E125G,-0.5,-0.753474235534668
cv,train,2,P00720__R96H,3.049999952316284,2.8680930137634277
cv,train,2,P02185__E19A,0.6000000238418579,0.33824044466018677
cv,train,2,P00644__N182E,1.7999999523162842,1.6413919925689697
cv,train,2,P05798__D79R,-2.700000047683716,-2.9336295127868652
cv,train,2,P05798__Y55F,0.6000000238418579,0.34540534019470215
cv,train,2,P00644__K127A,-0.25,-0.4854828119277954
cv,train,2,P00644__V193T,2.299999952316284,2.03828763961792
cv,train,2,P00974__A51T,1.7000000476837158,1.429719090461731
cv,train,2,P05413__T40Q,2.700000047683716,2.5125179290771484
cv,train,2,1YYX_A__A36G,2.700000047683716,2.371072292327881
cv,train,2,P00644__E139Q,0.15000000596046448,-0.040033578872680664
cv,train,2,P00282__H137G,9.899999618530273,9.703840255737305
cv,train,2,P00712__T48V,-1.899999976158142,-2.066457986831665
cv,train,2,P01009__Y184W,-1.2000000476837158,-1.4648454189300537
cv,train,2,P00720__N55G,0.550000011920929,0.3339514434337616
cv,train,2,P01857__Q230A,1.100000023841858,0.921402096748352
cv,train,2,P05798__Y80F,1.5,1.2518131732940674
cv,train,2,P00720__S44R,-0.2199999988079071,-0.32725900411605835
cv,train,2,1YYX_A__L76A,3.4000000953674316,3.122532606124878
cv,train,2,3PG0_A__E90Y,0.6000000238418579,0.4082714319229126
cv,train,2,P00644__I221V,1.399999976158142,1.2161847352981567
cv,train,2,P01053__L52I,0.6000000238418579,0.3213057518005371
cv,train,2,P00644__M114G,2.4000000953674316,2.149590015411377
cv,train,2,P00268__I33L,-0.7599999904632568,-1.041512370109558
cv,train,2,P00509__R254K,6.300000190734863,6.180558204650879
cv,train,2,P01625__P66L,1.7000000476837158,1.512091875076294
cv,train,2,P02925__V75E,3.5,3.2724106311798096
cv,train,2,P00648__T146V,2.700000047683716,2.5444087982177734
cv,train,2,P00720__C54T,-0.8500000238418579,-1.0894873142242432
cv,train,2,P04637__E339A,1.25,1.0064022541046143
cv,train,2,P03023__K84L,0.20000000298023224,-0.08368539810180664
cv,train,2,P00720__T157L,1.7000000476837158,1.5636383295059204
cv,train,2,P00644__T202S,0.6000000238418579,0.3779640197753906
cv,train,2,P03958__W272F,-4.699999809265137,-4.853756427764893
cv,train,2,P00720__A98M,4.0,3.862992763519287
cv,train,2,P00974__C65A,6.099999904632568,5.942082405090332
cv,train,2,P04637__V157F,3.880000114440918,3.6960740089416504
cv,train,2,P00644__I221G,4.199999809265137,3.9953200817108154
cv,train,2,P00940__K193A,-1.0,-1.2645623683929443
cv,train,2,P01006__V44G,9.800000190734863,9.54637622833252
cv,train,2,P02185__K78A,0.03500000014901161,-0.16959714889526367
cv,train,2,P00648__Q78G,0.9900000095367432,0.7300001382827759
cv,train,2,P00698__D119N,-0.03999999910593033,-0.23886150121688843
cv,train,2,P00698__E53Q,-0.15000000596046448,-0.30776143074035645
cv,train,2,P00644__Y109R,2.9000000953674316,2.8110835552215576
cv,train,2,P03051__D30P,1.600000023841858,1.3556406497955322
cv,train,2,P02185__H83Q,0.02500000037252903,-0.0861753523349762
cv,train,2,P05825__S268C,-7.769999980926514,-7.901912212371826
cv,train,2,P00648__S85A,-0.25,-0.48274075984954834
cv,train,2,P00698__G120P,0.10000000149011612,-0.18361806869506836
cv,train,2,P00644__K130Q,0.05000000074505806,-0.12206393480300903
cv,train,2,P00818__T43A,1.7999999523162842,1.5551798343658447
cv,train,2,P00044__N58I,-3.0,-3.218588352203369
cv,train,2,P00720__I29A,2.5999999046325684,2.3398194313049316
cv,train,2,P01009__A94G,-1.5,-1.7853846549987793
cv,train,2,P00720__N53A,0.800000011920929,0.5288293361663818
cv,train,2,P00644__K98G,0.699999988079071,0.410317063331604
cv,train,2,P00720__M120K,1.7999999523162842,1.692156434059143
cv,train,2,P00644__L207I,1.0,0.7074811458587646
cv,train,2,P00648__T73E,0.05000000074505806,-0.16635358333587646
cv,train,2,P00171__F40Y,-0.7900000214576721,-0.946715235710144
cv,train,2,P00644__K166E,0.0,-0.15317249298095703
cv,train,2,P01053__V39A,0.46000000834465027,0.2104802131652832
cv,train,2,P00720__T157R,0.15000000596046448,0.016243696212768555
cv,train,2,P00720__K83H,0.4000000059604645,0.27486228942871094
cv,train,2,P00720__E11H,-0.4000000059604645,-0.5133299827575684
cv,train,2,P02185__L116A,1.2000000476837158,0.9835093021392822
cv,train,2,P00044__N58G,-0.8999999761581421,-1.1967182159423828
cv,train,2,P00720__T59D,1.149999976158142,0.9616342782974243
cv,train,2,P00818__W39F,0.0,-0.2701924741268158
cv,train,2,P06241__F87L,2.0,1.8208603858947754
cv,train,2,P00750__V280A,2.0,1.7584896087646484
cv,train,2,P00648__W141F,0.800000011920929,0.6108806133270264
cv,train,2,P01009__F75C,-2.805000066757202,-3.0513434410095215
cv,train,2,P01053__T23V,0.3199999928474426,0.14333701133728027
cv,train,2,P00974__G72A,2.700000047683716,2.4473018646240234
cv,train,2,P06241__E107P,1.7050000429153442,1.4831587076187134
cv,train,2,P01053__I77A,4.25,3.9467287063598633
cv,train,2,P00644__K87A,-0.30000001192092896,-0.4637683629989624
cv,train,2,P00711__Y122A,2.494999885559082,2.2089157104492188
cv,train,2,P05230__L59F,0.04500000178813934,-0.19501495361328125
cv,train,2,P00651__Y94F,1.3550000190734863,1.0592617988586426
cv,train,2,P02185__A131K,1.75,1.5944548845291138
cv,train,2,P00644__D159G,2.200000047683716,2.020716667175293
cv,train,2,P00818__A31G,1.600000023841858,1.352548599243164
cv,train,2,P03050__E48A,-0.12999999523162842,-0.38652318716049194
cv,train,2,P00644__E211G,3.700000047683716,3.3903520107269287
cv,train,2,P00712__W79A,2.0,1.6856098175048828
cv,train,2,P00720__V131G,0.6800000071525574,0.3973788619041443
cv,train,2,P01006__V44I,0.8399999737739563,0.6018973588943481
cv,train,2,P00644__H90G,0.800000011920929,0.6158381104469299
cv,train,2,P00698__G135A,1.1299999952316284,0.8380305767059326
cv,train,2,P04637__F270L,4.099999904632568,3.8702392578125
cv,train,2,P00044__F16Y,0.699999988079071,0.5037422180175781
cv,train,2,P00644__L118V,3.5,3.246530294418335
cv,train,2,P05413__R107T,3.1700000762939453,2.9116737842559814
cv,train,2,P00720__Q105M,1.2000000476837158,1.1014125347137451
cv,train,2,P02185__L12A,0.5,0.22169244289398193
cv,train,2,P02751__L1530P,0.0,-0.198509082198143
cv,train,2,P02945__Y70A,3.700000047683716,3.430441379547119
cv,train,2,P01009__V388L,0.30000001192092896,0.07978656888008118
cv,train,2,P00644__I100A,2.5,2.187878370285034
cv,train,2,P00094__K33D,1.2000000476837158,1.0040700435638428
cv,train,2,P01009__A274I,0.3499999940395355,0.03434288501739502
cv,train,2,P00720__V149T,2.950000047683716,2.5872135162353516
cv,train,2,P00651__V104S,4.715000152587891,4.482512474060059
cv,train,2,P00698__D119K,-0.1899999976158142,-0.38156425952911377
cv,train,2,P04637__R273C,-0.4000000059604645,-0.640400767326355
cv,train,2,P00644__L89G,1.5,1.2558910846710205
cv,train,2,P00929__E49Q,2.450000047683716,2.30171537399292
cv,train,2,P00720__A82P,-0.44999998807907104,-0.6964728832244873
cv,train,2,P00648__T73Q,1.7200000286102295,1.5981043577194214
cv,train,2,P00648__Q62I,-1.2000000476837158,-1.5571534633636475
cv,train,2,P03050__K6A,-0.4000000059604645,-0.6912946105003357
cv,train,2,P01051__V14A,1.0199999809265137,0.6894518136978149
cv,train,2,P04637__D148E,0.4300000071525574,0.22190618515014648
cv,train,2,P00698__K31D,7.34499979019165,7.069014549255371
cv,train,2,P02751__P1619A,0.41999998688697815,0.1984800398349762
cv,train,2,P00720__T115E,0.10000000149011612,-0.1427738070487976
cv,train,2,P02185__I31A,-0.45500001311302185,-0.7038484811782837
cv,train,2,O74035__L147A,2.4049999713897705,2.1402902603149414
cv,train,2,P03040__Y26W,0.10000000149011612,-0.03163331747055054
cv,train,2,P00720__I78M,1.5499999523162842,1.3452982902526855
cv,train,2,P03034__G49N,-0.7900000214576721,-1.0365623235702515
cv,train,2,P00094__G55S,2.200000047683716,1.996277093887329
cv,train,2,P00044__H39Y,0.44999998807907104,0.2541522681713104
cv,train,2,P01053__D43A,1.0,0.7468662261962891
cv,train,2,P00644__Q231G,0.4000000059604645,0.1988545060157776
cv,train,2,P01584__L126A,4.300000190734863,4.053964614868164
cv,train,2,P00644__A172S,2.0999999046325684,1.9380879402160645
cv,train,2,P01625__S103T,-0.10000000149011612,-0.351024866104126
cv,train,2,P00171__F40L,1.8700000047683716,1.7183607816696167
cv,train,2,P01053__T56A,-0.41499999165534973,-0.6621137261390686
cv,train,2,P00648__K155R,-0.800000011920929,-0.9896142482757568
cv,train,2,P00818__L90A,1.7000000476837158,1.4215564727783203
cv,train,2,P00712__Y122F,2.0999999046325684,1.9122753143310547
cv,train,2,P05798__Q94K,-0.5,-0.6887161731719971
cv,train,2,P02633__F70A,4.585000038146973,4.436062812805176
cv,train,2,P00648__T63G,1.5,1.2421964406967163
cv,train,2,P02185__G130A,-1.0,-1.1743186712265015
cv,train,2,P02751__I1607V,0.6100000143051147,0.3768337368965149
cv,train,2,P00644__Y197F,0.10000000149011612,-0.08476829528808594
cv,train,2,P00644__E92G,1.7999999523162842,1.5664989948272705
cv,train,2,P00720__I3L,-0.8500000238418579,-1.1252034902572632
cv,train,2,P04637__V143A,3.5999999046325684,3.2087512016296387
cv,train,2,P00644__A184V,1.7999999523162842,1.5663061141967773
cv,train,2,P00720__A129M,1.899999976158142,1.749650239944458
cv,train,2,P00648__K74G,0.4000000059604645,0.14414656162261963
cv,train,2,P00720__R96F,4.199999809265137,3.925264596939087
cv,train,2,P00720__R119E,0.10000000149011612,-0.13992834091186523
cv,train,2,P01009__V197I,-0.44999998807907104,-0.7572059631347656
cv,train,2,P00644__M147F,1.600000023841858,1.3880162239074707
cv,train,2,P01053__L52A,2.369999885559082,2.1245830059051514
cv,train,2,P02751__I1571V,0.30000001192092896,0.03888082504272461
cv,train,2,P00648__I143V,0.949999988079071,0.6972993612289429
cv,train,2,P00648__T73G,1.5,1.3217494487762451
cv,train,2,P00282__W68A,3.375,2.9310808181762695
cv,train,2,P01584__T125A,1.399999976158142,1.211754560470581
cv,train,2,P02185__A16L,-0.15000000596046448,-0.3317171335220337
cv,train,2,P00094__Y96F,-0.7099999785423279,-0.8992161154747009
cv,train,2,P00720__S38N,0.0,-0.21673062443733215
cv,train,2,P03050__Q9A,0.10000000149011612,-0.1698399782180786
cv,train,2,P00720__I27M,5.099999904632568,4.979740142822266
cv,train,2,P03050__L12A,2.009999990463257,1.7526668310165405
cv,train,2,P00720__V149G,4.900000095367432,4.623696327209473
cv,train,2,P00644__T202I,1.5,1.234954595565796
cv,train,2,P00644__V156L,1.100000023841858,0.9627647399902344
cv,train,2,P04637__F338A,4.599999904632568,4.353565692901611
cv,train,2,P00720__T59G,1.649999976158142,1.4362579584121704
cv,train,2,P00099__W78F,1.899999976158142,1.6681249141693115
cv,train,2,P00698__N64D,0.33000001311302185,0.1486145257949829
cv,train,2,P00644__D101K,0.3499999940395355,0.147019624710083
cv,train,2,P01053__P45A,1.6799999475479126,1.4586273431777954
cv,train,2,P03050__N34G,-0.41999998688697815,-0.6350563168525696
cv,train,2,P00720__A146V,4.005000114440918,3.7415568828582764
cv,train,2,P01053__P81A,3.369999885559082,3.066777467727661
cv,train,2,P00644__P124A,-0.10000000149011612,-0.30532220005989075
cv,train,2,P00720__E11F,-1.7000000476837158,-1.853833556175232
cv,train,2,P00044__C108S,-2.799999952316284,-2.9630284309387207
cv,train,2,P01006__M104G,0.20999999344348907,-0.05584311485290527
cv,train,2,P00648__E120A,2.3499999046325684,2.1196630001068115
cv,train,2,P00818__F95L,4.300000190734863,4.108872413635254
cv,train,2,P00720__L133A,4.190000057220459,3.946162223815918
cv,train,2,P00711__Q136A,0.9800000190734863,0.7504143714904785
cv,train,2,P06241__I111A,2.799999952316284,2.5588159561157227
cv,train,2,P01053__K22A,0.699999988079071,0.49429503083229065
cv,train,2,P05413__T41V,1.840000033378601,1.6327295303344727
cv,train,2,P03050__W14A,4.0,3.805041790008545
cv,train,2,P00720__R119M,0.0,-0.13685059547424316
cv,train,2,P00044__N58Q,0.6700000166893005,0.6179816722869873
cv,train,2,P00720__T59V,1.649999976158142,1.45128333568573
cv,train,2,P00644__M180G,4.400000095367432,4.094632625579834
cv,train,2,P00509__T6A,1.2999999523162842,1.0358527898788452
cv,train,2,P00698__H33L,-0.7599999904632568,-1.030414342880249
cv,train,2,P02640__H791Y,-1.149999976158142,-1.3035178184509277
cv,train,2,P00651__A47D,-0.26499998569488525,-0.4585670232772827
cv,train,2,P04168__Y12F,2.299999952316284,2.0173661708831787
cv,train,2,P02185__H94G,-0.019999999552965164,-0.28504735231399536
cv,train,2,P00648__Q78S,0.20000000298023224,-0.004648864269256592
cv,train,2,P00974__Y56A,3.9000000953674316,3.751868724822998
cv,train,2,P00644__K179Q,0.30000001192092896,0.09051191806793213
cv,train,2,P01625__Q64N,1.350000023841858,1.1128418445587158
cv,train,2,P00044__L100A,3.799999952316284,3.484285354614258
cv,train,2,P00644__E155K,2.0999999046325684,1.9340572357177734
cv,train,2,P00644__T144A,2.299999952316284,1.9537348747253418
cv,train,2,P00974__R36A,0.5,0.3963378667831421
cv,train,2,P00720__V131S,0.05000000074505806,-0.1453128457069397
cv,train,2,P01009__K355T,-0.36500000953674316,-0.7195165157318115
cv,train,2,P00171__V50H,1.4450000524520874,1.3264927864074707
cv,train,2,P00644__K209A,-0.20000000298023224,-0.409466028213501
cv,train,2,P00644__M180A,4.400000095367432,4.083930492401123
cv,train,2,P00720__W138Y,2.4000000953674316,2.176921844482422
cv,train,2,P01236__H208A,0.6000000238418579,0.21660232543945312
cv,train,2,P02754__W35Y,5.204999923706055,4.94541072845459
cv,train,2,P00720__V149A,3.0,2.6645989418029785
cv,train,2,P03050__K24G,1.8250000476837158,1.6307872533798218
cv,train,2,P00720__I3C,-0.25,-0.4280756711959839
cv,train,2,P00974__Y56L,3.4000000953674316,3.262819766998291
cv,train,2,P00648__A79P,3.799999952316284,3.596541404724121
cv,train,2,P02945__T68A,0.10000000149011612,-0.07457399368286133
cv,train,2,P01053__E27A,0.800000011920929,0.5507858991622925
cv,train,2,P00974__P48S,1.399999976158142,1.2393803596496582
cv,train,2,P00644__A151V,2.299999952316284,2.1317358016967773
cv,train,2,P00720__V87T,1.399999976158142,1.123085618019104
cv,train,2,P00644__Q205A,0.30000001192092896,0.05798745155334473
cv,train,2,P02417__K14M,-0.009999999776482582,-0.12179780006408691
cv,train,2,P00644__V121E,4.949999809265137,4.7012529373168945
cv,train,2,P01009__V169L,0.6499999761581421,0.4306985139846802
cv,train,2,P00720__T59S,0.25,0.10662806034088135
cv,train,2,P02693__A105C,-1.7999999523162842,-1.9813060760498047
cv,train,2,P00044__F16I,0.8999999761581421,0.6349225044250488
cv,train,2,P00648__G112S,-0.75,-0.9132145643234253
cv,train,2,P00282__V51A,1.6699999570846558,1.3598685264587402
cv,train,2,P00593__F128A,1.0499999523162842,0.8784775733947754
cv,train,2,P00818__W65A,1.5,1.2425791025161743
cv,train,2,P00004__P31A,5.599999904632568,5.239451885223389
cv,train,2,P03040__Y26L,-0.8500000238418579,-0.9627925157546997
cv,train,2,P01625__L35P,1.5,1.2581573724746704
cv,train,2,P00644__E139F,0.800000011920929,0.59991854429245
cv,train,2,P00282__F130S,4.75,4.555477142333984
cv,train,2,P00712__W137F,-0.23000000417232513,-0.4514244794845581
cv,train,2,P00644__G168A,0.5,0.3068438768386841
cv,train,2,P00929__E49V,-3.200000047683716,-3.438981771469116
cv,train,2,P00720__S44Q,-0.2849999964237213,-0.48581671714782715
cv,train,2,P00644__E149A,1.0,0.6484695672988892
cv,train,2,P05798__T16V,-0.30000001192092896,-0.49686288833618164
cv,train,2,P00644__E211A,2.200000047683716,1.9319629669189453
cv,train,2,P00644__Y109E,4.650000095367432,4.457763671875
cv,train,2,P02417__V3A,2.549999952316284,2.266652822494507
cv,train,2,P00044__H32Y,2.0,1.8565038442611694
cv,train,2,P03040__Y26Q,-1.0499999523162842,-1.1929889917373657
cv,train,2,P00648__I156A,1.75,1.4939500093460083
cv,train,2,P00818__V40A,1.600000023841858,1.3930639028549194
cv,train,2,P00644__W222H,0.4000000059604645,0.21157053112983704
cv,train,2,P00648__I135A,4.050000190734863,3.735384941101074
cv,train,2,P00720__V149C,2.0999999046325684,1.8420557975769043
cv,train,2,P01053__V80A,1.5049999952316284,1.2337028980255127
cv,train,2,P00648__D122N,4.900000095367432,4.695672988891602
cv,train,2,P00644__Q213A,0.15000000596046448,-0.25007858872413635
cv,train,2,P00509__N285R,5.199999809265137,5.078718185424805
cv,train,2,P00720__I27A,3.0999999046325684,2.861069440841675
cv,train,2,P01053__Q48M,-0.30000001192092896,-0.4168987274169922
cv,train,2,P00974__F68I,2.4000000953674316,2.1178829669952393
cv,train,2,P00644__V121L,0.8999999761581421,0.6781520843505859
cv,train,2,P00720__T157V,1.600000023841858,1.3913204669952393
cv,train,2,P00720__V131I,-0.1599999964237213,-0.4807191491127014
cv,train,2,P00644__A94G,2.4000000953674316,2.1387124061584473
cv,train,2,P04637__E336A,-1.7000000476837158,-1.9134703874588013
cv,train,2,P02693__L90C,1.100000023841858,0.8562911748886108
cv,train,2,P01009__A55V,-0.6000000238418579,-0.760928750038147
cv,train,2,P04925__T182A,4.309999942779541,3.9892849922180176
cv,train,2,P00099__V100I,-1.024999976158142,-1.4395592212677002
cv,train,2,P01009__M398I,-2.1500000953674316,-2.3822293281555176
cv,train,2,P00644__T104G,2.4000000953674316,2.097188949584961
cv,train,2,P05798__T56V,1.899999976158142,1.6561996936798096
cv,train,2,P01009__A31L,-0.800000011920929,-0.9294638633728027
cv,train,2,P03040__Y26C,-2.200000047683716,-2.346553325653076
cv,train,2,P00720__D20A,0.4000000059604645,0.1254943609237671
cv,train,2,P00648__R116K,3.1649999618530273,2.935915470123291
cv,train,2,P01009__V345L,1.100000023841858,0.8760735392570496
cv,train,2,P01308__Y50T,0.30000001192092896,0.1905663013458252
cv,train,2,P02185__W8F,0.4000000059604645,0.12721562385559082
cv,train,2,P00644__E224G,0.30000001192092896,0.05831795930862427
cv,train,2,P03034__A82G,-0.800000011920929,-1.1125292778015137
cv,train,2,P00651__N70S,1.850000023841858,1.6651785373687744
cv,train,2,2IMM_A__K24R,0.20000000298023224,0.10600918531417847
cv,train,2,P00720__K48A,0.5299999713897705,0.2533206045627594
cv,train,2,P00651__D75A,-0.30000001192092896,-0.5677124857902527
cv,train,2,P05798__V57T,4.400000095367432,4.158648490905762
cv,train,2,P03069__E268Q,-0.20000000298023224,-0.34245824813842773
cv,train,2,P00720__T109D,0.30000001192092896,0.1347254514694214
cv,train,2,P01009__K355I,0.4000000059604645,0.08471167087554932
cv,train,2,P00644__T115C,1.100000023841858,0.9061176776885986
cv,train,2,P02185__L70A,1.2000000476837158,0.9259032011032104
cv,train,2,P00648__V92T,2.319999933242798,2.118312358856201
cv,train,2,P00720__A98T,3.565000057220459,3.340339183807373
cv,train,2,P00644__K215A,1.2999999523162842,1.034147024154663
cv,train,2,P00257__T112S,-0.10000000149011612,-0.22645127773284912
cv,train,2,P00644__L118G,5.300000190734863,5.057886123657227
cv,train,2,P00257__Y140L,0.4000000059604645,0.2630615234375
cv,train,2,P00644__T115I,-0.6000000238418579,-0.8483734130859375
cv,train,2,P00644__T202A,1.100000023841858,0.8379830121994019
cv,train,2,P00720__I3M,0.699999988079071,0.5767189264297485
cv,train,2,P00644__T95C,1.2999999523162842,1.084860920906067
cv,train,2,P00720__R96E,2.200000047683716,1.9502861499786377
cv,train,2,P05413__R127K,3.9800000190734863,3.7265732288360596
cv,train,2,P00644__T144I,1.399999976158142,1.1450438499450684
cv,train,2,P01009__W218F,0.5,0.28160226345062256
cv,train,2,P00644__Y136F,0.44999998807907104,0.23302888870239258
cv,train,2,P02185__E5A,0.625,0.3636065125465393
cv,train,2,P00644__V121A,2.200000047683716,1.9901082515716553
cv,train,2,P00648__I143A,3.200000047683716,2.9167890548706055
cv,train,2,P00651__A47Y,0.38999998569488525,0.19962501525878906
cv,train,2,P02417__V3L,2.2100000381469727,2.040670871734619
cv,train,2,P00698__W126Y,1.3600000143051147,1.1651707887649536
cv,train,2,P01857__T249A,2.299999952316284,2.035694122314453
cv,train,2,P00720__I17M,2.75,2.571939468383789
cv,train,2,P00644__Y175A,6.0,5.77003288269043
cv,train,2,P00644__Y109S,3.0,2.796967029571533
cv,train,2,P02753__R139Q,2.5999999046325684,2.4419713020324707
cv,train,2,P04637__R248Q,1.940000057220459,1.75605046749115
cv,train,2,P00644__P129G,0.10000000149011612,-0.1238166093826294
cv,train,2,P00712__K112A,1.7000000476837158,1.4571579694747925
cv,train,2,P02751__I1596A,3.299999952316284,3.0424423217773438
cv,train,2,P00282__C132S,-1.5700000524520874,-1.7204842567443848
cv,train,2,P01857__L234A,1.2999999523162842,0.9983617067337036
cv,train,2,P00644__E139A,0.15000000596046448,-0.1693725287914276
cv,train,2,P00644__K145E,1.5,1.2634108066558838
cv,train,2,P00651__N107A,2.890000104904175,2.6681466102600098
cv,train,2,P06241__F87V,0.5,0.34880101680755615
cv,train,2,P00648__F54L,4.199999809265137,3.996265411376953
cv,train,2,P00644__N200E,1.899999976158142,1.7526005506515503
cv,train,2,P03050__K47G,0.8799999952316284,0.6224347352981567
cv,train,2,P00644__T126G,0.5,0.366812527179718
cv,train,2,P00644__T123S,1.0,0.861158013343811
cv,train,2,P06241__A122G,1.399999976158142,1.0766842365264893
cv,train,2,P00648__I123A,1.7000000476837158,1.5487676858901978
cv,train,2,P01857__L251A,2.200000047683716,1.9124664068222046
cv,train,2,P00720__Q105E,0.8999999761581421,0.7021119594573975
cv,train,2,P03050__K24T,0.8999999761581421,0.6555371880531311
cv,train,2,P00644__T123G,1.7999999523162842,1.6034517288208008
cv,train,2,P00974__C65G,8.699999809265137,8.480822563171387
cv,train,2,P00648__N70A,2.200000047683716,1.9087013006210327
cv,train,2,P01584__K213G,1.600000023841858,1.2803215980529785
cv,train,2,P01053__K37G,2.0,1.6863954067230225
cv,train,2,P00509__K63M,5.0,4.823705673217773
cv,train,2,P03050__K2A,-0.10000000149011612,-0.2871415913105011
cv,train,2,P03034__A63G,-1.5,-1.4290261268615723
cv,train,2,P00720__A134S,0.15000000596046448,0.00488591194152832
cv,train,2,P03034__Y89C,-2.4000000953674316,-2.488492965698242
cv,train,2,P00651__D75W,0.8999999761581421,0.7953981161117554
cv,train,2,P01053__I40L,1.9600000381469727,1.7100286483764648
cv,train,2,P00644__K131F,-0.10000000149011612,-0.27326589822769165
cv,train,2,P01584__K213R,1.7999999523162842,1.6935954093933105
cv,train,2,P03050__S32A,3.7799999713897705,3.557173252105713
cv,train,2,P03050__R23A,1.100000023841858,0.9271397590637207
cv,train,2,P02693__L65A,2.0999999046325684,1.8265329599380493
cv,train,2,P01857__Y232A,0.699999988079071,0.4570140838623047
cv,train,2,P00644__G168F,2.0,1.708888292312622
cv,train,2,P05825__L266C,-6.880000114440918,-7.073822021484375
cv,train,2,P00648__S104A,-0.15000000596046448,-0.4039607048034668
cv,train,2,P04637__Q167E,0.4300000071525574,0.2929409444332123
cv,train,2,P00644__D165A,3.799999952316284,3.5465664863586426
cv,train,2,P00644__E217K,1.100000023841858,0.9465376138687134
cv,train,2,P03034__A16G,0.6000000238418579,0.24824807047843933
cv,train,2,P00918__H107F,8.600000381469727,8.301718711853027
cv,train,2,P03958__W161F,-7.300000190734863,-7.413459777832031
cv,train,2,P04179__I82T,2.8499999046325684,2.6309027671813965
cv,train,2,P00698__I76M,1.090000033378601,0.8794962167739868
cv,train,2,P00651__D102A,3.75,3.4948318004608154
cv,train,2,P00644__K135G,0.20000000298023224,-0.03147786855697632
cv,train,2,P02945__F67A,1.0,0.6829620599746704
cv,train,2,P05413__F17S,4.0,3.8228907585144043
cv,train,2,P01053__F70A,3.6500000953674316,3.4349021911621094
cv,train,2,P00644__H203G,4.099999904632568,3.9104647636413574
cv,train,2,P00929__G234K,-0.10000000149011612,-0.33079612255096436
cv,train,2,P00974__P43A,0.30000001192092896,0.06982338428497314
cv,train,2,P00712__W123F,2.134999990463257,1.9024513959884644
cv,train,2,P00720__N144E,-0.5,-0.6956886053085327
cv,train,2,P00644__P93A,0.3499999940395355,0.11506927013397217
cv,train,2,P00712__L124A,0.30000001192092896,0.06234782934188843
cv,train,2,P02945__L61A,0.10000000149011612,-0.11441552639007568
cv,train,2,P02945__M73A,0.800000011920929,0.4665899872779846
cv,train,2,P00818__F23L,1.2999999523162842,1.1714016199111938
cv,train,2,P02417__D23A,-0.10000000149011612,-0.3497655689716339
cv,train,2,P00974__Y70F,0.6000000238418579,0.3735244870185852
cv,train,2,P00720__T152S,2.200000047683716,1.9473239183425903
cv,train,2,P00720__P37A,0.0,-0.14377298951148987
cv,train,2,P00644__F116A,3.700000047683716,3.452390193939209
cv,train,2,P02185__F107A,0.44999998807907104,0.32476556301116943
cv,train,2,P00648__I102A,1.2000000476837158,0.9717913866043091
cv,train,2,P00644__E149F,1.2999999523162842,1.07682466506958
cv,train,2,P02417__L6I,0.12999999523162842,-0.12853074073791504
cv,train,2,P04637__M340I,-0.550000011920929,-0.8185492753982544
cv,train,2,P00644__Y173F,2.3499999046325684,2.0595459938049316
cv,train,2,P00952__L105V,2.9600000381469727,2.707096576690674
cv,train,2,P03034__K5Q,-0.4300000071525574,-0.5451563000679016
cv,train,2,P01053__R82A,0.6000000238418579,0.38374781608581543
cv,train,2,P00644__I174L,0.6000000238418579,0.3723567724227905
cv,train,2,P00509__C389A,-2.1500000953674316,-2.303791046142578
cv,train,2,P00750__V280I,-0.30000001192092896,-0.5497215986251831
cv,train,2,3PG0_A__E90L,0.8999999761581421,0.6426498889923096
cv,train,2,P00044__N58F,0.05999999865889549,-0.14583095908164978
cv,train,2,P03051__D30C,-0.800000011920929,-0.9764825105667114
cv,train,2,P00974__R77A,0.5,0.31698012351989746
cv,train,2,P01053__K37A,0.5,0.2710840106010437
cv,train,2,P00282__V80G,3.109999895095825,2.826693534851074
cv,train,2,P00644__K146Q,0.0,-0.1479412317276001
cv,train,2,P02185__L136A,1.25,1.0509943962097168
cv,train,2,P01053__V83T,1.149999976158142,0.8971595764160156
cv,train,2,P00720__I3A,0.800000011920929,0.49542123079299927
cv,train,2,P05798__D79I,-2.8499999046325684,-3.0589003562927246
cv,train,2,P00651__P65A,4.900000095367432,4.647162914276123
cv,train,2,P00648__S138A,1.899999976158142,1.636941909790039
cv,train,2,P05121__E350P,-0.30000001192092896,-0.5826053619384766
cv,train,2,P00651__D75F,0.15000000596046448,-0.00023633241653442383
cv,train,2,P00644__T95I,0.10000000149011612,-0.1683114767074585
cv,train,2,P00698__F21Y,0.44999998807907104,0.1742125153541565
cv,train,2,O74035__E8Q,-0.6000000238418579,-0.7688037157058716
cv,train,2,P00644__D103K,-1.0,-1.2347875833511353
cv,train,2,P06241__E107S,1.6200000047683716,1.3787033557891846
cv,train,2,P02625__A22P,0.48500001430511475,0.28263986110687256
cv,train,2,P04637__T329A,2.299999952316284,2.011090040206909
cv,train,2,P00644__K198F,0.15000000596046448,-0.020534396171569824
cv,train,2,P02945__S48A,0.30000001192092896,0.057557880878448486
cv,train,2,P00698__D119R,-0.27000001072883606,-0.3781932592391968
cv,train,2,P00720__V111A,1.100000023841858,0.8567209243774414
cv,train,2,P00644__G111A,1.25,0.9943912029266357
cv,train,2,P00651__Y82F,0.7450000047683716,0.5139269828796387
cv,train,2,P00644__R169A,0.800000011920929,0.5251647233963013
cv,train,2,P00698__F52Y,-0.1899999976158142,-0.3551015257835388
cv,train,2,P00648__S75E,-0.5,-0.6369122266769409
cv,train,2,P00171__V66Y,1.315000057220459,1.1933014392852783
cv,train,2,P00644__A142C,1.149999976158142,0.9931001663208008
cv,train,2,P00044__Y103F,-0.10000000149011612,-0.29695093631744385
cv,train,2,P00644__E139K,0.05000000074505806,-0.1693151295185089
cv,train,2,P00818__V18A,1.7999999523162842,1.6198793649673462
cv,train,2,P05798__D79A,0.8999999761581421,0.6908518075942993
cv,train,2,P00644__L219I,0.800000011920929,0.5620967149734497
cv,train,2,P00644__I97G,3.299999952316284,3.01181960105896
cv,train,2,P00171__V50T,1.0,0.8194047212600708
cv,train,2,P00648__G99V,8.399999618530273,8.261021614074707
cv,train,2,P00644__A142V,2.75,2.5546343326568604
cv,train,2,P02185__V14A,0.10000000149011612,-0.3119005560874939
cv,train,2,P00648__A79M,0.20000000298023224,0.039838552474975586
cv,train,2,P00644__V186G,6.0,5.564732074737549
cv,train,2,P00720__A129F,1.899999976158142,1.680891752243042
cv,train,2,P00648__L136T,2.5,2.260420799255371
cv,train,2,P00720__R96M,2.5999999046325684,2.4213547706604004
cv,train,2,P00644__I154G,6.0,5.791918754577637
cv,train,2,P00644__A151G,2.0,1.8379329442977905
cv,train,2,P00720__R96Q,0.5,0.17966660857200623
cv,train,2,P03040__Q16L,-2.0999999046325684,-2.3505210876464844
cv,train,2,P00644__E157V,2.299999952316284,2.051056385040283
cv,train,2,P00648__E76A,1.25,0.9756903052330017
cv,train,2,1YYX_A__M33A,3.5,3.229933977127075
cv,train,2,P00720__T152V,-0.20000000298023224,-0.421728253364563
cv,train,2,P00720__I78A,1.2000000476837158,0.9853757619857788
cv,train,2,P00644__L185V,2.0,1.7969999313354492
cv,train,2,P05798__Y86F,0.30000001192092896,0.08505630493164062
cv,train,2,P00644__Y109T,3.200000047683716,2.9552910327911377
cv,train,2,P00282__F117A,2.630000114440918,2.4718849658966064
cv,train,2,P00644__S210F,1.0,0.7630620002746582
cv,train,2,P00644__K91F,1.0,0.8158574104309082
cv,train,2,P00720__T157A,1.0,0.7815314531326294
cv,train,2,P00644__S141F,-0.30000001192092896,-0.527904748916626
cv,train,2,P00720__N132F,-1.2999999523162842,-1.5355795621871948
cv,train,2,P03050__M1A,0.10000000149011612,-0.04838156700134277
cv,train,2,P00282__L70A,1.7899999618530273,1.4396878480911255
cv,train,2,P00648__N52A,1.850000023841858,1.6424057483673096
cv,train,2,P00720__T157H,2.0999999046325684,2.035795211791992
cv,train,2,P02185__I29A,-0.07999999821186066,-0.26508593559265137
cv,train,2,P00648__A79Y,0.699999988079071,0.531192421913147
cv,train,2,P00648__A79L,0.10000000149011612,-0.09762132167816162
cv,train,2,P02185__D45A,0.17499999701976776,-0.07425916194915771
cv,train,2,P00698__G120V,0.03999999910593033,-0.12178373336791992
cv,train,2,P00644__L171F,1.2000000476837158,0.9436700344085693
cv,train,2,P00644__A194C,0.800000011920929,0.6221977472305298
cv,train,2,P00974__Y45A,1.2000000476837158,0.9429510831832886
cv,train,2,P00644__T95G,1.100000023841858,0.8326886892318726
cv,train,2,P00171__V66E,1.0750000476837158,1.025782585144043
cv,train,2,P00648__K66R,-0.6000000238418579,-0.7404929995536804
cv,train,2,P00698__M30F,-0.2800000011920929,-0.5142726898193359
cv,train,2,3PG0_A__Q102I,2.700000047683716,2.373903751373291
cv,train,2,P00720__I3P,2.880000114440918,2.513838768005371
cv,train,2,P01006__M134V,1.840000033378601,1.68709135055542
cv,train,2,P04637__F134L,4.78000020980835,4.585638523101807
cv,train,2,P00644__L89A,1.600000023841858,1.4125025272369385
cv,train,2,P02417__L30A,2.759999990463257,2.5171594619750977
cv,train,2,P00644__T164A,0.8999999761581421,0.6725859045982361
cv,train,2,P00648__D55S,0.75,0.543952226638794
cv,train,2,P01308__F49D,-0.6000000238418579,-0.6569650173187256
cv,train,2,P00698__S109Y,3.069999933242798,2.8952438831329346
cv,train,2,P02417__E38Q,0.5600000023841858,0.4471592903137207
cv,train,2,P00720__R96P,5.75,5.462864875793457
cv,train,2,P00644__G161A,2.25,1.950488805770874
cv,train,2,P00648__H65K,1.100000023841858,0.944198727607727
cv,train,2,P00974__G63A,1.0,0.7322827577590942
cv,train,2,P00712__T57A,1.2999999523162842,1.0692780017852783
cv,train,2,P00811__Y166F,0.8999999761581421,0.6674570441246033
cv,train,2,P00974__E84A,0.20000000298023224,-0.090762197971344
cv,train,2,P02185__L70M,0.0,-0.20036745071411133
cv,train,2,P00644__R187F,3.0999999046325684,2.8815667629241943
cv,train,2,3PG0_A__K77V,-0.800000011920929,-0.9828624725341797
cv,train,2,P00720__I100M,1.600000023841858,1.375148892402649
cv,train,2,P01241__E100A,0.8999999761581421,0.6811000108718872
cv,train,2,P00044__N58V,-1.8600000143051147,-2.0875515937805176
cv,train,2,P00644__V156I,1.7999999523162842,1.548466682434082
cv,train,2,P00698__G89A,1.2400000095367432,1.0412365198135376
cv,train,2,P01009__S405A,-0.949999988079071,-1.197906494140625
cv,train,2,P00593__H70Q,0.5,0.37318718433380127
cv,train,2,P00720__S90H,1.100000023841858,0.8936617374420166
cv,train,2,P00644__D177G,2.75,2.5741634368896484
cv,train,2,2IMM_A__Q85E,0.4000000059604645,0.27265021204948425
cv,train,2,P00929__F22L,1.0099999904632568,0.8202205300331116
cv,train,2,P00651__S38A,1.1549999713897705,0.8944177627563477
cv,train,2,P00720__I3D,2.700000047683716,2.5073914527893066
cv,train,2,P01053__I49T,1.2000000476837158,1.009898066520691
cv,train,2,P01625__Q115H,0.8500000238418579,0.6756030321121216
cv,train,2,P00644__L190I,3.299999952316284,2.967989444732666
cv,train,2,P00929__G211D,0.550000011920929,0.37108373641967773
cv,train,2,P02185__I29V,0.0,-0.18701112270355225
cv,train,2,P00644__E157A,1.899999976158142,1.6752946376800537
cv,train,2,P00644__D101G,0.4000000059604645,0.1027144193649292
cv,train,2,P00720__S44P,3.015000104904175,2.7424306869506836
cv,train,2,P00099__F56Y,-1.3300000429153442,-1.5530648231506348
cv,train,2,P00974__C65V,6.0,5.83094596862793
cv,train,2,P00698__N95H,0.3799999952316284,0.21504747867584229
cv,train,2,P00644__V148K,4.800000190734863,4.616642475128174
cv,train,2,P00720__W126R,5.320000171661377,5.098133087158203
cv,train,2,P00648__W141Y,1.149999976158142,0.9884093999862671
cv,train,2,P00711__K133E,0.699999988079071,0.5638550519943237
cv,train,2,P00720__V131M,-0.11999999731779099,-0.32136934995651245
cv,train,2,P00720__R96N,3.1500000953674316,2.8623127937316895
cv,train,2,P00720__L133F,0.30000001192092896,0.006006717681884766
cv,train,2,P00644__K146E,1.600000023841858,1.4118937253952026
cv,train,2,P03050__P15A,1.899999976158142,1.6656728982925415
cv,train,2,P00720__L133D,5.5,5.347203254699707
cv,train,2,P00648__A79H,0.699999988079071,0.4567837715148926
cv,train,2,P00644__Y195A,-0.05000000074505806,-0.2849210500717163
cv,train,2,P00651__A47T,0.5699999928474426,0.33462798595428467
cv,train,2,P01241__S97V,1.25,1.093039870262146
cv,train,2,P00974__R52A,0.30000001192092896,0.1536322832107544
cv,train,2,P02185__I143M,-0.8999999761581421,-1.0415679216384888
cv,train,2,P01053__E35N,1.0700000524520874,0.853331983089447
cv,train,2,P00818__Y12I,2.200000047683716,1.968888521194458
cv,train,2,P00099__E92Q,-0.20000000298023224,-0.3246728181838989
cv,train,2,P00644__T104S,0.6000000238418579,0.341871976852417
cv,train,2,P03034__Q34Y,-1.3200000524520874,-1.4506851434707642
cv,train,2,P00644__K160C,0.3499999940395355,0.1624053716659546
cv,train,2,P00644__E217Q,0.699999988079071,0.5443496704101562
cv,train,2,P00720__S44W,-0.07500000298023224,-0.2470017671585083
cv,train,2,P02751__Y1629F,-0.10499999672174454,-0.37029707431793213
cv,train,2,P03050__I37V,1.3700000047683716,1.2296448945999146
cv,train,2,P03051__D30I,0.800000011920929,0.5669289827346802
cv,train,2,P01006__M134L,0.02500000037252903,-0.10397028923034668
cv,train,2,P00593__F44Y,-1.149999976158142,-1.3758678436279297
cv,train,2,P00644__E92Q,1.100000023841858,0.9227409958839417
cv,train,2,P00720__A41S,0.699999988079071,0.49097537994384766
cv,train,2,P00644__Y195F,0.0,-0.216025710105896
cv,train,2,P00698__D119F,-0.7200000286102295,-0.9010491967201233
cv,train,2,P00644__Y109I,2.299999952316284,2.078819513320923
cv,train,2,P01006__M134A,2.200000047683716,1.898810863494873
cv,train,2,P03051__D30E,-1.0,-1.1674795150756836
cv,train,2,P00644__L118I,3.0999999046325684,2.811943531036377
cv,train,2,P00509__C180G,0.0,-0.18236243724822998
cv,train,2,P00644__V196G,0.10000000149011612,-0.034921228885650635
cv,train,2,P00282__M141A,2.869999885559082,2.7394802570343018
cv,train,2,P00720__F153A,3.5,3.2992794513702393
cv,train,2,P05230__C98S,1.7999999523162842,1.6365844011306763
cv,train,2,P00648__V83A,1.2999999523162842,1.0539772510528564
cv,train,2,P00720__A73S,0.3499999940395355,0.13165783882141113
cv,train,2,P00720__T152I,0.4000000059604645,0.11838185787200928
cv,train,2,P00720__A130S,0.8999999761581421,0.7619993686676025
cv,train,2,P02751__P1542A,-0.10999999940395355,-0.1936812400817871
cv,train,2,1YYX_A__L94A,1.7000000476837158,1.462935447692871
cv,train,2,P00720__A146I,4.005000114440918,3.7671291828155518
cv,train,2,P00720__S44G,0.5149999856948853,0.2432098686695099
cv,train,2,P04637__V203A,-0.49000000953674316,-0.8551373481750488
cv,train,2,P02631__P27A,0.699999988079071,0.49304500222206116
cv,train,2,P00560__W334F,1.0149999856948853,0.8019932508468628
cv,train,2,P00648__D101A,2.984999895095825,2.7206521034240723
cv,train,2,P03706__H48N,5.0,4.668303489685059
cv,train,2,P00644__V181A,3.200000047683716,2.8260793685913086
cv,train,2,P05413__K22I,0.0,-0.24083241820335388
cv,train,2,P00644__H128A,0.5,0.2742687463760376
cv,train,2,P00644__V156G,6.099999904632568,5.870139122009277
cv,train,2,P00720__S44V,-0.10000000149011612,-0.26043596863746643
cv,train,2,P05825__S276C,-5.940000057220459,-6.180509567260742
cv,train,2,P00644__L107G,4.5,4.234246253967285
cv,train,2,P01009__A207F,-1.399999976158142,-1.6386562585830688
cv,train,2,P00644__L118E,5.849999904632568,5.6271514892578125
cv,train,2,P00648__H65A,1.9249999523162842,1.7010347843170166
cv,train,2,P00720__L46A,2.4100000858306885,2.101942539215088
cv,train,2,P00651__Y68F,-1.1449999809265137,-1.3472065925598145
cv,train,2,P02693__L65G,2.5999999046325684,2.349978446960449
cv,train,2,P00044__A13Y,-0.30000001192092896,-0.4819597601890564
cv,train,2,P00698__I116M,0.8500000238418579,0.6597765684127808
cv,train,2,P00644__E92K,2.0,1.8116860389709473
cv,train,2,P02751__Y1610A,1.899999976158142,1.693232774734497
cv,train,2,P01009__A308V,-0.75,-0.8706061840057373
cv,train,2,P00282__L70T,2.244999885559082,1.877223253250122
cv,train,2,P05413__E73S,3.700000047683716,3.5000858306884766
cv,train,2,P00720__N40A,-0.25999999046325684,-0.42014873027801514
cv,train,2,P01009__V79L,0.30000001192092896,0.048393309116363525
cv,train,2,P00644__A172E,7.75,7.5413594245910645
cv,train,2,P00712__T52I,-0.18000000715255737,-0.40391504764556885
cv,train,2,P00651__A47V,0.6600000262260437,0.48751306533813477
cv,train,2,P03051__D30Q,-1.7999999523162842,-1.9445723295211792
cv,train,2,P00720__G113A,-0.44999998807907104,-0.6363685727119446
cv,train,2,2IMM_A__P49S,0.20000000298023224,0.061872243881225586
cv,train,2,P00644__M114L,0.800000011920929,0.5602858066558838
cv,train,2,P00720__R96Y,4.599999904632568,4.352300643920898
cv,train,2,P02185__I112A,1.7999999523162842,1.4920109510421753
cv,train,2,P00720__N116D,-0.3400000035762787,-0.484468936920166
cv,train,2,P00929__E49D,-0.800000011920929,-1.0376815795898438
cv,train,2,P00644__S223G,0.8999999761581421,0.6604265570640564
cv,train,2,P03051__D30F,0.10000000149011612,-0.06710803508758545
cv,train,2,P00720__S117V,-2.0,-2.204282283782959
cv,train,2,P00712__I74V,2.700000047683716,2.4560394287109375
cv,train,2,P03034__I85S,2.25,2.065809488296509
cv,train,2,P01006__M104D,-1.25,-1.352526307106018
cv,train,2,O74035__I20A,4.110000133514404,3.814671039581299
cv,train,2,P06241__A89S,1.2999999523162842,1.0832746028900146
cv,train,2,P02751__Y1569F,0.4099999964237213,0.20632600784301758
cv,train,2,P02185__Q9G,0.5,0.2551865875720978
cv,train,2,P00720__I3W,2.799999952316284,2.6198458671569824
cv,train,2,P03050__Y38A,3.4000000953674316,3.079990863800049
cv,train,2,P00644__D225N,0.30000001192092896,0.10396480560302734
cv,train,2,2IMM_A__A106G,0.0,-0.21940410137176514
cv,train,2,P05798__T59V,1.7000000476837158,1.517040491104126
cv,train,2,P00044__F16W,1.2999999523162842,1.0098345279693604
cv,train,2,P01009__K355V,0.6499999761581421,0.3514902591705322
cv,train,2,P00644__I97M,0.20000000298023224,-0.003989696502685547
cv,train,2,P04637__R333A,2.5,2.287893772125244
cv,train,2,P02751__I1607A,3.7200000286102295,3.4687328338623047
cv,train,2,P00648__L61A,4.409999847412109,4.144183158874512
cv,train,2,P00644__K216G,0.699999988079071,0.4357462525367737
cv,train,2,P00711__H51Y,-0.08500000089406967,-0.32019180059432983
cv,train,2,P03051__D30M,-0.6000000238418579,-0.7176452875137329
cv,train,2,P00818__V21A,0.30000001192092896,0.08668196201324463
cv,train,2,P00929__P62A,0.30000001192092896,0.09247536957263947
cv,train,2,P00644__P199F,-0.30000001192092896,-0.4730657935142517
cv,train,2,P00593__F128I,-1.399999976158142,-1.5746490955352783
cv,train,2,P01584__L122A,2.5999999046325684,2.315260171890259
cv,train,2,P06241__E107I,2.7049999237060547,2.396665573120117
cv,train,2,P04925__Q216R,2.015000104904175,1.9417892694473267
cv,train,2,P00929__P96A,1.850000023841858,1.5732460021972656
cv,train,2,P01009__A207I,-1.649999976158142,-1.978715419769287
cv,train,2,P02751__V1609A,3.200000047683716,2.9333395957946777
cv,train,2,P00644__K218A,0.800000011920929,0.5486952066421509
cv,train,2,P00644__G189A,4.400000095367432,4.175227165222168
cv,train,2,O74035__L92A,2.634999990463257,2.420229911804199
cv,train,2,P00698__W126Q,3.569999933242798,3.4289896488189697
cv,train,2,P00644__M108A,1.5,1.2200658321380615
cv,train,2,P00644__E125D,-0.20000000298023224,-0.35895270109176636
cv,train,2,P00644__K106F,0.5,0.2532293200492859
cv,train,2,P03050__R40A,4.599999904632568,4.3847808837890625
cv,train,2,2IMM_A__A15L,-1.399999976158142,-1.6052663326263428
cv,train,2,P01006__M134I,2.009999990463257,1.8082659244537354
cv,train,2,P02185__T52A,1.399999976158142,1.2110927104949951
cv,train,2,P00720__R14K,0.014999999664723873,-0.1679072380065918
cv,train,2,P03034__V37I,-0.800000011920929,-1.1142737865447998
cv,train,2,P01009__V197L,0.550000011920929,0.34361034631729126
cv,train,2,P00648__T53G,1.149999976158142,0.9718577861785889
cv,train,2,P02185__I143A,1.5499999523162842,1.405417799949646
cv,train,2,P02417__H134Q,1.2999999523162842,1.1575595140457153
cv,train,2,P00712__L129A,0.30000001192092896,0.04966247081756592
cv,train,2,P00644__K130A,-0.10000000149011612,-0.34432920813560486
cv,train,2,P01053__N76D,1.3049999475479126,1.1074817180633545
cv,train,2,P00644__T104I,0.6000000238418579,0.3432515859603882
cv,train,2,P00818__V36A,2.5,2.185408592224121
cv,train,2,P03040__Y26F,-0.30000001192092896,-0.4255850911140442
cv,train,2,P00044__K79A,0.44999998807907104,0.13716045022010803
cv,train,2,P02185__V67A,-0.5,-0.7933170199394226
cv,train,2,P00644__P138G,0.949999988079071,0.7364679574966431
cv,train,2,P04637__R282W,3.1500000953674316,3.0113813877105713
cv,train,2,P03050__G49A,2.0,1.654051661491394
cv,train,2,P00644__A140E,5.599999904632568,5.324830532073975
cv,train,2,P03050__P8L,-2.490000009536743,-2.617734432220459
cv,train,2,P00720__T157S,0.6600000262260437,0.4941403865814209
cv,train,2,P00644__V105F,1.899999976158142,1.6524858474731445
cv,train,2,P00720__D20N,-1.2000000476837158,-1.4017407894134521
cv,train,2,P00644__K209F,0.30000001192092896,0.12363499402999878
cv,train,2,P00648__K113A,-0.20000000298023224,-0.45815515518188477
cv,train,2,P02417__I4A,2.2200000286102295,1.9001386165618896
cv,train,2,P00644__K130E,-0.05000000074505806,-0.2285555601119995
cv,train,2,P00644__K152C,0.5,0.31923991441726685
cv,train,2,P00648__H65Q,1.4700000286102295,1.3119539022445679
cv,train,2,P00004__H34N,-1.0,-1.1704883575439453
cv,train,2,P00025__K74Y,1.0499999523162842,0.8795251250267029
cv,train,2,3PG0_A__R114L,0.0,-0.13469290733337402
cv,train,2,P02945__L75A,-0.5,-0.7364274263381958
cv,train,2,P00644__Y173L,3.8499999046325684,3.6055550575256348
cv,train,2,P00644__D159A,3.0999999046325684,2.914017677307129
cv,train,2,P00509__N282R,2.5999999046325684,2.4758338928222656
cv,train,2,P00712__V109A,-0.8999999761581421,-1.2175874710083008
cv,train,2,P02185__H37Q,0.6000000238418579,0.5014004707336426
cv,train,2,P02751__L1545A,1.6399999856948853,1.401179552078247
cv,train,2,P00698__G85A,-0.14499999582767487,-0.3704630136489868
cv,train,2,P00698__I73L,0.44999998807907104,0.2859663963317871
cv,train,2,P06241__S124I,1.4049999713897705,1.1795203685760498
cv,train,2,P01006__V44F,5.414999961853027,5.265289306640625
cv,train,2,P02185__G24A,0.8999999761581421,0.6687415242195129
cv,train,2,P03051__L41V,1.9149999618530273,1.6862860918045044
cv,train,2,P00651__A47K,0.5099999904632568,0.2979452610015869
cv,train,2,P00648__E120W,2.049999952316284,1.8520784378051758
cv,train,2,P00044__L91A,2.799999952316284,2.5215768814086914
cv,train,2,P00698__M30L,0.38499999046325684,0.10954201221466064
cv,train,2,P04637__L344F,3.8499999046325684,3.639979362487793
cv,train,2,P00720__A42S,2.450000047683716,2.2777769565582275
cv,train,2,P01308__S33D,-0.10000000149011612,-0.19300484657287598
cv,train,2,P00257__H114R,1.2000000476837158,1.1424129009246826
cv,train,2,P00004__L95I,-0.20000000298023224,-0.49183428287506104
cv,train,2,P00648__L89V,0.3499999940395355,0.1158304214477539
cv,train,2,O74035__I15A,1.965000033378601,1.7361359596252441
cv,train,2,P00818__V14A,2.5999999046325684,2.3567824363708496
cv,train,2,P00720__Q123E,-0.30000001192092896,-0.490414559841156
cv,train,2,P00644__V148L,0.20000000298023224,-0.02290356159210205
cv,train,2,P00644__L190G,6.650000095367432,6.417565822601318
cv,train,2,P00720__K147E,-0.10000000149011612,-0.268841028213501
cv,train,2,P03050__L21A,3.4000000953674316,3.105044364929199
cv,train,2,P02751__I1596V,1.0,0.7980302572250366
cv,train,2,P00644__V181L,0.20000000298023224,-0.047407060861587524
cv,train,2,P05230__A118G,0.45500001311302185,0.21862971782684326
cv,train,2,P02185__W15F,0.6499999761581421,0.2990523874759674
cv,train,2,P00720__F153I,0.25,0.05128645896911621
cv,train,2,P00720__N101A,1.5,1.1955816745758057
cv,train,2,P04637__F270C,4.539999961853027,4.287698268890381
cv,train,2,P06241__S124F,1.899999976158142,1.7225215435028076
cv,train,2,P02633__E30Q,-0.04500000178813934,-0.18317784368991852
cv,train,2,P00560__F195W,-0.9200000166893005,-1.0969321727752686
cv,train,2,P00509__C77S,2.4000000953674316,2.2062227725982666
cv,train,2,P02693__W83Y,-0.24500000476837158,-0.4856584072113037
cv,train,2,P02693__F94A,2.4000000953674316,2.1930155754089355
cv,train,2,P06241__E107K,0.9850000143051147,0.7888836860656738
cv,train,2,P00644__Y197L,0.30000001192092896,0.11389923095703125
cv,train,2,P00929__G211W,1.350000023841858,1.2443976402282715
cv,train,2,P00644__A142G,1.399999976158142,1.1816635131835938
cv,train,2,P00644__F116E,6.5,6.224411964416504
cv,train,2,P01053__K22M,0.6700000166893005,0.6742599010467529
cv,train,2,P00720__M120A,0.20000000298023224,-0.0012125372886657715
cv,train,2,P00648__I72A,3.5,3.224912643432617
cv,train,2,P00644__K87G,-0.30000001192092896,-0.47267627716064453
cv,train,2,P02417__K12M,-1.7300000190734863,-1.8120313882827759
cv,train,2,P00712__T48I,-2.799999952316284,-2.9918675422668457
cv,train,2,P00974__A51V,1.2999999523162842,1.1122725009918213
cv,train,2,P00644__V148S,3.0999999046325684,2.9346556663513184
cv,train,2,P00045__N62I,-2.4000000953674316,-2.5727243423461914
cv,train,2,P00648__L89T,3.049999952316284,2.719585657119751
cv,train,2,P01857__K253A,1.100000023841858,0.7439727783203125
cv,train,2,P04166__D76R,-0.15000000596046448,-0.29957592487335205
cv,train,2,P04637__Q165K,1.2699999809265137,1.0064105987548828
cv,train,2,P02185__L70V,0.10000000149011612,-0.08770489692687988
cv,train,2,P00929__A18V,-0.20000000298023224,-0.36405086517333984
cv,train,2,P00644__E204K,2.5,2.244509220123291
cv,train,2,P00644__Q162F,0.6000000238418579,0.46744781732559204
cv,train,2,P00720__L66A,3.9000000953674316,3.731349468231201
cv,train,2,1YYX_A__L48A,4.199999809265137,3.918421745300293
cv,train,2,P00560__L400W,3.0,2.805332899093628
cv,train,2,P01053__T59D,-0.03999999910593033,-0.18670654296875
cv,train,2,P00648__G81D,3.25,3.016061782836914
cv,train,2,P00644__K179F,0.6000000238418579,0.3738024830818176
cv,train,2,P02693__S53C,-0.75,-0.9212557077407837
cv,train,2,P00644__H206G,0.5,0.24206888675689697
cv,train,2,P00644__K152F,0.05000000074505806,-0.15615230798721313
cv,train,2,P00644__G137A,0.5,0.25612956285476685
cv,train,2,P00929__P57A,0.5,0.31326809525489807
cv,train,2,P00644__L207G,6.5,6.246433258056641
cv,train,2,P00720__Q105G,2.25,1.8862743377685547
cv,train,2,P02185__I112L,0.6000000238418579,0.35292041301727295
cv,train,2,P00644__T95A,0.699999988079071,0.38005053997039795
cv,train,2,P00698__G67A,0.20000000298023224,-0.08859920501708984
cv,train,2,P01053__E34Q,0.5,0.3261985778808594
cv,train,2,P02693__V61C,-0.6499999761581421,-0.7852712869644165
cv,train,2,P00644__A140V,2.5999999046325684,2.415445327758789
cv,train,2,P00648__N124A,1.600000023841858,1.3056840896606445
cv,train,2,P00282__V115A,0.9599999785423279,0.6397733688354492
cv,train,2,P00720__A160T,3.5,3.276313304901123
cv,train,2,P00648__E120G,5.400000095367432,5.156904697418213
cv,train,2,P06241__E107A,1.284999966621399,1.0890183448791504
cv,train,2,P00644__K146F,0.20000000298023224,0.0015782713890075684
cv,train,2,P02945__K54A,1.600000023841858,1.429875135421753
cv,train,2,P03034__M41A,2.0999999046325684,1.8564324378967285
cv,train,2,P01241__S97Q,1.399999976158142,1.2355406284332275
cv,train,2,P00644__R163A,1.100000023841858,0.8602710366249084
cv,train,2,P00004__Y68F,2.200000047683716,1.955794334411621
cv,train,2,P00720__E128A,-0.1599999964237213,-0.41744154691696167
cv,train,2,P00974__Y45L,2.9000000953674316,2.685859203338623
cv,train,2,P00720__L118M,0.4000000059604645,0.1344010829925537
cv,train,2,P02633__V65A,3.3399999141693115,3.03381085395813
cv,train,2,P02925__A52T,3.299999952316284,3.050947666168213
cv,train,2,P00644__A191G,1.0,0.8564134836196899
cv,train,2,P04637__R273H,0.22499999403953552,0.025105804204940796
cv,train,2,P01051__V18A,1.2000000476837158,0.9200025796890259
cv,train,2,P00720__V94A,1.7999999523162842,1.4529048204421997
cv,train,2,P00644__V148A,2.049999952316284,1.8273625373840332
cv,train,2,P06241__I111V,0.4000000059604645,0.16227996349334717
cv,train,2,P00644__K127E,-0.05000000074505806,-0.1631227731704712
cv,train,2,P00044__P77I,1.7000000476837158,1.4600434303283691
cv,train,2,P00648__A79V,0.6000000238418579,0.4395800828933716
cv,train,2,P00720__E128K,1.2300000190734863,0.9566904306411743
cv,train,2,P00720__R96V,2.450000047683716,2.205089569091797
cv,train,2,P03051__D30A,-0.30000001192092896,-0.5619772672653198
cv,train,2,P00648__I102V,0.3499999940395355,0.0896652340888977
cv,train,2,P00171__V50E,2.4000000953674316,2.348310947418213
cv,train,2,P03040__Y26H,-1.399999976158142,-1.5309876203536987
cv,train,2,P00644__D228G,0.20000000298023224,0.03763878345489502
cv,train,2,P00644__L107I,1.7000000476837158,1.4218388795852661
cv,train,2,P00720__V87A,1.7000000476837158,1.363410472869873
cv,train,2,P01053__E27Q,0.6200000047683716,0.46145933866500854
cv,train,2,P00698__I73F,2.4600000381469727,2.2408463954925537
cv,train,2,P00929__G211V,-0.800000011920929,-0.9643850326538086
cv,train,2,P01584__T125Q,2.700000047683716,2.5528078079223633
cv,train,2,P00651__N62A,-0.029999999329447746,-0.2324625849723816
cv,train,2,P00044__K79R,0.029999999329447746,-0.09240126609802246
cv,train,2,P01236__H125A,-0.699999988079071,-0.97310471534729
cv,train,2,P03050__V41A,3.7100000381469727,3.344444513320923
cv,train,2,P02751__A1611G,1.3799999952316284,1.174106240272522
cv,train,2,P03050__S35A,-0.20000000298023224,-0.4678438901901245
cv,train,2,P00720__V149S,4.400000095367432,4.2192535400390625
cv,train,2,P00648__A79S,0.25,0.057536959648132324
cv,train,2,P00720__P143A,1.0,0.8405005931854248
cv,train,2,P02185__H120F,-0.029999999329447746,-0.2612636685371399
cv,train,2,P00644__G161S,2.0999999046325684,1.8779487609863281
cv,train,2,P00974__K76A,0.4000000059604645,0.22157692909240723
cv,train,2,P01053__L28A,2.6500000953674316,2.436523914337158
cv,train,2,P01625__K56T,1.2999999523162842,1.0265474319458008
cv,train,2,P00644__D225F,0.10000000149011612,-0.011160612106323242
cv,train,2,P03050__E28A,0.5,0.32563352584838867
cv,train,2,P00720__E11M,-1.600000023841858,-1.730522871017456
cv,train,2,P00282__L70V,0.30000001192092896,0.03502821922302246
cv,train,2,P00648__D55G,1.1699999570846558,1.0071825981140137
cv,train,2,P00644__H206F,-0.4000000059604645,-0.6168261766433716
cv,train,2,P00644__A191V,2.799999952316284,2.6173744201660156
cv,train,2,P00974__R55A,1.7999999523162842,1.5594706535339355
cv,train,2,P01053__T23A,0.8500000238418579,0.6386385560035706
cv,train,2,P00651__H66T,0.25999999046325684,0.051311612129211426
cv,train,2,P00644__K152G,0.5,0.2086162269115448
cv,train,2,P00648__T53Q,1.8700000047683716,1.7722866535186768
cv,train,2,P00644__A142F,0.800000011920929,0.5613220930099487
cv,train,2,P00044__K79V,0.6399999856948853,0.4409250020980835
cv,train,2,P00045__P86G,1.2000000476837158,0.96189945936203
cv,train,2,P00644__G111C,1.100000023841858,0.8826994895935059
cv,train,2,P00644__K127F,0.20000000298023224,0.05700886249542236
cv,train,2,P00644__Y173S,5.300000190734863,5.126068115234375
cv,train,2,P00720__R96W,4.349999904632568,4.039834022521973
cv,train,2,P00644__V196L,1.100000023841858,0.8483455777168274
cv,train,2,P00644__A194F,1.350000023841858,1.1559404134750366
cv,train,2,P00651__D75H,-5.099999904632568,-5.164849281311035
cv,train,2,P00644__T144S,2.0999999046325684,1.8992376327514648
cv,train,2,P00644__Y197G,0.6000000238418579,0.38550812005996704
cv,train,2,P00818__Y12F,-0.699999988079071,-0.9058312177658081
cv,train,2,P00563__D122A,1.2400000095367432,1.0312867164611816
cv,train,2,P00698__N121D,-0.6200000047683716,-0.7903918027877808
cv,train,2,P01053__I50A,2.119999885559082,1.8470327854156494
cv,train,2,P00644__Q205G,0.5,0.2773817181587219
cv,train,2,P00644__G178F,2.5999999046325684,2.318725109100342
cv,train,2,1YYX_A__A90G,2.9000000953674316,2.598649263381958
cv,train,2,P06241__E107D,-0.6899999976158142,-0.8619993925094604
cv,train,2,P03051__L41A,4.610000133514404,4.241146087646484
cv,train,2,P00644__L120A,1.5499999523162842,1.260501503944397
cv,train,2,P02185__I112M,1.100000023841858,0.9423320293426514
cv,train,2,P00644__V193A,4.300000190734863,3.747462272644043
cv,train,2,P00720__R154E,-0.3499999940395355,-0.5605500340461731
cv,train,2,P00044__F16M,3.299999952316284,3.1375222206115723
cv,train,2,P00648__K66A,-0.800000011920929,-1.0654051303863525
cv,train,2,P00720__G51D,2.4149999618530273,2.1493988037109375
cv,train,2,P01006__V44M,5.565000057220459,5.436219692230225
cv,train,2,P00648__T73N,1.2899999618530273,1.0654823780059814
cv,train,2,P00644__L120G,0.5,0.21964919567108154
cv,train,2,P00720__V149M,2.5999999046325684,2.3467087745666504
cv,train,2,P00025__K74W,1.4299999475479126,1.279106855392456
cv,train,2,P01053__E46Q,0.6000000238418579,0.4649304151535034
cv,train,2,P00974__N59A,2.200000047683716,1.986304521560669
cv,train,2,P00648__I102G,3.0999999046325684,2.8175344467163086
cv,train,2,P02751__Y1610F,2.0999999046325684,1.8893816471099854
cv,train,2,P00099__W99F,1.2000000476837158,0.9589940905570984
cv,train,2,P00644__K110E,0.800000011920929,0.6584886312484741
cv,train,2,P00651__V104T,3.0999999046325684,2.8282289505004883
cv,train,2,P00720__T115A,0.11999999731779099,-0.13328522443771362
cv,train,2,P00698__A49I,-1.399999976158142,-1.669731855392456
cv,train,2,P00711__K133N,-2.5999999046325684,-2.7470014095306396
cv,train,2,P00644__N150A,0.4000000059604645,0.15899276733398438
cv,train,2,P04179__Q167N,-1.4249999523162842,-1.6085976362228394
cv,train,2,P00644__I154A,4.699999809265137,4.488752841949463
cv,train,2,P02751__V1603A,0.6700000166893005,0.45370155572891235
cv,train,2,P03050__F10A,2.700000047683716,2.5211739540100098
cv,train,2,P00268__V24I,-0.36000001430511475,-0.6327797770500183
cv,train,2,P03069__K276A,0.05999999865889549,-0.18907636404037476
cv,train,2,1YYX_A__L68A,4.0,3.6652116775512695
cv,train,2,P01236__H166A,-1.2999999523162842,-1.5181183815002441
cv,train,2,P00644__V133G,0.30000001192092896,0.040765464305877686
cv,train,2,P00651__A47C,0.7400000095367432,0.535620927810669
cv,train,2,P00648__I51A,1.399999976158142,1.1699085235595703
cv,train,2,P00648__I135L,0.20000000298023224,-0.0386316180229187
cv,train,2,P02185__A131L,0.8999999761581421,0.7079154253005981
cv,train,2,P00648__I123V,0.8100000023841858,0.6265099048614502
cv,train,2,P05798__V43T,0.5,0.225286602973938
cv,train,2,P00044__V26C,1.100000023841858,0.9531693458557129
cv,train,2,P00974__Y70L,3.700000047683716,3.5179476737976074
cv,train,2,P00644__L171A,2.5999999046325684,2.3842296600341797
cv,train,2,P05798__D79W,-2.25,-2.4232826232910156
cv,train,2,P04637__F341L,3.1500000953674316,3.028174877166748
cv,train,2,P00974__E42A,1.5,1.2688789367675781
cv,train,2,P00282__I101T,2.9000000953674316,2.650203227996826
cv,train,2,P00644__F143A,2.299999952316284,2.032654285430908
cv,train,2,P00592__H70N,1.9900000095367432,1.7841521501541138
cv,train,2,P00648__D69M,0.1850000023841858,-0.038392066955566406
cv,train,2,P02753__W123F,0.4000000059604645,0.18506979942321777
cv,train,2,P00644__V148T,1.2999999523162842,1.118844747543335
cv,train,2,P00648__T63S,1.7000000476837158,1.4799253940582275
cv,train,2,P00648__S75A,-0.45500001311302185,-0.7122454047203064
cv,train,2,P01236__H87A,1.0,0.736320436000824
cv,train,2,P00720__S44A,0.30000001192092896,0.03890359401702881
cv,train,2,P01009__F75L,-1.9500000476837158,-2.165893077850342
cv,train,2,P00644__V105G,5.199999809265137,4.893718242645264
cv,train,2,P02751__Y1569L,2.5999999046325684,2.355469226837158
cv,train,2,P00720__V103M,1.399999976158142,1.1173511743545532
cv,train,2,P00648__S75G,0.44999998807907104,0.22563359141349792
cv,train,2,P00044__F88Y,0.699999988079071,0.3940412998199463
cv,train,2,P00698__G120R,-0.3799999952316284,-0.49686098098754883
cv,train,2,P00720__R119A,0.1899999976158142,0.023875057697296143
cv,train,2,P00720__L133M,0.3499999940395355,0.13832473754882812
cv,train,2,P01053__Q42A,0.1599999964237213,-0.07048061490058899
cv,train,2,P00720__A42L,5.099999904632568,5.02231502532959
cv,train,2,P05798__D79L,-2.6500000953674316,-2.8409459590911865
cv,train,2,P00644__K98F,0.4000000059604645,0.13372817635536194
cv,train,2,P02185__H117A,-0.20000000298023224,-0.4332242012023926
cv,train,2,P05230__F123Y,-0.5,-0.7126998901367188
cv,train,2,P00712__W79F,0.9850000143051147,0.6773515939712524
cv,train,2,P00644__L120E,3.299999952316284,3.033358573913574
cv,train,2,P01053__I50V,-0.07999999821186066,-0.25477445125579834
cv,train,2,P00644__T115S,1.2999999523162842,1.0615379810333252
cv,train,2,P03051__D30L,0.10000000149011612,-0.06424319744110107
cv,train,2,P01009__A274L,0.949999988079071,0.7244409322738647
cv,train,2,P00282__I101V,0.1550000011920929,-0.05483841896057129
cv,train,2,P02417__E54Q,-0.33000001311302185,-0.5235162973403931
cv,train,2,P00644__D165G,2.6500000953674316,2.432910442352295
cv,train,2,P00644__V105A,2.5999999046325684,2.3035011291503906
cv,train,2,P01053__R68A,1.3049999475479126,1.0754470825195312
cv,train,2,P00720__K135E,0.800000011920929,0.5629727840423584
cv,train,2,P00644__K91A,1.399999976158142,1.183046579360962
cv,train,2,P03050__S44A,-0.30000001192092896,-0.492104172706604
cv,train,2,P00257__Y140F,0.009999999776482582,-0.13693177700042725
cv,train,2,P01053__T56V,1.0,0.8581186532974243
cv,train,2,P00720__N163D,0.20999999344348907,0.05373990535736084
cv,train,2,P00698__C112A,5.389999866485596,5.109659194946289
cv,train,2,P00644__L190V,3.799999952316284,3.6159961223602295
cv,train,2,P00648__L142G,4.699999809265137,4.417716979980469
cv,train,2,P00644__V181S,5.099999904632568,4.861788749694824
cv,train,2,P04637__I232T,3.190000057220459,2.956141948699951
cv,train,2,P01053__I77V,-0.19499999284744263,-0.3843986988067627
cv,train,2,P01241__S97A,1.0499999523162842,0.8974440097808838
cv,train,2,P00644__E149Q,0.5,0.29437434673309326
cv,train,2,P00648__G81S,2.950000047683716,2.7070860862731934
cv,train,2,P02945__V62A,-0.699999988079071,-1.018489122390747
cv,train,2,P00044__K79I,1.0950000286102295,0.8245960474014282
cv,train,2,P00720__I58T,3.4000000953674316,3.2157771587371826
cv,train,2,P02417__K15M,0.3100000023841858,0.1944127082824707
cv,train,2,P00644__Y173E,7.25,7.075751781463623
cv,train,2,P02751__I1557A,0.699999988079071,0.4374508857727051
cv,train,2,P01584__T125G,3.200000047683716,2.970288038253784
cv,train,2,P00720__S44K,-0.20000000298023224,-0.3907252252101898
cv,train,2,P00974__T46A,0.0,-0.3016050159931183
cv,train,2,P01053__L69A,3.7699999809265137,3.540508508682251
cv,train,2,P00644__K88G,-0.25,-0.44508376717567444
cv,train,2,P01053__R63A,0.800000011920929,0.6093288660049438
cv,train,2,P00720__Y25G,4.224999904632568,3.9377593994140625
cv,train,2,P00644__Y175L,4.5,4.242056846618652
cv,train,2,P00648__R130Q,1.690000057220459,1.5387688875198364
cv,train,2,P00644__A176G,2.4000000953674316,2.056173324584961
cv,train,2,P03050__E17A,0.5,0.3258540630340576
cv,train,2,P00644__E157Q,0.6000000238418579,0.4178445637226105
cv,train,2,P00720__I150V,1.9500000476837158,1.6866507530212402
cv,train,2,P01053__I49A,3.700000047683716,3.4086966514587402
cv,train,2,P00698__D119G,-0.44999998807907104,-0.672307014465332
cv,train,2,P00720__V71A,1.5,1.1522940397262573
cv,train,2,P00974__F80A,6.849999904632568,6.630331516265869
cv,train,2,P00720__I3E,1.6549999713897705,1.4248520135879517
cv,train,2,P00651__A47I,0.4399999976158142,0.19182217121124268
cv,train,2,P00644__T115V,-0.4000000059604645,-0.6403030157089233
cv,train,2,P00808__S277C,1.2999999523162842,1.1488956212997437
cv,train,2,P00509__I5A,5.0,4.714265823364258
cv,train,2,P01584__R120Q,0.8999999761581421,0.7273707389831543
cv,train,2,P00918__W5F,-0.6499999761581421,-0.8298246264457703
cv,train,2,P00644__I221L,0.10000000149011612,-0.04386451840400696
cv,train,2,P00648__R119G,2.5,2.3072457313537598
cv,train,2,P05798__T67V,0.0,-0.1548842191696167
cv,train,2,P00644__K215Q,0.4000000059604645,0.22572410106658936
cv,train,2,P00974__G47A,1.7999999523162842,1.6255383491516113
cv,train,2,P00720__M6I,3.5999999046325684,3.3142669200897217
cv,train,2,P00918__L60C,0.10000000149011612,-0.09130334854125977
cv,train,2,P04925__T189V,0.17000000178813934,0.012446790933609009
cv,train,2,P00720__R96G,2.9000000953674316,2.585484027862549
cv,train,2,P00651__V42C,4.849999904632568,4.607969284057617
cv,train,2,P00648__I135G,7.400000095367432,7.1495795249938965
cv,train,2,P03050__V25A,0.18000000715255737,-0.1095716655254364
cv,train,2,P00648__I135V,1.399999976158142,1.2809059619903564
cv,train,2,P00644__E183A,1.600000023841858,1.296800971031189
cv,train,2,P00644__L219G,4.400000095367432,4.196606636047363
cv,train,2,P00644__M114I,0.6000000238418579,0.38846495747566223
cv,train,2,P00644__K88A,-0.25,-0.4318404793739319
cv,train,2,P00918__S56C,0.5,0.30702275037765503
cv,train,2,P00644__D159K,3.299999952316284,3.130906343460083
cv,train,2,P00720__T157C,1.2999999523162842,1.1503915786743164
cv,train,2,P02417__V21I,0.4000000059604645,0.2216777801513672
cv,train,2,P00644__G189V,7.5,7.261269569396973
cv,train,2,P05798__R40E,-0.20000000298023224,-0.331790030002594
cv,train,2,P00720__L84M,2.1500000953674316,1.9522755146026611
cv,train,2,P01006__M104V,0.5600000023841858,0.46274662017822266
cv,train,2,P02417__E48Q,-0.029999999329447746,-0.22263139486312866
cv,train,2,P00644__Y109K,3.799999952316284,3.5895371437072754
cv,train,2,P03050__R50A,1.899999976158142,1.734464168548584
cv,train,2,P00644__K166Q,0.10000000149011612,-0.06128561496734619
cv,train,2,2IMM_A__L112I,-0.4000000059604645,-0.6356189250946045
cv,train,2,P00750__V280M,2.200000047683716,1.9495655298233032
cv,train,2,P00644__K152Q,0.25,0.07063943147659302
cv,train,2,P01857__D282A,0.699999988079071,0.5187251567840576
cv,train,2,P00648__A79C,1.5,1.3312681913375854
cv,train,2,P02945__S72A,-0.10000000149011612,-0.324185848236084
cv,train,2,P00720__V111F,1.6449999809265137,1.4058433771133423
cv,train,2,P00644__R163G,2.0999999046325684,1.823041319847107
cv,train,2,1YYX_A__I72A,4.699999809265137,4.448847770690918
cv,train,2,P01053__T59A,0.6949999928474426,0.4452856481075287
cv,train,2,P00712__A49T,-0.800000011920929,-1.0018980503082275
cv,train,2,P00644__A212V,1.100000023841858,0.9251919984817505
cv,train,2,P00974__G71A,2.0999999046325684,1.8433148860931396
cv,train,2,P00929__F139W,0.6499999761581421,0.41860997676849365
cv,train,2,P05798__D25K,0.8999999761581421,0.7057894468307495
cv,train,2,O74035__I6A,2.7100000381469727,2.3736369609832764
cv,train,2,P00648__E120F,1.9500000476837158,1.7562448978424072
cv,train,2,P00648__R130K,4.264999866485596,4.181432723999023
cv,train,2,P01009__A272F,-1.649999976158142,-1.8814373016357422
cv,train,2,P00720__I100A,2.5,2.166019916534424
cv,train,2,P02185__V115A,0.8500000238418579,0.5330896973609924
cv,train,2,P00644__L171G,3.200000047683716,2.941990375518799
cv,train,2,P04637__L330F,3.5,3.295783519744873
cv,train,2,P05230__C31S,2.799999952316284,2.610741376876831
cv,train,2,P00720__A98S,2.299999952316284,2.1494555473327637
cv,train,2,P02751__L1555A,0.8700000047683716,0.5781766176223755
cv,train,2,P03050__D20A,0.800000011920929,0.587404727935791
cv,train,2,P00720__A98C,1.100000023841858,0.8923969268798828
cv,train,2,P02693__W7Y,0.8999999761581421,0.6440909504890442
cv,train,2,P00720__F153V,1.7999999523162842,1.6135554313659668
cv,train,2,P00644__Y109A,3.5,3.276700496673584
cv,train,2,P00644__G102V,2.200000047683716,1.9962823390960693
cv,train,2,P01584__R120P,0.3499999940395355,0.07892942428588867
cv,train,2,P05798__N39D,1.5,1.3021003007888794
cv,train,2,P02185__H98Q,0.054999999701976776,-0.10882163047790527
cv,train,2,P04271__L4A,-0.41499999165534973,-0.7029412388801575
cv,train,2,P02633__F14A,4.465000152587891,4.255973815917969
cv,train,2,P00720__S44I,-0.3050000071525574,-0.5293127298355103
cv,train,2,P00648__G81H,2.6500000953674316,2.478860378265381
cv,train,2,P00929__F258W,1.2000000476837158,0.9842719435691833
cv,train,2,P00644__T123V,-0.800000011920929,-0.918835461139679
cv,train,2,P00644__K216C,0.699999988079071,0.5616422891616821
cv,train,2,P00644__M108I,0.800000011920929,0.5301883816719055
cv,train,2,P01053__E46A,0.550000011920929,0.27549612522125244
cv,train,2,P03050__K46A,0.0,-0.19233697652816772
cv,train,2,P00644__Y195G,0.20000000298023224,-0.03294110298156738
cv,train,2,2IMM_A__M21I,-0.20000000298023224,-0.3632466793060303
cv,train,2,P00648__K109R,0.3499999940395355,0.1987316608428955
cv,train,2,P00644__R187A,1.2999999523162842,1.0869150161743164
cv,train,2,P00644__R117A,1.399999976158142,1.1107935905456543
cv,train,2,P05230__V46I,1.0,0.6700098514556885
cv,train,2,P05798__N39A,2.200000047683716,1.9204397201538086
cv,train,2,P00644__V133T,-0.20000000298023224,-0.4492042064666748
cv,train,2,P00711__V61N,0.2199999988079071,0.015966176986694336
cv,train,2,P00651__D75Y,0.25,0.06917250156402588
cv,train,2,P00720__I3T,2.190000057220459,1.9936997890472412
cv,train,2,P00644__Y109F,0.4000000059604645,0.18588823080062866
cv,train,2,P00509__C180R,1.7000000476837158,1.5851385593414307
cv,train,2,P00648__R106A,-0.5699999928474426,-0.8214547634124756
cv,train,2,P00644__T144C,1.100000023841858,0.8965506553649902
cv,train,2,P00644__K179G,1.7000000476837158,1.3950825929641724
cv,train,2,P02417__E17Q,0.20999999344348907,0.027154505252838135
cv,train,2,P00974__G71S,0.699999988079071,0.5480425357818604
cv,train,2,P00974__N79A,3.299999952316284,3.031035900115967
cv,train,2,P00644__K166F,0.800000011920929,0.6390418410301208
cv,train,2,P00648__A79G,0.8999999761581421,0.6904709339141846
cv,train,2,P00720__V87M,2.25,2.0353028774261475
cv,train,2,P02751__P1562A,0.4399999976158142,0.3053169846534729
cv,train,2,P00560__H389Q,0.8399999737739563,0.6474407315254211
cv,train,2,P04637__D228E,-0.05000000074505806,-0.2500479221343994
cv,train,2,P03050__G30A,1.8949999809265137,1.6437733173370361
cv,train,2,P00644__R187C,2.5999999046325684,2.4227919578552246
cv,train,2,P03050__Q39G,0.9599999785423279,0.6203733682632446
cv,train,2,P00648__L136V,0.30000001192092896,0.11328017711639404
cv,train,2,3PG0_A__A86V,-0.5,-0.7076505422592163
cv,train,2,1YYX_A__M58A,3.5999999046325684,3.3019304275512695
cv,train,2,P00698__D119E,0.0,-0.19637632369995117
cv,train,2,P02693__V61N,0.800000011920929,0.6734845638275146
cv,train,2,P05798__Q38A,-0.699999988079071,-0.8546947240829468
cv,train,2,P00720__R80K,0.1850000023841858,0.008684992790222168
cv,train,2,P00720__N132I,-1.2000000476837158,-1.4959676265716553
cv,train,2,P00644__E92A,1.2999999523162842,1.1167134046554565
cv,train,2,P01584__C124S,4.099999904632568,3.8754210472106934
cv,train,2,P00644__T123E,3.299999952316284,3.1220412254333496
cv,train,2,P00720__I78V,0.75,0.5683020353317261
cv,train,2,P00648__S139A,2.799999952316284,2.5145175457000732
cv,train,2,P05798__R65A,1.100000023841858,0.9526460766792297
cv,train,2,P00720__I50A,2.25,2.0357656478881836
cv,train,2,P00720__A41D,-0.29499998688697815,-0.4933050870895386
cv,train,2,P02185__H25V,-0.019999999552965164,-0.18720734119415283
cv,train,2,P00929__G211E,-0.5,-0.704586386680603
cv,train,2,P00720__F153M,0.6000000238418579,0.45337867736816406
cv,train,2,P00509__C180S,1.399999976158142,1.160144567489624
cv,train,2,P00644__M114A,1.7000000476837158,1.4782614707946777
cv,train,2,P00974__P44A,0.800000011920929,0.5805951356887817
cv,train,2,P01053__V83A,1.4249999523162842,1.1714470386505127
cv,train,2,P00648__E120Q,2.5,2.2925586700439453
cv,train,2,P00648__I143G,5.699999809265137,5.425743103027344
cv,train,2,P00648__A79T,0.6000000238418579,0.40939974784851074
cv,train,2,P00644__T202V,1.7000000476837158,1.4919750690460205
cv,train,2,P00720__E11N,0.75,0.5579923391342163
cv,train,2,P01857__T233A,0.10000000149011612,-0.1186896562576294
cv,train,2,P00644__K209G,0.699999988079071,0.47138726711273193
cv,train,2,P00720__T152C,0.5,0.22243362665176392
cv,train,2,P00644__M108L,0.4000000059604645,0.12014639377593994
cv,train,2,P00644__V196I,0.10000000149011612,-0.257299542427063
cv,train,2,P06241__E107L,3.0,2.766777753829956
cv,train,2,P02753__W42F,2.5,2.1636645793914795
cv,train,2,P01009__V169I,-0.20000000298023224,-0.4236748218536377
cv,train,2,P00644__M147G,4.599999904632568,4.28991174697876
cv,train,2,P01053__F70V,1.899999976158142,1.7429282665252686
cv,train,2,P01006__M104L,0.2750000059604645,0.09436190128326416
cv,train,2,P00648__Y60G,6.400000095367432,5.955786228179932
cv,train,2,P00644__I174G,6.099999904632568,5.872274398803711
cv,train,2,P00644__A176V,1.2999999523162842,1.1129493713378906
cv,train,2,P00648__V83T,1.100000023841858,0.7684420347213745
cv,train,2,P00698__Q139H,0.44999998807907104,0.33765459060668945
cv,train,2,P06241__F103L,1.100000023841858,0.9428756237030029
cv,train,2,P00044__N58H,1.600000023841858,1.4319034814834595
cv,train,2,P04637__C182S,-0.1599999964237213,-0.3125014305114746
cv,train,2,P00720__C54V,0.699999988079071,0.4775780439376831
cv,train,2,P05230__H108G,-1.2999999523162842,-1.5225684642791748
cv,train,2,P00698__I73A,3.5999999046325684,3.277838706970215
cv,train,2,P00720__L91P,9.699999809265137,9.464483261108398
cv,train,2,P00644__H128Y,0.0,-0.13265717029571533
cv,train,2,P00974__V69A,1.2000000476837158,0.8726435899734497
cv,train,2,P00644__A151T,2.700000047683716,2.481340169906616
cv,train,2,P01053__E35D,0.7400000095367432,0.5668898820877075
cv,train,2,P06241__F109I,2.0,1.7367154359817505
cv,train,2,P01625__M24L,-1.0499999523162842,-1.2493199110031128
cv,train,2,P01053__I50G,3.5199999809265137,3.246584892272949
cv,train,2,P00974__S82A,1.600000023841858,1.412847638130188
cv,train,2,P00974__F39L,2.200000047683716,1.9709351062774658
cv,train,2,P00974__Y70D,3.799999952316284,3.549659490585327
cv,train,2,P00644__D165F,4.800000190734863,4.744390964508057
cv,train,2,P02751__F1585A,2.0,1.812630295753479
cv,train,2,P00509__D11A,5.699999809265137,5.416910648345947
cv,train,2,P00044__G12A,3.5,3.230681896209717
cv,train,2,P00698__S109T,-0.9900000095367432,-1.2189998626708984
cv,train,2,P00974__L41A,0.6000000238418579,0.3599904775619507
cv,train,2,P00644__L119A,1.600000023841858,1.3539128303527832
cv,train,2,P00720__D72P,2.700000047683716,2.444484233856201
cv,train,2,P04925__E199K,0.17000000178813934,0.002613574266433716
cv,train,2,P00648__T53N,1.2699999809265137,1.043820858001709
cv,train,2,P00808__S140C,0.699999988079071,0.4940655827522278
cv,train,2,P05230__H108A,0.5149999856948853,0.265350878238678
cv,train,2,1YYX_A__V84A,3.9000000953674316,3.5492703914642334
cv,train,2,P00720__T109N,-0.10000000149011612,-0.26879966259002686
cv,train,2,P00648__N88D,2.5,2.2338240146636963
cv,train,2,P00648__G81K,2.799999952316284,2.533137559890747
cv,train,2,P04637__T150P,0.07999999821186066,-0.15530800819396973
cv,train,2,P00644__D103G,-0.30000001192092896,-0.5855187773704529
cv,train,2,P00720__L99I,1.5,1.148119330406189
cv,train,2,P00644__D177F,4.900000095367432,4.7012176513671875
cv,train,2,P00648__I123T,2.5999999046325684,2.328460693359375
cv,train,2,P02945__L74A,-0.699999988079071,-0.9983747005462646
cv,train,2,P00644__H206A,-0.4000000059604645,-0.6485432982444763
cv,train,2,P04637__L206S,0.10000000149011612,-0.09446680545806885
cv,train,2,P03050__E28G,1.2450000047683716,1.0445683002471924
cv,train,2,P00711__W137H,0.6000000238418579,0.41263654828071594
cv,train,2,P03034__A50V,1.2200000286102295,1.0322294235229492
cv,train,2,P02417__D23N,0.5799999833106995,0.39192995429039
cv,train,2,P02185__E110A,-0.25,-0.46847277879714966
cv,train,2,P03050__F45A,2.700000047683716,2.561551094055176
cv,train,2,P00644__N201A,1.149999976158142,0.9277215003967285
cv,train,2,P06213__W1202F,-0.6000000238418579,-0.7700183987617493
cv,train,2,P00644__K106G,1.100000023841858,0.8371375799179077
cv,train,2,P03051__D30G,-2.0,-2.2080318927764893
cv,train,2,P00651__N70D,1.399999976158142,1.249564528465271
cv,train,2,P00720__L33A,3.5999999046325684,3.3578333854675293
cv,train,2,P00644__L119I,1.7999999523162842,1.449029564857483
cv,train,2,P00509__C180F,0.8999999761581421,0.7215753793716431
cv,train,2,P00644__A140G,2.5,2.147862195968628
cv,train,2,P00720__R96K,0.25,-0.0033271312713623047
cv,train,2,P00648__H65D,2.299999952316284,2.181403160095215
cv,train,2,P04637__Q104P,-0.10999999940395355,-0.38539785146713257
cv,train,2,P00171__V66H,1.6150000095367432,1.541454553604126
cv,train,2,P01857__Y290A,2.0999999046325684,1.868280291557312
cv,train,2,P04637__R337A,5.849999904632568,5.598654747009277
cv,train,2,P04637__H168R,2.9100000858306885,2.783459186553955
cv,train,2,P00720__V103I,0.4000000059604645,0.0950002670288086
cv,train,2,P01857__K275A,0.4000000059604645,0.11870607733726501
cv,train,2,P00818__P72A,1.600000023841858,1.324796199798584
cv,train,2,P00720__E108V,-1.0499999523162842,-1.2354496717453003
cv,train,2,P01009__T92A,-0.949999988079071,-1.1540428400039673
cv,train,2,P02751__I1627V,0.2800000011920929,0.08591192960739136
cv,train,2,P00644__T95S,0.30000001192092896,0.08970952033996582
cv,train,2,P01006__M104A,-0.30000001192092896,-0.5324866771697998
cv,train,2,P01009__V388I,-0.3499999940395355,-0.7502454519271851
cv,train,2,P00720__P86G,1.7549999952316284,1.592565655708313
cv,train,2,P00720__T151S,-0.39500001072883606,-0.5785585641860962
cv,train,2,P00644__G170W,0.800000011920929,0.5632529854774475
cv,train,2,P00644__P113G,1.5,1.2662734985351562
cv,train,2,P03069__K263A,0.4099999964237213,0.14201515913009644
cv,train,2,P00720__V131E,-0.20000000298023224,-0.3782748878002167
cv,train,2,P00644__P93G,0.949999988079071,0.7284964323043823
cv,train,2,P00648__I98A,4.699999809265137,4.4427690505981445
cv,train,2,P03040__Y26D,-2.049999952316284,-2.1712443828582764
cv,train,2,P00711__L129H,-1.3949999809265137,-1.5642023086547852
cv,train,2,P00929__E49L,-6.75,-6.95822811126709
cv,train,2,P02633__L27A,3.4649999141693115,3.247258186340332
cv,train,2,P00644__E211F,3.9000000953674316,3.700657844543457
cv,train,2,P00651__V115C,3.5199999809265137,3.295063018798828
cv,train,2,P01053__L41G,1.899999976158142,1.6678248643875122
cv,train,2,P00720__L99M,0.5,0.2837080955505371
cv,train,2,P00651__A47W,0.30000001192092896,0.1306992769241333
cv,train,2,P00644__L118C,2.9000000953674316,2.7257487773895264
cv,train,2,P00644__E204G,2.0,1.6667743921279907
cv,train,2,P00509__C181S,1.0,0.7922742962837219
cv,train,2,P05230__F100W,0.0,-0.24313843250274658
cv,train,2,P00099__F29A,-1.100000023841858,-1.3872244358062744
cv,train,2,P00094__K53E,-0.30000001192092896,-0.4165153503417969
cv,train,2,P00929__L209V,2.0,1.7444981336593628
cv,train,2,P00644__Y109Q,3.200000047683716,2.915844440460205
cv,train,2,P00644__A227G,0.4000000059604645,0.2484513223171234
cv,train,2,P00782__Y324K,-0.7200000286102295,-0.86692214012146
cv,train,2,P00644__K152E,0.30000001192092896,0.1207541823387146
cv,train,2,P02185__E110G,0.8999999761581421,0.6816456913948059
cv,train,2,P00644__G132V,1.0,0.82147216796875
cv,train,2,P04925__F197S,2.2799999713897705,2.1471781730651855
cv,train,2,P02185__L33A,1.0499999523162842,0.7708230018615723
cv,train,2,P00644__Q213G,2.299999952316284,1.9250462055206299
cv,train,2,P00720__A42K,3.700000047683716,3.542670249938965
cv,train,2,P00257__Y140W,0.20499999821186066,0.09692835807800293
cv,train,2,P02185__H65Q,0.2750000059604645,0.12474530935287476
cv,train,2,P03706__H31D,1.600000023841858,1.3465931415557861
cv,train,2,P02185__H49Q,0.4050000011920929,0.2024608850479126
cv,train,2,P02945__D51A,0.5,0.29493188858032227
cv,train,2,P05230__H108N,-0.24500000476837158,-0.3954086899757385
cv,train,2,P05798__D79Y,-2.9000000953674316,-3.1058430671691895
cv,train,2,P00644__S210A,-0.699999988079071,-0.8808243274688721
cv,train,2,P00648__R157A,0.3499999940395355,0.1692589521408081
cv,train,2,P00644__L96G,3.700000047683716,3.4364447593688965
cv,train,2,P03050__M4A,-0.20000000298023224,-0.4230318069458008
cv,train,2,P01241__E100S,1.0,0.8625447750091553
cv,train,2,P00648__D59S,0.800000011920929,0.647358238697052
cv,train,2,P00644__V181T,3.299999952316284,2.9457085132598877
cv,train,2,P01053__I49V,1.0,0.7949609756469727
cv,train,2,P00644__K179A,0.15000000596046448,-0.12931543588638306
cv,train,2,P01053__I50T,1.340000033378601,1.1425350904464722
cv,train,2,P02625__A21P,0.0,-0.20788109302520752
cv,train,2,P00720__A93P,-0.30000001192092896,-0.5616466999053955
cv,train,2,P03050__N29A,0.4000000059604645,0.24006009101867676
cv,train,2,P01308__H34D,-1.2999999523162842,-1.3958708047866821
cv,train,2,P00698__D119P,2.200000047683716,1.94049072265625
cv,train,2,P00720__Q105A,0.699999988079071,0.37597885727882385
cv,train,2,P00720__A41V,-0.4099999964237213,-0.5757181644439697
cv,train,2,P00929__F22V,-0.05999999865889549,-0.17653751373291016
cv,train,2,P00509__R254M,3.5999999046325684,3.46573543548584
cv,train,2,P00711__A125S,1.0750000476837158,0.9555027484893799
cv,train,2,P06241__L101V,1.600000023841858,1.3442046642303467
cv,train,2,P00648__T53A,2.125,1.8987730741500854
cv,train,2,P05798__D33A,6.050000190734863,5.832236289978027
cv,train,2,P00644__K106A,0.25,-0.0370182991027832
cv,train,2,P06241__L101F,1.2000000476837158,0.96379554271698
cv,train,2,P00644__T126A,0.30000001192092896,0.021692901849746704
cv,train,2,P00644__G132C,0.800000011920929,0.6572208404541016
cv,train,2,P00560__W309Y,1.3650000095367432,1.1243116855621338
cv,train,2,P00720__K16E,0.30000001192092896,0.09685510396957397
cv,train,2,P05413__Y129F,3.259999990463257,3.025787353515625
cv,train,2,P00720__D92N,1.25,0.9348106384277344
cv,train,2,P00648__Y150F,0.14000000059604645,-0.08891749382019043
cv,train,2,P00929__E49W,-0.949999988079071,-1.086543083190918
cv,train,2,P02417__H144Q,0.8399999737739563,0.6227297782897949
cv,train,2,P01584__T125L,1.899999976158142,1.777064323425293
cv,train,2,P00644__R208A,1.600000023841858,1.4045400619506836
cv,train,2,P03050__M7A,0.6000000238418579,0.39625245332717896
cv,train,2,P05413__R127Q,0.46000000834465027,0.31152552366256714
cv,train,2,P00711__W137Y,1.184999942779541,0.9389846324920654
cv,train,2,P00044__G29S,1.5,1.244598627090454
cv,train,2,P00644__Y109D,5.0,4.72647762298584
cv,train,2,P02751__V1566A,1.399999976158142,1.1966214179992676
cv,train,2,P00644__D101F,1.2999999523162842,1.1242541074752808
cv,train,2,P00644__A214E,7.050000190734863,6.857561111450195
cv,train,2,P00509__C77A,0.5,0.2524906396865845
cv,train,2,P00648__T63R,0.05000000074505806,-0.13969743251800537
cv,train,2,P01308__T97R,-1.25,-1.3347607851028442
cv,train,2,P00651__V115T,3.0850000381469727,2.821481227874756
cv,train,2,P01009__A308I,0.0,-0.28414392471313477
cv,train,2,P00648__T53H,2.0999999046325684,2.030212640762329
cv,train,2,P04637__R342A,0.8999999761581421,0.5990159511566162
cv,train,2,P05230__V46W,-0.9599999785423279,-1.1641578674316406
cv,train,2,P05230__G77A,1.465000033378601,1.124260663986206
cv,train,2,P00720__Y24A,5.5,5.300961017608643
cv,train,2,P03706__H31N,-1.7999999523162842,-2.03167986869812
cv,train,2,P01006__V44L,2.299999952316284,2.1294946670532227
cv,train,2,P01009__A55L,-0.8999999761581421,-1.113248586654663
cv,train,2,P03069__K256A,0.38999998569488525,0.11346697807312012
cv,train,2,P00720__A42V,3.5,3.354440212249756
cv,train,2,P00644__E149G,0.8999999761581421,0.6423215270042419
cv,train,2,P01053__E61A,0.699999988079071,0.477020800113678
cv,train,2,P00644__V186L,0.800000011920929,0.5544500946998596
cv,train,2,P00644__V156A,3.0999999046325684,2.881495952606201
cv,train,2,P00698__P88N,2.1500000953674316,2.0153207778930664
cv,train,2,P00651__V42S,4.699999809265137,4.461902618408203
cv,train,2,P04637__M340A,4.150000095367432,3.8695034980773926
cv,train,2,P00644__T86A,0.20000000298023224,0.04028594493865967
cv,train,2,P00099__V35M,-0.4000000059604645,-0.5084747672080994
cv,train,2,P03050__E17G,0.8949999809265137,0.6762993931770325
cv,train,2,P00644__I100M,0.6000000238418579,0.46016812324523926
cv,train,2,P00044__H39P,0.800000011920929,0.5220832228660583
cv,train,2,P00644__Y167L,0.10000000149011612,-0.06907486915588379
cv,train,2,3PG0_A__D117P,0.0,-0.2486860454082489
cv,train,2,P00648__G100A,3.4000000953674316,3.114312171936035
cv,train,2,P00720__A130G,1.9500000476837158,1.703345775604248
cv,train,2,P00644__G161V,2.200000047683716,1.9707362651824951
cv,train,2,P00720__K85A,0.25,-0.10851681232452393
cv,train,2,P03050__L19A,1.3600000143051147,1.119858980178833
cv,train,2,2IMM_A__F38Y,-0.4000000059604645,-0.5840175747871399
cv,train,2,P00644__Y173G,6.199999809265137,5.880345344543457
cv,train,2,P00644__T123C,-0.6000000238418579,-0.6794381141662598
cv,train,2,P00698__S109V,0.07999999821186066,-0.1162569522857666
cv,train,2,P00044__L100V,0.699999988079071,0.4663431644439697
cv,train,2,P00644__Y167A,0.4000000059604645,0.26114797592163086
cv,train,2,P04179__Y58F,-6.349999904632568,-6.527874946594238
cv,train,2,P00651__S43A,-0.6200000047683716,-0.8795716762542725
cv,train,2,P05798__T82V,1.7000000476837158,1.626246690750122
cv,train,2,P00648__A79R,0.15000000596046448,-0.06589388847351074
cv,train,2,P00750__V280L,1.899999976158142,1.703692078590393
cv,train,2,P00720__F67A,1.899999976158142,1.6122183799743652
cv,train,2,P02633__E21Q,-0.3799999952316284,-0.5107610821723938
cv,train,2,P00509__C180Y,1.100000023841858,0.917076587677002
cv,train,2,P00782__G276A,-0.30000001192092896,-0.5497013330459595
cv,train,2,P00644__V181I,0.15000000596046448,-0.16415280103683472
cv,train,2,P04637__Q331A,0.949999988079071,0.7913458347320557
cv,train,2,P00044__K79G,0.7400000095367432,0.48027974367141724
cv,train,2,P02647__L165R,0.699999988079071,0.5510654449462891
cv,train,2,P00750__V280S,2.4000000953674316,2.2410686016082764
cv,train,2,P01053__D75N,0.0,-0.2381763458251953
cv,train,2,P02185__S118A,0.30000001192092896,0.11939641833305359
cv,train,2,P04925__F174W,0.10000000149011612,-0.07533812522888184
cv,train,2,P00282__V42A,1.5,1.2496662139892578
cv,train,2,P00644__V133L,0.15000000596046448,-0.05464842915534973
cv,train,2,P01053__V58A,1.100000023841858,0.8409606218338013
cv,train,2,P00644__Q205F,0.6000000238418579,0.48570066690444946
cv,train,2,P00720__A129L,1.600000023841858,1.394187092781067
cv,train,2,2IMM_A__N96Q,-1.100000023841858,-1.2846739292144775
cv,train,2,P04637__D352A,1.399999976158142,1.216779112815857
cv,train,2,O74035__L118A,4.880000114440918,4.615671157836914
cv,train,2,P00644__K160A,0.5,0.2848595380783081
cv,train,2,P00509__E253K,7.300000190734863,7.117795944213867
cv,train,2,P02945__T60A,1.0,0.6739026308059692
cv,train,2,P00592__H70K,2.6549999713897705,2.505249261856079
cv,train,2,P00698__R86K,0.03999999910593033,-0.13456720113754272
cv,train,2,P00644__K179E,0.5,0.3155195116996765
cv,train,2,P00644__K91G,1.899999976158142,1.6640372276306152
cv,train,2,P00509__K63E,4.800000190734863,4.616411209106445
cv,train,2,P00648__G81R,2.5999999046325684,2.4345755577087402
cv,train,2,P02417__F5V,3.990000009536743,3.82210636138916
cv,train,2,P03051__D30Y,-0.20000000298023224,-0.40357089042663574
cv,train,2,P00644__P124G,0.3499999940395355,0.13171637058258057
cv,train,2,P00698__A49V,-1.2000000476837158,-1.4032835960388184
cv,train,2,P00282__I40V,0.3799999952316284,0.18693989515304565
cv,train,2,P00644__Y175F,1.899999976158142,1.6023577451705933
cv,train,2,P05798__E54Q,2.0,1.8609492778778076
cv,train,2,P00257__Y140S,0.33000001311302185,0.2077772617340088
cv,train,2,P01053__K44A,0.6499999761581421,0.42035919427871704
cv,train,2,P00644__T126S,0.0,-0.1711658239364624
cv,train,2,P00644__N201G,1.149999976158142,0.9127435684204102
cv,train,2,P00644__E217G,1.600000023841858,1.3524961471557617
cv,train,2,P00929__E49M,-3.5999999046325684,-3.832481622695923
cv,train,2,P00004__L95A,3.5,3.2031331062316895
cv,train,2,P02185__L30V,1.7000000476837158,1.4760103225708008
cv,train,2,P00644__V181G,4.650000095367432,4.347458839416504
cv,train,2,P00644__R208G,2.9000000953674316,2.689756393432617
cv,train,2,P01584__N123D,-0.26499998569488525,-0.4842870235443115
cv,train,2,P00648__H65G,0.5,0.2814338207244873
cv,train,2,P02633__L10V,1.9500000476837158,1.7664896249771118
cv,train,2,P01625__T100H,-0.699999988079071,-0.7765284776687622
cv,train,2,P04271__L4S,-0.800000011920929,-1.0165247917175293
cv,train,2,P00720__A93S,0.15000000596046448,-0.050530433654785156
cv,train,2,P04637__Y220C,4.090000152587891,3.927030563354492
cv,train,2,P00720__S44T,-0.004999999888241291,-0.28551506996154785
cv,train,2,P02185__L150A,1.600000023841858,1.3854117393493652
cv,train,2,P02417__V21L,1.2300000190734863,1.1235463619232178
cv,train,2,P02185__F124A,0.699999988079071,0.47417664527893066
cv,train,2,P03034__G49S,-0.6800000071525574,-0.9020087122917175
cv,train,2,P00974__D85A,0.4000000059604645,0.15819767117500305
cv,train,2,P00720__G28A,2.0999999046325684,1.8247259855270386
cv,train,2,P00720__I100V,0.4000000059604645,0.21947741508483887
cv,train,2,P05413__T40V,0.800000011920929,0.5716249346733093
cv,train,2,P00698__N37K,1.059999942779541,0.8706215620040894
cv,train,2,P01308__T97A,-0.1599999964237213,-0.3870738744735718
cv,train,2,P00644__L119V,2.799999952316284,2.6014041900634766
cv,train,2,P00648__T73A,1.899999976158142,1.7117490768432617
cv,train,2,P06241__S124D,2.009999990463257,1.8165693283081055
cv,train,2,P00094__K35E,1.100000023841858,0.8927683234214783
cv,train,2,P04637__A347G,1.850000023841858,1.6338932514190674
cv,train,2,P00644__K153A,0.4000000059604645,0.12127524614334106
cv,train,2,P02751__A1594G,2.5,2.287860155105591
cv,train,2,P04637__R335A,1.4500000476837158,1.216510534286499
cv,train,2,P00282__L145A,1.434999942779541,1.2045015096664429
cv,train,2,P00648__G81T,3.25,2.9814469814300537
cv,train,2,P00644__K145A,0.4000000059604645,0.14229345321655273
cv,train,2,P00651__Y37F,2.069999933242798,1.8277196884155273
cv,train,2,P00644__Y167F,0.10000000149011612,-0.07780861854553223
cv,train,2,P00648__T53E,0.27000001072883606,0.0685584545135498
cv,train,2,P00720__A42I,4.400000095367432,4.144280433654785
cv,train,2,P01053__Q42G,0.699999988079071,0.4367709755897522
cv,train,2,P00974__F39A,3.0,2.785860061645508
cv,train,2,P00974__M87A,1.7000000476837158,1.4860103130340576
cv,train,2,P00644__P113A,0.550000011920929,0.33432745933532715
cv,train,2,P00644__M147A,2.0,1.7029482126235962
cv,train,2,P02185__H114Q,-0.10000000149011612,-0.30150026082992554
cv,train,2,P01053__L52V,0.6000000238418579,0.42729949951171875
cv,train,2,P05230__V124I,0.009999999776482582,-0.30269289016723633
cv,train,2,P01857__L281A,0.10000000149011612,-0.13877397775650024
cv,train,2,P00644__K215G,3.200000047683716,2.949655055999756
cv,train,2,P04637__F328A,4.800000190734863,4.65473747253418
cv,train,2,P01241__E100Q,0.699999988079071,0.5586104393005371
cv,train,2,P00720__E22K,-0.5849999785423279,-0.7779261469841003
cv,train,2,P00644__A227V,0.30000001192092896,0.17821955680847168
cv,train,2,P01009__K355F,1.1050000190734863,0.8022285103797913
cv,train,2,P00720__S117A,-1.2699999809265137,-1.4869706630706787
cv,train,2,P00974__I54A,2.0999999046325684,1.8397353887557983
cv,train,2,P00044__N58T,-1.350000023841858,-1.6720809936523438
cv,train,2,P00720__P86A,0.4000000059604645,0.17098021507263184
cv,train,2,P02185__F124K,1.399999976158142,1.288989543914795
cv,train,2,P05798__V2T,0.8999999761581421,0.6533353328704834
cv,train,2,P00282__I27A,3.2750000953674316,2.9306392669677734
cv,train,2,P00648__Q78A,-0.10000000149011612,-0.3640046715736389
cv,train,2,P00648__I98V,1.7999999523162842,1.566946029663086
cv,train,2,P02945__I58A,1.899999976158142,1.591898798942566
cv,train,2,P00698__T58S,0.27000001072883606,0.11232650279998779
cv,train,2,P00648__L80Q,1.2999999523162842,1.124226450920105
cv,train,2,P00644__F116G,5.75,5.497463226318359
cv,train,2,P00644__T123I,-0.699999988079071,-0.9001826047897339
cv,train,2,P00648__Q151A,0.12999999523162842,-0.02305018901824951
cv,train,2,P00651__Y71W,-0.7400000095367432,-0.9149447679519653
cv,train,2,P06241__A89G,1.600000023841858,1.3530256748199463
cv,train,2,P00644__L119G,3.799999952316284,3.5445003509521484
cv,train,2,P00651__A47H,0.3499999940395355,0.1907215714454651
cv,train,2,P00720__N144H,0.10000000149011612,-0.06736230850219727
cv,train,2,P00720__R96I,2.8499999046325684,2.53123140335083
cv,train,2,P04637__Y236F,-0.27000001072883606,-0.5331270694732666
cv,train,2,P01053__S32G,-0.6499999761581421,-0.8166587352752686
cv,train,2,P00974__P48A,1.399999976158142,1.1919468641281128
cv,train,2,P02185__I29M,0.6000000238418579,0.4285386800765991
cv,train,2,P00644__W222L,4.5,4.202970027923584
cv,train,2,P00644__I174M,1.600000023841858,1.4156644344329834
cv,train,2,P00648__A79N,0.5,0.24565410614013672
cv,train,2,P02751__Y1605F,2.0299999713897705,1.9013962745666504
cv,train,2,P04179__Q143N,-1.2000000476837158,-1.394266963005066
cv,train,2,P01857__V280A,0.6000000238418579,0.3111536502838135
cv,train,2,P04271__F15A,4.460000038146973,4.208982944488525
cv,train,2,P00644__I221A,3.299999952316284,3.08105731010437
cv,train,2,P06241__F109L,0.800000011920929,0.5716313123703003
cv,train,2,P05230__C132V,0.30000001192092896,0.11743044853210449
cv,train,2,P00644__L219V,1.399999976158142,1.2299481630325317
cv,train,2,P00644__L171V,1.399999976158142,1.1585304737091064
cv,train,2,P02185__L136I,1.5,1.2296466827392578
cv,train,2,P03040__A36S,-0.30000001192092896,-0.4617116451263428
cv,train,2,P02633__D23N,-0.7400000095367432,-0.9266026020050049
cv,train,2,P00929__E49Y,0.0,-0.5624208450317383
cv,train,2,P00257__C153S,-0.9599999785423279,-1.0794107913970947
cv,train,2,P05413__T40E,2.4000000953674316,2.2233643531799316
cv,train,2,P00648__T152V,2.200000047683716,2.0178964138031006
cv,train,2,P00644__L96A,2.299999952316284,1.9931516647338867
cv,train,2,P02185__G66A,0.10000000149011612,-0.11810404062271118
cv,train,2,3PG0_A__D109P,-0.20000000298023224,-0.4152928590774536
cv,train,2,P06241__E107Q,0.7200000286102295,0.4980541467666626
cv,train,2,P04637__E343A,0.6499999761581421,0.4344561696052551
cv,train,2,P00644__T104C,0.8999999761581421,0.7080042362213135
cv,train,2,P00648__D91E,-0.20000000298023224,-0.40592867136001587
cv,train,2,P00282__F130A,5.019999980926514,4.776863098144531
cv,train,2,P00644__N182G,5.0,4.727095603942871
cv,train,2,P00644__E139G,1.399999976158142,1.1215072870254517
cv,train,2,P00644__F143G,4.75,4.481110572814941
cv,train,2,P00720__T152A,1.5,1.2070430517196655
cv,train,2,P00720__V131L,-0.09000000357627869,-0.3385869860649109
cv,train,2,P00644__K198G,-1.0,-1.1885432004928589
cv,train,2,P00644__T164G,2.0,1.7231571674346924
cv,train,2,P03050__V22A,3.0199999809265137,2.6425352096557617
cv,train,2,P00099__E65Y,-0.6499999761581421,-0.8206695318222046
cv,train,2,P00025__K74F,1.149999976158142,0.9866166114807129
cv,train,2,P00644__R117G,2.200000047683716,1.9171661138534546
cv,train,2,P00952__T51P,0.7699999809265137,0.517857551574707
cv,train,2,P02751__V1587A,2.4200000762939453,2.15082049369812
cv,train,2,P00644__T144G,3.450000047683716,3.20375657081604
cv,train,2,P00644__Y197A,0.25,0.04912221431732178
cv,train,2,P00720__K43A,1.065000057220459,0.8825850486755371
cv,train,2,P00644__T164C,0.10000000149011612,-0.040761709213256836
cv,train,2,P04637__I195T,4.119999885559082,3.839350461959839
cv,train,2,P03050__D20G,2.0950000286102295,1.8357412815093994
cv,train,2,P00648__A79Q,0.4000000059604645,0.12664270401000977
cv,train,2,P00644__R169G,2.5,2.278303861618042
cv,train,2,P00940__Q179A,-0.10000000149011612,-0.29564106464385986
cv,train,2,P06241__E107H,0.9950000047683716,0.7662649750709534
cv,train,2,P00648__D55A,0.8500000238418579,0.621351957321167
cv,train,2,P00929__E49N,-0.3499999940395355,-0.5488846302032471
cv,train,2,P00644__V181E,6.75,6.445966720581055
cv,train,2,P00644__K166A,-0.15000000596046448,-0.4170204997062683
cv,train,2,P00644__N182A,4.800000190734863,4.561489582061768
cv,train,2,P00698__I73T,4.099999904632568,3.8693630695343018
cv,train,2,P01051__L27A,0.18000000715255737,-0.0844796895980835
cv,train,2,P00644__K160Q,0.10000000149011612,-0.09962081909179688
cv,train,2,P01009__K411R,-0.949999988079071,-1.152719497680664
cv,train,2,P00929__G211S,-0.20000000298023224,-0.3755706548690796
cv,train,2,P00651__V104A,4.090000152587891,3.7154436111450195
cv,train,2,P05798__N39S,2.299999952316284,2.120457410812378
cv,train,2,P00644__D122A,-0.30000001192092896,-0.5090751051902771
cv,train,2,P03050__Q39A,-0.10000000149011612,-0.37892210483551025
cv,train,2,P00648__E76S,1.2000000476837158,1.0478253364562988
cv,train,2,O74035__E8A,-2.450000047683716,-2.6662535667419434
cv,train,2,P01241__E100T,1.100000023841858,0.9181963205337524
cv,train,2,P01053__K44G,3.25,2.952045440673828
cv,train,2,P00171__V50Y,1.5399999618530273,1.4658119678497314
cv,train,2,P00644__I174A,4.0,3.7575716972351074
cv,train,2,P01053__K38A,-0.2199999988079071,-0.4719669818878174
cv,train,2,P00651__A47R,0.4099999964237213,0.31597900390625
cv,train,2,P01053__E34D,0.5199999809265137,0.3288278579711914
cv,train,2,P03034__A21G,-0.8999999761581421,-1.0984399318695068
cv,train,2,P00644__K153F,0.0,-0.18946552276611328
cv,train,2,P00644__K110Q,0.30000001192092896,0.16828441619873047
cv,train,2,P00720__D20S,-0.44999998807907104,-0.6152995228767395
cv,train,2,P00818__E84D,1.5,1.3538285493850708
cv,train,2,P00509__C181A,1.2000000476837158,0.9117556214332581
cv,train,2,P00720__I3V,0.5,0.3075958490371704
cv,train,2,P00974__G47D,4.300000190734863,4.13295316696167
cv,train,2,P00644__D159N,2.700000047683716,2.556471824645996
cv,train,2,P00918__I255C,0.30000001192092896,0.11758077144622803
cv,train,2,P00644__Q162A,0.05000000074505806,-0.15172657370567322
cv,train,2,P00509__C258A,1.7000000476837158,1.4131770133972168
cv,train,2,P02185__K141A,-0.42500001192092896,-0.6613741517066956
cv,train,2,P02751__P1601A,0.35499998927116394,0.0846642553806305
cv,train,2,P03050__R13A,0.6000000238418579,0.36488744616508484
cv,train,2,P04271__M8A,2.0,1.7297587394714355
cv,train,2,P01053__P26A,1.5700000524520874,1.3142294883728027
cv,train,2,P02185__A126L,-0.5,-0.7343915700912476
cv,train,2,P00974__C65T,7.800000190734863,7.619519233703613
cv,train,2,P00698__T136P,1.850000023841858,1.6524454355239868
cv,train,2,P00720__S117I,-1.5499999523162842,-1.7533769607543945
cv,train,2,P00644__Y109V,2.5999999046325684,2.366316080093384
cv,train,2,P02185__L136V,2.200000047683716,1.9510325193405151
cv,train,2,P00644__K218G,0.0,-0.2804650664329529
cv,train,2,P00257__T112A,1.309999942779541,1.0958129167556763
cv,train,2,P00644__K145F,1.7999999523162842,1.5289967060089111
cv,train,2,P00644__K160E,0.699999988079071,0.542589008808136
cv,train,2,P00698__M123T,0.6200000047683716,0.37387949228286743
cv,train,2,P00720__T157F,3.5999999046325684,3.441437244415283
cv,train,2,P01053__D72A,3.3499999046325684,3.1222081184387207
cv,train,2,P02417__K7M,-0.3499999940395355,-0.4499160051345825
cv,train,2,P00720__M106A,2.0,1.8115301132202148
cv,train,2,P00698__S109A,0.15000000596046448,-0.16413575410842896
cv,train,2,P00644__H90A,0.4000000059604645,0.20899075269699097
cv,train,2,P00648__Y144G,6.599999904632568,6.29745626449585
cv,train,2,P00648__S132A,0.11999999731779099,-0.09507012367248535
cv,train,2,P03034__Y23H,2.25,2.015230178833008
cv,train,2,P03050__G3A,-0.30000001192092896,-0.47286927700042725
cv,train,2,P00644__V193I,0.699999988079071,0.36662757396698
cv,train,2,P01053__S32A,-0.75,-0.9598919153213501
cv,train,2,P00644__V186I,-0.25,-0.5886695384979248
cv,train,2,P00644__I100L,0.15000000596046448,-0.17105352878570557
cv,train,2,P05230__L59W,0.10000000149011612,-0.06544291973114014
cv,train,2,P00644__V156S,5.400000095367432,5.191665172576904
cv,train,2,P00282__I27S,3.9000000953674316,3.700596332550049
cv,train,2,P00644__D225A,0.10000000149011612,-0.09834744036197662
cv,train,2,P00004__L95V,1.0,0.8064286708831787
cv,train,2,P00644__E139C,0.6499999761581421,0.47644472122192383
cv,train,2,P01053__V80G,3.200000047683716,2.9026665687561035
cv,train,2,P00720__M102A,2.8499999046325684,2.581968069076538
cv,train,2,P00952__I52L,-0.05000000074505806,-0.2945343852043152
cv,train,2,P00644__P93F,0.550000011920929,0.36734265089035034
cv,train,2,P00644__V121T,1.2999999523162842,1.1214232444763184
cv,train,2,P04637__F328L,2.450000047683716,2.2951135635375977
cv,train,2,P00509__E3A,3.4000000953674316,3.1019647121429443
cv,train,2,P00644__A212G,1.0,0.8195249438285828
cv,train,2,P00644__P138A,0.0,-0.18967127799987793
cv,train,2,P00282__I40T,2.0999999046325684,1.8445931673049927
cv,train,2,P00644__V148I,0.8999999761581421,0.6878864765167236
cv,train,2,P00720__I50M,0.800000011920929,0.649616003036499
cv,train,2,P00651__Q51K,-0.9300000071525574,-1.0988080501556396
cv,train,2,P03050__N11A,-0.5,-0.7333716154098511
cv,train,2,P06241__E107G,2.2950000762939453,1.9957880973815918
cv,train,2,P00720__R96D,2.9000000953674316,2.612154483795166
cv,train,2,P03051__D30V,0.4000000059604645,0.20510923862457275
cv,train,2,P00929__E49C,-2.799999952316284,-3.0299110412597656
cv,train,2,P01236__H55A,-0.699999988079071,-1.0075018405914307
cv,train,2,P00644__T115G,2.5,2.1874780654907227
cv,train,2,P01625__K71T,2.299999952316284,2.0300540924072266
cv,train,2,P00720__E45A,-0.25,-0.5338315963745117
cv,train,2,P00720__N116A,-0.1850000023841858,-0.46003830432891846
cv,train,2,P01053__K31A,-0.41999998688697815,-0.5694782733917236
cv,train,2,P00644__V196T,0.30000001192092896,0.04750406742095947
cv,train,2,P01308__T97H,-1.7599999904632568,-1.8931653499603271
cv,train,2,P03040__Y26V,-0.699999988079071,-0.8352017998695374
cv,train,2,P06241__L101I,0.699999988079071,0.4350513219833374
cv,train,2,P06241__E107T,0.6000000238418579,0.3515893220901489
cv,train,2,P00644__G132A,-0.20000000298023224,-0.40556639432907104
cv,train,2,P00720__K60H,0.30000001192092896,0.23194986581802368
cv,train,2,P00698__R39Q,0.15000000596046448,-0.009745806455612183
cv,train,2,P00644__E224A,0.30000001192092896,0.06366854906082153
cv,train,2,P00644__G102A,0.20000000298023224,-0.04648721218109131
cv,train,2,P00644__H206L,-1.2999999523162842,-1.5090969800949097
cv,train,2,P00644__K127Q,-0.05000000074505806,-0.1467115879058838
cv,train,2,P00094__Y96C,1.5,1.2886543273925781
cv,train,2,P03050__R31A,3.4000000953674316,3.225705862045288
cv,train,2,P01584__N123G,2.200000047683716,1.9881138801574707
cv,train,2,P04637__L344I,0.800000011920929,0.47679513692855835
cv,train,2,P00929__E49T,-0.949999988079071,-1.2084629535675049
cv,train,2,P00004__N53I,3.0999999046325684,2.852884292602539
cv,train,2,P04637__R175A,0.7300000190734863,0.577616810798645
cv,train,2,P02751__S1622A,-0.10499999672174454,-0.300212562084198
cv,train,2,P00720__T34A,0.20000000298023224,-0.04040747880935669
cv,train,2,P00720__A82S,0.25,0.08722496032714844
cv,train,2,P00720__S44F,-0.07999999821186066,-0.25388529896736145
cv,train,2,P00644__V133S,0.10000000149011612,-0.0755159854888916
cv,train,2,P00720__L91M,0.75,0.5053561925888062
cv,train,2,P00644__E217F,1.100000023841858,0.9290853142738342
cv,train,2,P00711__V61A,0.9150000214576721,0.6295410394668579
cv,train,2,P00644__V121S,2.4000000953674316,2.233694314956665
cv,train,2,P02633__I77V,1.4149999618530273,1.255162000656128
cv,train,2,P00648__T126V,-0.25,-0.48264360427856445
cv,train,2,P00644__L107E,7.800000190734863,7.512707710266113
cv,train,2,P00644__A94V,1.100000023841858,0.900559663772583
cv,train,2,P05230__G77N,0.8949999809265137,0.5993294715881348
cv,train,2,P05798__Y51F,2.299999952316284,2.087489604949951
cv,train,2,P03050__I51A,1.899999976158142,1.716050624847412
cv,train,2,P00644__M108G,1.899999976158142,1.6183441877365112
cv,train,2,P02185__F124T,3.049999952316284,2.749823570251465
cv,train,2,P05798__V36T,1.2999999523162842,1.0365142822265625
cv,train,2,P00929__E49H,-2.799999952316284,-2.9041082859039307
cv,train,2,P00648__G99A,5.300000190734863,5.035243511199951
cv,train,2,P00720__A74P,4.699999809265137,4.44856595993042
cv,train,2,P01009__A31I,-0.800000011920929,-0.9558730721473694
cv,train,2,P01053__V54T,1.0299999713897705,0.8086322546005249
cv,train,2,P00648__H149A,0.23999999463558197,-0.025359660387039185
cv,train,2,P00644__N150G,0.4000000059604645,0.12372934818267822
cv,train,2,P03051__D30W,0.4000000059604645,0.26517540216445923
cv,train,2,P03051__D30R,-0.800000011920929,-0.9219560623168945
cv,train,2,P02751__I1571A,4.900000095367432,4.664012432098389
cv,train,2,P00711__I78W,0.9150000214576721,0.7587239742279053
cv,train,2,P00644__T126C,0.20000000298023224,0.05763721466064453
cv,train,2,P00720__M102L,0.8999999761581421,0.671899676322937
cv,train,2,P03050__R16A,-0.20000000298023224,-0.3723905086517334
cv,train,2,P00648__G81N,2.700000047683716,2.3655858039855957
cv,train,2,P01053__K38G,0.9800000190734863,0.717138409614563
cv,train,2,P00644__T144V,0.20000000298023224,0.024116873741149902
cv,train,2,P05230__V124L,0.6000000238418579,0.37304842472076416
cv,train,2,P05798__D25H,-0.8999999761581421,-0.9916870594024658
cv,train,2,P00648__I102T,1.100000023841858,0.8200981616973877
cv,train,2,P00720__L66M,1.0,0.7634732723236084
cv,train,2,P00648__E76Q,0.20000000298023224,0.044724225997924805
cv,train,2,P00651__Y83F,0.4699999988079071,0.23462915420532227
cv,train,2,P02185__L136M,0.800000011920929,0.5495398044586182
cv,train,2,P00644__G111V,3.0,2.7656033039093018
cv,train,2,P00720__D127A,-0.20000000298023224,-0.4236961603164673
cv,train,2,P00644__T95V,0.3499999940395355,0.10522031784057617
cv,train,2,P00648__V57T,2.4800000190734863,2.234184503555298
cv,train,2,P00648__V92A,1.659999966621399,1.3984209299087524
cv,train,2,P02751__Y1629A,1.100000023841858,0.8649454116821289
cv,train,2,P00720__E11A,-1.100000023841858,-1.3200079202651978
cv,train,2,P02751__I1625V,0.32499998807907104,0.12443208694458008
cv,train,2,P00698__R91K,-0.23000000417232513,-0.36418259143829346
cv,train,2,P03034__P79A,1.600000023841858,1.3530709743499756
cv,train,2,P00698__D119A,-0.7599999904632568,-0.9921474456787109
cv,train,2,P00004__H34F,-0.699999988079071,-0.9151058793067932
cv,train,2,P00929__E49S,-0.800000011920929,-0.9557628631591797
cv,train,2,P00720__L121M,0.5,0.2735295295715332
cv,train,2,P00720__L91A,2.5999999046325684,2.328953266143799
cv,train,2,P02417__L6A,3.0999999046325684,2.8758432865142822
cv,train,2,P01009__A272I,-2.049999952316284,-2.291151523590088
cv,train,2,P00644__Y136L,3.3499999046325684,3.0808377265930176
cv,train,2,P00720__I3G,2.0,1.7693085670471191
cv,train,2,P00651__V104C,3.684999942779541,3.4487595558166504
cv,train,2,P02185__T68A,0.30000001192092896,0.02890336513519287
cv,train,2,P00648__T53S,0.25999999046325684,0.1372971534729004
cv,train,2,P00644__K216F,0.3499999940395355,0.195115327835083
cv,train,2,P00720__R96C,2.9000000953674316,2.7045323848724365
cv,train,2,P00563__D122N,1.190000057220459,0.9598244428634644
cv,train,2,P00644__L89F,1.2000000476837158,1.0272167921066284
cv,train,2,P00720__S44Y,-0.19499999284744263,-0.36919549107551575
cv,train,2,P01009__V79I,0.20000000298023224,-0.07793152332305908
cv,train,2,P03051__D30T,0.4000000059604645,0.15260541439056396
cv,train,2,P01241__E100L,1.0,0.829679012298584
cv,train,2,P00644__D101N,0.15000000596046448,-0.08623039722442627
cv,train,2,P00651__P99V,-2.069999933242798,-2.244481325149536
cv,train,2,P00044__P77T,1.7000000476837158,1.434510588645935
cv,train,2,P00644__L185G,6.099999904632568,5.843366622924805
cv,train,2,P02185__D61A,0.125,-0.08707213401794434
cv,train,2,P00712__I108V,0.8999999761581421,0.6848198175430298
cv,train,2,P02417__L6V,0.4099999964237213,0.2519017457962036
cv,train,2,P03050__V18A,0.6449999809265137,0.40204426646232605
cv,train,2,P00644__K146G,0.4000000059604645,0.10572159290313721
cv,train,2,P05413__F58S,3.015000104904175,2.8480987548828125
cv,train,2,P01053__E34N,0.6000000238418579,0.38899970054626465
cv,train,2,P00974__G92A,0.20000000298023224,0.01581507921218872
cv,train,2,P00929__P132G,0.800000011920929,0.5486938953399658
cv,train,2,P00644__L171I,1.100000023841858,0.8069648742675781
cv,train,2,P00644__D228A,0.20000000298023224,0.01892915368080139
cv,train,2,P05230__F147W,0.30000001192092896,0.0760810375213623
cv,train,2,P00818__I76V,1.399999976158142,1.194611668586731
cv,train,2,P00644__D225G,0.20000000298023224,0.018328696489334106
cv,train,2,P01857__F288A,2.5,2.2536377906799316
cv,train,2,P00648__Y71F,-0.09000000357627869,-0.2835543155670166
cv,train,2,P00720__R96A,2.0,1.72906494140625
cv,train,2,P03069__R273A,1.659999966621399,1.4454927444458008
cv,train,2,P04637__S260P,0.3199999928474426,0.055338054895401
cv,train,2,P02185__I29L,0.6000000238418579,0.38659214973449707
cv,train,2,P01053__V67A,4.90500020980835,4.511144161224365
cv,train,2,P03050__E27A,-0.4000000059604645,-0.6250271797180176
cv,train,2,P00648__R116M,2.450000047683716,2.217179536819458
cv,train,2,P00644__L120V,0.15000000596046448,-0.09554219245910645
cv,train,2,P03051__D30N,-0.800000011920929,-0.9548628330230713
cv,train,2,P00648__D59G,0.8999999761581421,0.7262483239173889
cv,train,2,P00644__T123A,0.0,-0.2464897632598877
cv,train,2,P02751__Y1573A,2.0,1.7979092597961426
cv,train,2,P02185__L30M,-0.10000000149011612,-0.35727906227111816
cv,train,2,P00257__H114T,1.2000000476837158,0.9454960823059082
cv,train,2,P00720__L66P,9.664999961853027,9.364130020141602
cv,train,2,P02945__Y56A,1.2999999523162842,1.0608465671539307
cv,train,2,P00644__P129F,0.30000001192092896,0.16037452220916748
cv,train,2,P01053__A36G,1.149999976158142,0.9616012573242188
cv,train,2,P00648__R116S,2.759999990463257,2.492194890975952
cv,train,2,1YYX_A__I98A,3.799999952316284,3.522873878479004
cv,train,2,P02185__Q9A,-0.949999988079071,-1.184920072555542
cv,train,2,P00720__M6A,1.600000023841858,1.3365941047668457
cv,train,2,P00044__K79L,0.029999999329447746,-0.1928391456604004
cv,train,2,P00720__D20T,-0.75,-0.968767523765564
cv,train,2,P00720__M106L,-0.25,-0.4720824956893921
cv,train,2,P00698__R132H,-0.6800000071525574,-0.8134832382202148
cv,train,2,P00720__H31N,4.0,3.7639732360839844
cv,train,2,P00720__V75T,0.8999999761581421,0.5834965705871582
cv,train,2,P00720__N68A,0.05000000074505806,-0.20269817113876343
cv,train,2,P00651__V115S,4.885000228881836,4.683034896850586
cv,train,2,P04637__E326A,1.0,0.8109534978866577
cv,train,2,P00651__A47G,1.0,0.7919654250144958
cv,train,2,P00918__C205S,-0.10000000149011612,-0.2916593551635742
cv,train,2,P00648__Q62A,0.20000000298023224,-0.10320842266082764
cv,train,2,P00644__S210G,1.5,1.2909518480300903
cv,train,2,P02633__P24G,1.190000057220459,0.9339224696159363
cv,train,2,P00929__G234D,-1.7000000476837158,-1.874996304512024
cv,train,2,P00720__V149I,0.10000000149011612,-0.321125864982605
cv,train,2,P02185__I143L,-0.6000000238418579,-0.7503927946090698
cv,train,2,P00648__T147G,2.799999952316284,2.6058387756347656
cv,train,2,P02185__L138A,0.30000001192092896,0.01957106590270996
cv,train,2,P00282__I40A,1.7999999523162842,1.5648488998413086
cv,train,2,P00720__S44H,-0.019999999552965164,-0.1793106198310852
cv,train,2,P04637__Q104H,-0.23999999463558197,-0.322745680809021
cv,train,2,P00974__G71D,2.799999952316284,2.5791754722595215
cv,train,2,P00651__E84A,-0.4000000059604645,-0.6470855474472046
cv,train,2,P00720__I3Y,2.450000047683716,2.2378039360046387
cv,train,2,P00648__A79E,0.20000000298023224,-0.07038825750350952
cv,train,2,P04271__I12A,-1.2899999618530273,-1.4429383277893066
cv,train,2,P00644__G137V,1.5,1.3059412240982056
cv,train,2,P00044__N58A,-2.484999895095825,-2.765928030014038
cv,train,2,P00974__I53A,1.5,1.2323178052902222
cv,train,2,P00929__E49I,-6.550000190734863,-6.8006205558776855
cv,train,2,P00929__F22I,4.190000057220459,3.8953003883361816
cv,train,2,P00974__G47V,4.099999904632568,3.968190908432007
cv,train,2,P05798__D79H,-1.75,-1.9591628313064575
cv,train,2,P00651__Y68W,0.14000000059604645,-0.12878479063510895
cv,train,2,P00818__G46A,1.7000000476837158,1.4076807498931885
cv,train,2,P00644__M147I,1.399999976158142,1.0839654207229614
cv,train,2,P00644__L107V,1.7999999523162842,1.559708595275879
cv,train,2,P00044__K79H,1.4249999523162842,1.254051685333252
cv,train,2,P00648__H65S,2.1500000953674316,1.9961216449737549
cv,train,2,P05230__C132I,-0.36000001430511475,-0.5338449478149414
cv,train,2,P00651__Y50W,-0.7699999809265137,-1.0400919914245605
cv,train,2,P00720__M106I,-0.10000000149011612,-0.3051431179046631
cv,train,2,P00648__Y60A,3.5,3.143848419189453
cv,train,2,P00720__V131D,-0.07999999821186066,-0.3326776623725891
cv,train,2,P00644__K160G,1.100000023841858,0.855817973613739
cv,train,2,P02945__P50A,0.20000000298023224,0.023098468780517578
cv,train,2,P00644__T115A,1.399999976158142,1.125041127204895
cv,train,2,P00644__G132F,0.550000011920929,0.3719521760940552
cv,train,2,P00644__G178V,3.700000047683716,3.4110817909240723
cv,train,2,P00720__M120Y,0.4000000059604645,0.18497413396835327
cv,train,2,P00644__M180L,2.299999952316284,2.004240036010742
cv,train,2,P02185__L30I,1.100000023841858,0.7577505111694336
cv,train,2,P00044__N58L,-4.264999866485596,-4.493237018585205
cv,train,2,P00648__I51V,1.100000023841858,0.8633182644844055
cv,train,2,P00644__K130F,0.4000000059604645,0.20864474773406982
cv,train,2,P00720__L121A,2.700000047683716,2.479775905609131
cv,train,2,P00644__E134G,0.3499999940395355,0.10362312197685242
cv,train,2,P00974__K61A,0.0,-0.22002577781677246
cv,train,2,P00929__P207A,1.5,1.2937101125717163
cv,train,2,P00644__N200D,2.3499999046325684,2.117110252380371
cv,train,2,P03050__R16G,1.0750000476837158,0.8869374394416809
cv,train,2,P00712__W45F,2.25,2.0121641159057617
cv,train,2,P00720__V131T,0.10999999940395355,-0.2163877785205841
cv,train,2,P06241__W120V,1.0,0.767969012260437
cv,train,2,P00644__I154M,1.7999999523162842,1.6648309230804443
cv,train,2,P00720__A129V,0.75,0.6339956521987915
cv,train,2,P00044__T102A,-0.8999999761581421,-1.1846096515655518
cv,train,2,P04637__F341I,4.449999809265137,4.226807117462158
cv,train,2,P00720__V111I,0.800000011920929,0.4927324056625366
cv,train,2,P05413__F65S,3.799999952316284,3.604593276977539
cv,train,2,P00648__W141L,0.8299999833106995,0.6495910882949829
cv,train,2,P05413__F17Y,3.0199999809265137,2.78049373626709
cv,train,2,P02945__T59A,2.200000047683716,1.8977220058441162
cv,train,2,P00644__Y109N,3.799999952316284,3.4722185134887695
cv,train,2,P00648__Y125F,1.375,1.168182611465454
cv,train,2,P00644__K152W,0.4000000059604645,0.23550808429718018
cv,train,2,P03958__W264F,-8.640000343322754,-8.849616050720215
cv,train,2,P00644__H203A,2.9000000953674316,2.6772022247314453
cv,train,2,P00818__V52A,1.899999976158142,1.718498945236206
cv,train,2,1YYX_A__F65A,2.5,2.2383971214294434
cv,train,2,P00974__F68L,2.0,1.7969088554382324
cv,train,2,P00644__V133A,0.20000000298023224,-0.12844744324684143
cv,train,2,P00720__V103A,1.7549999952316284,1.4623329639434814
cv,train,2,P00648__H65R,1.0499999523162842,0.9091443419456482
cv,train,2,P00720__A129W,3.200000047683716,3.0561296939849854
cv,train,2,P00720__F104A,2.700000047683716,2.453871250152588
cv,train,2,P00720__L118A,3.3499999046325684,3.049868583679199
cv,train,2,P00918__E117A,4.699999809265137,4.353928565979004
cv,train,2,P00720__R96L,3.200000047683716,2.9479706287384033
cv,train,2,P00720__I17A,2.700000047683716,2.4470064640045166
cv,train,2,P00648__Y64A,2.0999999046325684,1.86886465549469
cv,train,2,P00644__D103N,-1.399999976158142,-1.6788363456726074
cv,train,2,P00974__Y70G,5.0,4.814441204071045
cv,train,2,P01053__E34A,-0.6000000238418579,-0.8805952072143555
cv,train,2,P01236__H58A,-2.5999999046325684,-2.8423123359680176
cv,train,2,P02751__I1557V,0.30000001192092896,0.09557366371154785
cv,train,2,P00044__G7A,1.2999999523162842,1.1072673797607422
cv,train,2,P00929__A18G,2.0999999046325684,1.8396884202957153
cv,train,2,P00644__P199L,-0.20000000298023224,-0.39427807927131653
cv,train,2,P00974__Y70A,4.699999809265137,4.511503219604492
cv,train,2,P00720__S44N,0.11999999731779099,-0.07319864630699158
cv,train,2,P00651__V42A,2.25,1.822790265083313
cv,train,2,P02625__H27P,-1.25,-1.4609074592590332
cv,train,2,P00818__E30D,3.5,3.307112455368042
cv,train,2,P00818__P55A,0.5,0.3009330630302429
cv,train,2,P05413__L67G,3.700000047683716,3.4754037857055664
cv,train,2,P00644__I97V,0.800000011920929,0.5720744132995605
cv,train,2,P00644__I97L,0.6000000238418579,0.29596298933029175
cv,train,2,P00644__K110F,0.800000011920929,0.6329678297042847
cv,train,2,P02693__I24C,-1.100000023841858,-1.2078889608383179
cv,train,2,P00720__L32A,3.0,2.700995922088623
cv,train,2,P00044__A13L,-0.30000001192092896,-0.46571505069732666
cv,train,2,P00004__H27V,3.799999952316284,3.5621485710144043
cv,train,2,P00644__E125A,-0.30000001192092896,-0.5692683458328247
cv,train,2,P00644__V193G,4.800000190734863,4.364750385284424
cv,train,2,P01006__M104K,-0.3499999940395355,-0.42991310358047485
cv,train,2,P03069__E259Q,0.7400000095367432,0.5714435577392578
cv,train,2,P00644__I154V,1.7999999523162842,1.6676795482635498
cv,train,2,P03050__R23G,1.5700000524520874,1.353277564048767
cv,train,2,P00644__V186S,4.900000095367432,4.688074588775635
cv,train,2,P03034__Q45Y,0.019999999552965164,-0.21005907654762268
cv,train,2,P00644__E204F,0.699999988079071,0.47093164920806885
cv,train,2,P00918__H107A,8.300000190734863,7.989057540893555
cv,train,2,O74035__I56A,3.684999942779541,3.3944554328918457
cv,train,2,P01006__M104E,-0.5600000023841858,-0.705290675163269
cv,train,2,P00282__V51T,2.5999999046325684,2.3263633251190186
cv,train,2,P05230__C132S,0.6000000238418579,0.45447206497192383
cv,train,2,P05230__L59P,-0.6899999976158142,-0.9030015468597412
cv,train,2,P00918__H107N,5.400000095367432,5.032418251037598
cv,train,2,P00644__K145Q,0.8999999761581421,0.6080588102340698
cv,train,2,P00644__M180I,4.400000095367432,4.003025054931641
cv,train,2,P00644__D101A,0.10000000149011612,-0.19946074485778809
cv,train,2,P02417__H106Q,1.3350000381469727,1.1850836277008057
cv,train,2,P04637__A129S,0.1899999976158142,-0.0022847652435302734
cv,train,2,P00644__F158W,1.0,0.7355315685272217
cv,train,2,P00651__H118A,1.059999942779541,0.831660270690918
cv,train,2,P05413__W9E,3.799999952316284,3.597627639770508
cv,train,2,P00698__I73M,2.2699999809265137,2.081742763519287
cv,train,2,P01236__H201A,-0.10000000149011612,-0.39560210704803467
cv,train,2,P00644__E155A,1.399999976158142,1.172339677810669
cv,train,2,P02185__I143V,0.10000000149011612,-0.021181106567382812
cv,train,2,P00720__L84A,3.700000047683716,3.446384906768799
cv,train,2,P00651__V78T,3.5999999046325684,3.4288203716278076
cv,train,2,P00918__H107Y,9.199999809265137,8.950183868408203
cv,train,2,P00648__T53P,3.140000104904175,2.857083320617676
cv,train,2,P00712__I114V,1.7000000476837158,1.5190938711166382
cv,train,2,P01053__T23G,1.159999966621399,0.984252393245697
cv,train,2,P04925__V209I,0.18000000715255737,-0.1418207883834839
cv,train,2,P00651__A47N,-0.3400000035762787,-0.5769357681274414
cv,train,2,P00644__K153G,1.100000023841858,0.7613652944564819
cv,train,2,P05230__L88V,1.4800000190734863,1.3038420677185059
cv,train,2,P00644__L207V,2.299999952316284,2.0148813724517822
cv,train,2,P00651__N35A,0.800000011920929,0.5947257280349731
cv,train,2,P00720__L39A,0.8999999761581421,0.6317610144615173
cv,train,2,P02945__K53A,0.30000001192092896,0.08991193771362305
cv,train,2,P00644__I100G,2.549999952316284,2.282435417175293
cv,train,2,P00644__V105S,4.699999809265137,4.473331451416016
cv,train,2,P02631__P22A,0.699999988079071,0.45751434564590454
cv,train,2,P00644__Y109G,5.300000190734863,5.015079975128174
cv,train,2,P00282__Y128A,3.5899999141693115,3.3511133193969727
cv,train,2,P02945__L71A,-0.30000001192092896,-0.6727620363235474
cv,train,2,P03050__R13G,-0.33000001311302185,-0.538204550743103
cv,train,2,P00644__K192G,2.700000047683716,2.4009790420532227
cv,train,2,O74035__L33A,4.21999979019165,3.954047203063965
cv,train,2,P00644__I97A,2.6500000953674316,2.336353302001953
cv,train,2,P00644__Q188A,-0.15000000596046448,-0.4658784866333008
cv,train,2,P01625__K56R,0.800000011920929,0.6929277181625366
cv,train,2,P00711__L129R,-0.41499999165534973,-0.5427098274230957
cv,train,2,P00644__L207E,6.150000095367432,5.8714823722839355
cv,train,2,P00648__A79W,1.0499999523162842,0.861318826675415
cv,train,2,P00644__K131G,0.20000000298023224,-0.056767284870147705
cv,train,2,P00644__K146A,-0.15000000596046448,-0.4382963478565216
cv,train,2,P00929__E49P,-0.699999988079071,-0.7652279138565063
cv,train,2,P03050__M42A,3.2850000858306885,3.049705982208252
cv,train,2,P00644__V196S,0.0,-0.18542906641960144
cv,train,2,P00929__I232V,1.5,1.28885018825531
cv,train,2,P00974__G72D,1.7000000476837158,1.4775309562683105
cv,train,2,P01009__A31V,-0.5,-0.6093201637268066
cv,val,2,P00644__T86G,0.20000000298023224,-0.40984463691711426
cv,val,2,P00644__R187G,2.4000000953674316,2.7765326499938965
cv,val,2,P02633__L27G,4.139999866485596,4.318178176879883
cv,val,2,P00644__Q213F,0.6000000238418579,1.0785964727401733
cv,val,2,P00171__S76L,-0.800000011920929,-1.712540864944458
cv,val,2,P00644__I154E,6.650000095367432,4.661473274230957
cv,val,2,P00974__C65S,8.0,5.273772239685059
cv,val,2,P00782__N325S,-1.0700000524520874,-0.32057011127471924
cv,val,2,P00644__F158A,4.050000190734863,1.8089220523834229
cv,val,2,P04637__R249S,1.934999942779541,2.859208106994629
cv,val,2,P00720__G156D,2.9000000953674316,1.6995505094528198
cv,val,2,P02185__A145L,-0.25,-1.2631546258926392
cv,val,2,P00644__A194G,0.0,0.8299742341041565
cv,val,2,P00974__K50A,0.4000000059604645,-0.22067537903785706
cv,val,2,P02417__V21A,2.3299999237060547,1.8088960647583008
cv,val,2,P00644__H206E,-0.3499999940395355,-0.3645254373550415
cv,val,2,P01009__A308L,0.800000011920929,-0.20177769660949707
cv,val,2,P00644__V148M,0.10000000149011612,1.761594295501709
cv,val,2,P03050__S35G,0.33000001311302185,0.8090797662734985
cv,val,2,P00644__V105E,6.0,6.5685930252075195
cv,val,2,P00644__P129A,0.550000011920929,0.10601913928985596
cv,val,2,P00720__N40D,-0.41999998688697815,-1.1460217237472534
cv,val,2,P00712__A49I,-1.600000023841858,-1.2026407718658447
cv,val,2,P03069__K275A,0.9100000262260437,-0.26904693245887756
cv,val,2,P00282__H66G,10.899999618530273,7.386951923370361
cv,val,2,P01053__V80T,0.4000000059604645,1.0693570375442505
cv,val,2,P02751__V1547A,1.2000000476837158,1.4643621444702148
cv,val,2,P00720__L7A,3.5999999046325684,2.147066116333008
cv,val,2,P00698__E53A,-1.399999976158142,-1.638375997543335
cv,val,2,P00644__L96I,1.5,1.318608283996582
cv,val,2,P00644__L185E,5.550000190734863,6.875629901885986
cv,val,2,P01009__A272V,-2.1500000953674316,-0.48281919956207275
cv,val,2,P01009__A207L,-1.2999999523162842,-0.6756957769393921
cv,val,2,P00711__Y122P,0.25999999046325684,2.6337618827819824
cv,val,2,P00644__V193L,0.8999999761581421,2.030543804168701
cv,val,2,P00282__V25A,0.7300000190734863,0.3113589286804199
cv,val,2,P00644__E134F,0.6000000238418579,1.8038173913955688
cv,val,2,P00509__C180W,2.200000047683716,1.486175298690796
cv,val,2,P05413__G68S,1.2000000476837158,1.861573576927185
cv,val,2,P00648__N105A,2.1700000762939453,1.8392277956008911
cv,val,2,P00044__N58S,0.30000001192092896,0.45557963848114014
cv,val,2,P00648__A79F,0.6000000238418579,0.8275657892227173
cv,val,2,P00818__I87V,1.7000000476837158,0.7473782300949097
cv,val,2,P03050__E43A,0.30000001192092896,-0.6008597612380981
cv,val,2,P00509__E253Q,5.800000190734863,2.4533698558807373
cv,val,2,P00644__Y195L,-0.20000000298023224,1.3074116706848145
cv,val,2,P03050__E48G,1.8450000286102295,0.4740867614746094
cv,val,2,P00720__G30F,1.5,3.9066779613494873
cv,val,2,P00644__Y109L,1.5,2.947542190551758
cv,val,2,P01241__E100D,1.2999999523162842,-1.9715023040771484
cv,val,2,P00644__I154L,0.20000000298023224,1.6060938835144043
cv,val,2,P00651__A47Q,0.33000001311302185,0.5075864791870117
cv,val,2,P05413__T41E,3.2699999809265137,3.1968250274658203
cv,val,2,P00648__H65N,1.6799999475479126,-0.7592970132827759
cv,val,2,P00044__K79W,1.5,1.392279863357544
cv,val,2,P00974__P37A,1.2999999523162842,0.9190546870231628
cv,val,2,1YYX_A__A87G,3.0,1.2427418231964111
cv,val,2,P00644__A214V,4.699999809265137,1.8484551906585693
cv,val,2,P01584__C124A,2.0999999046325684,0.8452150821685791
cv,val,2,P00644__A191E,5.800000190734863,5.7701191902160645
cv,val,2,P00974__N79G,4.699999809265137,2.7475898265838623
cv,val,2,P00648__D101N,2.4000000953674316,0.22078680992126465
cv,val,2,P05798__T5V,0.0,-0.06827902793884277
cv,val,2,P05798__T72V,0.20000000298023224,0.2985578775405884
cv,val,2,P00044__C108T,-3.0999999046325684,-2.189572811126709
cv,val,2,P00698__E53H,2.299999952316284,-0.04054367542266846
cv,val,2,P00929__Y175Q,1.600000023841858,2.879262924194336
cv,val,2,P00974__N78G,5.699999809265137,3.065021514892578
cv,val,2,P01053__P53A,0.30000001192092896,0.011021018028259277
cv,val,2,P00651__A47L,0.12999999523162842,-0.2124093770980835
cv,val,2,P00644__E155Q,0.6000000238418579,0.6962301135063171
cv,val,2,P00644__A184G,1.2999999523162842,2.1757235527038574
cv,val,2,P04637__G245S,1.0049999952316284,1.303083896636963
cv,val,2,P00644__L185I,1.100000023841858,1.312910556793213
cv,val,2,P00282__V115T,0.11999999731779099,1.2305413484573364
cv,val,2,P00644__F116C,2.799999952316284,0.5537896156311035
cv,val,2,P00698__D119S,-0.8700000047683716,0.15984898805618286
cv,val,2,P00648__V57A,3.4000000953674316,3.0562360286712646
cv,val,2,P00282__V42T,2.5999999046325684,2.7644243240356445
cv,val,2,P00644__K160F,-0.10000000149011612,0.05447494983673096
cv,val,2,P03034__A67G,-0.10000000149011612,-0.19569696485996246
cv,val,2,P00712__L71A,3.200000047683716,1.8397859334945679
cv,val,2,P00818__T79S,1.399999976158142,-0.029078364372253418
cv,val,2,P00720__K124G,0.05000000074505806,0.6279111504554749
cv,val,2,P02633__V74L,0.6449999809265137,0.8341151475906372
cv,val,2,P04637__P151S,4.489999771118164,2.657654285430908
cv,val,2,P01009__A55P,-2.5,1.5265312194824219
cv,val,2,P01053__V83G,3.5,3.2933225631713867
cv,val,2,P04637__R174K,0.2199999988079071,-0.7408713698387146
cv,val,2,P00648__T73D,0.0,0.4071859121322632
cv,val,2,P00644__Q112G,0.8999999761581421,0.5918359756469727
cv,val,2,P00644__L120I,2.0999999046325684,0.6743316650390625
cv,val,2,P02417__V3I,0.3100000023841858,0.8189579248428345
cv,val,2,P03034__A67T,2.990000009536743,1.7788294553756714
cv,val,2,P00644__K98A,0.20000000298023224,-0.22544753551483154
cv,val,2,P01053__N76A,0.9150000214576721,-0.41690492630004883
cv,val,2,P04637__L201P,-0.3499999940395355,-1.6913186311721802
cv,val,2,P00720__I58A,3.200000047683716,3.1140995025634766
cv,val,2,P00644__P199T,-1.0,-1.1003458499908447
cv,val,2,P00592__H70Q,0.8149999976158142,0.89449542760849
cv,val,2,P01009__A272L,0.30000001192092896,-0.27763378620147705
cv,val,2,P00720__F153L,-0.30000001192092896,2.2180261611938477
cv,val,2,P06241__F103V,1.899999976158142,2.2242374420166016
cv,val,2,P00644__Q112A,0.25,-0.35511016845703125
cv,val,2,P00720__M102K,6.449999809265137,3.3293354511260986
cv,val,2,P00644__V186E,4.099999904632568,5.329502582550049
cv,val,2,P01053__I40V,1.2000000476837158,0.7354151010513306
cv,val,2,P02751__L1599A,2.9000000953674316,2.499716281890869
cv,val,2,P00044__L100I,0.0,-0.33467864990234375
cv,val,2,P00651__A47M,0.15000000596046448,-0.0670766830444336
cv,val,2,P00698__I96M,0.8500000238418579,0.32364892959594727
cv,val,2,P00720__A42G,2.950000047683716,2.157227039337158
cv,val,2,P03050__V33A,1.934999942779541,0.5621134042739868
cv,val,2,P00720__T157D,2.049999952316284,0.8615627288818359
cv,val,2,P03051__D30H,-0.8999999761581421,-1.1773558855056763
cv,val,2,P00644__N200G,1.7000000476837158,2.5848093032836914
cv,val,2,P00644__N200A,1.9500000476837158,2.621915102005005
cv,val,2,P04637__N239Y,-1.4900000095367432,-0.5174115300178528
cv,val,2,P00099__E92V,1.100000023841858,1.1582739353179932
cv,val,2,P00644__D103A,-0.699999988079071,-0.42457520961761475
cv,val,2,P02753__W42L,2.5999999046325684,2.944016933441162
cv,val,2,P02185__P89A,-0.6000000238418579,-1.2203178405761719
cv,val,2,P00644__V148G,4.400000095367432,5.0019426345825195
cv,val,2,P00648__K74A,-0.4449999928474426,-0.29507893323898315
cv,val,2,P00644__V105T,3.200000047683716,2.3790602684020996
cv,val,2,P01584__K213V,-1.100000023841858,1.0259535312652588
cv,val,2,P02945__I65A,1.399999976158142,1.5773911476135254
cv,val,2,P00720__S44D,0.10499999672174454,-0.13129010796546936
cv,val,2,P00644__E157K,2.200000047683716,3.6159396171569824
cv,val,2,P00712__L31A,2.700000047683716,1.9719704389572144
cv,val,2,P00644__T164V,-0.20000000298023224,1.260542392730713
cv,val,2,P00720__A49S,0.44999998807907104,0.7930205464363098
cv,val,2,P00974__R74A,0.0,0.4196431636810303
cv,val,2,P04925__M128V,0.2150000035762787,-0.18215131759643555
cv,val,2,P00644__V193S,4.75,3.2735276222229004
cv,val,2,P00720__V111M,0.550000011920929,1.2209811210632324
cv,val,2,P00644__L219A,2.200000047683716,2.6698107719421387
cv,val,2,P00044__P77V,1.0,1.9016735553741455
cv,val,2,P04637__I255F,3.2899999618530273,1.5567028522491455
cv,val,2,P00644__E217A,0.699999988079071,0.5949541330337524
cv,val,2,P00593__H70N,2.4000000953674316,1.9789538383483887
cv,val,2,P00044__C108A,-2.9000000953674316,0.2853020429611206
cv,val,2,P05798__E74K,-0.800000011920929,-0.4694138765335083
cv,val,2,P02693__F69A,-1.2000000476837158,2.14754056930542
cv,val,2,P00644__S141G,0.8999999761581421,-0.032404422760009766
cv,val,2,P00644__T144E,5.0,4.2086944580078125
cv,val,2,P00509__C389S,1.7999999523162842,0.34217357635498047
cv,val,2,P05798__D79E,0.3499999940395355,0.7327166795730591
cv,val,2,P00560__Y49W,1.684999942779541,-0.7382744550704956
cv,val,2,P04637__C242S,3.069999933242798,0.5412636995315552
cv,val,2,P00711__Q73A,0.4050000011920929,1.348592758178711
cv,val,2,P00644__A172G,1.899999976158142,1.7414171695709229
cv,val,2,P00720__M6L,3.9000000953674316,2.0958738327026367
cv,val,2,P00720__R119H,0.29499998688697815,-0.5309426188468933
cv,val,2,P00720__T157E,1.2999999523162842,0.8256827592849731
cv,val,2,P02751__Y1569A,4.199999809265137,4.024199962615967
cv,val,2,P04164__M69A,-5.0,2.8638076782226562
cv,val,2,P01053__F70L,2.055000066757202,1.8044708967208862
cv,val,2,P00651__V42T,3.8499999046325684,3.2186269760131836
cv,val,2,P05230__N121G,-0.28999999165534973,-0.5264374017715454
cv,val,2,P00644__Y109C,2.700000047683716,-0.927283763885498
cv,val,2,P03034__G49A,-0.8700000047683716,-1.1871954202651978
cv,val,2,P04925__V179I,0.3499999940395355,0.13018175959587097
cv,val,2,P00644__V186T,2.5,2.2753853797912598
cv,val,2,P05413__T41Q,4.369999885559082,2.7038791179656982
cv,val,2,P00974__L64A,0.0,0.8814425468444824
cv,val,2,P03050__S5A,-0.10000000149011612,0.65101557970047
cv,val,2,P03050__K46G,1.149999976158142,0.3945791721343994
cv,val,2,P00644__Y109W,0.6000000238418579,0.8512163162231445
cv,val,2,P00644__T126I,0.6000000238418579,-0.31305837631225586
cv,val,2,P00818__Y26A,0.05000000074505806,2.932969808578491
cv,val,2,P00644__A99V,1.899999976158142,0.02314603328704834
cv,val,2,P04637__D148S,-0.2199999988079071,-0.5733586549758911
cv,val,2,P00712__V27A,1.0,2.046325206756592
cv,val,2,P00644__Y136G,1.75,4.421882629394531
cv,val,2,P00720__Q122A,0.2199999988079071,-0.11699414253234863
cv,val,2,P01053__V71A,1.9500000476837158,1.1862229108810425
cv,val,2,P00974__T67A,0.10000000149011612,0.24059447646141052
cv,val,2,P01053__D65A,0.8500000238418579,0.7351729273796082
cv,val,2,P05121__E350R,0.30000001192092896,-0.6540158987045288
cv,val,2,P03050__K24A,0.6000000238418579,0.6679704785346985
cv,val,2,P00648__Q62G,1.600000023841858,-0.535899817943573
cv,val,2,P01053__V54A,0.6349999904632568,-0.05293437838554382
cv,val,2,P02417__I4V,0.5899999737739563,0.8915756344795227
cv,val,2,P00644__A99G,0.25,1.9685417413711548
cv,val,2,P00644__K135A,0.20000000298023224,-0.1971036195755005
cv,val,2,O74035__D7N,-1.399999976158142,0.8430569171905518
cv,val,2,P06241__S124K,-0.10499999672174454,1.3064523935317993
cv,val,2,P00644__I174E,7.150000095367432,5.274803638458252
cv,val,2,P04637__A129D,0.699999988079071,-0.17255544662475586
cv,val,2,P00720__Q69P,3.0,1.0993232727050781
cv,val,2,P00644__Y136A,2.049999952316284,3.7034857273101807
cv,val,2,P00644__Y173A,4.900000095367432,4.937742233276367
cv,val,2,P00648__A79I,0.699999988079071,0.9482346773147583
cv,val,2,P00720__S44C,0.10499999672174454,-0.990913987159729
cv,val,2,P00044__T75E,-1.399999976158142,0.36685922741889954
cv,val,2,P01009__V345I,-0.550000011920929,-0.8527109026908875
cv,val,2,P05825__G274C,-7.929999828338623,-0.9910838603973389
cv,val,2,P03050__K47A,1.7999999523162842,-0.6405781507492065
cv,val,2,P02185__H82Q,0.0,-0.300747275352478
cv,val,2,P01308__F49H,-1.0,1.158978819847107
cv,val,2,P00648__A79K,0.15000000596046448,0.46865081787109375
cv,val,2,2IMM_A__M21L,0.30000001192092896,-0.2950010299682617
cv,val,2,P00644__S223A,0.25999999046325684,-0.5860448479652405
cv,val,2,P00720__A93T,-0.07999999821186066,-0.8219492435455322
cv,val,2,P00974__Y58A,5.949999809265137,4.36500358581543
cv,val,2,P00593__H70A,1.899999976158142,0.8263047337532043
cv,val,2,P00644__V196A,0.0,1.536305546760559
cv,val,2,P00648__I72V,1.0499999523162842,1.5288878679275513
cv,val,2,P00720__I3S,1.7999999523162842,0.9062976837158203
cv,val,2,P04637__A129E,0.3799999952316284,0.4922372102737427
cv,val,2,P00644__K110G,0.75,-0.229795902967453
cv,val,2,P00171__V50G,1.899999976158142,3.6348204612731934
cv,val,2,P00045__P81T,0.800000011920929,1.9945722818374634
cv,val,2,P00929__G211R,0.75,0.6085333824157715
cv,val,2,P04166__P81A,1.100000023841858,0.07820916175842285
cv,val,2,P00644__E155G,2.700000047683716,1.894066333770752
cv,val,2,P00929__E49K,-0.8500000238418579,-0.9915235042572021
cv,val,2,P03034__G47A,-0.6600000262260437,-1.3679141998291016
cv,val,2,P00644__K192A,1.2999999523162842,1.6491496562957764
cv,val,2,P04637__T123A,0.12999999523162842,0.37413227558135986
cv,val,2,P00644__E157G,3.4000000953674316,3.3422491550445557
cv,val,2,P06241__F87A,1.2999999523162842,2.619645118713379
cv,val,2,P02693__G66A,1.100000023841858,2.41032075881958
cv,val,2,P05798__D79N,-1.2000000476837158,-0.6044448614120483
cv,val,2,P05798__D17K,1.100000023841858,2.64813494682312
cv,val,2,P03069__E270Q,1.8300000429153442,0.950907826423645
cv,val,2,P00044__L100T,3.299999952316284,2.260936975479126
cv,val,2,P02753__W109H,0.10000000149011612,-1.398890733718872
cv,val,2,P00720__A98V,4.650000095367432,0.9025568962097168
cv,val,2,P05798__D79K,-2.299999952316284,-0.13731873035430908
cv,val,2,P05798__Y30F,-0.4000000059604645,0.15755343437194824
cv,val,2,P00644__E204A,0.30000001192092896,0.008791029453277588
cv,val,2,P01009__T83A,-0.949999988079071,-0.9529237151145935
cv,val,2,P00648__D140N,4.054999828338623,-0.24801182746887207
cv,val,2,P00698__S109D,2.309999942779541,-0.8115372657775879
cv,val,2,P00648__T73S,0.5299999713897705,0.4982973337173462
cv,val,2,P02633__V65G,3.9749999046325684,3.752988338470459
cv,val,2,P00644__G102E,3.700000047683716,0.44453293085098267
cv,val,2,P00644__K216A,-0.10000000149011612,-0.5878888964653015
cv,val,2,P00644__T104V,0.8500000238418579,-0.047751665115356445
cv,val,2,P00257__D134E,-0.44999998807907104,-0.06857556104660034
cv,val,2,P00720__L99F,0.30000001192092896,1.8959087133407593
cv,val,2,P00644__N220G,-0.20000000298023224,1.5251373052597046
cv,val,2,P00720__T26S,-0.5849999785423279,-0.37064969539642334
cv,val,2,P00698__T58I,2.200000047683716,1.1620147228240967
cv,val,2,P02625__K81S,0.28999999165534973,0.11508762836456299
cv,val,2,P00644__L207A,4.800000190734863,2.2670743465423584
cv,val,2,P00720__T59N,1.0,0.24552607536315918
cv,val,2,P00929__P132A,1.0,1.420149326324463
cv,val,2,P01308__H34E,-1.440000057220459,-0.7426705360412598
cv,val,2,P00282__I101A,2.0999999046325684,1.524538516998291
cv,val,2,P01051__V62A,1.0049999952316284,0.7925423979759216
cv,val,2,P02417__M1A,1.4600000381469727,0.5768768787384033
cv,val,2,P00648__T73V,2.2049999237060547,0.9477343559265137
cv,val,2,P00644__I221M,0.4000000059604645,0.026141881942749023
cv,val,2,P00648__G81A,2.799999952316284,2.885284423828125
cv,val,2,P04166__R31H,-1.399999976158142,-0.7364488840103149
cv,val,2,P00720__D47A,0.824999988079071,0.4516756534576416
cv,val,2,P02185__L70I,0.0,-0.21530747413635254
cv,val,2,P00711__L129E,0.19499999284744263,1.2567768096923828
cv,val,2,P00918__V68C,1.2000000476837158,2.150287628173828
cv,val,2,P02633__L32A,2.450000047683716,1.8865628242492676
cv,val,2,P00644__P199G,-1.100000023841858,0.051973581314086914
cv,val,2,1YYX_A__F61A,5.5,2.6033005714416504
cv,val,2,P00720__G77A,0.4000000059604645,0.022881150245666504
cv,val,2,P02417__D8N,0.30000001192092896,0.41934311389923096
cv,val,2,P00644__G170V,0.3499999940395355,1.6989364624023438
cv,val,2,P05798__D79F,0.699999988079071,-2.8946847915649414
cv,val,2,P06241__E107R,3.390000104904175,0.5473828315734863
cv,val,2,P00644__Y175G,6.949999809265137,6.744958877563477
cv,val,2,P06241__E107Y,2.4000000953674316,1.1485697031021118
cv,val,2,P00720__A146T,2.2899999618530273,3.881112575531006
cv,val,2,P00644__L89V,1.2000000476837158,-0.15408217906951904
cv,val,2,P01053__V54G,2.4000000953674316,0.950543999671936
cv,val,2,P04637__N268D,-1.065000057220459,0.524035632610321
cv,val,2,3PG0_A__A92G,0.0,0.06831133365631104
cv,val,2,P05798__H85Q,0.0,0.6142078042030334
cv,val,2,P00644__K166G,0.3499999940395355,-0.11503139138221741
cv,val,2,P00560__Y123W,2.0999999046325684,-1.4246563911437988
cv,val,2,P03051__D30S,-1.0,-1.0909154415130615
cv,val,2,P00648__L136G,7.0,4.35658073425293
cv,val,2,P00171__V66K,2.365000009536743,1.2518787384033203
cv,val,2,P00720__M102V,3.0,1.971761703491211
cv,val,2,P00720__T157I,1.899999976158142,-0.2059345245361328
cv,val,2,P00257__D73E,-0.5,0.9534764289855957
cv,val,2,P00644__V186A,2.799999952316284,2.485773801803589
cv,val,2,P00644__V121G,4.599999904632568,5.3363237380981445
cv,val,2,P00644__V148W,3.009999990463257,2.306962013244629
cv,val,2,P06241__I111L,0.8500000238418579,0.40220963954925537
cv,val,2,P02945__P63A,-0.10000000149011612,-0.519888699054718
cv,val,2,P00720__M120L,-0.44999998807907104,-0.5286436080932617
cv,val,2,P00648__Y64G,4.164999961853027,3.1404471397399902
cv,val,2,P00720__R96T,2.950000047683716,1.9584344625473022
cv,val,2,P00644__V133I,-0.10000000149011612,-1.2570174932479858
cv,val,2,P02945__F55A,1.600000023841858,2.3801968097686768
cv,val,2,P00720__A42F,5.199999809265137,1.336338758468628
cv,val,2,P01053__I57A,0.36500000953674316,-0.3779643774032593
cv,val,2,P00644__N220A,1.0,2.277777671813965
cv,val,2,P00698__G120A,-0.6100000143051147,-0.4021240472793579
cv,val,2,P02751__A1550G,0.9300000071525574,-0.1777045726776123
cv,val,2,P00644__G161D,2.2799999713897705,0.8117222785949707
cv,val,2,P01857__T277A,0.6000000238418579,0.9237073659896851
cv,val,2,P03050__N34A,0.0,-0.40662312507629395
cv,val,2,P00711__H51A,2.115000009536743,-1.0092097520828247
cv,val,2,P01009__A31P,-2.0999999046325684,-0.5280311107635498
cv,val,2,P02751__I1627A,0.5249999761581421,1.2152864933013916
cv,val,2,P00644__G111F,1.2000000476837158,2.3136706352233887
cv,val,2,P04637__M237I,3.180000066757202,-0.5015014410018921
cv,val,2,P00509__C180A,1.100000023841858,-0.3205230236053467
cv,val,2,P04637__E346A,0.3499999940395355,0.5760249495506287
cv,val,2,P00712__L115A,1.7999999523162842,2.4356729984283447
cv,val,2,P02185__M132A,1.2999999523162842,1.0875022411346436
cv,val,2,P00720__T59A,1.649999976158142,1.5163788795471191
cv,val,2,P00593__F128Y,-0.3499999940395355,0.07298922538757324
cv,val,2,P04637__M133L,-0.30000001192092896,-0.6885038614273071
cv,val,2,P00720__Q123A,0.20999999344348907,-0.9614419341087341
cv,val,2,P00720__S38A,0.7699999809265137,0.06254369020462036
cv,val,2,P04166__P97A,0.699999988079071,-0.34421706199645996
cv,val,2,P00644__Q162G,1.2000000476837158,0.15886275470256805
cv,val,2,P02751__P1624A,0.20999999344348907,-0.012997269630432129
cv,val,2,P00044__N58M,-2.9000000953674316,0.19389384984970093
cv,val,2,P01053__L41A,1.2999999523162842,0.21603155136108398
cv,val,2,P00644__K198A,-0.699999988079071,-0.6491995453834534
cv,val,2,P00974__F57A,1.2000000476837158,2.8127806186676025
cv,val,2,P00644__E183F,2.700000047683716,1.1378567218780518
cv,val,2,P00720__K60P,0.0,0.8523107767105103
cv,val,2,P00711__H126Y,0.19499999284744263,-0.16511237621307373
cv,val,2,P00644__E134A,0.10000000149011612,0.6741797924041748
cv,val,2,P05413__F5S,3.700000047683716,2.649113178253174
cv,val,2,P05798__Y49F,0.20000000298023224,-0.08289524912834167
cv,val,2,P01625__Q115N,1.4500000476837158,0.6288819909095764
cv,val,2,P00818__L66V,5.349999904632568,2.3612189292907715
cv,val,2,P00644__N226G,0.5,0.5534731149673462
cv,val,2,P04637__I332V,4.849999904632568,1.087508201599121
cv,val,2,P00644__L185A,4.599999904632568,3.0275540351867676
cv,val,2,P00644__G170A,0.15000000596046448,1.1260777711868286
cv,val,2,P00644__K145G,1.5,1.406270146369934
cv,val,2,P00644__H206Q,-0.6000000238418579,-0.3905220925807953
cv,val,2,P00560__W334Y,-1.100000023841858,0.5847809314727783
cv,val,2,P00651__D102N,3.0999999046325684,-0.31278061866760254
cv,val,2,P00720__G113E,-0.30000001192092896,2.156846284866333
cv,val,2,P00644__K215F,1.2999999523162842,1.0048797130584717
cv,val,2,P02185__L50I,0.800000011920929,1.079817771911621
cv,val,2,P03050__Q9G,-0.4399999976158142,0.026183128356933594
cv,val,2,P00720__N132M,-1.5,-0.8155298233032227
cv,val,2,P00818__M62A,4.0,2.1415529251098633
cv,val,2,P01857__P278A,3.200000047683716,-0.35155266523361206
cv,val,2,P05798__T18V,1.399999976158142,0.6603217124938965
cv,val,2,P00698__A49L,-1.7999999523162842,-1.6375205516815186
cv,val,2,P00644__F158G,4.699999809265137,2.664027214050293
cv,val,2,P00929__E49G,1.7000000476837158,-0.6922595500946045
cv,val,2,P00644__L118A,3.549999952316284,4.030426502227783
cv,val,2,P00720__S44E,0.0,-0.28989505767822266
cv,val,2,P00648__A79D,0.5,0.28442132472991943
cv,val,2,P04637__K351A,-1.5499999523162842,-0.31973516941070557
cv,val,2,P00974__G91A,0.20000000298023224,0.7825052738189697
cv,val,2,P00644__D225K,0.30000001192092896,0.32416707277297974
cv,val,2,P00593__F44A,-0.3499999940395355,3.3658463954925537
cv,val,2,P00720__R96S,2.700000047683716,3.2906832695007324
cv,val,2,P01308__H34T,0.2199999988079071,0.799435019493103
cv,val,2,P02693__L73C,0.05000000074505806,1.268808126449585
cv,val,2,P00644__A194V,1.2999999523162842,1.5101300477981567
cv,val,2,P00929__P28G,1.600000023841858,1.193376064300537
cv,val,2,P00720__S38D,0.0,0.9008725881576538
cv,val,2,P01006__V44A,6.78000020980835,4.502020835876465
cv,val,2,P01006__M134G,6.900000095367432,2.901839256286621
cv,val,2,P01236__H74A,0.6000000238418579,-0.08668351173400879
cv,val,2,P00711__H126A,0.7950000166893005,-0.021529078483581543
cv,val,2,P00644__T104A,1.600000023841858,1.739212989807129
cv,val,2,P00651__S90A,1.5,0.9852807521820068
cv,val,2,P02417__M1G,2.359999895095825,0.7437258958816528
cv,val,2,P00644__K152A,0.15000000596046448,-0.6585994958877563
cv,val,2,P00648__Y60F,0.5,1.0352126359939575
cv,val,2,P00648__N131A,1.9500000476837158,1.5571231842041016
cv,val,2,P05825__E270C,-6.829999923706055,0.4394221901893616
cv,val,2,P00651__A47S,0.4449999928474426,0.868281364440918
cv,val,2,P01009__A274V,0.3499999940395355,1.5521321296691895
cv,val,2,P06241__E107F,1.6150000095367432,1.2052576541900635
cv,val,2,P00720__C54Y,4.659999847412109,0.501616895198822
cv,val,2,P00648__E76G,1.7999999523162842,2.215853214263916
cv,val,2,P05230__H117Y,-0.3499999940395355,0.4061410427093506
cv,val,2,P00720__V131A,-0.27000001072883606,-0.6888047456741333
cv,val,2,P00720__L121I,1.2999999523162842,-0.15476560592651367
cv,val,2,P00720__D89A,0.6000000238418579,1.06843101978302
cv,val,2,P00644__L96V,1.5,1.230621099472046
cv,val,2,P01857__K292A,2.4000000953674316,-1.1325056552886963
cv,val,2,P00782__N183D,-0.44999998807907104,1.605510950088501
cv,val,2,P00644__A172V,0.10000000149011612,0.30552589893341064
cv,val,2,P00929__E49A,0.30000001192092896,-2.0190041065216064
cv,val,2,P02751__I1625A,0.5249999761581421,0.9575424194335938
cv,val,2,P00593__F44I,-2.049999952316284,1.4426599740982056
cv,val,2,P01053__I49G,3.3499999046325684,4.108034133911133
cv,val,2,P00644__N226A,0.10000000149011612,-0.25953930616378784
cv,val,2,P00094__P56A,2.0,2.519723415374756
cv,val,2,2IMM_A__T69S,-0.30000001192092896,-1.075988531112671
cv,val,2,P00818__V48A,1.899999976158142,2.4617092609405518
cv,val,2,P00720__R14A,3.0,0.21229887008666992
cv,val,2,P00698__D119Q,0.07999999821186066,0.1273224949836731
cv,val,2,P00644__V105I,0.10000000149011612,0.4197347164154053
cv,val,2,P00644__W222F,0.6000000238418579,0.13411200046539307
cv,val,2,P00509__N282D,-0.6000000238418579,0.09696805477142334
cv,val,2,P00651__G49A,1.2000000476837158,1.4602059125900269
cv,val,2,P03034__A50G,-1.2000000476837158,-1.345871925354004
cv,val,2,P00644__L190A,5.349999904632568,5.007287979125977
cv,val,2,P00918__W123C,0.0,0.8741933107376099
cv,val,2,P04637__N345A,2.3499999046325684,-0.005137443542480469
cv,val,2,P01053__K73N,0.6000000238418579,-1.5445263385772705
cv,val,2,P03034__A38G,-0.6000000238418579,-0.01372992992401123
cv,val,2,P00720__L99A,4.300000190734863,2.854149341583252
cv,val,2,P00509__F2A,7.349999904632568,4.217739105224609
cv,val,2,P04925__R207H,1.2699999809265137,1.890932321548462
cv,val,2,P03051__D30K,-0.8999999761581421,-0.2417939305305481
cv,val,2,P00651__D102S,3.200000047683716,4.18165397644043
cv,val,2,P00720__G30A,-0.10000000149011612,1.751267433166504
cv,val,2,P00644__T126V,-0.10000000149011612,0.28436756134033203
cv,val,2,P02753__W42Y,2.200000047683716,2.704667806625366
cv,val,2,P04637__L350A,1.2999999523162842,1.6942530870437622
cv,val,2,P03958__W117F,-4.699999809265137,0.000975191593170166
cv,val,2,P00644__Y109M,1.899999976158142,3.0939340591430664
cv,val,2,P00720__L99G,6.5,4.294379234313965
cv,val,2,P00918__W16F,-3.0,-3.4660487174987793
cv,val,2,P00644__W222Y,1.100000023841858,0.14478963613510132
cv,val,2,P00651__W85Y,0.9300000071525574,-1.1658294200897217
cv,val,2,P01009__S354R,-1.6100000143051147,-0.8852627277374268
cv,val,2,P01053__A78G,1.8799999952316284,0.41326451301574707
cv,val,2,P04164__M69H,0.699999988079071,2.4064769744873047
cv,val,2,P01625__K65T,2.450000047683716,1.6115832328796387
cv,val,2,P00711__W123Y,2.4200000762939453,2.084017515182495
cv,val,2,P00698__I73V,0.45500001311302185,1.5239465236663818
cv,val,2,P00644__L89I,0.8999999761581421,-0.29497408866882324
cv,val,2,P00929__P28A,2.0,1.256733775138855
cv,val,2,P00648__Y64F,0.44999998807907104,-0.45796215534210205
cv,val,2,P00711__H126W,1.7100000381469727,-0.5834640264511108
cv,val,2,P00720__I58Y,2.8550000190734863,1.988523006439209
cv,val,2,O74035__I102A,3.7200000286102295,4.3317999839782715
cv,val,2,P00644__Y109H,1.600000023841858,3.18981671333313
cv,val,2,P00648__N105D,-0.44999998807907104,1.6117137670516968
cv,val,2,P00644__L119E,2.9000000953674316,6.115593910217285
cv,val,2,P04637__E349A,2.5,0.7353131175041199
cv,val,2,3PG0_A__D49N,-0.20000000298023224,-0.4318881034851074
cv,val,2,P05230__H36Y,-0.7250000238418579,0.6633838415145874
cv,val,2,P00025__K74M,1.0,0.681898832321167
cv,val,2,P02751__W1559F,1.940000057220459,0.19720458984375
cv,val,2,P00644__H128G,0.30000001192092896,0.3802449107170105
cv,val,2,P00720__S44L,-0.39500001072883606,0.915664792060852
cv,val,2,P05825__Q278C,-2.2799999713897705,-1.022629737854004
cv,val,2,P00644__T202G,1.899999976158142,1.9823887348175049
cv,val,2,P00711__K133Q,0.6000000238418579,-0.5434265732765198
cv,val,2,P05825__E272C,-9.789999961853027,0.5882043838500977
cv,val,2,P00644__G178A,1.75,1.377604365348816
cv,val,2,P00644__P199A,-0.75,1.3318791389465332
cv,val,2,P00644__E204Q,1.5,0.5873212814331055
cv,val,2,P05798__E41K,1.100000023841858,2.327075958251953
cv,val,2,P00720__I3F,1.090000033378601,1.736464500427246
cv,val,2,P00644__Y167G,1.0,1.1160098314285278
cv,val,2,P01006__M104I,0.9399999976158142,0.16535872220993042
cv,val,2,P00712__D106N,1.100000023841858,0.6775989532470703
cv,val,2,P00644__Y109P,5.650000095367432,3.2832722663879395
cv,val,2,P02633__Y17F,1.1449999809265137,0.7156122922897339
cv,val,2,P00644__K218F,1.0,-0.14907193183898926
cv,val,2,P00099__Q59R,-0.5,-0.4270956516265869
cv,val,2,P05798__Y52F,3.5999999046325684,0.11707401275634766
cv,val,2,P03050__G52A,-0.20000000298023224,-0.4708985686302185
cv,val,2,P00648__I156V,0.7799999713897705,0.1892315149307251
cv,val,2,P01625__T120H,-0.699999988079071,0.631388783454895
cv,val,2,P00974__K81A,-0.10000000149011612,-0.2651040554046631
cv,val,2,P00720__L118I,1.2000000476837158,1.742030382156372
cv,val,2,P00720__T157G,1.100000023841858,1.0841562747955322
cv,val,2,P01241__S97T,0.20000000298023224,1.0187357664108276
cv,val,2,P00651__A47F,0.5699999928474426,0.7475311756134033
cv,val,2,P00560__W309F,3.630000114440918,1.5444328784942627
cv,val,2,P01053__E35Q,0.4699999988079071,-0.3797493577003479
cv,val,2,P00720__T157N,1.0,0.7304085493087769
cv,val,2,P02185__L10A,0.4000000059604645,0.3076670169830322
cv,val,2,P00651__A47E,-0.17499999701976776,0.6656838655471802
cv,val,2,P00644__T164S,0.699999988079071,0.9505279064178467
cv,val,2,P00644__D177A,3.3499999046325684,2.856430768966675
cv,val,2,P02185__L30A,0.6000000238418579,3.3395028114318848
cv,val,2,P05798__Y81F,1.2000000476837158,0.5553072690963745
cv,val,2,P01051__V54A,1.590000033378601,2.954770088195801
cv,val,2,P00173__D65R,-0.10000000149011612,1.1153147220611572
cv,val,2,P00644__A184F,1.7000000476837158,1.4622435569763184
cv,val,2,P00644__T202C,1.649999976158142,0.4430807828903198
cv,val,2,P00004__P31V,5.0,1.5670790672302246
cv,val,2,P02417__K10M,-0.05000000074505806,-0.3280646800994873
cv,val,2,P02633__F70W,1.6200000047683716,0.4354551434516907
cv,val,2,P00720__L39P,2.799999952316284,2.4101219177246094
cv,val,2,P00648__G100V,7.800000190734863,4.910341262817383
cv,val,2,P01009__A207V,-3.5,-1.0356099605560303
cv,val,2,P00974__Y70N,3.700000047683716,2.5564637184143066
cv,val,2,P00974__Q66A,1.0,0.14789354801177979
cv,val,2,P00644__L107A,2.6500000953674316,2.803128957748413
cv,val,2,P00644__G168V,3.700000047683716,3.089320421218872
cv,val,2,P00644__A214G,3.5999999046325684,3.1485512256622314
cv,train,3,P00648__Y64S,2.299999952316284,2.0443875789642334
cv,train,3,P00698__G67N,1.4800000190734863,1.1429274082183838
cv,train,3,P02945__M69A,-1.399999976158142,-1.618619680404663
cv,train,3,P00720__F104M,0.75,0.89252108335495
cv,train,3,P00644__K130G,-0.20000000298023224,-0.40702974796295166
cv,train,3,P00644__K110A,0.699999988079071,0.2045409083366394
cv,train,3,P00648__T73H,4.300000190734863,4.046396255493164
cv,train,3,P00782__M157F,-0.47999998927116394,-1.1400666236877441
cv,train,3,P00711__V61G,1.125,0.7852947115898132
cv,train,3,P00651__V78S,4.900000095367432,4.404402732849121
cv,train,3,P01053__T56S,0.25999999046325684,-0.0690464973449707
cv,train,3,P00720__S44M,-0.3149999976158142,-0.646756112575531
cv,train,3,P00644__Q188G,1.5,0.7887826561927795
cv,train,3,O74035__D135A,-2.200000047683716,-2.717715263366699
cv,train,3,P00648__T53D,-0.10999999940395355,-0.4183359742164612
cv,train,3,P01009__Y184A,0.20000000298023224,0.030889693647623062
cv,train,3,P00782__Q313C,-1.25,-1.5479332208633423
cv,train,3,P02945__D49A,0.8999999761581421,0.42794764041900635
cv,train,3,P00644__T164I,-0.5,-0.9901228547096252
cv,train,3,P00648__D59A,-0.05000000074505806,-0.5430423617362976
cv,train,3,P00651__N70A,2.0,1.5105174779891968
cv,train,3,P00257__H114Q,1.7000000476837158,1.5054265260696411
cv,train,3,P01009__W262F,-1.0,-1.5080177783966064
cv,train,3,P00282__L53A,1.6699999570846558,1.2087996006011963
cv,train,3,P00644__K127G,-0.20000000298023224,-0.4163818657398224
cv,train,3,P00171__F40H,3.109999895095825,2.901252269744873
cv,train,3,P00720__L99V,2.049999952316284,1.513437271118164
cv,train,3,P00644__V156E,7.699999809265137,7.104872703552246
cv,train,3,P00644__D122G,0.4000000059604645,0.04438847675919533
cv,train,3,P00644__K131A,0.30000001192092896,-0.08358214795589447
cv,train,3,P00929__E49F,-2.9000000953674316,-3.059913158416748
cv,train,3,P00974__D38A,-0.20000000298023224,-0.5717543959617615
cv,train,3,P00644__M147L,0.699999988079071,0.11357253789901733
cv,train,3,P00644__S141A,-0.30000001192092896,-0.8376899361610413
cv,train,3,O74035__D105A,-1.5800000429153442,-2.0412912368774414
cv,train,3,P00648__T63A,0.3499999940395355,-0.3584957718849182
cv,train,3,P03050__E27G,0.574999988079071,0.3431997001171112
cv,train,3,P00644__V156T,3.799999952316284,2.9863123893737793
cv,train,3,P04637__L145Q,2.9800000190734863,2.803337574005127
cv,train,3,P00644__E155F,0.8999999761581421,0.9423535466194153
cv,train,3,P00974__R88A,0.10000000149011612,-0.14784052968025208
cv,train,3,P00644__V121I,-0.10000000149011612,-0.9192920327186584
cv,train,3,P00644__V105L,0.05000000074505806,-0.5219517350196838
cv,train,3,P03050__L19Q,1.350000023841858,1.2193412780761719
cv,train,3,P00720__S117F,-1.100000023841858,-1.8812341690063477
cv,train,3,P00720__N144D,-0.4000000059604645,-0.7045279145240784
cv,train,3,P00644__F158V,0.0,-0.5373976826667786
cv,train,3,P01236__H223A,0.0,-0.28279364109039307
cv,train,3,P00720__F153C,2.8550000190734863,2.985442876815796
cv,train,3,P00720__M106K,3.450000047683716,3.5334699153900146
cv,train,3,P00974__T89A,0.10000000149011612,-0.4064297080039978
cv,train,3,P00644__E183G,2.5999999046325684,2.0870163440704346
cv,train,3,P04637__R175H,3.255000114440918,3.018972158432007
cv,train,3,P02185__K57A,0.22499999403953552,-0.13694757223129272
cv,train,3,P00720__L33M,2.299999952316284,1.9449708461761475
cv,train,3,P00807__D170N,0.41499999165534973,-0.03147297725081444
cv,train,3,P00644__I100V,1.0,0.5643261075019836
cv,train,3,P00720__V87I,0.44999998807907104,-0.3291082978248596
cv,train,3,P01625__N54F,2.75,2.2566866874694824
cv,train,3,P01009__A55I,-0.8999999761581421,-1.5892014503479004
cv,train,3,P03050__P8A,-2.9000000953674316,-3.181025981903076
cv,train,3,P02417__L30V,3.619999885559082,3.3568577766418457
cv,train,3,P00750__V280T,1.0,0.6775626540184021
cv,train,3,P00644__I174V,0.5,-0.050501998513936996
cv,train,3,P00282__A102G,2.0350000858306885,1.3514615297317505
cv,train,3,P02185__V69T,0.4000000059604645,-0.2071172595024109
cv,train,3,P00644__E125G,-0.5,-0.801733672618866
cv,train,3,P00720__R96H,3.049999952316284,2.6141297817230225
cv,train,3,P02185__E19A,0.6000000238418579,0.3278804421424866
cv,train,3,P00644__N182E,1.7999999523162842,1.6748099327087402
cv,train,3,P05798__D79R,-2.700000047683716,-3.056220531463623
cv,train,3,P05798__Y55F,0.6000000238418579,0.26880377531051636
cv,train,3,P00644__K127A,-0.25,-0.46502527594566345
cv,train,3,P00644__V193T,2.299999952316284,1.7051117420196533
cv,train,3,P00974__A51T,1.7000000476837158,1.4012916088104248
cv,train,3,P05413__T40Q,2.700000047683716,2.3254165649414062
cv,train,3,1YYX_A__A36G,2.700000047683716,2.0039045810699463
cv,train,3,P00644__E139Q,0.15000000596046448,-0.14186757802963257
cv,train,3,P00282__H137G,9.899999618530273,9.351449966430664
cv,train,3,P00712__T48V,-1.899999976158142,-2.382266044616699
cv,train,3,P01009__Y184W,-1.2000000476837158,-1.7224032878875732
cv,train,3,P00720__N55G,0.550000011920929,0.2315269112586975
cv,train,3,P01857__Q230A,1.100000023841858,0.738884687423706
cv,train,3,P05798__Y80F,1.5,1.2120743989944458
cv,train,3,P00720__S44R,-0.2199999988079071,-0.5576964020729065
cv,train,3,1YYX_A__L76A,3.4000000953674316,2.736109972000122
cv,train,3,3PG0_A__E90Y,0.6000000238418579,0.2508029341697693
cv,train,3,P00644__I221V,1.399999976158142,0.8046256899833679
cv,train,3,P01053__L52I,0.6000000238418579,0.18814724683761597
cv,train,3,P00644__M114G,2.4000000953674316,1.8012585639953613
cv,train,3,P00268__I33L,-0.7599999904632568,-1.3313472270965576
cv,train,3,P00509__R254K,6.300000190734863,6.060385227203369
cv,train,3,P01625__P66L,1.7000000476837158,1.2049849033355713
cv,train,3,P02925__V75E,3.5,3.312551975250244
cv,train,3,P00648__T146V,2.700000047683716,2.1567206382751465
cv,train,3,P00720__C54T,-0.8500000238418579,-0.9344192743301392
cv,train,3,P04637__E339A,1.25,0.9927933812141418
cv,train,3,P03023__K84L,0.20000000298023224,-0.23932038247585297
cv,train,3,P00720__T157L,1.7000000476837158,1.2002534866333008
cv,train,3,P00644__T202S,0.6000000238418579,0.059697095304727554
cv,train,3,P03958__W272F,-4.699999809265137,-5.064637660980225
cv,train,3,P00720__A98M,4.0,3.4881412982940674
cv,train,3,P00974__C65A,6.099999904632568,5.536574363708496
cv,train,3,P04637__V157F,3.880000114440918,3.1489546298980713
cv,train,3,P00644__I221G,4.199999809265137,3.8227996826171875
cv,train,3,P00940__K193A,-1.0,-1.1761667728424072
cv,train,3,P01006__V44G,9.800000190734863,9.063287734985352
cv,train,3,P02185__K78A,0.03500000014901161,-0.2940836548805237
cv,train,3,P00648__Q78G,0.9900000095367432,0.5466142892837524
cv,train,3,P00698__D119N,-0.03999999910593033,-0.5306883454322815
cv,train,3,P00698__E53Q,-0.15000000596046448,-0.3502820134162903
cv,train,3,P00644__Y109R,2.9000000953674316,2.7819530963897705
cv,train,3,P03051__D30P,1.600000023841858,1.1302199363708496
cv,train,3,P02185__H83Q,0.02500000037252903,-0.3625583052635193
cv,train,3,P05825__S268C,-7.769999980926514,-8.093612670898438
cv,train,3,P00648__S85A,-0.25,-0.7983895540237427
cv,train,3,P00698__G120P,0.10000000149011612,-0.5064704418182373
cv,train,3,P00644__K130Q,0.05000000074505806,-0.035079773515462875
cv,train,3,P00818__T43A,1.7999999523162842,1.2491428852081299
cv,train,3,P00044__N58I,-3.0,-3.4117655754089355
cv,train,3,P00720__I29A,2.5999999046325684,2.190307855606079
cv,train,3,P01009__A94G,-1.5,-1.8535757064819336
cv,train,3,P00720__N53A,0.800000011920929,0.4091763496398926
cv,train,3,P00644__K98G,0.699999988079071,0.3852328062057495
cv,train,3,P00720__M120K,1.7999999523162842,1.6005305051803589
cv,train,3,P00644__L207I,1.0,0.5315436720848083
cv,train,3,P00648__T73E,0.05000000074505806,-0.40818482637405396
cv,train,3,P00171__F40Y,-0.7900000214576721,-1.1665542125701904
cv,train,3,P00644__K166E,0.0,-0.26493459939956665
cv,train,3,P01053__V39A,0.46000000834465027,0.14331966638565063
cv,train,3,P00720__T157R,0.15000000596046448,-0.1748552918434143
cv,train,3,P00720__K83H,0.4000000059604645,0.045897308737039566
cv,train,3,P00720__E11H,-0.4000000059604645,-0.8637157082557678
cv,train,3,P02185__L116A,1.2000000476837158,0.97225421667099
cv,train,3,P00044__N58G,-0.8999999761581421,-1.4979300498962402
cv,train,3,P00720__T59D,1.149999976158142,0.8083643317222595
cv,train,3,P00818__W39F,0.0,-0.6469759345054626
cv,train,3,P06241__F87L,2.0,1.5153465270996094
cv,train,3,P00750__V280A,2.0,1.5957077741622925
cv,train,3,P00648__W141F,0.800000011920929,0.377108633518219
cv,train,3,P01009__F75C,-2.805000066757202,-3.1320583820343018
cv,train,3,P01053__T23V,0.3199999928474426,-0.16674333810806274
cv,train,3,P00974__G72A,2.700000047683716,2.259172201156616
cv,train,3,P06241__E107P,1.7050000429153442,1.5178074836730957
cv,train,3,P01053__I77A,4.25,3.7604031562805176
cv,train,3,P00644__K87A,-0.30000001192092896,-0.6747414469718933
cv,train,3,P00711__Y122A,2.494999885559082,2.1103386878967285
cv,train,3,P05230__L59F,0.04500000178813934,-0.5658244490623474
cv,train,3,P00651__Y94F,1.3550000190734863,0.807440459728241
cv,train,3,P02185__A131K,1.75,1.14512038230896
cv,train,3,P00644__D159G,2.200000047683716,1.691504716873169
cv,train,3,P00818__A31G,1.600000023841858,1.1546677350997925
cv,train,3,P03050__E48A,-0.12999999523162842,-0.25293588638305664
cv,train,3,P00644__E211G,3.700000047683716,3.4963455200195312
cv,train,3,P00712__W79A,2.0,1.5379877090454102
cv,train,3,P00720__V131G,0.6800000071525574,0.24717122316360474
cv,train,3,P01006__V44I,0.8399999737739563,0.4091324210166931
cv,train,3,P00644__H90G,0.800000011920929,0.34691089391708374
cv,train,3,P00698__G135A,1.1299999952316284,0.48547714948654175
cv,train,3,P04637__F270L,4.099999904632568,3.6077771186828613
cv,train,3,P00044__F16Y,0.699999988079071,0.07486695051193237
cv,train,3,P00644__L118V,3.5,2.9600107669830322
cv,train,3,P05413__R107T,3.1700000762939453,2.9138119220733643
cv,train,3,P00720__Q105M,1.2000000476837158,0.8889320492744446
cv,train,3,P02185__L12A,0.5,0.08528059720993042
cv,train,3,P02751__L1530P,0.0,-0.2866395115852356
cv,train,3,P02945__Y70A,3.700000047683716,3.292712688446045
cv,train,3,P01009__V388L,0.30000001192092896,-0.27090758085250854
cv,train,3,P00644__I100A,2.5,2.1402201652526855
cv,train,3,P00094__K33D,1.2000000476837158,0.5967801213264465
cv,train,3,P01009__A274I,0.3499999940395355,-0.429892361164093
cv,train,3,P00720__V149T,2.950000047683716,2.249964475631714
cv,train,3,P00651__V104S,4.715000152587891,4.214123249053955
cv,train,3,P00698__D119K,-0.1899999976158142,-0.45755845308303833
cv,train,3,P04637__R273C,-0.4000000059604645,-0.5339465737342834
cv,train,3,P00644__L89G,1.5,1.1856275796890259
cv,train,3,P00929__E49Q,2.450000047683716,2.472355604171753
cv,train,3,P00720__A82P,-0.44999998807907104,-1.1322150230407715
cv,train,3,P00648__T73Q,1.7200000286102295,1.4462791681289673
cv,train,3,P00648__Q62I,-1.2000000476837158,-1.5982844829559326
cv,train,3,P03050__K6A,-0.4000000059604645,-0.6229333281517029
cv,train,3,P01051__V14A,1.0199999809265137,0.7230677008628845
cv,train,3,P04637__D148E,0.4300000071525574,0.091275155544281
cv,train,3,P00698__K31D,7.34499979019165,7.013195514678955
cv,train,3,P02751__P1619A,0.41999998688697815,-0.07519525289535522
cv,train,3,P00720__T115E,0.10000000149011612,-0.22864454984664917
cv,train,3,P02185__I31A,-0.45500001311302185,-0.8366442322731018
cv,train,3,O74035__L147A,2.4049999713897705,1.8785994052886963
cv,train,3,P03040__Y26W,0.10000000149011612,-0.17960160970687866
cv,train,3,P00720__I78M,1.5499999523162842,1.2540557384490967
cv,train,3,P03034__G49N,-0.7900000214576721,-1.0590524673461914
cv,train,3,P00094__G55S,2.200000047683716,1.8540408611297607
cv,train,3,P00044__H39Y,0.44999998807907104,-0.026954617351293564
cv,train,3,P01053__D43A,1.0,0.2304059863090515
cv,train,3,P00644__Q231G,0.4000000059604645,0.12354619801044464
cv,train,3,P01584__L126A,4.300000190734863,3.8134970664978027
cv,train,3,P00644__A172S,2.0999999046325684,1.571176290512085
cv,train,3,P01625__S103T,-0.10000000149011612,-0.7503570914268494
cv,train,3,P00171__F40L,1.8700000047683716,1.4237875938415527
cv,train,3,P01053__T56A,-0.41499999165534973,-0.8454781770706177
cv,train,3,P00648__K155R,-0.800000011920929,-1.0511096715927124
cv,train,3,P00818__L90A,1.7000000476837158,1.2107915878295898
cv,train,3,P00712__Y122F,2.0999999046325684,1.5952199697494507
cv,train,3,P05798__Q94K,-0.5,-0.5820685029029846
cv,train,3,P02633__F70A,4.585000038146973,4.444131851196289
cv,train,3,P00648__T63G,1.5,0.9282172322273254
cv,train,3,P02185__G130A,-1.0,-1.4321353435516357
cv,train,3,P02751__I1607V,0.6100000143051147,-0.11541014909744263
cv,train,3,P00644__Y197F,0.10000000149011612,-0.3041519522666931
cv,train,3,P00644__E92G,1.7999999523162842,1.4164583683013916
cv,train,3,P00720__I3L,-0.8500000238418579,-1.273628830909729
cv,train,3,P04637__V143A,3.5999999046325684,3.0047078132629395
cv,train,3,P00644__A184V,1.7999999523162842,1.2615115642547607
cv,train,3,P00720__A129M,1.899999976158142,1.472081184387207
cv,train,3,P00648__K74G,0.4000000059604645,0.03790349140763283
cv,train,3,P00720__R96F,4.199999809265137,3.866481065750122
cv,train,3,P00720__R119E,0.10000000149011612,-0.30176520347595215
cv,train,3,P01009__V197I,-0.44999998807907104,-1.1314377784729004
cv,train,3,P00644__M147F,1.600000023841858,1.0995588302612305
cv,train,3,P01053__L52A,2.369999885559082,1.9870586395263672
cv,train,3,P02751__I1571V,0.30000001192092896,-0.30595868825912476
cv,train,3,P00648__I143V,0.949999988079071,0.5388945937156677
cv,train,3,P00648__T73G,1.5,1.0773091316223145
cv,train,3,P00282__W68A,3.375,2.5689640045166016
cv,train,3,P01584__T125A,1.399999976158142,0.9823676943778992
cv,train,3,P02185__A16L,-0.15000000596046448,-0.7649421095848083
cv,train,3,P00094__Y96F,-0.7099999785423279,-0.9275751709938049
cv,train,3,P00720__S38N,0.0,-0.42053741216659546
cv,train,3,P03050__Q9A,0.10000000149011612,0.3454743027687073
cv,train,3,P00720__I27M,5.099999904632568,4.736252784729004
cv,train,3,P03050__L12A,2.009999990463257,1.661536455154419
cv,train,3,P00720__V149G,4.900000095367432,4.341787815093994
cv,train,3,P00644__T202I,1.5,0.983583390712738
cv,train,3,P00644__V156L,1.100000023841858,0.526863157749176
cv,train,3,P04637__F338A,4.599999904632568,4.241826057434082
cv,train,3,P00720__T59G,1.649999976158142,1.1616530418395996
cv,train,3,P00099__W78F,1.899999976158142,1.1810468435287476
cv,train,3,P00698__N64D,0.33000001311302185,0.07722252607345581
cv,train,3,P00644__D101K,0.3499999940395355,-0.11575347185134888
cv,train,3,P01053__P45A,1.6799999475479126,1.2517513036727905
cv,train,3,P03050__N34G,-0.41999998688697815,-0.7555793523788452
cv,train,3,P00720__A146V,4.005000114440918,3.3994522094726562
cv,train,3,P01053__P81A,3.369999885559082,2.8064358234405518
cv,train,3,P00644__P124A,-0.10000000149011612,-0.5883815884590149
cv,train,3,P00720__E11F,-1.7000000476837158,-2.0082011222839355
cv,train,3,P00044__C108S,-2.799999952316284,-3.287169933319092
cv,train,3,P01006__M104G,0.20999999344348907,-0.07777822017669678
cv,train,3,P00648__E120A,2.3499999046325684,2.2150626182556152
cv,train,3,P00818__F95L,4.300000190734863,3.8987181186676025
cv,train,3,P00720__L133A,4.190000057220459,3.620553731918335
cv,train,3,P00711__Q136A,0.9800000190734863,0.5808774828910828
cv,train,3,P06241__I111A,2.799999952316284,2.187488079071045
cv,train,3,P01053__K22A,0.699999988079071,0.327095627784729
cv,train,3,P05413__T41V,1.840000033378601,1.144063115119934
cv,train,3,P03050__W14A,4.0,3.7154626846313477
cv,train,3,P00720__R119M,0.0,-0.2713710069656372
cv,train,3,P00044__N58Q,0.6700000166893005,0.3672482371330261
cv,train,3,P00720__T59V,1.649999976158142,1.2566207647323608
cv,train,3,P00644__M180G,4.400000095367432,4.1893744468688965
cv,train,3,P00509__T6A,1.2999999523162842,0.8345106244087219
cv,train,3,P00698__H33L,-0.7599999904632568,-1.4179139137268066
cv,train,3,P02640__H791Y,-1.149999976158142,-1.5381776094436646
cv,train,3,P00651__A47D,-0.26499998569488525,-0.5545671582221985
cv,train,3,P04168__Y12F,2.299999952316284,1.7424944639205933
cv,train,3,P02185__H94G,-0.019999999552965164,-0.3241773843765259
cv,train,3,P00648__Q78S,0.20000000298023224,-0.14637774229049683
cv,train,3,P00974__Y56A,3.9000000953674316,3.6997108459472656
cv,train,3,P00644__K179Q,0.30000001192092896,0.10787826776504517
cv,train,3,P01625__Q64N,1.350000023841858,0.9611577391624451
cv,train,3,P00044__L100A,3.799999952316284,3.2845218181610107
cv,train,3,P00644__E155K,2.0999999046325684,2.146317720413208
cv,train,3,P00644__T144A,2.299999952316284,1.5735607147216797
cv,train,3,P00974__R36A,0.5,0.22214668989181519
cv,train,3,P00720__V131S,0.05000000074505806,-0.23338216543197632
cv,train,3,P01009__K355T,-0.36500000953674316,-0.8891482353210449
cv,train,3,P00171__V50H,1.4450000524520874,1.162528157234192
cv,train,3,P00644__K209A,-0.20000000298023224,-0.7237878441810608
cv,train,3,P00644__M180A,4.400000095367432,3.9669344425201416
cv,train,3,P00720__W138Y,2.4000000953674316,1.4706894159317017
cv,train,3,P01236__H208A,0.6000000238418579,0.5518454909324646
cv,train,3,P02754__W35Y,5.204999923706055,4.350284576416016
cv,train,3,P00720__V149A,3.0,2.38454532623291
cv,train,3,P03050__K24G,1.8250000476837158,1.4316620826721191
cv,train,3,P00720__I3C,-0.25,-0.6977797150611877
cv,train,3,P00974__Y56L,3.4000000953674316,3.264354944229126
cv,train,3,P00648__A79P,3.799999952316284,3.2880477905273438
cv,train,3,P02945__T68A,0.10000000149011612,-0.5491769909858704
cv,train,3,P01053__E27A,0.800000011920929,0.4803113639354706
cv,train,3,P00974__P48S,1.399999976158142,0.9750589728355408
cv,train,3,P00644__A151V,2.299999952316284,1.7428417205810547
cv,train,3,P00720__V87T,1.399999976158142,0.67501300573349
cv,train,3,P00644__Q205A,0.30000001192092896,-0.18445485830307007
cv,train,3,P02417__K14M,-0.009999999776482582,-0.20094579458236694
cv,train,3,P00644__V121E,4.949999809265137,4.5629191398620605
cv,train,3,P01009__V169L,0.6499999761581421,-0.11198526620864868
cv,train,3,P00720__T59S,0.25,-0.1487444043159485
cv,train,3,P02693__A105C,-1.7999999523162842,-2.334343910217285
cv,train,3,P00044__F16I,0.8999999761581421,0.45781344175338745
cv,train,3,P00648__G112S,-0.75,-1.2251341342926025
cv,train,3,P00282__V51A,1.6699999570846558,1.1906933784484863
cv,train,3,P00593__F128A,1.0499999523162842,0.7907409071922302
cv,train,3,P00818__W65A,1.5,0.8230053782463074
cv,train,3,P00004__P31A,5.599999904632568,4.825411319732666
cv,train,3,P03040__Y26L,-0.8500000238418579,-0.9510288834571838
cv,train,3,P01625__L35P,1.5,1.318932056427002
cv,train,3,P00644__E139F,0.800000011920929,0.5413218140602112
cv,train,3,P00282__F130S,4.75,4.4829511642456055
cv,train,3,P00712__W137F,-0.23000000417232513,-0.7628450989723206
cv,train,3,P00644__G168A,0.5,0.044806186109781265
cv,train,3,P00929__E49V,-3.200000047683716,-3.123701572418213
cv,train,3,P00720__S44Q,-0.2849999964237213,-0.7118087410926819
cv,train,3,P00644__E149A,1.0,0.5936482548713684
cv,train,3,P05798__T16V,-0.30000001192092896,-0.7328216433525085
cv,train,3,P00644__E211A,2.200000047683716,2.015254259109497
cv,train,3,P00644__Y109E,4.650000095367432,4.451395511627197
cv,train,3,P02417__V3A,2.549999952316284,2.208056926727295
cv,train,3,P00044__H32Y,2.0,1.182227373123169
cv,train,3,P03040__Y26Q,-1.0499999523162842,-1.1596801280975342
cv,train,3,P00648__I156A,1.75,1.4632656574249268
cv,train,3,P00818__V40A,1.600000023841858,1.1839814186096191
cv,train,3,P00644__W222H,0.4000000059604645,0.17268556356430054
cv,train,3,P00648__I135A,4.050000190734863,3.701516628265381
cv,train,3,P00720__V149C,2.0999999046325684,1.601402759552002
cv,train,3,P01053__V80A,1.5049999952316284,1.0376793146133423
cv,train,3,P00648__D122N,4.900000095367432,4.871335983276367
cv,train,3,P00644__Q213A,0.15000000596046448,-0.24057430028915405
cv,train,3,P00509__N285R,5.199999809265137,5.342119216918945
cv,train,3,P00720__I27A,3.0999999046325684,2.6995701789855957
cv,train,3,P01053__Q48M,-0.30000001192092896,-0.716818630695343
cv,train,3,P00974__F68I,2.4000000953674316,1.9334850311279297
cv,train,3,P00644__V121L,0.8999999761581421,0.6651661992073059
cv,train,3,P00720__T157V,1.600000023841858,1.275277853012085
cv,train,3,P00720__V131I,-0.1599999964237213,-0.899996817111969
cv,train,3,P00644__A94G,2.4000000953674316,1.7857900857925415
cv,train,3,P04637__E336A,-1.7000000476837158,-1.8418002128601074
cv,train,3,P02693__L90C,1.100000023841858,0.816206157207489
cv,train,3,P01009__A55V,-0.6000000238418579,-0.9983848929405212
cv,train,3,P04925__T182A,4.309999942779541,3.608370780944824
cv,train,3,P00099__V100I,-1.024999976158142,-1.7859928607940674
cv,train,3,P01009__M398I,-2.1500000953674316,-2.320192575454712
cv,train,3,P00644__T104G,2.4000000953674316,1.8161524534225464
cv,train,3,P05798__T56V,1.899999976158142,1.370173454284668
cv,train,3,P01009__A31L,-0.800000011920929,-0.9942997097969055
cv,train,3,P03040__Y26C,-2.200000047683716,-2.295992374420166
cv,train,3,P00720__D20A,0.4000000059604645,-0.08379095792770386
cv,train,3,P00648__R116K,3.1649999618530273,3.0943403244018555
cv,train,3,P01009__V345L,1.100000023841858,0.42507404088974
cv,train,3,P01308__Y50T,0.30000001192092896,0.26057618856430054
cv,train,3,P02185__W8F,0.4000000059604645,-0.16823524236679077
cv,train,3,P00644__E224G,0.30000001192092896,0.033720288425683975
cv,train,3,P03034__A82G,-0.800000011920929,-1.2691819667816162
cv,train,3,P00651__N70S,1.850000023841858,1.4497439861297607
cv,train,3,2IMM_A__K24R,0.20000000298023224,0.13676470518112183
cv,train,3,P00720__K48A,0.5299999713897705,0.25527769327163696
cv,train,3,P00651__D75A,-0.30000001192092896,-0.7358784079551697
cv,train,3,P05798__V57T,4.400000095367432,4.001165866851807
cv,train,3,P03069__E268Q,-0.20000000298023224,-0.3565911650657654
cv,train,3,P00720__T109D,0.30000001192092896,-0.21317464113235474
cv,train,3,P01009__K355I,0.4000000059604645,-0.05965453013777733
cv,train,3,P00644__T115C,1.100000023841858,0.8660611510276794
cv,train,3,P02185__L70A,1.2000000476837158,0.778817355632782
cv,train,3,P00648__V92T,2.319999933242798,1.536306619644165
cv,train,3,P00720__A98T,3.565000057220459,2.8611514568328857
cv,train,3,P00644__K215A,1.2999999523162842,0.9285789728164673
cv,train,3,P00257__T112S,-0.10000000149011612,-0.36152321100234985
cv,train,3,P00644__L118G,5.300000190734863,4.972506523132324
cv,train,3,P00257__Y140L,0.4000000059604645,-0.0021374793723225594
cv,train,3,P00644__T115I,-0.6000000238418579,-1.0233001708984375
cv,train,3,P00644__T202A,1.100000023841858,0.4904176592826843
cv,train,3,P00720__I3M,0.699999988079071,0.45869022607803345
cv,train,3,P00644__T95C,1.2999999523162842,0.8595920205116272
cv,train,3,P00720__R96E,2.200000047683716,1.939950942993164
cv,train,3,P05413__R127K,3.9800000190734863,3.936450719833374
cv,train,3,P00644__T144I,1.399999976158142,1.051149845123291
cv,train,3,P01009__W218F,0.5,-0.03040533885359764
cv,train,3,P00644__Y136F,0.44999998807907104,0.05269772186875343
cv,train,3,P02185__E5A,0.625,0.42629945278167725
cv,train,3,P00644__V121A,2.200000047683716,1.647568702697754
cv,train,3,P00648__I143A,3.200000047683716,2.577418565750122
cv,train,3,P00651__A47Y,0.38999998569488525,-0.026054080575704575
cv,train,3,P02417__V3L,2.2100000381469727,1.6908016204833984
cv,train,3,P00698__W126Y,1.3600000143051147,0.7694705128669739
cv,train,3,P01857__T249A,2.299999952316284,1.595839023590088
cv,train,3,P00720__I17M,2.75,2.441559314727783
cv,train,3,P00644__Y175A,6.0,5.596282482147217
cv,train,3,P00644__Y109S,3.0,2.838773727416992
cv,train,3,P02753__R139Q,2.5999999046325684,2.2316269874572754
cv,train,3,P04637__R248Q,1.940000057220459,1.6190168857574463
cv,train,3,P00644__P129G,0.10000000149011612,-0.34784001111984253
cv,train,3,P00712__K112A,1.7000000476837158,1.3731029033660889
cv,train,3,P02751__I1596A,3.299999952316284,2.6950113773345947
cv,train,3,P00282__C132S,-1.5700000524520874,-2.1594254970550537
cv,train,3,P01857__L234A,1.2999999523162842,1.0390961170196533
cv,train,3,P00644__E139A,0.15000000596046448,-0.13990992307662964
cv,train,3,P00644__K145E,1.5,1.180682897567749
cv,train,3,P00651__N107A,2.890000104904175,2.3827741146087646
cv,train,3,P06241__F87V,0.5,0.1568794846534729
cv,train,3,P00648__F54L,4.199999809265137,3.450604200363159
cv,train,3,P00644__N200E,1.899999976158142,1.3337337970733643
cv,train,3,P03050__K47G,0.8799999952316284,0.5548909306526184
cv,train,3,P00644__T126G,0.5,0.22717636823654175
cv,train,3,P00644__T123S,1.0,0.4064776301383972
cv,train,3,P06241__A122G,1.399999976158142,0.9265527129173279
cv,train,3,P00648__I123A,1.7000000476837158,1.0363261699676514
cv,train,3,P01857__L251A,2.200000047683716,1.6090548038482666
cv,train,3,P00720__Q105E,0.8999999761581421,0.5457738041877747
cv,train,3,P03050__K24T,0.8999999761581421,0.64182049036026
cv,train,3,P00644__T123G,1.7999999523162842,1.319056510925293
cv,train,3,P00974__C65G,8.699999809265137,8.228915214538574
cv,train,3,P00648__N70A,2.200000047683716,1.4351807832717896
cv,train,3,P01584__K213G,1.600000023841858,1.0982283353805542
cv,train,3,P01053__K37G,2.0,1.6311534643173218
cv,train,3,P00509__K63M,5.0,4.609691619873047
cv,train,3,P03050__K2A,-0.10000000149011612,-0.3831297755241394
cv,train,3,P03034__A63G,-1.5,-1.702839732170105
cv,train,3,P00720__A134S,0.15000000596046448,-0.34467393159866333
cv,train,3,P03034__Y89C,-2.4000000953674316,-2.5421013832092285
cv,train,3,P00651__D75W,0.8999999761581421,0.34566134214401245
cv,train,3,P01053__I40L,1.9600000381469727,1.3953304290771484
cv,train,3,P00644__K131F,-0.10000000149011612,-0.42142173647880554
cv,train,3,P01584__K213R,1.7999999523162842,1.552912950515747
cv,train,3,P03050__S32A,3.7799999713897705,3.2174363136291504
cv,train,3,P03050__R23A,1.100000023841858,0.660173237323761
cv,train,3,P02693__L65A,2.0999999046325684,1.7798140048980713
cv,train,3,P01857__Y232A,0.699999988079071,0.42627495527267456
cv,train,3,P00644__G168F,2.0,1.6545159816741943
cv,train,3,P05825__L266C,-6.880000114440918,-7.123164176940918
cv,train,3,P00648__S104A,-0.15000000596046448,-0.3562696576118469
cv,train,3,P04637__Q167E,0.4300000071525574,-0.0050076814368367195
cv,train,3,P00644__D165A,3.799999952316284,3.3766586780548096
cv,train,3,P00644__E217K,1.100000023841858,0.7350799441337585
cv,train,3,P03034__A16G,0.6000000238418579,-0.16241317987442017
cv,train,3,P00918__H107F,8.600000381469727,8.17765998840332
cv,train,3,P03958__W161F,-7.300000190734863,-7.987002372741699
cv,train,3,P04179__I82T,2.8499999046325684,2.402561664581299
cv,train,3,P00698__I76M,1.090000033378601,0.9292841553688049
cv,train,3,P00651__D102A,3.75,3.1433072090148926
cv,train,3,P00644__K135G,0.20000000298023224,-0.1817588210105896
cv,train,3,P02945__F67A,1.0,0.535710871219635
cv,train,3,P05413__F17S,4.0,4.040769100189209
cv,train,3,P01053__F70A,3.6500000953674316,3.403498888015747
cv,train,3,P00644__H203G,4.099999904632568,3.444939136505127
cv,train,3,P00929__G234K,-0.10000000149011612,-0.2938686013221741
cv,train,3,P00974__P43A,0.30000001192092896,-0.01927691325545311
cv,train,3,P00712__W123F,2.134999990463257,1.548985242843628
cv,train,3,P00720__N144E,-0.5,-0.8004435896873474
cv,train,3,P00644__P93A,0.3499999940395355,-0.06680494546890259
cv,train,3,P00712__L124A,0.30000001192092896,-0.10030627250671387
cv,train,3,P02945__L61A,0.10000000149011612,-0.35100501775741577
cv,train,3,P02945__M73A,0.800000011920929,0.34434300661087036
cv,train,3,P00818__F23L,1.2999999523162842,1.0768427848815918
cv,train,3,P02417__D23A,-0.10000000149011612,-0.5083773732185364
cv,train,3,P00974__Y70F,0.6000000238418579,-0.034768518060445786
cv,train,3,P00720__T152S,2.200000047683716,1.8676254749298096
cv,train,3,P00720__P37A,0.0,-0.6384961009025574
cv,train,3,P00644__F116A,3.700000047683716,3.2326953411102295
cv,train,3,P02185__F107A,0.44999998807907104,-0.1636369824409485
cv,train,3,P00648__I102A,1.2000000476837158,0.825062096118927
cv,train,3,P00644__E149F,1.2999999523162842,0.9650929570198059
cv,train,3,P02417__L6I,0.12999999523162842,-0.33380430936813354
cv,train,3,P04637__M340I,-0.550000011920929,-0.6492231488227844
cv,train,3,P00644__Y173F,2.3499999046325684,1.9958267211914062
cv,train,3,P00952__L105V,2.9600000381469727,2.366659641265869
cv,train,3,P03034__K5Q,-0.4300000071525574,-0.6202884316444397
cv,train,3,P01053__R82A,0.6000000238418579,0.4355041980743408
cv,train,3,P00644__I174L,0.6000000238418579,0.0015595583245158195
cv,train,3,P00509__C389A,-2.1500000953674316,-2.4423933029174805
cv,train,3,P00750__V280I,-0.30000001192092896,-0.9133833050727844
cv,train,3,3PG0_A__E90L,0.8999999761581421,0.512211799621582
cv,train,3,P00044__N58F,0.05999999865889549,-0.911605179309845
cv,train,3,P03051__D30C,-0.800000011920929,-1.2157524824142456
cv,train,3,P00974__R77A,0.5,0.21279436349868774
cv,train,3,P01053__K37A,0.5,0.04116237536072731
cv,train,3,P00282__V80G,3.109999895095825,2.7302732467651367
cv,train,3,P00644__K146Q,0.0,-0.40169358253479004
cv,train,3,P02185__L136A,1.25,1.0471346378326416
cv,train,3,P01053__V83T,1.149999976158142,0.7646614909172058
cv,train,3,P00720__I3A,0.800000011920929,0.5334059596061707
cv,train,3,P05798__D79I,-2.8499999046325684,-3.2885491847991943
cv,train,3,P00651__P65A,4.900000095367432,4.1393022537231445
cv,train,3,P00648__S138A,1.899999976158142,1.475128173828125
cv,train,3,P05121__E350P,-0.30000001192092896,-0.5297805666923523
cv,train,3,P00651__D75F,0.15000000596046448,-0.4002370238304138
cv,train,3,P00644__T95I,0.10000000149011612,-0.4714919924736023
cv,train,3,P00698__F21Y,0.44999998807907104,-0.06346410512924194
cv,train,3,O74035__E8Q,-0.6000000238418579,-0.9553090929985046
cv,train,3,P00644__D103K,-1.0,-1.4487478733062744
cv,train,3,P06241__E107S,1.6200000047683716,1.3338364362716675
cv,train,3,P02625__A22P,0.48500001430511475,-0.04038303717970848
cv,train,3,P04637__T329A,2.299999952316284,1.60835599899292
cv,train,3,P00644__K198F,0.15000000596046448,-0.20705455541610718
cv,train,3,P02945__S48A,0.30000001192092896,-0.09055107831954956
cv,train,3,P00698__D119R,-0.27000001072883606,-0.6248494982719421
cv,train,3,P00720__V111A,1.100000023841858,0.5840620398521423
cv,train,3,P00644__G111A,1.25,0.7906456589698792
cv,train,3,P00644__T86G,0.20000000298023224,-0.0871494710445404
cv,train,3,P00644__R187G,2.4000000953674316,1.746914267539978
cv,train,3,P02633__L27G,4.139999866485596,3.8296995162963867
cv,train,3,P00644__Q213F,0.6000000238418579,0.22216477990150452
cv,train,3,P00171__S76L,-0.800000011920929,-1.1511492729187012
cv,train,3,P00644__I154E,6.650000095367432,6.002264022827148
cv,train,3,P00974__C65S,8.0,7.544667720794678
cv,train,3,P00782__N325S,-1.0700000524520874,-1.4044543504714966
cv,train,3,P00644__F158A,4.050000190734863,3.449601650238037
cv,train,3,P04637__R249S,1.934999942779541,1.7319025993347168
cv,train,3,P00720__G156D,2.9000000953674316,2.0785176753997803
cv,train,3,P02185__A145L,-0.25,-0.8083042502403259
cv,train,3,P00644__A194G,0.0,-0.3266647458076477
cv,train,3,P00974__K50A,0.4000000059604645,0.16686254739761353
cv,train,3,P02417__V21A,2.3299999237060547,1.9083576202392578
cv,train,3,P00644__H206E,-0.3499999940395355,-0.6745622754096985
cv,train,3,P01009__A308L,0.800000011920929,0.08365577459335327
cv,train,3,P00644__V148M,0.10000000149011612,-0.14706426858901978
cv,train,3,P03050__S35G,0.33000001311302185,-0.028412457555532455
cv,train,3,P00644__V105E,6.0,5.528627395629883
cv,train,3,P00644__P129A,0.550000011920929,0.09012216329574585
cv,train,3,P00720__N40D,-0.41999998688697815,-0.8378483653068542
cv,train,3,P00712__A49I,-1.600000023841858,-2.2122387886047363
cv,train,3,P03069__K275A,0.9100000262260437,0.6165499687194824
cv,train,3,P00282__H66G,10.899999618530273,10.427478790283203
cv,train,3,P01053__V80T,0.4000000059604645,-0.08356088399887085
cv,train,3,P02751__V1547A,1.2000000476837158,0.7855647206306458
cv,train,3,P00720__L7A,3.5999999046325684,3.020490884780884
cv,train,3,P00698__E53A,-1.399999976158142,-1.6463841199874878
cv,train,3,P00644__L96I,1.5,1.0960090160369873
cv,train,3,P00644__L185E,5.550000190734863,5.150947093963623
cv,train,3,P01009__A272V,-2.1500000953674316,-2.4404892921447754
cv,train,3,P01009__A207L,-1.2999999523162842,-1.7219021320343018
cv,train,3,P00711__Y122P,0.25999999046325684,-0.06961387395858765
cv,train,3,P00644__V193L,0.8999999761581421,0.3056710362434387
cv,train,3,P00282__V25A,0.7300000190734863,0.31475526094436646
cv,train,3,P00644__E134F,0.6000000238418579,0.5315483808517456
cv,train,3,P00509__C180W,2.200000047683716,1.8502662181854248
cv,train,3,P05413__G68S,1.2000000476837158,0.8274959921836853
cv,train,3,P00648__N105A,2.1700000762939453,1.4987995624542236
cv,train,3,P00044__N58S,0.30000001192092896,-0.27288657426834106
cv,train,3,P00648__A79F,0.6000000238418579,0.23829013109207153
cv,train,3,P00818__I87V,1.7000000476837158,1.2143707275390625
cv,train,3,P03050__E43A,0.30000001192092896,0.05782178416848183
cv,train,3,P00509__E253Q,5.800000190734863,5.066670894622803
cv,train,3,P00644__Y195L,-0.20000000298023224,-0.5468596816062927
cv,train,3,P03050__E48G,1.8450000286102295,1.5709112882614136
cv,train,3,P00720__G30F,1.5,1.3737295866012573
cv,train,3,P00644__Y109L,1.5,1.151313304901123
cv,train,3,P01241__E100D,1.2999999523162842,0.9201375246047974
cv,train,3,P00644__I154L,0.20000000298023224,-0.42486315965652466
cv,train,3,P00651__A47Q,0.33000001311302185,0.2996954321861267
cv,train,3,P05413__T41E,3.2699999809265137,2.818603038787842
cv,train,3,P00648__H65N,1.6799999475479126,1.3017114400863647
cv,train,3,P00044__K79W,1.5,0.9960033297538757
cv,train,3,P00974__P37A,1.2999999523162842,0.8184512257575989
cv,train,3,1YYX_A__A87G,3.0,2.304243564605713
cv,train,3,P00644__A214V,4.699999809265137,4.097705841064453
cv,train,3,P01584__C124A,2.0999999046325684,1.7615363597869873
cv,train,3,P00644__A191E,5.800000190734863,5.31788444519043
cv,train,3,P00974__N79G,4.699999809265137,4.1027421951293945
cv,train,3,P00648__D101N,2.4000000953674316,1.9004297256469727
cv,train,3,P05798__T5V,0.0,-0.49174171686172485
cv,train,3,P05798__T72V,0.20000000298023224,-0.21206790208816528
cv,train,3,P00044__C108T,-3.0999999046325684,-3.594738245010376
cv,train,3,P00698__E53H,2.299999952316284,1.6921672821044922
cv,train,3,P00929__Y175Q,1.600000023841858,1.6635921001434326
cv,train,3,P00974__N78G,5.699999809265137,5.224008083343506
cv,train,3,P01053__P53A,0.30000001192092896,-0.19655710458755493
cv,train,3,P00651__A47L,0.12999999523162842,-0.5152736306190491
cv,train,3,P00644__E155Q,0.6000000238418579,0.39462023973464966
cv,train,3,P00644__A184G,1.2999999523162842,0.7123140692710876
cv,train,3,P04637__G245S,1.0049999952316284,0.8482009768486023
cv,train,3,P00644__L185I,1.100000023841858,0.6475071310997009
cv,train,3,P00282__V115T,0.11999999731779099,-0.3959185481071472
cv,train,3,P00644__F116C,2.799999952316284,2.206291437149048
cv,train,3,P00698__D119S,-0.8700000047683716,-1.4051251411437988
cv,train,3,P00648__V57A,3.4000000953674316,3.011565685272217
cv,train,3,P00282__V42T,2.5999999046325684,2.245229721069336
cv,train,3,P00644__K160F,-0.10000000149011612,-0.6373860836029053
cv,train,3,P03034__A67G,-0.10000000149011612,-0.48886561393737793
cv,train,3,P00712__L71A,3.200000047683716,2.6894021034240723
cv,train,3,P00818__T79S,1.399999976158142,0.8519949316978455
cv,train,3,P00720__K124G,0.05000000074505806,-0.3127887547016144
cv,train,3,P02633__V74L,0.6449999809265137,0.06637364625930786
cv,train,3,P04637__P151S,4.489999771118164,4.189394950866699
cv,train,3,P01009__A55P,-2.5,-2.958110809326172
cv,train,3,P01053__V83G,3.5,3.090038776397705
cv,train,3,P04637__R174K,0.2199999988079071,-0.03397923335433006
cv,train,3,P00648__T73D,0.0,-0.34115487337112427
cv,train,3,P00644__Q112G,0.8999999761581421,0.6758227944374084
cv,train,3,P00644__L120I,2.0999999046325684,1.7180781364440918
cv,train,3,P02417__V3I,0.3100000023841858,-0.07968837022781372
cv,train,3,P03034__A67T,2.990000009536743,2.464006185531616
cv,train,3,P00644__K98A,0.20000000298023224,-0.13640344142913818
cv,train,3,P01053__N76A,0.9150000214576721,0.5643920302391052
cv,train,3,P04637__L201P,-0.3499999940395355,-0.6067323684692383
cv,train,3,P00720__I58A,3.200000047683716,2.945042371749878
cv,train,3,P00644__P199T,-1.0,-1.6553101539611816
cv,train,3,P00592__H70Q,0.8149999976158142,0.6072527766227722
cv,train,3,P01009__A272L,0.30000001192092896,-0.25643306970596313
cv,train,3,P00720__F153L,-0.30000001192092896,-0.6478123068809509
cv,train,3,P06241__F103V,1.899999976158142,1.4870517253875732
cv,train,3,P00644__Q112A,0.25,-0.12949542701244354
cv,train,3,P00720__M102K,6.449999809265137,6.250436782836914
cv,train,3,P00644__V186E,4.099999904632568,3.729076862335205
cv,train,3,P01053__I40V,1.2000000476837158,0.7058624625205994
cv,train,3,P02751__L1599A,2.9000000953674316,2.6417109966278076
cv,train,3,P00044__L100I,0.0,-0.7091113924980164
cv,train,3,P00651__A47M,0.15000000596046448,-0.5222832560539246
cv,train,3,P00698__I96M,0.8500000238418579,0.47908860445022583
cv,train,3,P00720__A42G,2.950000047683716,2.3801965713500977
cv,train,3,P03050__V33A,1.934999942779541,1.5127344131469727
cv,train,3,P00720__T157D,2.049999952316284,1.67848801612854
cv,train,3,P03051__D30H,-0.8999999761581421,-1.2610559463500977
cv,train,3,P00644__N200G,1.7000000476837158,1.1270864009857178
cv,train,3,P00644__N200A,1.9500000476837158,1.3577709197998047
cv,train,3,P04637__N239Y,-1.4900000095367432,-2.142580986022949
cv,train,3,P00099__E92V,1.100000023841858,0.9355197548866272
cv,train,3,P00644__D103A,-0.699999988079071,-1.4216675758361816
cv,train,3,P02753__W42L,2.5999999046325684,2.395301103591919
cv,train,3,P02185__P89A,-0.6000000238418579,-1.1370742321014404
cv,train,3,P00644__V148G,4.400000095367432,3.7868452072143555
cv,train,3,P00648__K74A,-0.4449999928474426,-0.927212655544281
cv,train,3,P00644__V105T,3.200000047683716,2.5431909561157227
cv,train,3,P01584__K213V,-1.100000023841858,-1.459307074546814
cv,train,3,P02945__I65A,1.399999976158142,0.9008516669273376
cv,train,3,P00720__S44D,0.10499999672174454,-0.23929715156555176
cv,train,3,P00644__E157K,2.200000047683716,1.7947347164154053
cv,train,3,P00712__L31A,2.700000047683716,2.1831016540527344
cv,train,3,P00644__T164V,-0.20000000298023224,-0.5712378621101379
cv,train,3,P00720__A49S,0.44999998807907104,0.05162722244858742
cv,train,3,P00974__R74A,0.0,-0.17118942737579346
cv,train,3,P04925__M128V,0.2150000035762787,-0.22369718551635742
cv,train,3,P00644__V193S,4.75,4.188699722290039
cv,train,3,P00720__V111M,0.550000011920929,0.2593685984611511
cv,train,3,P00644__L219A,2.200000047683716,1.7903486490249634
cv,train,3,P00044__P77V,1.0,0.8870403170585632
cv,train,3,P04637__I255F,3.2899999618530273,2.568042278289795
cv,train,3,P00644__E217A,0.699999988079071,0.3983408808708191
cv,train,3,P00593__H70N,2.4000000953674316,2.003796339035034
cv,train,3,P00044__C108A,-2.9000000953674316,-3.34311580657959
cv,train,3,P05798__E74K,-0.800000011920929,-1.1551826000213623
cv,train,3,P02693__F69A,-1.2000000476837158,-1.5264241695404053
cv,train,3,P00644__S141G,0.8999999761581421,0.2870127558708191
cv,train,3,P00644__T144E,5.0,4.4149274826049805
cv,train,3,P00509__C389S,1.7999999523162842,1.3257112503051758
cv,train,3,P05798__D79E,0.3499999940395355,-0.07422381639480591
cv,train,3,P00560__Y49W,1.684999942779541,1.3589682579040527
cv,train,3,P04637__C242S,3.069999933242798,2.790720224380493
cv,train,3,P00711__Q73A,0.4050000011920929,-0.14115309715270996
cv,train,3,P00644__A172G,1.899999976158142,1.250143051147461
cv,train,3,P00720__M6L,3.9000000953674316,3.4515488147735596
cv,train,3,P00720__R119H,0.29499998688697815,0.004327300004661083
cv,train,3,P00720__T157E,1.2999999523162842,0.7904219031333923
cv,train,3,P02751__Y1569A,4.199999809265137,3.756035804748535
cv,train,3,P04164__M69A,-5.0,-5.138725280761719
cv,train,3,P01053__F70L,2.055000066757202,1.8052244186401367
cv,train,3,P00651__V42T,3.8499999046325684,3.4788501262664795
cv,train,3,P05230__N121G,-0.28999999165534973,-0.6968689560890198
cv,train,3,P00644__Y109C,2.700000047683716,2.3176846504211426
cv,train,3,P03034__G49A,-0.8700000047683716,-1.3217016458511353
cv,train,3,P04925__V179I,0.3499999940395355,-0.434406578540802
cv,train,3,P00644__V186T,2.5,1.8762879371643066
cv,train,3,P05413__T41Q,4.369999885559082,4.1740803718566895
cv,train,3,P00974__L64A,0.0,-0.2438427209854126
cv,train,3,P03050__S5A,-0.10000000149011612,-0.39164721965789795
cv,train,3,P03050__K46G,1.149999976158142,0.6752809286117554
cv,train,3,P00644__Y109W,0.6000000238418579,-0.1059759259223938
cv,train,3,P00644__T126I,0.6000000238418579,0.20099002122879028
cv,train,3,P00818__Y26A,0.05000000074505806,-0.007401642389595509
cv,train,3,P00644__A99V,1.899999976158142,0.8609181046485901
cv,train,3,P04637__D148S,-0.2199999988079071,-0.6932862401008606
cv,train,3,P00712__V27A,1.0,0.7461804747581482
cv,train,3,P00644__Y136G,1.75,1.3612600564956665
cv,train,3,P00720__Q122A,0.2199999988079071,0.031808678060770035
cv,train,3,P01053__V71A,1.9500000476837158,1.456906795501709
cv,train,3,P00974__T67A,0.10000000149011612,-0.26671963930130005
cv,train,3,P01053__D65A,0.8500000238418579,0.3137691617012024
cv,train,3,P05121__E350R,0.30000001192092896,0.19139069318771362
cv,train,3,P03050__K24A,0.6000000238418579,0.23979490995407104
cv,train,3,P00648__Q62G,1.600000023841858,1.2748054265975952
cv,train,3,P01053__V54A,0.6349999904632568,0.24075990915298462
cv,train,3,P02417__I4V,0.5899999737739563,0.350253164768219
cv,train,3,P00644__A99G,0.25,-0.12593132257461548
cv,train,3,P00644__K135A,0.20000000298023224,-0.15721452236175537
cv,train,3,O74035__D7N,-1.399999976158142,-1.741863489151001
cv,train,3,P06241__S124K,-0.10499999672174454,-0.4431806206703186
cv,train,3,P00644__I174E,7.150000095367432,6.75494384765625
cv,train,3,P04637__A129D,0.699999988079071,0.19414860010147095
cv,train,3,P00720__Q69P,3.0,2.3949825763702393
cv,train,3,P00644__Y136A,2.049999952316284,1.5269746780395508
cv,train,3,P00644__Y173A,4.900000095367432,4.680227279663086
cv,train,3,P00648__A79I,0.699999988079071,0.07266706228256226
cv,train,3,P00720__S44C,0.10499999672174454,-0.3955692648887634
cv,train,3,P00044__T75E,-1.399999976158142,-1.5731358528137207
cv,train,3,P01009__V345I,-0.550000011920929,-1.1825007200241089
cv,train,3,P05825__G274C,-7.929999828338623,-8.252554893493652
cv,train,3,P03050__K47A,1.7999999523162842,1.3077523708343506
cv,train,3,P02185__H82Q,0.0,-0.32875680923461914
cv,train,3,P01308__F49H,-1.0,-1.230027198791504
cv,train,3,P00648__A79K,0.15000000596046448,-0.27600687742233276
cv,train,3,2IMM_A__M21L,0.30000001192092896,-0.30761927366256714
cv,train,3,P00644__S223A,0.25999999046325684,0.0943405032157898
cv,train,3,P00720__A93T,-0.07999999821186066,-0.7015830874443054
cv,train,3,P00974__Y58A,5.949999809265137,5.578110694885254
cv,train,3,P00593__H70A,1.899999976158142,1.5687342882156372
cv,train,3,P00644__V196A,0.0,-0.14719611406326294
cv,train,3,P00648__I72V,1.0499999523162842,0.624058187007904
cv,train,3,P00720__I3S,1.7999999523162842,1.3515832424163818
cv,train,3,P04637__A129E,0.3799999952316284,0.07211476564407349
cv,train,3,P00644__K110G,0.75,0.2280847430229187
cv,train,3,P00171__V50G,1.899999976158142,1.511182188987732
cv,train,3,P00045__P81T,0.800000011920929,0.8874618411064148
cv,train,3,P00929__G211R,0.75,0.5359206795692444
cv,train,3,P04166__P81A,1.100000023841858,0.5135279297828674
cv,train,3,P00644__E155G,2.700000047683716,2.800973892211914
cv,train,3,P00929__E49K,-0.8500000238418579,-1.4817709922790527
cv,train,3,P03034__G47A,-0.6600000262260437,-1.2013919353485107
cv,train,3,P00644__K192A,1.2999999523162842,0.8733534812927246
cv,train,3,P04637__T123A,0.12999999523162842,-0.22355765104293823
cv,train,3,P00644__E157G,3.4000000953674316,2.8785054683685303
cv,train,3,P06241__F87A,1.2999999523162842,1.118104338645935
cv,train,3,P02693__G66A,1.100000023841858,0.5917821526527405
cv,train,3,P05798__D79N,-1.2000000476837158,-1.5585651397705078
cv,train,3,P05798__D17K,1.100000023841858,0.8270741105079651
cv,train,3,P03069__E270Q,1.8300000429153442,1.523146390914917
cv,train,3,P00044__L100T,3.299999952316284,2.8262481689453125
cv,train,3,P02753__W109H,0.10000000149011612,-0.08093005418777466
cv,train,3,P00720__A98V,4.650000095367432,3.939133644104004
cv,train,3,P05798__D79K,-2.299999952316284,-2.5540623664855957
cv,train,3,P05798__Y30F,-0.4000000059604645,-0.7421585917472839
cv,train,3,P00644__E204A,0.30000001192092896,0.13105648756027222
cv,train,3,P01009__T83A,-0.949999988079071,-1.661404013633728
cv,train,3,P00648__D140N,4.054999828338623,3.4979195594787598
cv,train,3,P00698__S109D,2.309999942779541,1.641451120376587
cv,train,3,P00648__T73S,0.5299999713897705,0.07792085409164429
cv,train,3,P02633__V65G,3.9749999046325684,3.512373685836792
cv,train,3,P00644__G102E,3.700000047683716,3.2851786613464355
cv,train,3,P00644__K216A,-0.10000000149011612,-0.4893389344215393
cv,train,3,P00644__T104V,0.8500000238418579,0.3669014573097229
cv,train,3,P00257__D134E,-0.44999998807907104,-0.7212068438529968
cv,train,3,P00720__L99F,0.30000001192092896,-0.21520763635635376
cv,train,3,P00644__N220G,-0.20000000298023224,-0.5840912461280823
cv,train,3,P00720__T26S,-0.5849999785423279,-0.9306802153587341
cv,train,3,P00698__T58I,2.200000047683716,1.7448415756225586
cv,train,3,P02625__K81S,0.28999999165534973,0.14897793531417847
cv,train,3,P00644__L207A,4.800000190734863,4.2663679122924805
cv,train,3,P00720__T59N,1.0,0.7600249648094177
cv,train,3,P00929__P132A,1.0,0.41902512311935425
cv,train,3,P01308__H34E,-1.440000057220459,-1.2757389545440674
cv,train,3,P00282__I101A,2.0999999046325684,1.6263980865478516
cv,train,3,P01051__V62A,1.0049999952316284,0.6863641142845154
cv,train,3,P02417__M1A,1.4600000381469727,1.0625417232513428
cv,train,3,P00648__T73V,2.2049999237060547,1.6608396768569946
cv,train,3,P00644__I221M,0.4000000059604645,0.059449855238199234
cv,train,3,P00648__G81A,2.799999952316284,2.2610421180725098
cv,train,3,P04166__R31H,-1.399999976158142,-1.6062657833099365
cv,train,3,P00720__D47A,0.824999988079071,0.39928168058395386
cv,train,3,P02185__L70I,0.0,-0.6247895359992981
cv,train,3,P00711__L129E,0.19499999284744263,-0.06297165155410767
cv,train,3,P00918__V68C,1.2000000476837158,0.7491533160209656
cv,train,3,P02633__L32A,2.450000047683716,2.081073522567749
cv,train,3,P00644__P199G,-1.100000023841858,-1.6828619241714478
cv,train,3,1YYX_A__F61A,5.5,4.889845371246338
cv,train,3,P00720__G77A,0.4000000059604645,-0.17753499746322632
cv,train,3,P02417__D8N,0.30000001192092896,0.054608289152383804
cv,train,3,P00644__G170V,0.3499999940395355,-3.677327185869217e-05
cv,train,3,P05798__D79F,0.699999988079071,-0.5414147973060608
cv,train,3,P06241__E107R,3.390000104904175,2.7847235202789307
cv,train,3,P00644__Y175G,6.949999809265137,6.568846702575684
cv,train,3,P06241__E107Y,2.4000000953674316,2.2200679779052734
cv,train,3,P00720__A146T,2.2899999618530273,1.6732721328735352
cv,train,3,P00644__L89V,1.2000000476837158,0.7604056000709534
cv,train,3,P01053__V54G,2.4000000953674316,1.7918291091918945
cv,train,3,P04637__N268D,-1.065000057220459,-1.5331761837005615
cv,train,3,3PG0_A__A92G,0.0,-0.4898248314857483
cv,train,3,P05798__H85Q,0.0,-0.3653070330619812
cv,train,3,P00644__K166G,0.3499999940395355,-0.04159921035170555
cv,train,3,P00560__Y123W,2.0999999046325684,1.307873249053955
cv,train,3,P03051__D30S,-1.0,-1.3899853229522705
cv,train,3,P00648__L136G,7.0,6.427032947540283
cv,train,3,P00171__V66K,2.365000009536743,1.8195279836654663
cv,train,3,P00720__M102V,3.0,2.587085723876953
cv,train,3,P00720__T157I,1.899999976158142,1.2631089687347412
cv,train,3,P00257__D73E,-0.5,-0.7640750408172607
cv,train,3,P00644__V186A,2.799999952316284,2.106189250946045
cv,train,3,P00644__V121G,4.599999904632568,4.066645622253418
cv,train,3,P00644__V148W,3.009999990463257,2.6735105514526367
cv,train,3,P06241__I111L,0.8500000238418579,0.30600374937057495
cv,train,3,P02945__P63A,-0.10000000149011612,-0.8044236302375793
cv,train,3,P00720__M120L,-0.44999998807907104,-0.8604231476783752
cv,train,3,P00648__Y64G,4.164999961853027,3.5088083744049072
cv,train,3,P00720__R96T,2.950000047683716,2.6021573543548584
cv,train,3,P00644__V133I,-0.10000000149011612,-0.6203208565711975
cv,train,3,P02945__F55A,1.600000023841858,1.0418263673782349
cv,train,3,P00720__A42F,5.199999809265137,4.380733013153076
cv,train,3,P01053__I57A,0.36500000953674316,0.051227930933237076
cv,train,3,P00644__N220A,1.0,0.47164732217788696
cv,train,3,P00698__G120A,-0.6100000143051147,-1.1169236898422241
cv,train,3,P02751__A1550G,0.9300000071525574,0.36317819356918335
cv,train,3,P00644__G161D,2.2799999713897705,1.836706519126892
cv,train,3,P01857__T277A,0.6000000238418579,0.031851474195718765
cv,train,3,P03050__N34A,0.0,-0.4399733543395996
cv,train,3,P00711__H51A,2.115000009536743,1.6177449226379395
cv,train,3,P01009__A31P,-2.0999999046325684,-2.3544323444366455
cv,train,3,P02751__I1627A,0.5249999761581421,-0.010109242983162403
cv,train,3,P00644__G111F,1.2000000476837158,0.8888311982154846
cv,train,3,P04637__M237I,3.180000066757202,2.726306915283203
cv,train,3,P00509__C180A,1.100000023841858,0.6809750199317932
cv,train,3,P04637__E346A,0.3499999940395355,0.19218766689300537
cv,train,3,P00712__L115A,1.7999999523162842,1.1747899055480957
cv,train,3,P02185__M132A,1.2999999523162842,0.9596188068389893
cv,train,3,P00720__T59A,1.649999976158142,1.2688729763031006
cv,train,3,P00593__F128Y,-0.3499999940395355,-0.949984610080719
cv,train,3,P04637__M133L,-0.30000001192092896,-0.536397397518158
cv,train,3,P00720__Q123A,0.20999999344348907,-0.3822988271713257
cv,train,3,P00720__S38A,0.7699999809265137,0.40232396125793457
cv,train,3,P04166__P97A,0.699999988079071,0.14162683486938477
cv,train,3,P00644__Q162G,1.2000000476837158,0.8028982281684875
cv,train,3,P02751__P1624A,0.20999999344348907,-0.13820797204971313
cv,train,3,P00044__N58M,-2.9000000953674316,-2.779050588607788
cv,train,3,P01053__L41A,1.2999999523162842,0.7199309468269348
cv,train,3,P00644__K198A,-0.699999988079071,-1.2313385009765625
cv,train,3,P00974__F57A,1.2000000476837158,0.9910721182823181
cv,train,3,P00644__E183F,2.700000047683716,2.2029032707214355
cv,train,3,P00720__K60P,0.0,-0.4845767617225647
cv,train,3,P00711__H126Y,0.19499999284744263,0.010450380854308605
cv,train,3,P00644__E134A,0.10000000149011612,0.09023156762123108
cv,train,3,P05413__F5S,3.700000047683716,3.6328396797180176
cv,train,3,P05798__Y49F,0.20000000298023224,-0.1679275631904602
cv,train,3,P01625__Q115N,1.4500000476837158,1.3039908409118652
cv,train,3,P00818__L66V,5.349999904632568,4.591017246246338
cv,train,3,P00644__N226G,0.5,0.23265404999256134
cv,train,3,P04637__I332V,4.849999904632568,4.4033308029174805
cv,train,3,P00644__L185A,4.599999904632568,3.865893602371216
cv,train,3,P00644__G170A,0.15000000596046448,-0.35262590646743774
cv,train,3,P00644__K145G,1.5,1.1041913032531738
cv,train,3,P00644__H206Q,-0.6000000238418579,-1.0727641582489014
cv,train,3,P00560__W334Y,-1.100000023841858,-1.9681333303451538
cv,train,3,P00651__D102N,3.0999999046325684,2.7930169105529785
cv,train,3,P00720__G113E,-0.30000001192092896,-0.5618968605995178
cv,train,3,P00644__K215F,1.2999999523162842,0.8480193018913269
cv,train,3,P02185__L50I,0.800000011920929,0.29382234811782837
cv,train,3,P03050__Q9G,-0.4399999976158142,-0.5609168410301208
cv,train,3,P00720__N132M,-1.5,-1.5889015197753906
cv,train,3,P00818__M62A,4.0,3.525637149810791
cv,train,3,P01857__P278A,3.200000047683716,2.602459669113159
cv,train,3,P05798__T18V,1.399999976158142,1.0976324081420898
cv,train,3,P00698__A49L,-1.7999999523162842,-2.2494702339172363
cv,train,3,P00644__F158G,4.699999809265137,3.948072671890259
cv,train,3,P00929__E49G,1.7000000476837158,1.396371841430664
cv,train,3,P00644__L118A,3.549999952316284,3.1981475353240967
cv,train,3,P00720__S44E,0.0,-0.6762599945068359
cv,train,3,P00648__A79D,0.5,0.08732324838638306
cv,train,3,P04637__K351A,-1.5499999523162842,-1.6581027507781982
cv,train,3,P00974__G91A,0.20000000298023224,-0.07148247957229614
cv,train,3,P00644__D225K,0.30000001192092896,0.11650305986404419
cv,train,3,P00593__F44A,-0.3499999940395355,-0.5890598893165588
cv,train,3,P00720__R96S,2.700000047683716,2.5383453369140625
cv,train,3,P01308__H34T,0.2199999988079071,0.15702196955680847
cv,train,3,P02693__L73C,0.05000000074505806,-0.0958661437034607
cv,train,3,P00644__A194V,1.2999999523162842,0.9525449872016907
cv,train,3,P00929__P28G,1.600000023841858,0.8962718844413757
cv,train,3,P00720__S38D,0.0,-0.6008166670799255
cv,train,3,P01006__V44A,6.78000020980835,6.3844170570373535
cv,train,3,P01006__M134G,6.900000095367432,6.225406646728516
cv,train,3,P01236__H74A,0.6000000238418579,0.5111269354820251
cv,train,3,P00711__H126A,0.7950000166893005,0.6257448196411133
cv,train,3,P00644__T104A,1.600000023841858,0.998482882976532
cv,train,3,P00651__S90A,1.5,1.013838768005371
cv,train,3,P02417__M1G,2.359999895095825,1.791737675666809
cv,train,3,P00644__K152A,0.15000000596046448,-0.17477715015411377
cv,train,3,P00648__Y60F,0.5,-0.08636635541915894
cv,train,3,P00648__N131A,1.9500000476837158,1.1661899089813232
cv,train,3,P05825__E270C,-6.829999923706055,-7.23663854598999
cv,train,3,P00651__A47S,0.4449999928474426,-0.005030927248299122
cv,train,3,P01009__A274V,0.3499999940395355,0.01890069618821144
cv,train,3,P06241__E107F,1.6150000095367432,1.4687485694885254
cv,train,3,P00720__C54Y,4.659999847412109,4.290405750274658
cv,train,3,P00648__E76G,1.7999999523162842,1.6383483409881592
cv,train,3,P05230__H117Y,-0.3499999940395355,-0.8449772000312805
cv,train,3,P00720__V131A,-0.27000001072883606,-0.7960754036903381
cv,train,3,P00720__L121I,1.2999999523162842,0.7491785883903503
cv,train,3,P00720__D89A,0.6000000238418579,0.03792256489396095
cv,train,3,P00644__L96V,1.5,1.1770817041397095
cv,train,3,P01857__K292A,2.4000000953674316,2.0188536643981934
cv,train,3,P00782__N183D,-0.44999998807907104,-1.1628645658493042
cv,train,3,P00644__A172V,0.10000000149011612,-0.5214710831642151
cv,train,3,P00929__E49A,0.30000001192092896,-0.089053213596344
cv,train,3,P02751__I1625A,0.5249999761581421,0.20037764310836792
cv,train,3,P00593__F44I,-2.049999952316284,-2.1460516452789307
cv,train,3,P01053__I49G,3.3499999046325684,3.090837240219116
cv,train,3,P00644__N226A,0.10000000149011612,-0.18692225217819214
cv,train,3,P00094__P56A,2.0,1.677464485168457
cv,train,3,2IMM_A__T69S,-0.30000001192092896,-0.6573241353034973
cv,train,3,P00818__V48A,1.899999976158142,1.5466406345367432
cv,train,3,P00720__R14A,3.0,2.5907652378082275
cv,train,3,P00698__D119Q,0.07999999821186066,-0.31243473291397095
cv,train,3,P00644__V105I,0.10000000149011612,-0.615763247013092
cv,train,3,P00644__W222F,0.6000000238418579,0.04301661625504494
cv,train,3,P00509__N282D,-0.6000000238418579,-1.4901456832885742
cv,train,3,P00651__G49A,1.2000000476837158,0.7192558646202087
cv,train,3,P03034__A50G,-1.2000000476837158,-1.683672308921814
cv,train,3,P00644__L190A,5.349999904632568,4.696752548217773
cv,train,3,P00918__W123C,0.0,-0.6681514382362366
cv,train,3,P04637__N345A,2.3499999046325684,1.6988871097564697
cv,train,3,P01053__K73N,0.6000000238418579,0.25673848390579224
cv,train,3,P03034__A38G,-0.6000000238418579,-1.0710620880126953
cv,train,3,P00720__L99A,4.300000190734863,3.612013101577759
cv,train,3,P00509__F2A,7.349999904632568,6.974586009979248
cv,train,3,P04925__R207H,1.2699999809265137,0.9326663613319397
cv,train,3,P03051__D30K,-0.8999999761581421,-1.2813985347747803
cv,train,3,P00651__D102S,3.200000047683716,2.8567190170288086
cv,train,3,P00720__G30A,-0.10000000149011612,-0.5711094737052917
cv,train,3,P00644__T126V,-0.10000000149011612,-0.3743571639060974
cv,train,3,P02753__W42Y,2.200000047683716,1.8016042709350586
cv,train,3,P04637__L350A,1.2999999523162842,1.0946123600006104
cv,train,3,P03958__W117F,-4.699999809265137,-5.09070348739624
cv,train,3,P00644__Y109M,1.899999976158142,1.9982187747955322
cv,train,3,P00720__L99G,6.5,5.9249677658081055
cv,train,3,P00918__W16F,-3.0,-3.7489428520202637
cv,train,3,P00644__W222Y,1.100000023841858,0.5315176844596863
cv,train,3,P00651__W85Y,0.9300000071525574,0.20754843950271606
cv,train,3,P01009__S354R,-1.6100000143051147,-1.560171127319336
cv,train,3,P01053__A78G,1.8799999952316284,1.2597286701202393
cv,train,3,P04164__M69H,0.699999988079071,0.3109028935432434
cv,train,3,P01625__K65T,2.450000047683716,2.029883861541748
cv,train,3,P00711__W123Y,2.4200000762939453,1.6856484413146973
cv,train,3,P00698__I73V,0.45500001311302185,0.09449082612991333
cv,train,3,P00644__L89I,0.8999999761581421,0.5569068789482117
cv,train,3,P00929__P28A,2.0,1.3299074172973633
cv,train,3,P00648__Y64F,0.44999998807907104,0.03639918938279152
cv,train,3,P00711__H126W,1.7100000381469727,1.3368287086486816
cv,train,3,P00720__I58Y,2.8550000190734863,2.3453168869018555
cv,train,3,O74035__I102A,3.7200000286102295,3.192786455154419
cv,train,3,P00644__Y109H,1.600000023841858,1.4445762634277344
cv,train,3,P00648__N105D,-0.44999998807907104,-0.9532511830329895
cv,train,3,P00644__L119E,2.9000000953674316,2.669158935546875
cv,train,3,P04637__E349A,2.5,2.110654354095459
cv,train,3,3PG0_A__D49N,-0.20000000298023224,-0.6376832127571106
cv,train,3,P05230__H36Y,-0.7250000238418579,-1.1771793365478516
cv,train,3,P00025__K74M,1.0,0.5233823657035828
cv,train,3,P02751__W1559F,1.940000057220459,1.3694813251495361
cv,train,3,P00644__H128G,0.30000001192092896,0.039503131061792374
cv,train,3,P00720__S44L,-0.39500001072883606,-1.0992047786712646
cv,train,3,P05825__Q278C,-2.2799999713897705,-2.927847385406494
cv,train,3,P00644__T202G,1.899999976158142,1.2806586027145386
cv,train,3,P00711__K133Q,0.6000000238418579,0.2923350930213928
cv,train,3,P05825__E272C,-9.789999961853027,-10.07949161529541
cv,train,3,P00644__G178A,1.75,1.3143689632415771
cv,train,3,P00644__P199A,-0.75,-1.4417243003845215
cv,train,3,P00644__E204Q,1.5,0.9245941042900085
cv,train,3,P05798__E41K,1.100000023841858,0.8088241219520569
cv,train,3,P00720__I3F,1.090000033378601,0.6446691155433655
cv,train,3,P00644__Y167G,1.0,0.6193593144416809
cv,train,3,P01006__M104I,0.9399999976158142,0.6046053767204285
cv,train,3,P00712__D106N,1.100000023841858,0.2704163193702698
cv,train,3,P00644__Y109P,5.650000095367432,5.065074920654297
cv,train,3,P02633__Y17F,1.1449999809265137,0.7537223696708679
cv,train,3,P00644__K218F,1.0,0.5457501411437988
cv,train,3,P00099__Q59R,-0.5,-0.61869215965271
cv,train,3,P05798__Y52F,3.5999999046325684,2.9007279872894287
cv,train,3,P03050__G52A,-0.20000000298023224,-0.5315800905227661
cv,train,3,P00648__I156V,0.7799999713897705,0.34195369482040405
cv,train,3,P01625__T120H,-0.699999988079071,-0.9393714070320129
cv,train,3,P00974__K81A,-0.10000000149011612,-0.453987181186676
cv,train,3,P00720__L118I,1.2000000476837158,0.5002302527427673
cv,train,3,P00720__T157G,1.100000023841858,0.5829316973686218
cv,train,3,P01241__S97T,0.20000000298023224,-0.41340357065200806
cv,train,3,P00651__A47F,0.5699999928474426,0.252729594707489
cv,train,3,P00560__W309F,3.630000114440918,3.0478885173797607
cv,train,3,P01053__E35Q,0.4699999988079071,0.11679232120513916
cv,train,3,P00720__T157N,1.0,0.7978281378746033
cv,train,3,P02185__L10A,0.4000000059604645,-0.062074001878499985
cv,train,3,P00651__A47E,-0.17499999701976776,-0.22956568002700806
cv,train,3,P00644__T164S,0.699999988079071,0.32700222730636597
cv,train,3,P00644__D177A,3.3499999046325684,2.672084093093872
cv,train,3,P02185__L30A,0.6000000238418579,0.2601413130760193
cv,train,3,P05798__Y81F,1.2000000476837158,0.79185551404953
cv,train,3,P01051__V54A,1.590000033378601,1.3350491523742676
cv,train,3,P00173__D65R,-0.10000000149011612,-0.3764975666999817
cv,train,3,P00644__A184F,1.7000000476837158,1.1987744569778442
cv,train,3,P00644__T202C,1.649999976158142,1.3377039432525635
cv,train,3,P00004__P31V,5.0,4.513076305389404
cv,train,3,P02417__K10M,-0.05000000074505806,-0.28667980432510376
cv,train,3,P02633__F70W,1.6200000047683716,1.1389473676681519
cv,train,3,P00720__L39P,2.799999952316284,2.4879496097564697
cv,train,3,P00648__G100V,7.800000190734863,7.325170516967773
cv,train,3,P01009__A207V,-3.5,-3.7211642265319824
cv,train,3,P00974__Y70N,3.700000047683716,3.6047282218933105
cv,train,3,P00974__Q66A,1.0,0.8327634930610657
cv,train,3,P00644__L107A,2.6500000953674316,2.269474983215332
cv,train,3,P00644__G168V,3.700000047683716,3.3248116970062256
cv,train,3,P00644__A214G,3.5999999046325684,2.922700881958008
cv,train,3,P00720__L133M,0.3499999940395355,-0.07573848962783813
cv,train,3,P01053__Q42A,0.1599999964237213,-0.14033916592597961
cv,train,3,P00720__A42L,5.099999904632568,4.578827857971191
cv,train,3,P05798__D79L,-2.6500000953674316,-3.0500409603118896
cv,train,3,P00644__K98F,0.4000000059604645,0.0873938798904419
cv,train,3,P02185__H117A,-0.20000000298023224,-0.20921772718429565
cv,train,3,P05230__F123Y,-0.5,-0.9485008120536804
cv,train,3,P00712__W79F,0.9850000143051147,0.20454734563827515
cv,train,3,P00644__L120E,3.299999952316284,3.0811355113983154
cv,train,3,P01053__I50V,-0.07999999821186066,-0.43940722942352295
cv,train,3,P00644__T115S,1.2999999523162842,0.9150347113609314
cv,train,3,P03051__D30L,0.10000000149011612,-0.5370532870292664
cv,train,3,P01009__A274L,0.949999988079071,0.4746333956718445
cv,train,3,P00282__I101V,0.1550000011920929,-0.3156811594963074
cv,train,3,P02417__E54Q,-0.33000001311302185,-0.5597993731498718
cv,train,3,P00644__D165G,2.6500000953674316,2.2455966472625732
cv,train,3,P00644__V105A,2.5999999046325684,2.2316532135009766
cv,train,3,P01053__R68A,1.3049999475479126,0.9969075322151184
cv,train,3,P00720__K135E,0.800000011920929,0.3204910159111023
cv,train,3,P00644__K91A,1.399999976158142,1.0673704147338867
cv,train,3,P03050__S44A,-0.30000001192092896,-0.5339147448539734
cv,train,3,P00257__Y140F,0.009999999776482582,-0.3914293646812439
cv,train,3,P01053__T56V,1.0,0.5625047087669373
cv,train,3,P00720__N163D,0.20999999344348907,-0.00680291373282671
cv,train,3,P00698__C112A,5.389999866485596,4.6336798667907715
cv,train,3,P00644__L190V,3.799999952316284,3.0960898399353027
cv,train,3,P00648__L142G,4.699999809265137,4.220864772796631
cv,train,3,P00644__V181S,5.099999904632568,4.578615188598633
cv,train,3,P04637__I232T,3.190000057220459,2.817249059677124
cv,train,3,P01053__I77V,-0.19499999284744263,-0.48571789264678955
cv,train,3,P01241__S97A,1.0499999523162842,0.560946524143219
cv,train,3,P00644__E149Q,0.5,0.11843568086624146
cv,train,3,P00648__G81S,2.950000047683716,2.5894203186035156
cv,train,3,P02945__V62A,-0.699999988079071,-0.9346963763237
cv,train,3,P00044__K79I,1.0950000286102295,0.5023512244224548
cv,train,3,P00720__I58T,3.4000000953674316,2.8559865951538086
cv,train,3,P02417__K15M,0.3100000023841858,0.008175077848136425
cv,train,3,P00644__Y173E,7.25,7.008484840393066
cv,train,3,P02751__I1557A,0.699999988079071,0.29579049348831177
cv,train,3,P01584__T125G,3.200000047683716,2.691206216812134
cv,train,3,P00720__S44K,-0.20000000298023224,-0.7009627819061279
cv,train,3,P00974__T46A,0.0,-0.42604881525039673
cv,train,3,P01053__L69A,3.7699999809265137,3.4501564502716064
cv,train,3,P00644__K88G,-0.25,-0.4145238399505615
cv,train,3,P01053__R63A,0.800000011920929,0.7736263871192932
cv,train,3,P00720__Y25G,4.224999904632568,3.7891438007354736
cv,train,3,P00644__Y175L,4.5,4.00670862197876
cv,train,3,P00648__R130Q,1.690000057220459,1.5839382410049438
cv,train,3,P00644__A176G,2.4000000953674316,1.6837400197982788
cv,train,3,P03050__E17A,0.5,0.4366770088672638
cv,train,3,P00644__E157Q,0.6000000238418579,0.2507163882255554
cv,train,3,P00720__I150V,1.9500000476837158,1.2611658573150635
cv,train,3,P01053__I49A,3.700000047683716,3.2742583751678467
cv,train,3,P00698__D119G,-0.44999998807907104,-0.931043267250061
cv,train,3,P00720__V71A,1.5,1.062718391418457
cv,train,3,P00974__F80A,6.849999904632568,6.386445045471191
cv,train,3,P00720__I3E,1.6549999713897705,1.4356688261032104
cv,train,3,P00651__A47I,0.4399999976158142,-0.4042811989784241
cv,train,3,P00644__T115V,-0.4000000059604645,-0.8953329920768738
cv,train,3,P00808__S277C,1.2999999523162842,0.7871326804161072
cv,train,3,P00509__I5A,5.0,4.48085355758667
cv,train,3,P01584__R120Q,0.8999999761581421,0.5498902201652527
cv,train,3,P00918__W5F,-0.6499999761581421,-1.3580361604690552
cv,train,3,P00644__I221L,0.10000000149011612,-0.18264490365982056
cv,train,3,P00648__R119G,2.5,1.7897393703460693
cv,train,3,P05798__T67V,0.0,-0.5569455027580261
cv,train,3,P00644__K215Q,0.4000000059604645,-0.09561711549758911
cv,train,3,P00974__G47A,1.7999999523162842,1.3103160858154297
cv,train,3,P00720__M6I,3.5999999046325684,3.1724095344543457
cv,train,3,P00918__L60C,0.10000000149011612,-0.4155738949775696
cv,train,3,P04925__T189V,0.17000000178813934,-0.25953754782676697
cv,train,3,P00720__R96G,2.9000000953674316,2.542079448699951
cv,train,3,P00651__V42C,4.849999904632568,4.422306060791016
cv,train,3,P00648__I135G,7.400000095367432,6.947247505187988
cv,train,3,P03050__V25A,0.18000000715255737,-0.2379125952720642
cv,train,3,P00648__I135V,1.399999976158142,0.9781380295753479
cv,train,3,P00644__E183A,1.600000023841858,1.2355012893676758
cv,train,3,P00644__L219G,4.400000095367432,3.934485912322998
cv,train,3,P00644__M114I,0.6000000238418579,0.2090032994747162
cv,train,3,P00644__K88A,-0.25,-0.6355755925178528
cv,train,3,P00918__S56C,0.5,0.025065723806619644
cv,train,3,P00644__D159K,3.299999952316284,2.759099245071411
cv,train,3,P00720__T157C,1.2999999523162842,0.9131478667259216
cv,train,3,P02417__V21I,0.4000000059604645,0.08354514837265015
cv,train,3,P00644__G189V,7.5,6.817086219787598
cv,train,3,P05798__R40E,-0.20000000298023224,-0.34786301851272583
cv,train,3,P00720__L84M,2.1500000953674316,1.779313564300537
cv,train,3,P01006__M104V,0.5600000023841858,0.30264490842819214
cv,train,3,P02417__E48Q,-0.029999999329447746,-0.25209206342697144
cv,train,3,P00644__Y109K,3.799999952316284,3.5766658782958984
cv,train,3,P03050__R50A,1.899999976158142,1.699084997177124
cv,train,3,P00644__K166Q,0.10000000149011612,-0.6001502871513367
cv,train,3,2IMM_A__L112I,-0.4000000059604645,-0.7002070546150208
cv,train,3,P00750__V280M,2.200000047683716,1.761819839477539
cv,train,3,P00644__K152Q,0.25,0.1730901002883911
cv,train,3,P01857__D282A,0.699999988079071,0.1176338791847229
cv,train,3,P00648__A79C,1.5,1.1585211753845215
cv,train,3,P02945__S72A,-0.10000000149011612,-0.19893985986709595
cv,train,3,P00720__V111F,1.6449999809265137,1.1504515409469604
cv,train,3,P00644__R163G,2.0999999046325684,1.7336010932922363
cv,train,3,1YYX_A__I72A,4.699999809265137,4.1786699295043945
cv,train,3,P01053__T59A,0.6949999928474426,0.34979790449142456
cv,train,3,P00712__A49T,-0.800000011920929,-1.2529537677764893
cv,train,3,P00644__A212V,1.100000023841858,0.5194422602653503
cv,train,3,P00974__G71A,2.0999999046325684,1.54331374168396
cv,train,3,P00929__F139W,0.6499999761581421,0.14428383111953735
cv,train,3,P05798__D25K,0.8999999761581421,0.44042688608169556
cv,train,3,O74035__I6A,2.7100000381469727,2.541304349899292
cv,train,3,P00648__E120F,1.9500000476837158,1.8182940483093262
cv,train,3,P00648__R130K,4.264999866485596,4.366933822631836
cv,train,3,P01009__A272F,-1.649999976158142,-2.243159770965576
cv,train,3,P00720__I100A,2.5,2.112539291381836
cv,train,3,P02185__V115A,0.8500000238418579,0.4649253487586975
cv,train,3,P00644__L171G,3.200000047683716,3.064730644226074
cv,train,3,P04637__L330F,3.5,2.909456729888916
cv,train,3,P05230__C31S,2.799999952316284,2.4188897609710693
cv,train,3,P00720__A98S,2.299999952316284,1.7948460578918457
cv,train,3,P02751__L1555A,0.8700000047683716,0.4032589793205261
cv,train,3,P03050__D20A,0.800000011920929,0.4342244267463684
cv,train,3,P00720__A98C,1.100000023841858,0.7225069403648376
cv,train,3,P02693__W7Y,0.8999999761581421,0.4220227599143982
cv,train,3,P00720__F153V,1.7999999523162842,1.3961647748947144
cv,train,3,P00644__Y109A,3.5,3.259225368499756
cv,train,3,P00644__G102V,2.200000047683716,2.2169556617736816
cv,train,3,P01584__R120P,0.3499999940395355,0.06981587409973145
cv,train,3,P05798__N39D,1.5,0.9931473135948181
cv,train,3,P02185__H98Q,0.054999999701976776,0.05887121334671974
cv,train,3,P04271__L4A,-0.41499999165534973,-0.6917458176612854
cv,train,3,P02633__F14A,4.465000152587891,4.191303253173828
cv,train,3,P00720__S44I,-0.3050000071525574,-0.7429593205451965
cv,train,3,P00648__G81H,2.6500000953674316,2.2872843742370605
cv,train,3,P00929__F258W,1.2000000476837158,0.6121014952659607
cv,train,3,P00644__T123V,-0.800000011920929,-1.074981927871704
cv,train,3,P00644__K216C,0.699999988079071,0.2893773913383484
cv,train,3,P00644__M108I,0.800000011920929,0.5962079167366028
cv,train,3,P01053__E46A,0.550000011920929,0.24864202737808228
cv,train,3,P03050__K46A,0.0,-0.4509086012840271
cv,train,3,P00644__Y195G,0.20000000298023224,-0.25773686170578003
cv,train,3,2IMM_A__M21I,-0.20000000298023224,-0.6688697338104248
cv,train,3,P00648__K109R,0.3499999940395355,0.174424946308136
cv,train,3,P00644__R187A,1.2999999523162842,0.8327247500419617
cv,train,3,P00644__R117A,1.399999976158142,1.0651832818984985
cv,train,3,P05230__V46I,1.0,0.3579398989677429
cv,train,3,P05798__N39A,2.200000047683716,1.6024930477142334
cv,train,3,P00644__V133T,-0.20000000298023224,-0.6514561772346497
cv,train,3,P00711__V61N,0.2199999988079071,0.0004186062142252922
cv,train,3,P00651__D75Y,0.25,-0.2808104157447815
cv,train,3,P00720__I3T,2.190000057220459,1.7002887725830078
cv,train,3,P00644__Y109F,0.4000000059604645,0.009183588437736034
cv,train,3,P00509__C180R,1.7000000476837158,1.4474780559539795
cv,train,3,P00648__R106A,-0.5699999928474426,-0.8781037330627441
cv,train,3,P00644__T144C,1.100000023841858,0.9141520857810974
cv,train,3,P00644__K179G,1.7000000476837158,1.428680419921875
cv,train,3,P02417__E17Q,0.20999999344348907,-0.14081233739852905
cv,train,3,P00974__G71S,0.699999988079071,0.450326144695282
cv,train,3,P00974__N79A,3.299999952316284,2.817249298095703
cv,train,3,P00644__K166F,0.800000011920929,0.4445197582244873
cv,train,3,P00648__A79G,0.8999999761581421,0.34191983938217163
cv,train,3,P00720__V87M,2.25,1.898979902267456
cv,train,3,P02751__P1562A,0.4399999976158142,0.061316195875406265
cv,train,3,P00560__H389Q,0.8399999737739563,0.47107619047164917
cv,train,3,P04637__D228E,-0.05000000074505806,-0.454131543636322
cv,train,3,P03050__G30A,1.8949999809265137,1.2806864976882935
cv,train,3,P00644__R187C,2.5999999046325684,2.127267837524414
cv,train,3,P03050__Q39G,0.9599999785423279,0.6014190912246704
cv,train,3,P00648__L136V,0.30000001192092896,-0.48211270570755005
cv,train,3,3PG0_A__A86V,-0.5,-1.216677188873291
cv,train,3,1YYX_A__M58A,3.5999999046325684,3.238652229309082
cv,train,3,P00698__D119E,0.0,-0.37956005334854126
cv,train,3,P02693__V61N,0.800000011920929,0.8698905110359192
cv,train,3,P05798__Q38A,-0.699999988079071,-1.1119415760040283
cv,train,3,P00720__R80K,0.1850000023841858,-0.12939143180847168
cv,train,3,P00720__N132I,-1.2000000476837158,-1.834446907043457
cv,train,3,P00644__E92A,1.2999999523162842,0.8721700310707092
cv,train,3,P01584__C124S,4.099999904632568,3.7368831634521484
cv,train,3,P00644__T123E,3.299999952316284,2.9307146072387695
cv,train,3,P00720__I78V,0.75,0.3627026677131653
cv,train,3,P00648__S139A,2.799999952316284,2.0991098880767822
cv,train,3,P05798__R65A,1.100000023841858,0.7496953010559082
cv,train,3,P00720__I50A,2.25,1.700850486755371
cv,train,3,P00720__A41D,-0.29499998688697815,-0.7263049483299255
cv,train,3,P02185__H25V,-0.019999999552965164,-0.4908638000488281
cv,train,3,P00929__G211E,-0.5,-0.6923707127571106
cv,train,3,P00720__F153M,0.6000000238418579,0.7807020545005798
cv,train,3,P00509__C180S,1.399999976158142,0.7499145865440369
cv,train,3,P00644__M114A,1.7000000476837158,1.2200332880020142
cv,train,3,P00974__P44A,0.800000011920929,0.46347928047180176
cv,train,3,P01053__V83A,1.4249999523162842,0.9781305193901062
cv,train,3,P00648__E120Q,2.5,2.153965950012207
cv,train,3,P00648__I143G,5.699999809265137,5.035466194152832
cv,train,3,P00648__A79T,0.6000000238418579,0.010323825292289257
cv,train,3,P00644__T202V,1.7000000476837158,1.2322618961334229
cv,train,3,P00720__E11N,0.75,0.4309670329093933
cv,train,3,P01857__T233A,0.10000000149011612,-0.508059561252594
cv,train,3,P00644__K209G,0.699999988079071,0.38631588220596313
cv,train,3,P00720__T152C,0.5,0.3405894637107849
cv,train,3,P00644__M108L,0.4000000059604645,-0.14390039443969727
cv,train,3,P00644__V196I,0.10000000149011612,-0.5554905533790588
cv,train,3,P06241__E107L,3.0,2.6956613063812256
cv,train,3,P02753__W42F,2.5,1.9500057697296143
cv,train,3,P01009__V169I,-0.20000000298023224,-0.893116295337677
cv,train,3,P00644__M147G,4.599999904632568,3.932459831237793
cv,train,3,P01053__F70V,1.899999976158142,1.5318701267242432
cv,train,3,P01006__M104L,0.2750000059604645,-0.19631046056747437
cv,train,3,P00648__Y60G,6.400000095367432,5.763458251953125
cv,train,3,P00644__I174G,6.099999904632568,5.707510471343994
cv,train,3,P00644__A176V,1.2999999523162842,0.7642484307289124
cv,train,3,P00648__V83T,1.100000023841858,0.5368871092796326
cv,train,3,P00698__Q139H,0.44999998807907104,0.04969233646988869
cv,train,3,P06241__F103L,1.100000023841858,0.785569965839386
cv,train,3,P00044__N58H,1.600000023841858,0.7679237723350525
cv,train,3,P04637__C182S,-0.1599999964237213,-0.4704092741012573
cv,train,3,P00720__C54V,0.699999988079071,0.3778079152107239
cv,train,3,P05230__H108G,-1.2999999523162842,-1.676667332649231
cv,train,3,P00698__I73A,3.5999999046325684,3.205242872238159
cv,train,3,P00720__L91P,9.699999809265137,9.225600242614746
cv,train,3,P00644__H128Y,0.0,-0.3141421675682068
cv,train,3,P00974__V69A,1.2000000476837158,0.8919772505760193
cv,train,3,P00644__A151T,2.700000047683716,2.034134864807129
cv,train,3,P01053__E35D,0.7400000095367432,0.5857056975364685
cv,train,3,P06241__F109I,2.0,1.4450048208236694
cv,train,3,P01625__M24L,-1.0499999523162842,-1.5227162837982178
cv,train,3,P01053__I50G,3.5199999809265137,3.032492160797119
cv,train,3,P00974__S82A,1.600000023841858,1.1004869937896729
cv,train,3,P00974__F39L,2.200000047683716,1.673717737197876
cv,train,3,P00974__Y70D,3.799999952316284,3.292475461959839
cv,train,3,P00644__D165F,4.800000190734863,4.669486999511719
cv,train,3,P02751__F1585A,2.0,1.3908019065856934
cv,train,3,P00509__D11A,5.699999809265137,4.950153827667236
cv,train,3,P00044__G12A,3.5,2.8716046810150146
cv,train,3,P00698__S109T,-0.9900000095367432,-1.638707160949707
cv,train,3,P00974__L41A,0.6000000238418579,0.21141105890274048
cv,train,3,P00644__L119A,1.600000023841858,1.0925906896591187
cv,train,3,P00720__D72P,2.700000047683716,1.9937477111816406
cv,train,3,P04925__E199K,0.17000000178813934,-0.12517958879470825
cv,train,3,P00648__T53N,1.2699999809265137,1.0753633975982666
cv,train,3,P00808__S140C,0.699999988079071,0.2119883894920349
cv,train,3,P05230__H108A,0.5149999856948853,0.13450312614440918
cv,train,3,1YYX_A__V84A,3.9000000953674316,3.3362793922424316
cv,train,3,P00720__T109N,-0.10000000149011612,-0.4489002823829651
cv,train,3,P00648__N88D,2.5,1.7258224487304688
cv,train,3,P00648__G81K,2.799999952316284,2.412179470062256
cv,train,3,P04637__T150P,0.07999999821186066,-0.3646569848060608
cv,train,3,P00644__D103G,-0.30000001192092896,-0.6725377440452576
cv,train,3,P00720__L99I,1.5,0.6615527272224426
cv,train,3,P00644__D177F,4.900000095367432,4.211760520935059
cv,train,3,P00648__I123T,2.5999999046325684,1.58639395236969
cv,train,3,P02945__L74A,-0.699999988079071,-1.0769314765930176
cv,train,3,P00644__H206A,-0.4000000059604645,-0.7287651896476746
cv,train,3,P04637__L206S,0.10000000149011612,0.0363430418074131
cv,train,3,P03050__E28G,1.2450000047683716,1.0333788394927979
cv,train,3,P00711__W137H,0.6000000238418579,0.451424777507782
cv,train,3,P03034__A50V,1.2200000286102295,0.8598902821540833
cv,train,3,P02417__D23N,0.5799999833106995,0.16976314783096313
cv,train,3,P02185__E110A,-0.25,-0.4309226870536804
cv,train,3,P03050__F45A,2.700000047683716,2.1515586376190186
cv,train,3,P00644__N201A,1.149999976158142,0.46669918298721313
cv,train,3,P06213__W1202F,-0.6000000238418579,-1.2282352447509766
cv,train,3,P00644__K106G,1.100000023841858,0.6746307611465454
cv,train,3,P03051__D30G,-2.0,-2.371464490890503
cv,train,3,P00651__N70D,1.399999976158142,0.734796941280365
cv,train,3,P00720__L33A,3.5999999046325684,3.1089305877685547
cv,train,3,P00644__L119I,1.7999999523162842,1.2204430103302002
cv,train,3,P00509__C180F,0.8999999761581421,0.5072283148765564
cv,train,3,P00644__A140G,2.5,1.8706614971160889
cv,train,3,P00720__R96K,0.25,0.0012088445946574211
cv,train,3,P00648__H65D,2.299999952316284,2.1632542610168457
cv,train,3,P04637__Q104P,-0.10999999940395355,-0.30453547835350037
cv,train,3,P00171__V66H,1.6150000095367432,1.5511107444763184
cv,train,3,P01857__Y290A,2.0999999046325684,1.500537633895874
cv,train,3,P04637__R337A,5.849999904632568,5.424458980560303
cv,train,3,P04637__H168R,2.9100000858306885,2.813520669937134
cv,train,3,P00720__V103I,0.4000000059604645,-0.20150047540664673
cv,train,3,P01857__K275A,0.4000000059604645,-0.133861243724823
cv,train,3,P00818__P72A,1.600000023841858,1.030592918395996
cv,train,3,P00720__E108V,-1.0499999523162842,-1.631374478340149
cv,train,3,P01009__T92A,-0.949999988079071,-1.4769630432128906
cv,train,3,P02751__I1627V,0.2800000011920929,-0.19142872095108032
cv,train,3,P00644__T95S,0.30000001192092896,-0.1163821816444397
cv,train,3,P01006__M104A,-0.30000001192092896,-0.46063071489334106
cv,train,3,P01009__V388I,-0.3499999940395355,-1.1453893184661865
cv,train,3,P00720__P86G,1.7549999952316284,0.9916096329689026
cv,train,3,P00720__T151S,-0.39500001072883606,-0.627371609210968
cv,train,3,P00644__G170W,0.800000011920929,0.1735188364982605
cv,train,3,P00644__P113G,1.5,0.9128254055976868
cv,train,3,P03069__K263A,0.4099999964237213,0.16593435406684875
cv,train,3,P00720__V131E,-0.20000000298023224,-0.40331703424453735
cv,train,3,P00644__P93G,0.949999988079071,0.2860477566719055
cv,train,3,P00648__I98A,4.699999809265137,4.032773017883301
cv,train,3,P03040__Y26D,-2.049999952316284,-2.28790545463562
cv,train,3,P00711__L129H,-1.3949999809265137,-1.5693919658660889
cv,train,3,P00929__E49L,-6.75,-6.678891181945801
cv,train,3,P02633__L27A,3.4649999141693115,3.1746487617492676
cv,train,3,P00644__E211F,3.9000000953674316,3.6477468013763428
cv,train,3,P00651__V115C,3.5199999809265137,2.895646810531616
cv,train,3,P01053__L41G,1.899999976158142,1.2539947032928467
cv,train,3,P00720__L99M,0.5,0.19327157735824585
cv,train,3,P00651__A47W,0.30000001192092896,-0.15511518716812134
cv,train,3,P00644__L118C,2.9000000953674316,2.5024564266204834
cv,train,3,P00644__E204G,2.0,1.862659215927124
cv,train,3,P00509__C181S,1.0,0.5527048707008362
cv,train,3,P05230__F100W,0.0,-0.3415378928184509
cv,train,3,P00099__F29A,-1.100000023841858,-1.2223626375198364
cv,train,3,P00094__K53E,-0.30000001192092896,-0.3567578196525574
cv,train,3,P00929__L209V,2.0,1.4948127269744873
cv,train,3,P00644__Y109Q,3.200000047683716,2.804115056991577
cv,train,3,P00644__A227G,0.4000000059604645,0.021547917276620865
cv,train,3,P00782__Y324K,-0.7200000286102295,-0.6835415959358215
cv,train,3,P00644__K152E,0.30000001192092896,0.15369999408721924
cv,train,3,P02185__E110G,0.8999999761581421,0.5823906064033508
cv,train,3,P00644__G132V,1.0,0.6568064093589783
cv,train,3,P04925__F197S,2.2799999713897705,2.1432406902313232
cv,train,3,P02185__L33A,1.0499999523162842,0.6337730288505554
cv,train,3,P00644__Q213G,2.299999952316284,1.7629647254943848
cv,train,3,P00720__A42K,3.700000047683716,3.1570863723754883
cv,train,3,P00257__Y140W,0.20499999821186066,-0.038880880922079086
cv,train,3,P02185__H65Q,0.2750000059604645,0.05540401116013527
cv,train,3,P03706__H31D,1.600000023841858,1.1562296152114868
cv,train,3,P02185__H49Q,0.4050000011920929,-0.12489181756973267
cv,train,3,P02945__D51A,0.5,0.07635766267776489
cv,train,3,P05230__H108N,-0.24500000476837158,-0.5654531717300415
cv,train,3,P05798__D79Y,-2.9000000953674316,-3.6809606552124023
cv,train,3,P00644__S210A,-0.699999988079071,-1.4305295944213867
cv,train,3,P00648__R157A,0.3499999940395355,-0.02037840709090233
cv,train,3,P00644__L96G,3.700000047683716,3.3814659118652344
cv,train,3,P03050__M4A,-0.20000000298023224,-0.236699640750885
cv,train,3,P01241__E100S,1.0,0.5749691724777222
cv,train,3,P00648__D59S,0.800000011920929,0.517827570438385
cv,train,3,P00644__V181T,3.299999952316284,2.489140510559082
cv,train,3,P01053__I49V,1.0,0.5915572047233582
cv,train,3,P00644__K179A,0.15000000596046448,-0.07101723551750183
cv,train,3,P01053__I50T,1.340000033378601,0.8836938738822937
cv,train,3,P02625__A21P,0.0,-0.5813451409339905
cv,train,3,P00720__A93P,-0.30000001192092896,-1.0044491291046143
cv,train,3,P03050__N29A,0.4000000059604645,-0.035801466554403305
cv,train,3,P01308__H34D,-1.2999999523162842,-1.7021875381469727
cv,train,3,P00698__D119P,2.200000047683716,1.551393747329712
cv,train,3,P00720__Q105A,0.699999988079071,0.3598325848579407
cv,train,3,P00720__A41V,-0.4099999964237213,-1.0020287036895752
cv,train,3,P00929__F22V,-0.05999999865889549,-0.19575828313827515
cv,train,3,P00509__R254M,3.5999999046325684,3.3498661518096924
cv,train,3,P00711__A125S,1.0750000476837158,0.6024275422096252
cv,train,3,P06241__L101V,1.600000023841858,1.2101304531097412
cv,train,3,P00648__T53A,2.125,1.6117172241210938
cv,train,3,P05798__D33A,6.050000190734863,5.442928791046143
cv,train,3,P00644__K106A,0.25,-0.16075927019119263
cv,train,3,P06241__L101F,1.2000000476837158,0.7143157124519348
cv,train,3,P00644__T126A,0.30000001192092896,-0.08179229497909546
cv,train,3,P00644__G132C,0.800000011920929,0.492851197719574
cv,train,3,P00560__W309Y,1.3650000095367432,0.7970885634422302
cv,train,3,P00720__K16E,0.30000001192092896,-0.1894853711128235
cv,train,3,P05413__Y129F,3.259999990463257,2.656980037689209
cv,train,3,P00720__D92N,1.25,0.4066082835197449
cv,train,3,P00648__Y150F,0.14000000059604645,-0.31658756732940674
cv,train,3,P00929__E49W,-0.949999988079071,-1.4412884712219238
cv,train,3,P02417__H144Q,0.8399999737739563,0.8958028554916382
cv,train,3,P01584__T125L,1.899999976158142,1.1923608779907227
cv,train,3,P00644__R208A,1.600000023841858,1.240005612373352
cv,train,3,P03050__M7A,0.6000000238418579,0.21003621816635132
cv,train,3,P05413__R127Q,0.46000000834465027,0.2859751582145691
cv,train,3,P00711__W137Y,1.184999942779541,0.6001192927360535
cv,train,3,P00044__G29S,1.5,1.1501206159591675
cv,train,3,P00644__Y109D,5.0,4.258199691772461
cv,train,3,P02751__V1566A,1.399999976158142,1.0131036043167114
cv,train,3,P00644__D101F,1.2999999523162842,0.9254114031791687
cv,train,3,P00644__A214E,7.050000190734863,6.482360363006592
cv,train,3,P00509__C77A,0.5,0.020411644130945206
cv,train,3,P00648__T63R,0.05000000074505806,-0.23414331674575806
cv,train,3,P01308__T97R,-1.25,-1.4846597909927368
cv,train,3,P00651__V115T,3.0850000381469727,2.618333101272583
cv,train,3,P01009__A308I,0.0,-0.844508945941925
cv,train,3,P00648__T53H,2.0999999046325684,1.7820944786071777
cv,train,3,P04637__R342A,0.8999999761581421,0.6948589086532593
cv,train,3,P05230__V46W,-0.9599999785423279,-1.367274284362793
cv,train,3,P05230__G77A,1.465000033378601,0.9164583086967468
cv,train,3,P00720__Y24A,5.5,5.11037015914917
cv,train,3,P03706__H31N,-1.7999999523162842,-2.1834676265716553
cv,train,3,P01006__V44L,2.299999952316284,2.0655465126037598
cv,train,3,P01009__A55L,-0.8999999761581421,-1.4300411939620972
cv,train,3,P03069__K256A,0.38999998569488525,0.05192950740456581
cv,train,3,P00720__A42V,3.5,2.9614713191986084
cv,train,3,P00644__E149G,0.8999999761581421,0.6061703562736511
cv,train,3,P01053__E61A,0.699999988079071,0.45928794145584106
cv,train,3,P00644__V186L,0.800000011920929,0.14790242910385132
cv,train,3,P00644__V156A,3.0999999046325684,2.6071290969848633
cv,train,3,P00698__P88N,2.1500000953674316,1.8253862857818604
cv,train,3,P00651__V42S,4.699999809265137,4.088165760040283
cv,train,3,P04637__M340A,4.150000095367432,3.6095783710479736
cv,train,3,P00644__T86A,0.20000000298023224,-0.03583502396941185
cv,train,3,P00099__V35M,-0.4000000059604645,-0.31052905321121216
cv,train,3,P03050__E17G,0.8949999809265137,0.7856971025466919
cv,train,3,P00644__I100M,0.6000000238418579,0.5343665480613708
cv,train,3,P00044__H39P,0.800000011920929,0.3703811764717102
cv,train,3,P00644__Y167L,0.10000000149011612,-0.03594272956252098
cv,train,3,3PG0_A__D117P,0.0,-0.32578685879707336
cv,train,3,P00648__G100A,3.4000000953674316,2.9866514205932617
cv,train,3,P00720__A130G,1.9500000476837158,1.4458370208740234
cv,train,3,P00644__G161V,2.200000047683716,1.7750593423843384
cv,train,3,P00720__K85A,0.25,-0.20777875185012817
cv,train,3,P03050__L19A,1.3600000143051147,0.9829413294792175
cv,train,3,2IMM_A__F38Y,-0.4000000059604645,-0.8485499024391174
cv,train,3,P00644__Y173G,6.199999809265137,5.5636701583862305
cv,train,3,P00644__T123C,-0.6000000238418579,-0.718778669834137
cv,train,3,P00698__S109V,0.07999999821186066,-0.2145429253578186
cv,train,3,P00044__L100V,0.699999988079071,0.15756553411483765
cv,train,3,P00644__Y167A,0.4000000059604645,0.02625376358628273
cv,train,3,P04179__Y58F,-6.349999904632568,-6.875943183898926
cv,train,3,P00651__S43A,-0.6200000047683716,-1.110111117362976
cv,train,3,P05798__T82V,1.7000000476837158,1.4553875923156738
cv,train,3,P00648__A79R,0.15000000596046448,-0.02640598639845848
cv,train,3,P00750__V280L,1.899999976158142,1.4619743824005127
cv,train,3,P00720__F67A,1.899999976158142,1.4284366369247437
cv,train,3,P02633__E21Q,-0.3799999952316284,-0.5770617127418518
cv,train,3,P00509__C180Y,1.100000023841858,0.7088751196861267
cv,train,3,P00782__G276A,-0.30000001192092896,-0.7608329653739929
cv,train,3,P00644__V181I,0.15000000596046448,-0.47077757120132446
cv,train,3,P04637__Q331A,0.949999988079071,0.6400834321975708
cv,train,3,P00044__K79G,0.7400000095367432,0.3092544674873352
cv,train,3,P02647__L165R,0.699999988079071,0.4574480652809143
cv,train,3,P00750__V280S,2.4000000953674316,2.126493453979492
cv,train,3,P01053__D75N,0.0,-0.3905441164970398
cv,train,3,P02185__S118A,0.30000001192092896,-0.23794573545455933
cv,train,3,P04925__F174W,0.10000000149011612,-0.13900023698806763
cv,train,3,P00282__V42A,1.5,1.021357774734497
cv,train,3,P00644__V133L,0.15000000596046448,-0.38508862257003784
cv,train,3,P01053__V58A,1.100000023841858,0.7255563139915466
cv,train,3,P00644__Q205F,0.6000000238418579,0.10808348655700684
cv,train,3,P00720__A129L,1.600000023841858,1.0038524866104126
cv,train,3,2IMM_A__N96Q,-1.100000023841858,-1.5312304496765137
cv,train,3,P04637__D352A,1.399999976158142,0.9145190119743347
cv,train,3,O74035__L118A,4.880000114440918,4.385769844055176
cv,train,3,P00644__K160A,0.5,-0.17167258262634277
cv,train,3,P00509__E253K,7.300000190734863,6.882868766784668
cv,train,3,P02945__T60A,1.0,0.33544546365737915
cv,train,3,P00592__H70K,2.6549999713897705,2.623795747756958
cv,train,3,P00698__R86K,0.03999999910593033,-0.20110520720481873
cv,train,3,P00644__K179E,0.5,0.20423120260238647
cv,train,3,P00644__K91G,1.899999976158142,1.5265827178955078
cv,train,3,P00509__K63E,4.800000190734863,4.250881195068359
cv,train,3,P00648__G81R,2.5999999046325684,2.4365200996398926
cv,train,3,P02417__F5V,3.990000009536743,3.698453187942505
cv,train,3,P03051__D30Y,-0.20000000298023224,-0.7450499534606934
cv,train,3,P00644__P124G,0.3499999940395355,0.012498798780143261
cv,train,3,P00698__A49V,-1.2000000476837158,-1.7106916904449463
cv,train,3,P00282__I40V,0.3799999952316284,-0.2719537615776062
cv,train,3,P00644__Y175F,1.899999976158142,1.2584701776504517
cv,train,3,P05798__E54Q,2.0,1.6111657619476318
cv,train,3,P00257__Y140S,0.33000001311302185,0.1967213749885559
cv,train,3,P01053__K44A,0.6499999761581421,0.2405472993850708
cv,train,3,P00644__T126S,0.0,-0.4747452139854431
cv,train,3,P00644__N201G,1.149999976158142,0.3111655116081238
cv,train,3,P00644__E217G,1.600000023841858,1.2669304609298706
cv,train,3,P00929__E49M,-3.5999999046325684,-4.0390753746032715
cv,train,3,P00004__L95A,3.5,2.984076499938965
cv,train,3,P02185__L30V,1.7000000476837158,0.9639341235160828
cv,train,3,P00644__V181G,4.650000095367432,4.216655731201172
cv,train,3,P00644__R208G,2.9000000953674316,2.411465883255005
cv,train,3,P01584__N123D,-0.26499998569488525,-0.5564320683479309
cv,train,3,P00648__H65G,0.5,0.19473600387573242
cv,train,3,P02633__L10V,1.9500000476837158,1.6079527139663696
cv,train,3,P01625__T100H,-0.699999988079071,-0.7723118662834167
cv,train,3,P04271__L4S,-0.800000011920929,-1.045251727104187
cv,train,3,P00720__A93S,0.15000000596046448,-0.2627406716346741
cv,train,3,P04637__Y220C,4.090000152587891,3.7407453060150146
cv,train,3,P00720__S44T,-0.004999999888241291,-0.3476015329360962
cv,train,3,P02185__L150A,1.600000023841858,1.3819806575775146
cv,train,3,P02417__V21L,1.2300000190734863,0.8033031821250916
cv,train,3,P02185__F124A,0.699999988079071,0.4954380393028259
cv,train,3,P03034__G49S,-0.6800000071525574,-0.9659269452095032
cv,train,3,P00974__D85A,0.4000000059604645,0.003464910201728344
cv,train,3,P00720__G28A,2.0999999046325684,1.611940622329712
cv,train,3,P00720__I100V,0.4000000059604645,-0.2690970301628113
cv,train,3,P05413__T40V,0.800000011920929,0.2094830870628357
cv,train,3,P00698__N37K,1.059999942779541,0.40576446056365967
cv,train,3,P01308__T97A,-0.1599999964237213,-0.40337681770324707
cv,train,3,P00644__L119V,2.799999952316284,2.0515646934509277
cv,train,3,P00648__T73A,1.899999976158142,1.2501797676086426
cv,train,3,P06241__S124D,2.009999990463257,1.5769007205963135
cv,train,3,P00094__K35E,1.100000023841858,0.6157380938529968
cv,train,3,P04637__A347G,1.850000023841858,1.3764513731002808
cv,train,3,P00644__K153A,0.4000000059604645,0.12495175004005432
cv,train,3,P02751__A1594G,2.5,1.98635995388031
cv,train,3,P04637__R335A,1.4500000476837158,1.0495266914367676
cv,train,3,P00282__L145A,1.434999942779541,1.0583200454711914
cv,train,3,P00648__G81T,3.25,2.8341288566589355
cv,train,3,P00644__K145A,0.4000000059604645,0.04636586084961891
cv,train,3,P00651__Y37F,2.069999933242798,1.783477544784546
cv,train,3,P00644__Y167F,0.10000000149011612,-0.2365376353263855
cv,train,3,P00648__T53E,0.27000001072883606,0.06178039684891701
cv,train,3,P00720__A42I,4.400000095367432,3.5110230445861816
cv,train,3,P01053__Q42G,0.699999988079071,0.36242014169692993
cv,train,3,P00974__F39A,3.0,2.4970808029174805
cv,train,3,P00974__M87A,1.7000000476837158,1.397789478302002
cv,train,3,P00644__P113A,0.550000011920929,0.11512988805770874
cv,train,3,P00644__M147A,2.0,1.692838430404663
cv,train,3,P02185__H114Q,-0.10000000149011612,-0.4792538285255432
cv,train,3,P01053__L52V,0.6000000238418579,0.3271830677986145
cv,train,3,P05230__V124I,0.009999999776482582,-0.5349941849708557
cv,train,3,P01857__L281A,0.10000000149011612,-0.17407506704330444
cv,train,3,P00644__K215G,3.200000047683716,2.7937686443328857
cv,train,3,P04637__F328A,4.800000190734863,4.31489896774292
cv,train,3,P01241__E100Q,0.699999988079071,0.32512152194976807
cv,train,3,P00720__E22K,-0.5849999785423279,-0.7550365328788757
cv,train,3,P00644__A227V,0.30000001192092896,0.0033189682289958
cv,train,3,P01009__K355F,1.1050000190734863,0.37259072065353394
cv,train,3,P00720__S117A,-1.2699999809265137,-1.836308479309082
cv,train,3,P00974__I54A,2.0999999046325684,1.888049840927124
cv,train,3,P00044__N58T,-1.350000023841858,-2.137742042541504
cv,train,3,P00720__P86A,0.4000000059604645,-0.3624420762062073
cv,train,3,P02185__F124K,1.399999976158142,1.355966329574585
cv,train,3,P05798__V2T,0.8999999761581421,0.7482380270957947
cv,train,3,P00282__I27A,3.2750000953674316,2.9820775985717773
cv,train,3,P00648__Q78A,-0.10000000149011612,-0.5924570560455322
cv,train,3,P00648__I98V,1.7999999523162842,1.2586522102355957
cv,train,3,P02945__I58A,1.899999976158142,1.4121770858764648
cv,train,3,P00698__T58S,0.27000001072883606,-0.21853739023208618
cv,train,3,P00648__L80Q,1.2999999523162842,1.0924346446990967
cv,train,3,P00644__F116G,5.75,5.284003734588623
cv,train,3,P00644__T123I,-0.699999988079071,-1.1821212768554688
cv,train,3,P00648__Q151A,0.12999999523162842,-0.3581756353378296
cv,train,3,P00651__Y71W,-0.7400000095367432,-1.2626301050186157
cv,train,3,P06241__A89G,1.600000023841858,1.0293830633163452
cv,train,3,P00644__L119G,3.799999952316284,3.21476149559021
cv,train,3,P00651__A47H,0.3499999940395355,0.32501524686813354
cv,train,3,P00720__N144H,0.10000000149011612,-0.45432335138320923
cv,train,3,P00720__R96I,2.8499999046325684,2.426873207092285
cv,train,3,P04637__Y236F,-0.27000001072883606,-0.7348073124885559
cv,train,3,P01053__S32G,-0.6499999761581421,-1.0260177850723267
cv,train,3,P00974__P48A,1.399999976158142,0.8272907137870789
cv,train,3,P02185__I29M,0.6000000238418579,0.2526683211326599
cv,train,3,P00644__W222L,4.5,4.2236433029174805
cv,train,3,P00644__I174M,1.600000023841858,1.4124090671539307
cv,train,3,P00648__A79N,0.5,0.07657915353775024
cv,train,3,P02751__Y1605F,2.0299999713897705,1.4954917430877686
cv,train,3,P04179__Q143N,-1.2000000476837158,-1.5781525373458862
cv,train,3,P01857__V280A,0.6000000238418579,0.34063929319381714
cv,train,3,P04271__F15A,4.460000038146973,4.157060623168945
cv,train,3,P00644__I221A,3.299999952316284,2.792947769165039
cv,train,3,P06241__F109L,0.800000011920929,0.22881382703781128
cv,train,3,P05230__C132V,0.30000001192092896,-0.02426150068640709
cv,train,3,P00644__L219V,1.399999976158142,0.8187224268913269
cv,train,3,P00644__L171V,1.399999976158142,1.0215260982513428
cv,train,3,P02185__L136I,1.5,0.6045433878898621
cv,train,3,P03040__A36S,-0.30000001192092896,-0.6908162236213684
cv,train,3,P02633__D23N,-0.7400000095367432,-1.1057065725326538
cv,train,3,P00929__E49Y,0.0,-0.8068583607673645
cv,train,3,P00257__C153S,-0.9599999785423279,-0.9430425763130188
cv,train,3,P05413__T40E,2.4000000953674316,1.9527058601379395
cv,train,3,P00648__T152V,2.200000047683716,1.5182428359985352
cv,train,3,P00644__L96A,2.299999952316284,1.8995448350906372
cv,train,3,P02185__G66A,0.10000000149011612,-0.2401849627494812
cv,train,3,3PG0_A__D109P,-0.20000000298023224,-0.6155793070793152
cv,train,3,P06241__E107Q,0.7200000286102295,0.2313327193260193
cv,train,3,P04637__E343A,0.6499999761581421,0.2706392705440521
cv,train,3,P00644__T104C,0.8999999761581421,0.6843289732933044
cv,train,3,P00648__D91E,-0.20000000298023224,-0.45523613691329956
cv,train,3,P00282__F130A,5.019999980926514,4.499409198760986
cv,train,3,P00644__N182G,5.0,4.44865608215332
cv,train,3,P00644__E139G,1.399999976158142,1.088749885559082
cv,train,3,P00644__F143G,4.75,4.080484390258789
cv,train,3,P00720__T152A,1.5,0.7523662447929382
cv,train,3,P00720__V131L,-0.09000000357627869,-0.595101535320282
cv,train,3,P00644__K198G,-1.0,-1.3003185987472534
cv,train,3,P00644__T164G,2.0,1.3090994358062744
cv,train,3,P03050__V22A,3.0199999809265137,2.505854606628418
cv,train,3,P00099__E65Y,-0.6499999761581421,-0.9834418296813965
cv,train,3,P00025__K74F,1.149999976158142,0.7228955626487732
cv,train,3,P00644__R117G,2.200000047683716,1.7802379131317139
cv,train,3,P00952__T51P,0.7699999809265137,0.18892258405685425
cv,train,3,P02751__V1587A,2.4200000762939453,2.1006481647491455
cv,train,3,P00644__T144G,3.450000047683716,2.7331645488739014
cv,train,3,P00644__Y197A,0.25,-0.2174583077430725
cv,train,3,P00720__K43A,1.065000057220459,0.5520743727684021
cv,train,3,P00644__T164C,0.10000000149011612,-0.2379489541053772
cv,train,3,P04637__I195T,4.119999885559082,3.611698627471924
cv,train,3,P03050__D20G,2.0950000286102295,1.5680291652679443
cv,train,3,P00648__A79Q,0.4000000059604645,0.2188529372215271
cv,train,3,P00644__R169G,2.5,2.199599504470825
cv,train,3,P00940__Q179A,-0.10000000149011612,-0.504150927066803
cv,train,3,P06241__E107H,0.9950000047683716,0.674785315990448
cv,train,3,P00648__D55A,0.8500000238418579,0.33491796255111694
cv,train,3,P00929__E49N,-0.3499999940395355,-0.3446846604347229
cv,train,3,P00644__V181E,6.75,6.376101493835449
cv,train,3,P00644__K166A,-0.15000000596046448,-0.3485528826713562
cv,train,3,P00644__N182A,4.800000190734863,4.275287628173828
cv,train,3,P00698__I73T,4.099999904632568,3.5231547355651855
cv,train,3,P01051__L27A,0.18000000715255737,-0.2526320219039917
cv,train,3,P00644__K160Q,0.10000000149011612,-0.2452906370162964
cv,train,3,P01009__K411R,-0.949999988079071,-1.057676076889038
cv,train,3,P00929__G211S,-0.20000000298023224,-0.509645402431488
cv,train,3,P00651__V104A,4.090000152587891,3.5758581161499023
cv,train,3,P05798__N39S,2.299999952316284,2.1217315196990967
cv,train,3,P00644__D122A,-0.30000001192092896,-0.8287623524665833
cv,train,3,P03050__Q39A,-0.10000000149011612,-0.4575933516025543
cv,train,3,P00648__E76S,1.2000000476837158,1.2872776985168457
cv,train,3,O74035__E8A,-2.450000047683716,-2.639148712158203
cv,train,3,P01241__E100T,1.100000023841858,0.9894753098487854
cv,train,3,P01053__K44G,3.25,2.6587352752685547
cv,train,3,P00171__V50Y,1.5399999618530273,1.2012529373168945
cv,train,3,P00644__I174A,4.0,3.5128462314605713
cv,train,3,P01053__K38A,-0.2199999988079071,-0.663815438747406
cv,train,3,P00651__A47R,0.4099999964237213,0.13392537832260132
cv,train,3,P01053__E34D,0.5199999809265137,0.34601259231567383
cv,train,3,P03034__A21G,-0.8999999761581421,-1.2758941650390625
cv,train,3,P00644__K153F,0.0,-0.36185407638549805
cv,train,3,P00644__K110Q,0.30000001192092896,0.02244347706437111
cv,train,3,P00720__D20S,-0.44999998807907104,-0.7523084282875061
cv,train,3,P00818__E84D,1.5,1.2034915685653687
cv,train,3,P00509__C181A,1.2000000476837158,0.7392343282699585
cv,train,3,P00720__I3V,0.5,0.08338308334350586
cv,train,3,P00974__G47D,4.300000190734863,3.783557891845703
cv,train,3,P00644__D159N,2.700000047683716,2.4171316623687744
cv,train,3,P00918__I255C,0.30000001192092896,-0.24206560850143433
cv,train,3,P00644__Q162A,0.05000000074505806,-0.2881799638271332
cv,train,3,P00509__C258A,1.7000000476837158,1.2794445753097534
cv,train,3,P02185__K141A,-0.42500001192092896,-0.7494012117385864
cv,train,3,P02751__P1601A,0.35499998927116394,0.010800781659781933
cv,train,3,P03050__R13A,0.6000000238418579,0.4500158131122589
cv,train,3,P04271__M8A,2.0,1.751590609550476
cv,train,3,P01053__P26A,1.5700000524520874,0.9464529156684875
cv,train,3,P02185__A126L,-0.5,-1.0926167964935303
cv,train,3,P00974__C65T,7.800000190734863,7.168691635131836
cv,train,3,P00698__T136P,1.850000023841858,1.4051467180252075
cv,train,3,P00720__S117I,-1.5499999523162842,-1.7896977663040161
cv,train,3,P00644__Y109V,2.5999999046325684,2.0786380767822266
cv,train,3,P02185__L136V,2.200000047683716,1.5699431896209717
cv,train,3,P00644__K218G,0.0,-0.28390830755233765
cv,train,3,P00257__T112A,1.309999942779541,0.8632695078849792
cv,train,3,P00644__K145F,1.7999999523162842,1.2825597524642944
cv,train,3,P00644__K160E,0.699999988079071,0.37912529706954956
cv,train,3,P00698__M123T,0.6200000047683716,0.3502195477485657
cv,train,3,P00720__T157F,3.5999999046325684,3.2149910926818848
cv,train,3,P01053__D72A,3.3499999046325684,2.859524726867676
cv,train,3,P02417__K7M,-0.3499999940395355,-0.5844890475273132
cv,train,3,P00720__M106A,2.0,1.587252140045166
cv,train,3,P00698__S109A,0.15000000596046448,-0.5878761410713196
cv,train,3,P00644__H90A,0.4000000059604645,0.12002003192901611
cv,train,3,P00648__Y144G,6.599999904632568,6.630702972412109
cv,train,3,P00648__S132A,0.11999999731779099,-0.4299169182777405
cv,train,3,P03034__Y23H,2.25,2.1911613941192627
cv,train,3,P03050__G3A,-0.30000001192092896,-0.5122859477996826
cv,train,3,P00644__V193I,0.699999988079071,-0.1716335415840149
cv,train,3,P01053__S32A,-0.75,-1.0784621238708496
cv,train,3,P00644__V186I,-0.25,-0.8986695408821106
cv,train,3,P00644__I100L,0.15000000596046448,-0.3596612811088562
cv,train,3,P05230__L59W,0.10000000149011612,-0.3420944809913635
cv,train,3,P00644__V156S,5.400000095367432,4.861031532287598
cv,train,3,P00282__I27S,3.9000000953674316,3.5157155990600586
cv,train,3,P00644__D225A,0.10000000149011612,-0.2982613444328308
cv,train,3,P00004__L95V,1.0,0.5202677845954895
cv,train,3,P00644__E139C,0.6499999761581421,0.36582618951797485
cv,train,3,P01053__V80G,3.200000047683716,2.567934989929199
cv,train,3,P00720__M102A,2.8499999046325684,2.621734142303467
cv,train,3,P00952__I52L,-0.05000000074505806,-0.8151523470878601
cv,train,3,P00644__P93F,0.550000011920929,0.0868714451789856
cv,train,3,P00644__V121T,1.2999999523162842,0.3649246096611023
cv,train,3,P04637__F328L,2.450000047683716,2.072624683380127
cv,train,3,P00509__E3A,3.4000000953674316,2.942610740661621
cv,train,3,P00644__A212G,1.0,0.4445238709449768
cv,train,3,P00644__P138A,0.0,-0.3867095112800598
cv,train,3,P00282__I40T,2.0999999046325684,1.7022559642791748
cv,train,3,P00644__V148I,0.8999999761581421,0.09593194723129272
cv,train,3,P00720__I50M,0.800000011920929,0.4666360020637512
cv,train,3,P00651__Q51K,-0.9300000071525574,-1.2862143516540527
cv,train,3,P03050__N11A,-0.5,-0.6566352844238281
cv,train,3,P06241__E107G,2.2950000762939453,2.1351256370544434
cv,train,3,P00720__R96D,2.9000000953674316,2.681551218032837
cv,train,3,P03051__D30V,0.4000000059604645,0.0277637280523777
cv,train,3,P00929__E49C,-2.799999952316284,-3.028984546661377
cv,train,3,P01236__H55A,-0.699999988079071,-0.9755994081497192
cv,train,3,P00644__T115G,2.5,1.844916820526123
cv,train,3,P01625__K71T,2.299999952316284,1.7777765989303589
cv,train,3,P00720__E45A,-0.25,-0.46860435605049133
cv,train,3,P00720__N116A,-0.1850000023841858,-0.5307572484016418
cv,train,3,P01053__K31A,-0.41999998688697815,-0.9001819491386414
cv,train,3,P00644__V196T,0.30000001192092896,-0.13153725862503052
cv,train,3,P01308__T97H,-1.7599999904632568,-2.059451103210449
cv,train,3,P03040__Y26V,-0.699999988079071,-1.0709627866744995
cv,train,3,P06241__L101I,0.699999988079071,0.07693475484848022
cv,train,3,P06241__E107T,0.6000000238418579,0.32600826025009155
cv,train,3,P00644__G132A,-0.20000000298023224,-0.6522812247276306
cv,train,3,P00720__K60H,0.30000001192092896,0.18294185400009155
cv,train,3,P00698__R39Q,0.15000000596046448,-0.08243399858474731
cv,train,3,P00644__E224A,0.30000001192092896,0.05951056256890297
cv,train,3,P00644__G102A,0.20000000298023224,-0.017960485070943832
cv,train,3,P00644__H206L,-1.2999999523162842,-1.7623240947723389
cv,train,3,P00644__K127Q,-0.05000000074505806,-0.19446724653244019
cv,train,3,P00094__Y96C,1.5,0.9613324999809265
cv,train,3,P03050__R31A,3.4000000953674316,2.921220541000366
cv,train,3,P01584__N123G,2.200000047683716,1.9201765060424805
cv,train,3,P04637__L344I,0.800000011920929,0.5214844942092896
cv,train,3,P00929__E49T,-0.949999988079071,-1.3612017631530762
cv,train,3,P00004__N53I,3.0999999046325684,2.3988654613494873
cv,train,3,P04637__R175A,0.7300000190734863,0.29411864280700684
cv,train,3,P02751__S1622A,-0.10499999672174454,-0.4648817181587219
cv,train,3,P00720__T34A,0.20000000298023224,-0.2967727780342102
cv,train,3,P00720__A82S,0.25,-0.172626793384552
cv,train,3,P00720__S44F,-0.07999999821186066,-0.704418420791626
cv,train,3,P00644__V133S,0.10000000149011612,-0.22390466928482056
cv,train,3,P00720__L91M,0.75,0.7402412295341492
cv,train,3,P00644__E217F,1.100000023841858,0.7372491955757141
cv,train,3,P00711__V61A,0.9150000214576721,0.48125869035720825
cv,train,3,P00644__V121S,2.4000000953674316,2.1278204917907715
cv,train,3,P02633__I77V,1.4149999618530273,1.023234486579895
cv,train,3,P00648__T126V,-0.25,-0.45745915174484253
cv,train,3,P00644__L107E,7.800000190734863,7.482646465301514
cv,train,3,P00644__A94V,1.100000023841858,0.38711756467819214
cv,train,3,P05230__G77N,0.8949999809265137,0.5835742354393005
cv,train,3,P05798__Y51F,2.299999952316284,1.8539083003997803
cv,train,3,P03050__I51A,1.899999976158142,1.7267990112304688
cv,train,3,P00644__M108G,1.899999976158142,1.5558712482452393
cv,train,3,P02185__F124T,3.049999952316284,2.411186695098877
cv,train,3,P05798__V36T,1.2999999523162842,0.680130660533905
cv,train,3,P00929__E49H,-2.799999952316284,-3.0641443729400635
cv,train,3,P00648__G99A,5.300000190734863,4.650103569030762
cv,train,3,P00720__A74P,4.699999809265137,3.947662830352783
cv,train,3,P01009__A31I,-0.800000011920929,-1.1175308227539062
cv,train,3,P01053__V54T,1.0299999713897705,0.7480613589286804
cv,train,3,P00648__H149A,0.23999999463558197,0.011129709891974926
cv,train,3,P00644__N150G,0.4000000059604645,-0.13114959001541138
cv,train,3,P03051__D30W,0.4000000059604645,-0.11601775884628296
cv,train,3,P03051__D30R,-0.800000011920929,-0.945809543132782
cv,train,3,P02751__I1571A,4.900000095367432,4.501736164093018
cv,train,3,P00711__I78W,0.9150000214576721,0.518966019153595
cv,train,3,P00644__T126C,0.20000000298023224,-0.1116674542427063
cv,train,3,P00720__M102L,0.8999999761581421,0.30396223068237305
cv,train,3,P03050__R16A,-0.20000000298023224,-0.3804769515991211
cv,train,3,P00648__G81N,2.700000047683716,2.489675998687744
cv,train,3,P01053__K38G,0.9800000190734863,0.48962676525115967
cv,train,3,P00644__T144V,0.20000000298023224,0.02073628082871437
cv,train,3,P05230__V124L,0.6000000238418579,0.2727891802787781
cv,train,3,P05798__D25H,-0.8999999761581421,-1.2662113904953003
cv,train,3,P00648__I102T,1.100000023841858,0.666160523891449
cv,train,3,P00720__L66M,1.0,0.762643039226532
cv,train,3,P00648__E76Q,0.20000000298023224,0.18069738149642944
cv,train,3,P00651__Y83F,0.4699999988079071,0.19731301069259644
cv,train,3,P02185__L136M,0.800000011920929,0.38803404569625854
cv,train,3,P00644__G111V,3.0,2.579160213470459
cv,train,3,P00720__D127A,-0.20000000298023224,-0.7010728716850281
cv,train,3,P00644__T95V,0.3499999940395355,-0.23840957880020142
cv,train,3,P00648__V57T,2.4800000190734863,2.1830532550811768
cv,train,3,P00648__V92A,1.659999966621399,1.2360743284225464
cv,train,3,P02751__Y1629A,1.100000023841858,0.6819862723350525
cv,train,3,P00720__E11A,-1.100000023841858,-1.3241944313049316
cv,train,3,P02751__I1625V,0.32499998807907104,-0.19504588842391968
cv,train,3,P00698__R91K,-0.23000000417232513,-0.6055083870887756
cv,train,3,P03034__P79A,1.600000023841858,1.1931120157241821
cv,train,3,P00698__D119A,-0.7599999904632568,-1.2543423175811768
cv,train,3,P00004__H34F,-0.699999988079071,-1.109010934829712
cv,train,3,P00929__E49S,-0.800000011920929,-1.082075834274292
cv,train,3,P00720__L121M,0.5,0.2942351698875427
cv,train,3,P00720__L91A,2.5999999046325684,2.1914749145507812
cv,train,3,P02417__L6A,3.0999999046325684,2.6381146907806396
cv,train,3,P01009__A272I,-2.049999952316284,-2.4895823001861572
cv,train,3,P00644__Y136L,3.3499999046325684,2.6513943672180176
cv,train,3,P00720__I3G,2.0,1.6317672729492188
cv,train,3,P00651__V104C,3.684999942779541,3.1154236793518066
cv,train,3,P02185__T68A,0.30000001192092896,-0.2379935383796692
cv,train,3,P00648__T53S,0.25999999046325684,-0.24633032083511353
cv,train,3,P00644__K216F,0.3499999940395355,-0.09370481967926025
cv,train,3,P00720__R96C,2.9000000953674316,2.4584717750549316
cv,train,3,P00563__D122N,1.190000057220459,0.827824056148529
cv,train,3,P00644__L89F,1.2000000476837158,0.87215656042099
cv,train,3,P00720__S44Y,-0.19499999284744263,-0.8502928614616394
cv,train,3,P01009__V79I,0.20000000298023224,-0.4288373589515686
cv,train,3,P03051__D30T,0.4000000059604645,-0.08423227071762085
cv,train,3,P01241__E100L,1.0,0.7774965167045593
cv,train,3,P00644__D101N,0.15000000596046448,-0.11604219675064087
cv,train,3,P00651__P99V,-2.069999933242798,-2.413778305053711
cv,train,3,P00044__P77T,1.7000000476837158,1.6184496879577637
cv,train,3,P00644__L185G,6.099999904632568,5.65133810043335
cv,train,3,P02185__D61A,0.125,-0.49577760696411133
cv,train,3,P00712__I108V,0.8999999761581421,0.21120470762252808
cv,train,3,P02417__L6V,0.4099999964237213,-0.1261487603187561
cv,train,3,P03050__V18A,0.6449999809265137,0.28455203771591187
cv,train,3,P00644__K146G,0.4000000059604645,0.0882607102394104
cv,train,3,P05413__F58S,3.015000104904175,2.9003589153289795
cv,train,3,P01053__E34N,0.6000000238418579,0.36200517416000366
cv,train,3,P00974__G92A,0.20000000298023224,-0.148085355758667
cv,train,3,P00929__P132G,0.800000011920929,0.2779986262321472
cv,train,3,P00644__L171I,1.100000023841858,0.49023741483688354
cv,train,3,P00644__D228A,0.20000000298023224,0.030154038220643997
cv,train,3,P05230__F147W,0.30000001192092896,0.06245845928788185
cv,train,3,P00818__I76V,1.399999976158142,0.9176011681556702
cv,train,3,P00644__D225G,0.20000000298023224,-0.2420503795146942
cv,train,3,P01857__F288A,2.5,2.1649045944213867
cv,train,3,P00648__Y71F,-0.09000000357627869,-0.6799573302268982
cv,train,3,P00720__R96A,2.0,1.597400188446045
cv,train,3,P03069__R273A,1.659999966621399,1.4455841779708862
cv,train,3,P04637__S260P,0.3199999928474426,-0.050426747649908066
cv,train,3,P02185__I29L,0.6000000238418579,0.12911206483840942
cv,train,3,P01053__V67A,4.90500020980835,4.299010753631592
cv,train,3,P03050__E27A,-0.4000000059604645,-0.3973962068557739
cv,train,3,P00648__R116M,2.450000047683716,2.2369308471679688
cv,train,3,P00644__L120V,0.15000000596046448,-0.22661906480789185
cv,train,3,P03051__D30N,-0.800000011920929,-1.1497125625610352
cv,train,3,P00648__D59G,0.8999999761581421,0.5810242295265198
cv,train,3,P00644__T123A,0.0,-0.4324565529823303
cv,train,3,P02751__Y1573A,2.0,1.5121757984161377
cv,train,3,P02185__L30M,-0.10000000149011612,-0.374683678150177
cv,train,3,P00257__H114T,1.2000000476837158,0.9384655356407166
cv,train,3,P00720__L66P,9.664999961853027,8.86994743347168
cv,train,3,P02945__Y56A,1.2999999523162842,0.6799280047416687
cv,train,3,P00644__P129F,0.30000001192092896,0.04326147213578224
cv,train,3,P01053__A36G,1.149999976158142,0.6597287058830261
cv,train,3,P00648__R116S,2.759999990463257,2.42655611038208
cv,train,3,1YYX_A__I98A,3.799999952316284,3.3693175315856934
cv,train,3,P02185__Q9A,-0.949999988079071,-1.2928199768066406
cv,train,3,P00720__M6A,1.600000023841858,1.2808102369308472
cv,train,3,P00044__K79L,0.029999999329447746,-0.5379608869552612
cv,train,3,P00720__D20T,-0.75,-1.1524564027786255
cv,train,3,P00720__M106L,-0.25,-0.9012170433998108
cv,train,3,P00698__R132H,-0.6800000071525574,-0.8886767625808716
cv,train,3,P00720__H31N,4.0,3.4466066360473633
cv,train,3,P00720__V75T,0.8999999761581421,0.15167301893234253
cv,train,3,P00720__N68A,0.05000000074505806,-0.38760796189308167
cv,train,3,P00651__V115S,4.885000228881836,4.238590240478516
cv,train,3,P04637__E326A,1.0,0.9241294264793396
cv,train,3,P00651__A47G,1.0,0.4942646622657776
cv,train,3,P00918__C205S,-0.10000000149011612,-0.7289595007896423
cv,train,3,P00648__Q62A,0.20000000298023224,-0.21222102642059326
cv,train,3,P00644__S210G,1.5,0.8228247761726379
cv,train,3,P02633__P24G,1.190000057220459,0.5826671719551086
cv,train,3,P00929__G234D,-1.7000000476837158,-2.0356578826904297
cv,train,3,P00720__V149I,0.10000000149011612,-0.7009437680244446
cv,train,3,P02185__I143L,-0.6000000238418579,-1.1544427871704102
cv,train,3,P00648__T147G,2.799999952316284,2.0895004272460938
cv,train,3,P02185__L138A,0.30000001192092896,-0.1869102120399475
cv,train,3,P00282__I40A,1.7999999523162842,1.4316805601119995
cv,train,3,P00720__S44H,-0.019999999552965164,-0.3479294776916504
cv,train,3,P04637__Q104H,-0.23999999463558197,-0.6616365313529968
cv,train,3,P00974__G71D,2.799999952316284,2.426173686981201
cv,train,3,P00651__E84A,-0.4000000059604645,-0.8335800766944885
cv,train,3,P00720__I3Y,2.450000047683716,1.8931751251220703
cv,train,3,P00648__A79E,0.20000000298023224,-0.053248461335897446
cv,train,3,P04271__I12A,-1.2899999618530273,-1.43410325050354
cv,train,3,P00644__G137V,1.5,1.3352501392364502
cv,train,3,P00044__N58A,-2.484999895095825,-3.0985679626464844
cv,train,3,P00974__I53A,1.5,1.2723215818405151
cv,train,3,P00929__E49I,-6.550000190734863,-6.743717193603516
cv,train,3,P00929__F22I,4.190000057220459,3.577371120452881
cv,train,3,P00974__G47V,4.099999904632568,3.705249309539795
cv,train,3,P05798__D79H,-1.75,-2.4084391593933105
cv,train,3,P00651__Y68W,0.14000000059604645,-0.4336090683937073
cv,train,3,P00818__G46A,1.7000000476837158,1.2068713903427124
cv,train,3,P00644__M147I,1.399999976158142,0.8088469505310059
cv,train,3,P00644__L107V,1.7999999523162842,1.2226576805114746
cv,train,3,P00044__K79H,1.4249999523162842,1.0168299674987793
cv,train,3,P00648__H65S,2.1500000953674316,1.918835997581482
cv,train,3,P05230__C132I,-0.36000001430511475,-0.4897969365119934
cv,train,3,P00651__Y50W,-0.7699999809265137,-1.2023341655731201
cv,train,3,P00720__M106I,-0.10000000149011612,-0.6145759224891663
cv,train,3,P00648__Y60A,3.5,3.116328001022339
cv,train,3,P00720__V131D,-0.07999999821186066,-0.4808453917503357
cv,train,3,P00644__K160G,1.100000023841858,0.5494318604469299
cv,train,3,P02945__P50A,0.20000000298023224,-0.3338744044303894
cv,train,3,P00644__T115A,1.399999976158142,0.8192657828330994
cv,train,3,P00644__G132F,0.550000011920929,0.11490756273269653
cv,train,3,P00644__G178V,3.700000047683716,3.406601905822754
cv,train,3,P00720__M120Y,0.4000000059604645,0.04751831665635109
cv,train,3,P00644__M180L,2.299999952316284,1.9183902740478516
cv,train,3,P02185__L30I,1.100000023841858,0.24631255865097046
cv,train,3,P00044__N58L,-4.264999866485596,-4.8892388343811035
cv,train,3,P00648__I51V,1.100000023841858,0.680759608745575
cv,train,3,P00644__K130F,0.4000000059604645,-0.05168097838759422
cv,train,3,P00720__L121A,2.700000047683716,2.3053295612335205
cv,train,3,P00644__E134G,0.3499999940395355,0.23036447167396545
cv,train,3,P00974__K61A,0.0,-0.26264408230781555
cv,train,3,P00929__P207A,1.5,0.9932441115379333
cv,train,3,P00644__N200D,2.3499999046325684,1.48170804977417
cv,train,3,P03050__R16G,1.0750000476837158,0.7666781544685364
cv,train,3,P00712__W45F,2.25,1.4993541240692139
cv,train,3,P00720__V131T,0.10999999940395355,-0.5067813992500305
cv,train,3,P06241__W120V,1.0,0.5491661429405212
cv,train,3,P00644__I154M,1.7999999523162842,1.4979963302612305
cv,train,3,P00720__A129V,0.75,0.36202532052993774
cv,train,3,P00044__T102A,-0.8999999761581421,-1.5176410675048828
cv,train,3,P04637__F341I,4.449999809265137,3.744295597076416
cv,train,3,P00720__V111I,0.800000011920929,0.07469052076339722
cv,train,3,P05413__F65S,3.799999952316284,3.5307586193084717
cv,train,3,P00648__W141L,0.8299999833106995,0.3028568625450134
cv,train,3,P05413__F17Y,3.0199999809265137,2.569125175476074
cv,train,3,P02945__T59A,2.200000047683716,1.6099144220352173
cv,train,3,P00644__Y109N,3.799999952316284,3.43094539642334
cv,train,3,P00648__Y125F,1.375,1.0047531127929688
cv,train,3,P00644__K152W,0.4000000059604645,0.19768917560577393
cv,train,3,P03958__W264F,-8.640000343322754,-9.204806327819824
cv,train,3,P00644__H203A,2.9000000953674316,2.3126611709594727
cv,train,3,P00818__V52A,1.899999976158142,1.574182391166687
cv,train,3,1YYX_A__F65A,2.5,2.0154895782470703
cv,train,3,P00974__F68L,2.0,1.9336631298065186
cv,train,3,P00644__V133A,0.20000000298023224,0.016148749738931656
cv,train,3,P00720__V103A,1.7549999952316284,1.1656453609466553
cv,train,3,P00648__H65R,1.0499999523162842,1.0373947620391846
cv,train,3,P00720__A129W,3.200000047683716,2.496610164642334
cv,train,3,P00720__F104A,2.700000047683716,2.109739303588867
cv,train,3,P00720__L118A,3.3499999046325684,2.7288899421691895
cv,train,3,P00918__E117A,4.699999809265137,4.413895606994629
cv,train,3,P00720__R96L,3.200000047683716,2.726764678955078
cv,train,3,P00720__I17A,2.700000047683716,2.3347458839416504
cv,train,3,P00648__Y64A,2.0999999046325684,1.6236064434051514
cv,train,3,P00644__D103N,-1.399999976158142,-1.862738847732544
cv,train,3,P00974__Y70G,5.0,4.712195873260498
cv,train,3,P01053__E34A,-0.6000000238418579,-0.8324305415153503
cv,train,3,P01236__H58A,-2.5999999046325684,-2.8520431518554688
cv,train,3,P02751__I1557V,0.30000001192092896,-0.064730703830719
cv,train,3,P00044__G7A,1.2999999523162842,0.9378287196159363
cv,train,3,P00929__A18G,2.0999999046325684,1.5412851572036743
cv,train,3,P00644__P199L,-0.20000000298023224,-0.5428237318992615
cv,train,3,P00974__Y70A,4.699999809265137,4.379579067230225
cv,train,3,P00720__S44N,0.11999999731779099,-0.23946982622146606
cv,train,3,P00651__V42A,2.25,1.8467870950698853
cv,train,3,P02625__H27P,-1.25,-1.4561976194381714
cv,train,3,P00818__E30D,3.5,3.121741771697998
cv,train,3,P00818__P55A,0.5,0.07733434438705444
cv,train,3,P05413__L67G,3.700000047683716,3.198906898498535
cv,train,3,P00644__I97V,0.800000011920929,0.29155832529067993
cv,train,3,P00644__I97L,0.6000000238418579,-0.021789606660604477
cv,train,3,P00644__K110F,0.800000011920929,0.3094976544380188
cv,train,3,P02693__I24C,-1.100000023841858,-1.361466407775879
cv,train,3,P00720__L32A,3.0,2.509171724319458
cv,train,3,P00044__A13L,-0.30000001192092896,-0.6399900317192078
cv,train,3,P00004__H27V,3.799999952316284,3.2898786067962646
cv,train,3,P00644__E125A,-0.30000001192092896,-0.6614187955856323
cv,train,3,P00644__V193G,4.800000190734863,4.109623432159424
cv,train,3,P01006__M104K,-0.3499999940395355,-0.5247825980186462
cv,train,3,P03069__E259Q,0.7400000095367432,0.25259941816329956
cv,train,3,P00644__I154V,1.7999999523162842,1.1860452890396118
cv,train,3,P03050__R23G,1.5700000524520874,1.1252886056900024
cv,train,3,P00644__V186S,4.900000095367432,4.371096611022949
cv,train,3,P03034__Q45Y,0.019999999552965164,-0.27006465196609497
cv,train,3,P00644__E204F,0.699999988079071,0.4620975852012634
cv,train,3,P00918__H107A,8.300000190734863,7.7884650230407715
cv,train,3,O74035__I56A,3.684999942779541,3.254161834716797
cv,train,3,P01006__M104E,-0.5600000023841858,-0.8437811732292175
cv,train,3,P00282__V51T,2.5999999046325684,2.2625787258148193
cv,train,3,P05230__C132S,0.6000000238418579,0.3392142653465271
cv,train,3,P05230__L59P,-0.6899999976158142,-0.8295798897743225
cv,train,3,P00918__H107N,5.400000095367432,4.555588722229004
cv,train,3,P00644__K145Q,0.8999999761581421,0.6614367365837097
cv,train,3,P00644__M180I,4.400000095367432,4.076194763183594
cv,train,3,P00644__D101A,0.10000000149011612,-0.49918133020401
cv,train,3,P02417__H106Q,1.3350000381469727,0.9091230630874634
cv,train,3,P04637__A129S,0.1899999976158142,-0.4255790114402771
cv,train,3,P00644__F158W,1.0,0.48300856351852417
cv,train,3,P00651__H118A,1.059999942779541,0.6617118120193481
cv,train,3,P05413__W9E,3.799999952316284,3.7076385021209717
cv,train,3,P00698__I73M,2.2699999809265137,1.8960838317871094
cv,train,3,P01236__H201A,-0.10000000149011612,-0.44794583320617676
cv,train,3,P00644__E155A,1.399999976158142,1.4943017959594727
cv,train,3,P02185__I143V,0.10000000149011612,-0.22998493909835815
cv,train,3,P00720__L84A,3.700000047683716,3.169243812561035
cv,train,3,P00651__V78T,3.5999999046325684,3.065108299255371
cv,train,3,P00918__H107Y,9.199999809265137,9.045488357543945
cv,train,3,P00648__T53P,3.140000104904175,2.7537026405334473
cv,train,3,P00712__I114V,1.7000000476837158,1.1817831993103027
cv,train,3,P01053__T23G,1.159999966621399,0.5776682496070862
cv,train,3,P04925__V209I,0.18000000715255737,-0.5748546719551086
cv,train,3,P00651__A47N,-0.3400000035762787,-0.6646128296852112
cv,train,3,P00644__K153G,1.100000023841858,0.829686164855957
cv,train,3,P05230__L88V,1.4800000190734863,0.9362596869468689
cv,train,3,P00644__L207V,2.299999952316284,2.0074586868286133
cv,train,3,P00651__N35A,0.800000011920929,0.30837947130203247
cv,train,3,P00720__L39A,0.8999999761581421,0.7542005181312561
cv,train,3,P02945__K53A,0.30000001192092896,0.10318583250045776
cv,train,3,P00644__I100G,2.549999952316284,2.162417411804199
cv,train,3,P00644__V105S,4.699999809265137,4.277724742889404
cv,train,3,P02631__P22A,0.699999988079071,0.10960575938224792
cv,train,3,P00644__Y109G,5.300000190734863,4.886447906494141
cv,train,3,P00282__Y128A,3.5899999141693115,3.4265542030334473
cv,train,3,P02945__L71A,-0.30000001192092896,-0.6998218894004822
cv,train,3,P03050__R13G,-0.33000001311302185,-0.5108985304832458
cv,train,3,P00644__K192G,2.700000047683716,2.2448203563690186
cv,train,3,O74035__L33A,4.21999979019165,3.81534481048584
cv,train,3,P00644__I97A,2.6500000953674316,2.2996015548706055
cv,train,3,P00644__Q188A,-0.15000000596046448,-0.6149342656135559
cv,train,3,P01625__K56R,0.800000011920929,0.4492252469062805
cv,train,3,P00711__L129R,-0.41499999165534973,-0.45409685373306274
cv,train,3,P00644__L207E,6.150000095367432,5.754480361938477
cv,train,3,P00648__A79W,1.0499999523162842,0.5690440535545349
cv,train,3,P00644__K131G,0.20000000298023224,-0.23663288354873657
cv,train,3,P00644__K146A,-0.15000000596046448,-0.5457384586334229
cv,train,3,P00929__E49P,-0.699999988079071,-1.2137701511383057
cv,train,3,P03050__M42A,3.2850000858306885,2.899094581604004
cv,train,3,P00644__V196S,0.0,-0.29206568002700806
cv,train,3,P00929__I232V,1.5,0.9925422072410583
cv,train,3,P00974__G72D,1.7000000476837158,1.1783173084259033
cv,train,3,P01009__A31V,-0.5,-0.6323636770248413
cv,val,3,P00651__Y82F,0.7450000047683716,-1.6826255321502686
cv,val,3,P00644__R169A,0.800000011920929,2.4742488861083984
cv,val,3,P00698__F52Y,-0.1899999976158142,-1.0060979127883911
cv,val,3,P00648__S75E,-0.5,0.5514429211616516
cv,val,3,P00171__V66Y,1.315000057220459,0.8301120400428772
cv,val,3,P00644__A142C,1.149999976158142,1.0103318691253662
cv,val,3,P00044__Y103F,-0.10000000149011612,-0.5957111716270447
cv,val,3,P00644__E139K,0.05000000074505806,0.09677284955978394
cv,val,3,P00818__V18A,1.7999999523162842,2.6984786987304688
cv,val,3,P05798__D79A,0.8999999761581421,-0.877261221408844
cv,val,3,P00644__L219I,0.800000011920929,-0.1400579810142517
cv,val,3,P00644__I97G,3.299999952316284,2.953322410583496
cv,val,3,P00171__V50T,1.0,0.037793342024087906
cv,val,3,P00648__G99V,8.399999618530273,4.042800426483154
cv,val,3,P00644__A142V,2.75,1.7594271898269653
cv,val,3,P02185__V14A,0.10000000149011612,0.11695283651351929
cv,val,3,P00648__A79M,0.20000000298023224,0.79344242811203
cv,val,3,P00644__V186G,6.0,3.810763120651245
cv,val,3,P00720__A129F,1.899999976158142,0.8887168765068054
cv,val,3,P00648__L136T,2.5,5.032601356506348
cv,val,3,P00720__R96M,2.5999999046325684,0.9611615538597107
cv,val,3,P00644__I154G,6.0,4.341219902038574
cv,val,3,P00644__A151G,2.0,1.9877545833587646
cv,val,3,P00720__R96Q,0.5,1.2598936557769775
cv,val,3,P03040__Q16L,-2.0999999046325684,2.562758207321167
cv,val,3,P00644__E157V,2.299999952316284,0.42822933197021484
cv,val,3,P00648__E76A,1.25,1.1899386644363403
cv,val,3,1YYX_A__M33A,3.5,1.9910348653793335
cv,val,3,P00720__T152V,-0.20000000298023224,1.1200172901153564
cv,val,3,P00720__I78A,1.2000000476837158,2.846445083618164
cv,val,3,P00644__L185V,2.0,2.9406609535217285
cv,val,3,P05798__Y86F,0.30000001192092896,-1.5386492013931274
cv,val,3,P00644__Y109T,3.200000047683716,3.1758902072906494
cv,val,3,P00282__F117A,2.630000114440918,1.7910408973693848
cv,val,3,P00644__S210F,1.0,-2.066819906234741
cv,val,3,P00644__K91F,1.0,1.649665355682373
cv,val,3,P00720__T157A,1.0,1.6563544273376465
cv,val,3,P00644__S141F,-0.30000001192092896,-0.44886988401412964
cv,val,3,P00720__N132F,-1.2999999523162842,0.8078863024711609
cv,val,3,P03050__M1A,0.10000000149011612,-0.04512874409556389
cv,val,3,P00282__L70A,1.7899999618530273,1.3118884563446045
cv,val,3,P00648__N52A,1.850000023841858,-0.10648208856582642
cv,val,3,P00720__T157H,2.0999999046325684,2.597698211669922
cv,val,3,P02185__I29A,-0.07999999821186066,2.0132288932800293
cv,val,3,P00648__A79Y,0.699999988079071,0.10400527715682983
cv,val,3,P00648__A79L,0.10000000149011612,0.005907001905143261
cv,val,3,P02185__D45A,0.17499999701976776,0.01998860016465187
cv,val,3,P00698__G120V,0.03999999910593033,1.0558816194534302
cv,val,3,P00644__L171F,1.2000000476837158,1.4881579875946045
cv,val,3,P00644__A194C,0.800000011920929,-0.2051435112953186
cv,val,3,P00974__Y45A,1.2000000476837158,1.11806321144104
cv,val,3,P00644__T95G,1.100000023841858,0.9849773049354553
cv,val,3,P00171__V66E,1.0750000476837158,1.8245553970336914
cv,val,3,P00648__K66R,-0.6000000238418579,2.4554619789123535
cv,val,3,P00698__M30F,-0.2800000011920929,1.2568824291229248
cv,val,3,3PG0_A__Q102I,2.700000047683716,-0.045002277940511703
cv,val,3,P00720__I3P,2.880000114440918,1.7257027626037598
cv,val,3,P01006__M134V,1.840000033378601,2.8653976917266846
cv,val,3,P04637__F134L,4.78000020980835,3.268435478210449
cv,val,3,P00644__L89A,1.600000023841858,0.69050532579422
cv,val,3,P02417__L30A,2.759999990463257,3.046111583709717
cv,val,3,P00644__T164A,0.8999999761581421,0.5571016669273376
cv,val,3,P00648__D55S,0.75,-0.7230176329612732
cv,val,3,P01308__F49D,-0.6000000238418579,-0.11117905378341675
cv,val,3,P00698__S109Y,3.069999933242798,3.06105899810791
cv,val,3,P02417__E38Q,0.5600000023841858,-0.961293637752533
cv,val,3,P00720__R96P,5.75,2.743147850036621
cv,val,3,P00644__G161A,2.25,1.137483835220337
cv,val,3,P00648__H65K,1.100000023841858,1.5665336847305298
cv,val,3,P00974__G63A,1.0,0.5067841410636902
cv,val,3,P00712__T57A,1.2999999523162842,1.3096635341644287
cv,val,3,P00811__Y166F,0.8999999761581421,1.6958775520324707
cv,val,3,P00974__E84A,0.20000000298023224,-1.6040282249450684
cv,val,3,P02185__L70M,0.0,0.5986923575401306
cv,val,3,P00644__R187F,3.0999999046325684,1.3776073455810547
cv,val,3,3PG0_A__K77V,-0.800000011920929,-0.10351604223251343
cv,val,3,P00720__I100M,1.600000023841858,0.9338244795799255
cv,val,3,P01241__E100A,0.8999999761581421,1.5038107633590698
cv,val,3,P00044__N58V,-1.8600000143051147,-2.822697162628174
cv,val,3,P00644__V156I,1.7999999523162842,0.07115548849105835
cv,val,3,P00698__G89A,1.2400000095367432,1.438190221786499
cv,val,3,P01009__S405A,-0.949999988079071,0.19879382848739624
cv,val,3,P00593__H70Q,0.5,0.98346346616745
cv,val,3,P00720__S90H,1.100000023841858,-0.3144451975822449
cv,val,3,P00644__D177G,2.75,3.2105472087860107
cv,val,3,2IMM_A__Q85E,0.4000000059604645,-0.34100690484046936
cv,val,3,P00929__F22L,1.0099999904632568,-0.4845595955848694
cv,val,3,P00651__S38A,1.1549999713897705,1.7955421209335327
cv,val,3,P00720__I3D,2.700000047683716,1.391519546508789
cv,val,3,P01053__I49T,1.2000000476837158,1.3073070049285889
cv,val,3,P01625__Q115H,0.8500000238418579,0.3965916037559509
cv,val,3,P00644__L190I,3.299999952316284,1.6541223526000977
cv,val,3,P00929__G211D,0.550000011920929,0.8753947615623474
cv,val,3,P02185__I29V,0.0,0.2842636704444885
cv,val,3,P00644__E157A,1.899999976158142,1.085952877998352
cv,val,3,P00644__D101G,0.4000000059604645,-1.9393751621246338
cv,val,3,P00720__S44P,3.015000104904175,0.34127503633499146
cv,val,3,P00099__F56Y,-1.3300000429153442,-1.9478356838226318
cv,val,3,P00974__C65V,6.0,6.895229816436768
cv,val,3,P00698__N95H,0.3799999952316284,-1.857121467590332
cv,val,3,P00644__V148K,4.800000190734863,3.4610698223114014
cv,val,3,P00720__W126R,5.320000171661377,0.7348787188529968
cv,val,3,P00648__W141Y,1.149999976158142,0.08429306745529175
cv,val,3,P00711__K133E,0.699999988079071,-0.14209407567977905
cv,val,3,P00720__V131M,-0.11999999731779099,-0.5275864005088806
cv,val,3,P00720__R96N,3.1500000953674316,2.928069591522217
cv,val,3,P00720__L133F,0.30000001192092896,0.9348476529121399
cv,val,3,P00644__K146E,1.600000023841858,-0.36979860067367554
cv,val,3,P03050__P15A,1.899999976158142,-0.790153443813324
cv,val,3,P00720__L133D,5.5,4.897378921508789
cv,val,3,P00648__A79H,0.699999988079071,-0.4885733723640442
cv,val,3,P00644__Y195A,-0.05000000074505806,0.2817046046257019
cv,val,3,P00651__A47T,0.5699999928474426,-0.19443458318710327
cv,val,3,P01241__S97V,1.25,-0.3246292471885681
cv,val,3,P00974__R52A,0.30000001192092896,-0.7115175724029541
cv,val,3,P02185__I143M,-0.8999999761581421,0.4656023383140564
cv,val,3,P01053__E35N,1.0700000524520874,1.0150936841964722
cv,val,3,P00818__Y12I,2.200000047683716,1.6523098945617676
cv,val,3,P00099__E92Q,-0.20000000298023224,-0.25828415155410767
cv,val,3,P00644__T104S,0.6000000238418579,-0.6418095231056213
cv,val,3,P03034__Q34Y,-1.3200000524520874,0.5615637898445129
cv,val,3,P00644__K160C,0.3499999940395355,-2.391115665435791
cv,val,3,P00644__E217Q,0.699999988079071,-0.7876084446907043
cv,val,3,P00720__S44W,-0.07500000298023224,-0.4294148087501526
cv,val,3,P02751__Y1629F,-0.10499999672174454,-0.7574857473373413
cv,val,3,P03050__I37V,1.3700000047683716,1.7508182525634766
cv,val,3,P03051__D30I,0.800000011920929,-1.5321881771087646
cv,val,3,P01006__M134L,0.02500000037252903,1.1716899871826172
cv,val,3,P00593__F44Y,-1.149999976158142,-0.7159711718559265
cv,val,3,P00644__E92Q,1.100000023841858,-0.8149608969688416
cv,val,3,P00720__A41S,0.699999988079071,0.8235415816307068
cv,val,3,P00644__Y195F,0.0,-0.5476420521736145
cv,val,3,P00698__D119F,-0.7200000286102295,-1.332343578338623
cv,val,3,P00644__Y109I,2.299999952316284,2.363779306411743
cv,val,3,P01006__M134A,2.200000047683716,3.604954481124878
cv,val,3,P03051__D30E,-1.0,-1.745856761932373
cv,val,3,P00644__L118I,3.0999999046325684,1.915097713470459
cv,val,3,P00509__C180G,0.0,2.070857524871826
cv,val,3,P00644__V196G,0.10000000149011612,2.175177574157715
cv,val,3,P00282__M141A,2.869999885559082,0.926839292049408
cv,val,3,P00720__F153A,3.5,3.115729808807373
cv,val,3,P05230__C98S,1.7999999523162842,0.6504407525062561
cv,val,3,P00648__V83A,1.2999999523162842,1.7896416187286377
cv,val,3,P00720__A73S,0.3499999940395355,0.09949606657028198
cv,val,3,P00720__T152I,0.4000000059604645,-0.25309568643569946
cv,val,3,P00720__A130S,0.8999999761581421,1.2486212253570557
cv,val,3,P02751__P1542A,-0.10999999940395355,1.3412585258483887
cv,val,3,1YYX_A__L94A,1.7000000476837158,2.4322803020477295
cv,val,3,P00720__A146I,4.005000114440918,1.2385072708129883
cv,val,3,P00720__S44G,0.5149999856948853,1.6153950691223145
cv,val,3,P04637__V203A,-0.49000000953674316,0.8112768530845642
cv,val,3,P02631__P27A,0.699999988079071,0.005254867486655712
cv,val,3,P00560__W334F,1.0149999856948853,-2.9039955139160156
cv,val,3,P00648__D101A,2.984999895095825,2.2641725540161133
cv,val,3,P03706__H48N,5.0,4.026453018188477
cv,val,3,P00644__V181A,3.200000047683716,2.7842907905578613
cv,val,3,P05413__K22I,0.0,-1.2067499160766602
cv,val,3,P00644__H128A,0.5,-0.9487422108650208
cv,val,3,P00644__V156G,6.099999904632568,5.001204967498779
cv,val,3,P00720__S44V,-0.10000000149011612,-0.696707546710968
cv,val,3,P05825__S276C,-5.940000057220459,-2.8148860931396484
cv,val,3,P00644__L107G,4.5,4.728741645812988
cv,val,3,P01009__A207F,-1.399999976158142,-1.5517537593841553
cv,val,3,P00644__L118E,5.849999904632568,4.129409313201904
cv,val,3,P00648__H65A,1.9249999523162842,0.44638529419898987
cv,val,3,P00720__L46A,2.4100000858306885,2.3551580905914307
cv,val,3,P00651__Y68F,-1.1449999809265137,0.8826779723167419
cv,val,3,P02693__L65G,2.5999999046325684,3.393317222595215
cv,val,3,P00044__A13Y,-0.30000001192092896,0.31931132078170776
cv,val,3,P00698__I116M,0.8500000238418579,1.4904649257659912
cv,val,3,P00644__E92K,2.0,-0.2793944478034973
cv,val,3,P02751__Y1610A,1.899999976158142,1.0310803651809692
cv,val,3,P01009__A308V,-0.75,0.013715091161429882
cv,val,3,P00282__L70T,2.244999885559082,1.903493881225586
cv,val,3,P05413__E73S,3.700000047683716,0.813710629940033
cv,val,3,P00720__N40A,-0.25999999046325684,-0.5478808879852295
cv,val,3,P01009__V79L,0.30000001192092896,-0.5375508666038513
cv,val,3,P00644__A172E,7.75,5.309528827667236
cv,val,3,P00712__T52I,-0.18000000715255737,-0.7003193497657776
cv,val,3,P00651__A47V,0.6600000262260437,1.9955928325653076
cv,val,3,P03051__D30Q,-1.7999999523162842,-1.246506929397583
cv,val,3,P00720__G113A,-0.44999998807907104,-0.43455952405929565
cv,val,3,2IMM_A__P49S,0.20000000298023224,0.8336091637611389
cv,val,3,P00644__M114L,0.800000011920929,-0.20079168677330017
cv,val,3,P00720__R96Y,4.599999904632568,2.9564061164855957
cv,val,3,P02185__I112A,1.7999999523162842,1.5397218465805054
cv,val,3,P00720__N116D,-0.3400000035762787,-1.0975645780563354
cv,val,3,P00929__E49D,-0.800000011920929,0.7980656027793884
cv,val,3,P00644__S223G,0.8999999761581421,-0.04619043692946434
cv,val,3,P03051__D30F,0.10000000149011612,-0.19023925065994263
cv,val,3,P00720__S117V,-2.0,-3.0447185039520264
cv,val,3,P00712__I74V,2.700000047683716,1.252561330795288
cv,val,3,P03034__I85S,2.25,0.7239169478416443
cv,val,3,P01006__M104D,-1.25,1.214850902557373
cv,val,3,O74035__I20A,4.110000133514404,1.3819682598114014
cv,val,3,P06241__A89S,1.2999999523162842,0.4457384943962097
cv,val,3,P02751__Y1569F,0.4099999964237213,0.07478171586990356
cv,val,3,P02185__Q9G,0.5,-0.0866391658782959
cv,val,3,P00720__I3W,2.799999952316284,1.7454136610031128
cv,val,3,P03050__Y38A,3.4000000953674316,1.8203500509262085
cv,val,3,P00644__D225N,0.30000001192092896,0.9369551539421082
cv,val,3,2IMM_A__A106G,0.0,-0.17753714323043823
cv,val,3,P05798__T59V,1.7000000476837158,1.6459404230117798
cv,val,3,P00044__F16W,1.2999999523162842,0.8095678687095642
cv,val,3,P01009__K355V,0.6499999761581421,0.006297114305198193
cv,val,3,P00644__I97M,0.20000000298023224,1.1568628549575806
cv,val,3,P04637__R333A,2.5,1.2492542266845703
cv,val,3,P02751__I1607A,3.7200000286102295,2.862990140914917
cv,val,3,P00648__L61A,4.409999847412109,3.7778563499450684
cv,val,3,P00644__K216G,0.699999988079071,0.996719479560852
cv,val,3,P00711__H51Y,-0.08500000089406967,0.08880111575126648
cv,val,3,P03051__D30M,-0.6000000238418579,-1.9977788925170898
cv,val,3,P00818__V21A,0.30000001192092896,1.203695297241211
cv,val,3,P00929__P62A,0.30000001192092896,-0.12488424777984619
cv,val,3,P00644__P199F,-0.30000001192092896,-0.18745142221450806
cv,val,3,P00593__F128I,-1.399999976158142,-1.1574561595916748
cv,val,3,P01584__L122A,2.5999999046325684,1.1676979064941406
cv,val,3,P06241__E107I,2.7049999237060547,0.32836633920669556
cv,val,3,P04925__Q216R,2.015000104904175,-1.1471354961395264
cv,val,3,P00929__P96A,1.850000023841858,2.1312708854675293
cv,val,3,P01009__A207I,-1.649999976158142,-2.6132090091705322
cv,val,3,P02751__V1609A,3.200000047683716,0.697117030620575
cv,val,3,P00644__K218A,0.800000011920929,0.07614314556121826
cv,val,3,P00644__G189A,4.400000095367432,1.709299087524414
cv,val,3,O74035__L92A,2.634999990463257,3.786417007446289
cv,val,3,P00698__W126Q,3.569999933242798,6.270030975341797
cv,val,3,P00644__M108A,1.5,1.3891282081604004
cv,val,3,P00644__E125D,-0.20000000298023224,1.1263306140899658
cv,val,3,P00644__K106F,0.5,-0.05555146560072899
cv,val,3,P03050__R40A,4.599999904632568,2.612813949584961
cv,val,3,2IMM_A__A15L,-1.399999976158142,-1.6782443523406982
cv,val,3,P01006__M134I,2.009999990463257,2.5952248573303223
cv,val,3,P02185__T52A,1.399999976158142,1.466109037399292
cv,val,3,P00720__R14K,0.014999999664723873,-0.11229375004768372
cv,val,3,P03034__V37I,-0.800000011920929,-1.1147639751434326
cv,val,3,P01009__V197L,0.550000011920929,0.19407600164413452
cv,val,3,P00648__T53G,1.149999976158142,1.2071444988250732
cv,val,3,P02185__I143A,1.5499999523162842,1.7747435569763184
cv,val,3,P02417__H134Q,1.2999999523162842,-1.1839697360992432
cv,val,3,P00712__L129A,0.30000001192092896,0.36366015672683716
cv,val,3,P00644__K130A,-0.10000000149011612,-0.7411806583404541
cv,val,3,P01053__N76D,1.3049999475479126,-0.7302843332290649
cv,val,3,P00644__T104I,0.6000000238418579,0.08450406789779663
cv,val,3,P00818__V36A,2.5,1.761884331703186
cv,val,3,P03040__Y26F,-0.30000001192092896,-1.0211554765701294
cv,val,3,P00044__K79A,0.44999998807907104,-0.8515171408653259
cv,val,3,P02185__V67A,-0.5,0.7867507338523865
cv,val,3,P00644__P138G,0.949999988079071,0.050232116132974625
cv,val,3,P04637__R282W,3.1500000953674316,0.764308512210846
cv,val,3,P03050__G49A,2.0,-0.6911582350730896
cv,val,3,P00644__A140E,5.599999904632568,5.993743419647217
cv,val,3,P03050__P8L,-2.490000009536743,-0.24769145250320435
cv,val,3,P00720__T157S,0.6600000262260437,0.2834293246269226
cv,val,3,P00644__V105F,1.899999976158142,-0.12059158086776733
cv,val,3,P00720__D20N,-1.2000000476837158,-0.32656484842300415
cv,val,3,P00644__K209F,0.30000001192092896,-0.05792337283492088
cv,val,3,P00648__K113A,-0.20000000298023224,-0.2903842329978943
cv,val,3,P02417__I4A,2.2200000286102295,1.8990669250488281
cv,val,3,P00644__K130E,-0.05000000074505806,0.2910497784614563
cv,val,3,P00644__K152C,0.5,-2.5789051055908203
cv,val,3,P00648__H65Q,1.4700000286102295,1.121104121208191
cv,val,3,P00004__H34N,-1.0,1.6308162212371826
cv,val,3,P00025__K74Y,1.0499999523162842,0.34416937828063965
cv,val,3,3PG0_A__R114L,0.0,0.5618914365768433
cv,val,3,P02945__L75A,-0.5,-0.03620951995253563
cv,val,3,P00644__Y173L,3.8499999046325684,3.087312698364258
cv,val,3,P00644__D159A,3.0999999046325684,1.3965506553649902
cv,val,3,P00509__N282R,2.5999999046325684,2.2600200176239014
cv,val,3,P00712__V109A,-0.8999999761581421,0.22451084852218628
cv,val,3,P02185__H37Q,0.6000000238418579,0.10447543859481812
cv,val,3,P02751__L1545A,1.6399999856948853,0.8060001730918884
cv,val,3,P00698__G85A,-0.14499999582767487,1.5340696573257446
cv,val,3,P00698__I73L,0.44999998807907104,-0.39755553007125854
cv,val,3,P06241__S124I,1.4049999713897705,-1.1729494333267212
cv,val,3,P01006__V44F,5.414999961853027,2.427277088165283
cv,val,3,P02185__G24A,0.8999999761581421,0.1168246865272522
cv,val,3,P03051__L41V,1.9149999618530273,-0.15187925100326538
cv,val,3,P00651__A47K,0.5099999904632568,-0.518428385257721
cv,val,3,P00648__E120W,2.049999952316284,3.491344690322876
cv,val,3,P00044__L91A,2.799999952316284,1.9192464351654053
cv,val,3,P00698__M30L,0.38499999046325684,0.10830053687095642
cv,val,3,P04637__L344F,3.8499999046325684,-0.35535183548927307
cv,val,3,P00720__A42S,2.450000047683716,3.281679153442383
cv,val,3,P01308__S33D,-0.10000000149011612,-1.0545518398284912
cv,val,3,P00257__H114R,1.2000000476837158,2.389479875564575
cv,val,3,P00004__L95I,-0.20000000298023224,0.035215798765420914
cv,val,3,P00648__L89V,0.3499999940395355,2.344766616821289
cv,val,3,O74035__I15A,1.965000033378601,2.426255464553833
cv,val,3,P00818__V14A,2.5999999046325684,2.1376805305480957
cv,val,3,P00720__Q123E,-0.30000001192092896,-1.026549220085144
cv,val,3,P00644__V148L,0.20000000298023224,0.16931670904159546
cv,val,3,P00644__L190G,6.650000095367432,4.893003463745117
cv,val,3,P00720__K147E,-0.10000000149011612,-1.6425573825836182
cv,val,3,P03050__L21A,3.4000000953674316,1.1932913064956665
cv,val,3,P02751__I1596V,1.0,0.6312383413314819
cv,val,3,P00644__V181L,0.20000000298023224,-0.7642045617103577
cv,val,3,P05230__A118G,0.45500001311302185,-0.7771549820899963
cv,val,3,P02185__W15F,0.6499999761581421,-2.310518980026245
cv,val,3,P00720__F153I,0.25,0.7826165556907654
cv,val,3,P00720__N101A,1.5,0.7509285807609558
cv,val,3,P04637__F270C,4.539999961853027,3.581263542175293
cv,val,3,P06241__S124F,1.899999976158142,-0.15553241968154907
cv,val,3,P02633__E30Q,-0.04500000178813934,-0.08635970950126648
cv,val,3,P00560__F195W,-0.9200000166893005,0.7133356928825378
cv,val,3,P00509__C77S,2.4000000953674316,-0.2795547842979431
cv,val,3,P02693__W83Y,-0.24500000476837158,2.403747320175171
cv,val,3,P02693__F94A,2.4000000953674316,4.096050262451172
cv,val,3,P06241__E107K,0.9850000143051147,2.7899386882781982
cv,val,3,P00644__Y197L,0.30000001192092896,-0.7383020520210266
cv,val,3,P00929__G211W,1.350000023841858,2.089944362640381
cv,val,3,P00644__A142G,1.399999976158142,0.8526236414909363
cv,val,3,P00644__F116E,6.5,4.739964008331299
cv,val,3,P01053__K22M,0.6700000166893005,0.4245491623878479
cv,val,3,P00720__M120A,0.20000000298023224,1.210571527481079
cv,val,3,P00648__I72A,3.5,3.9265177249908447
cv,val,3,P00644__K87G,-0.30000001192092896,-0.723574697971344
cv,val,3,P02417__K12M,-1.7300000190734863,-2.14422607421875
cv,val,3,P00712__T48I,-2.799999952316284,-1.9618263244628906
cv,val,3,P00974__A51V,1.2999999523162842,2.3369855880737305
cv,val,3,P00644__V148S,3.0999999046325684,4.405618667602539
cv,val,3,P00045__N62I,-2.4000000953674316,-0.3159556984901428
cv,val,3,P00648__L89T,3.049999952316284,2.9564249515533447
cv,val,3,P01857__K253A,1.100000023841858,1.3372924327850342
cv,val,3,P04166__D76R,-0.15000000596046448,-0.7215902209281921
cv,val,3,P04637__Q165K,1.2699999809265137,-0.2446739673614502
cv,val,3,P02185__L70V,0.10000000149011612,0.7475467324256897
cv,val,3,P00929__A18V,-0.20000000298023224,-0.2648327946662903
cv,val,3,P00644__E204K,2.5,2.379002094268799
cv,val,3,P00644__Q162F,0.6000000238418579,0.5424330830574036
cv,val,3,P00720__L66A,3.9000000953674316,3.631352424621582
cv,val,3,1YYX_A__L48A,4.199999809265137,3.31384539604187
cv,val,3,P00560__L400W,3.0,1.2132467031478882
cv,val,3,P01053__T59D,-0.03999999910593033,0.18752950429916382
cv,val,3,P00648__G81D,3.25,2.2705254554748535
cv,val,3,P00644__K179F,0.6000000238418579,1.1628484725952148
cv,val,3,P02693__S53C,-0.75,-5.669774532318115
cv,val,3,P00644__H206G,0.5,0.3268604278564453
cv,val,3,P00644__K152F,0.05000000074505806,-1.0678949356079102
cv,val,3,P00644__G137A,0.5,1.3252978324890137
cv,val,3,P00929__P57A,0.5,0.2711942791938782
cv,val,3,P00644__L207G,6.5,4.387508392333984
cv,val,3,P00720__Q105G,2.25,0.784715473651886
cv,val,3,P02185__I112L,0.6000000238418579,-0.6586360335350037
cv,val,3,P00644__T95A,0.699999988079071,0.2285260558128357
cv,val,3,P00698__G67A,0.20000000298023224,1.6270253658294678
cv,val,3,P01053__E34Q,0.5,0.5833342671394348
cv,val,3,P02693__V61C,-0.6499999761581421,-0.31290751695632935
cv,val,3,P00644__A140V,2.5999999046325684,3.7080624103546143
cv,val,3,P00648__N124A,1.600000023841858,1.0463402271270752
cv,val,3,P00282__V115A,0.9599999785423279,1.267369031906128
cv,val,3,P00720__A160T,3.5,0.9640524983406067
cv,val,3,P00648__E120G,5.400000095367432,3.258821487426758
cv,val,3,P06241__E107A,1.284999966621399,1.4081573486328125
cv,val,3,P00644__K146F,0.20000000298023224,-0.06127792224287987
cv,val,3,P02945__K54A,1.600000023841858,0.10664737224578857
cv,val,3,P03034__M41A,2.0999999046325684,1.1369154453277588
cv,val,3,P01241__S97Q,1.399999976158142,0.45891231298446655
cv,val,3,P00644__R163A,1.100000023841858,1.0651761293411255
cv,val,3,P00004__Y68F,2.200000047683716,0.48459392786026
cv,val,3,P00720__E128A,-0.1599999964237213,-0.2751152813434601
cv,val,3,P00974__Y45L,2.9000000953674316,0.7311086058616638
cv,val,3,P00720__L118M,0.4000000059604645,-0.2888093590736389
cv,val,3,P02633__V65A,3.3399999141693115,0.8734466433525085
cv,val,3,P02925__A52T,3.299999952316284,0.2540891766548157
cv,val,3,P00644__A191G,1.0,1.6948357820510864
cv,val,3,P04637__R273H,0.22499999403953552,0.4644802212715149
cv,val,3,P01051__V18A,1.2000000476837158,1.4439160823822021
cv,val,3,P00720__V94A,1.7999999523162842,0.9747678637504578
cv,val,3,P00644__V148A,2.049999952316284,3.039116859436035
cv,val,3,P06241__I111V,0.4000000059604645,0.29509419202804565
cv,val,3,P00644__K127E,-0.05000000074505806,0.6070786118507385
cv,val,3,P00044__P77I,1.7000000476837158,2.515385150909424
cv,val,3,P00648__A79V,0.6000000238418579,2.581602096557617
cv,val,3,P00720__E128K,1.2300000190734863,-0.5710078477859497
cv,val,3,P00720__R96V,2.450000047683716,2.169973850250244
cv,val,3,P03051__D30A,-0.30000001192092896,-0.8900335431098938
cv,val,3,P00648__I102V,0.3499999940395355,-0.5941603779792786
cv,val,3,P00171__V50E,2.4000000953674316,1.1488310098648071
cv,val,3,P03040__Y26H,-1.399999976158142,-0.377896249294281
cv,val,3,P00644__D228G,0.20000000298023224,-0.22207537293434143
cv,val,3,P00644__L107I,1.7000000476837158,0.4644901156425476
cv,val,3,P00720__V87A,1.7000000476837158,1.0705825090408325
cv,val,3,P01053__E27Q,0.6200000047683716,1.6208137273788452
cv,val,3,P00698__I73F,2.4600000381469727,1.2310819625854492
cv,val,3,P00929__G211V,-0.800000011920929,0.8038267493247986
cv,val,3,P01584__T125Q,2.700000047683716,2.501549482345581
cv,val,3,P00651__N62A,-0.029999999329447746,1.0058013200759888
cv,val,3,P00044__K79R,0.029999999329447746,0.6660565733909607
cv,val,3,P01236__H125A,-0.699999988079071,2.5723788738250732
cv,val,3,P03050__V41A,3.7100000381469727,1.1661890745162964
cv,val,3,P02751__A1611G,1.3799999952316284,2.01705265045166
cv,val,3,P03050__S35A,-0.20000000298023224,-0.7646174430847168
cv,val,3,P00720__V149S,4.400000095367432,4.063448905944824
cv,val,3,P00648__A79S,0.25,-0.10013622045516968
cv,val,3,P00720__P143A,1.0,0.32053983211517334
cv,val,3,P02185__H120F,-0.029999999329447746,-1.590619683265686
cv,val,3,P00644__G161S,2.0999999046325684,1.0733461380004883
cv,val,3,P00974__K76A,0.4000000059604645,-0.6207360625267029
cv,val,3,P01053__L28A,2.6500000953674316,2.7474966049194336
cv,val,3,P01625__K56T,1.2999999523162842,-0.6546134352684021
cv,val,3,P00644__D225F,0.10000000149011612,1.8420424461364746
cv,val,3,P03050__E28A,0.5,0.32379403710365295
cv,val,3,P00720__E11M,-1.600000023841858,-0.7271612286567688
cv,val,3,P00282__L70V,0.30000001192092896,1.6365903615951538
cv,val,3,P00648__D55G,1.1699999570846558,0.514767587184906
cv,val,3,P00644__H206F,-0.4000000059604645,0.1109285056591034
cv,val,3,P00644__A191V,2.799999952316284,2.56196928024292
cv,val,3,P00974__R55A,1.7999999523162842,0.9982612729072571
cv,val,3,P01053__T23A,0.8500000238418579,0.3247564435005188
cv,val,3,P00651__H66T,0.25999999046325684,2.342798948287964
cv,val,3,P00644__K152G,0.5,-0.02038225159049034
cv,val,3,P00648__T53Q,1.8700000047683716,2.4699878692626953
cv,val,3,P00644__A142F,0.800000011920929,0.3571600317955017
cv,val,3,P00044__K79V,0.6399999856948853,-0.7174157500267029
cv,val,3,P00045__P86G,1.2000000476837158,1.1053459644317627
cv,val,3,P00644__G111C,1.100000023841858,0.013156953267753124
cv,val,3,P00644__K127F,0.20000000298023224,-0.026767190545797348
cv,val,3,P00644__Y173S,5.300000190734863,2.3859753608703613
cv,val,3,P00720__R96W,4.349999904632568,3.5617191791534424
cv,val,3,P00644__V196L,1.100000023841858,-0.5052230954170227
cv,val,3,P00644__A194F,1.350000023841858,1.655017614364624
cv,val,3,P00651__D75H,-5.099999904632568,-1.1699775457382202
cv,val,3,P00644__T144S,2.0999999046325684,2.0732779502868652
cv,val,3,P00644__Y197G,0.6000000238418579,-0.12871533632278442
cv,val,3,P00818__Y12F,-0.699999988079071,0.33507591485977173
cv,val,3,P00563__D122A,1.2400000095367432,1.2764614820480347
cv,val,3,P00698__N121D,-0.6200000047683716,-0.30186519026756287
cv,val,3,P01053__I50A,2.119999885559082,1.522362232208252
cv,val,3,P00644__Q205G,0.5,0.4404914975166321
cv,val,3,P00644__G178F,2.5999999046325684,0.5453059077262878
cv,val,3,1YYX_A__A90G,2.9000000953674316,0.737396776676178
cv,val,3,P06241__E107D,-0.6899999976158142,0.47797900438308716
cv,val,3,P03051__L41A,4.610000133514404,0.5708444714546204
cv,val,3,P00644__L120A,1.5499999523162842,1.7484272718429565
cv,val,3,P02185__I112M,1.100000023841858,0.7015892863273621
cv,val,3,P00644__V193A,4.300000190734863,0.7615432143211365
cv,val,3,P00720__R154E,-0.3499999940395355,-0.54880690574646
cv,val,3,P00044__F16M,3.299999952316284,1.9451215267181396
cv,val,3,P00648__K66A,-0.800000011920929,0.2598990201950073
cv,val,3,P00720__G51D,2.4149999618530273,1.5324976444244385
cv,val,3,P01006__V44M,5.565000057220459,1.5670427083969116
cv,val,3,P00648__T73N,1.2899999618530273,1.0771143436431885
cv,val,3,P00644__L120G,0.5,2.9499258995056152
cv,val,3,P00720__V149M,2.5999999046325684,0.9373525977134705
cv,val,3,P00025__K74W,1.4299999475479126,1.59699285030365
cv,val,3,P01053__E46Q,0.6000000238418579,0.7757075428962708
cv,val,3,P00974__N59A,2.200000047683716,1.0586318969726562
cv,val,3,P00648__I102G,3.0999999046325684,1.7075910568237305
cv,val,3,P02751__Y1610F,2.0999999046325684,-0.3802575469017029
cv,val,3,P00099__W99F,1.2000000476837158,-2.2197439670562744
cv,val,3,P00644__K110E,0.800000011920929,0.17240852117538452
cv,val,3,P00651__V104T,3.0999999046325684,3.197965145111084
cv,val,3,P00720__T115A,0.11999999731779099,-0.8812568783760071
cv,val,3,P00698__A49I,-1.399999976158142,-1.8175427913665771
cv,val,3,P00711__K133N,-2.5999999046325684,0.7007567286491394
cv,val,3,P00644__N150A,0.4000000059604645,-0.5877872705459595
cv,val,3,P04179__Q167N,-1.4249999523162842,-0.1737094521522522
cv,val,3,P00644__I154A,4.699999809265137,2.597299575805664
cv,val,3,P02751__V1603A,0.6700000166893005,-0.02607041224837303
cv,val,3,P03050__F10A,2.700000047683716,2.716938018798828
cv,val,3,P00268__V24I,-0.36000001430511475,-1.1344788074493408
cv,val,3,P03069__K276A,0.05999999865889549,-0.5585166811943054
cv,val,3,1YYX_A__L68A,4.0,2.4986047744750977
cv,val,3,P01236__H166A,-1.2999999523162842,0.4164285659790039
cv,val,3,P00644__V133G,0.30000001192092896,1.5705420970916748
cv,val,3,P00651__A47C,0.7400000095367432,-1.3044562339782715
cv,val,3,P00648__I51A,1.399999976158142,2.3552913665771484
cv,val,3,P00648__I135L,0.20000000298023224,-0.7801204323768616
cv,val,3,P02185__A131L,0.8999999761581421,1.851214051246643
cv,val,3,P00648__I123V,0.8100000023841858,0.5349887013435364
cv,val,3,P05798__V43T,0.5,1.0291748046875
cv,val,3,P00044__V26C,1.100000023841858,0.9855162501335144
cv,val,3,P00974__Y70L,3.700000047683716,1.1891920566558838
cv,val,3,P00644__L171A,2.5999999046325684,2.0687172412872314
cv,val,3,P05798__D79W,-2.25,-4.18033504486084
cv,val,3,P04637__F341L,3.1500000953674316,2.479445219039917
cv,val,3,P00974__E42A,1.5,-1.0955228805541992
cv,val,3,P00282__I101T,2.9000000953674316,1.7599518299102783
cv,val,3,P00644__F143A,2.299999952316284,2.2910473346710205
cv,val,3,P00592__H70N,1.9900000095367432,2.158384323120117
cv,val,3,P00648__D69M,0.1850000023841858,0.591752827167511
cv,val,3,P02753__W123F,0.4000000059604645,-1.725609302520752
cv,val,3,P00644__V148T,1.2999999523162842,2.530827522277832
cv,val,3,P00648__T63S,1.7000000476837158,-0.9281733632087708
cv,val,3,P00648__S75A,-0.45500001311302185,-0.5312750935554504
cv,val,3,P01236__H87A,1.0,1.9058194160461426
cv,val,3,P00720__S44A,0.30000001192092896,0.25682932138442993
cv,val,3,P01009__F75L,-1.9500000476837158,-0.9334811568260193
cv,val,3,P00644__V105G,5.199999809265137,4.094961166381836
cv,val,3,P02751__Y1569L,2.5999999046325684,2.4872655868530273
cv,val,3,P00720__V103M,1.399999976158142,0.45482343435287476
cv,val,3,P00648__S75G,0.44999998807907104,-0.866978645324707
cv,val,3,P00044__F88Y,0.699999988079071,-0.05407923087477684
cv,val,3,P00698__G120R,-0.3799999952316284,-0.349118173122406
cv,val,3,P00720__R119A,0.1899999976158142,-0.1283084750175476
cv,train,4,P00648__Y64S,2.299999952316284,2.2854859828948975
cv,train,4,P00698__G67N,1.4800000190734863,1.4972413778305054
cv,train,4,P02945__M69A,-1.399999976158142,-1.4154149293899536
cv,train,4,P00720__F104M,0.75,0.7826830148696899
cv,train,4,P00644__K130G,-0.20000000298023224,-0.27200376987457275
cv,train,4,P00644__K110A,0.699999988079071,0.7182662487030029
cv,train,4,P00648__T73H,4.300000190734863,4.488195419311523
cv,train,4,P00782__M157F,-0.47999998927116394,-0.4915900230407715
cv,train,4,P00711__V61G,1.125,1.1696044206619263
cv,train,4,P00651__V78S,4.900000095367432,4.97130012512207
cv,train,4,P01053__T56S,0.25999999046325684,0.24130761623382568
cv,train,4,P00720__S44M,-0.3149999976158142,-0.35000884532928467
cv,train,4,P00644__Q188G,1.5,1.3502037525177002
cv,train,4,O74035__D135A,-2.200000047683716,-2.067161798477173
cv,train,4,P00648__T53D,-0.10999999940395355,-0.15078723430633545
cv,train,4,P01009__Y184A,0.20000000298023224,0.2701758146286011
cv,train,4,P00782__Q313C,-1.25,-1.2984892129898071
cv,train,4,P02945__D49A,0.8999999761581421,0.8945952653884888
cv,train,4,P00644__T164I,-0.5,-0.4949812889099121
cv,train,4,P00648__D59A,-0.05000000074505806,-0.07864320278167725
cv,train,4,P00651__N70A,2.0,1.9131519794464111
cv,train,4,P00257__H114Q,1.7000000476837158,1.6128071546554565
cv,train,4,P01009__W262F,-1.0,-1.0162185430526733
cv,train,4,P00282__L53A,1.6699999570846558,1.5556689500808716
cv,train,4,P00644__K127G,-0.20000000298023224,-0.27574825286865234
cv,train,4,P00171__F40H,3.109999895095825,3.116417407989502
cv,train,4,P00720__L99V,2.049999952316284,2.0861430168151855
cv,train,4,P00644__V156E,7.699999809265137,7.685695648193359
cv,train,4,P00644__D122G,0.4000000059604645,0.48118191957473755
cv,train,4,P00644__K131A,0.30000001192092896,0.28942787647247314
cv,train,4,P00929__E49F,-2.9000000953674316,-2.7009661197662354
cv,train,4,P00974__D38A,-0.20000000298023224,-0.22194325923919678
cv,train,4,P00644__M147L,0.699999988079071,0.6242345571517944
cv,train,4,P00644__S141A,-0.30000001192092896,-0.2739158868789673
cv,train,4,O74035__D105A,-1.5800000429153442,-1.5924911499023438
cv,train,4,P00648__T63A,0.3499999940395355,0.2099388837814331
cv,train,4,P03050__E27G,0.574999988079071,0.6249840259552002
cv,train,4,P00644__V156T,3.799999952316284,3.8095834255218506
cv,train,4,P04637__L145Q,2.9800000190734863,2.981675624847412
cv,train,4,P00644__E155F,0.8999999761581421,0.9148721694946289
cv,train,4,P00974__R88A,0.10000000149011612,0.02947867289185524
cv,train,4,P00644__V121I,-0.10000000149011612,-0.08697199821472168
cv,train,4,P00644__V105L,0.05000000074505806,0.07916402816772461
cv,train,4,P03050__L19Q,1.350000023841858,1.3049129247665405
cv,train,4,P00720__S117F,-1.100000023841858,-1.131933569908142
cv,train,4,P00720__N144D,-0.4000000059604645,-0.42373621463775635
cv,train,4,P00644__F158V,0.0,-0.0796041488647461
cv,train,4,P01236__H223A,0.0,-0.05739670619368553
cv,train,4,P00720__F153C,2.8550000190734863,2.8020052909851074
cv,train,4,P00720__M106K,3.450000047683716,3.586693525314331
cv,train,4,P00974__T89A,0.10000000149011612,0.053640250116586685
cv,train,4,P00644__E183G,2.5999999046325684,2.6593286991119385
cv,train,4,P04637__R175H,3.255000114440918,3.2820942401885986
cv,train,4,P02185__K57A,0.22499999403953552,0.23047268390655518
cv,train,4,P00720__L33M,2.299999952316284,2.3706257343292236
cv,train,4,P00807__D170N,0.41499999165534973,0.42331409454345703
cv,train,4,P00644__I100V,1.0,0.992722749710083
cv,train,4,P00720__V87I,0.44999998807907104,0.5016447305679321
cv,train,4,P01625__N54F,2.75,2.745776653289795
cv,train,4,P01009__A55I,-0.8999999761581421,-0.9432810544967651
cv,train,4,P03050__P8A,-2.9000000953674316,-2.8871915340423584
cv,train,4,P02417__L30V,3.619999885559082,3.5613112449645996
cv,train,4,P00750__V280T,1.0,1.045346975326538
cv,train,4,P00644__I174V,0.5,0.44282686710357666
cv,train,4,P00282__A102G,2.0350000858306885,2.0269644260406494
cv,train,4,P02185__V69T,0.4000000059604645,0.4561041593551636
cv,train,4,P00644__E125G,-0.5,-0.44770753383636475
cv,train,4,P00720__R96H,3.049999952316284,3.0236542224884033
cv,train,4,P02185__E19A,0.6000000238418579,0.6546143293380737
cv,train,4,P00644__N182E,1.7999999523162842,1.8668361902236938
cv,train,4,P05798__D79R,-2.700000047683716,-2.600910186767578
cv,train,4,P05798__Y55F,0.6000000238418579,0.5750681161880493
cv,train,4,P00644__K127A,-0.25,-0.2582681179046631
cv,train,4,P00644__V193T,2.299999952316284,2.3545303344726562
cv,train,4,P00974__A51T,1.7000000476837158,1.7126699686050415
cv,train,4,P05413__T40Q,2.700000047683716,2.715730905532837
cv,train,4,1YYX_A__A36G,2.700000047683716,2.5802979469299316
cv,train,4,P00644__E139Q,0.15000000596046448,0.2202739715576172
cv,train,4,P00282__H137G,9.899999618530273,9.846870422363281
cv,train,4,P00712__T48V,-1.899999976158142,-1.907659888267517
cv,train,4,P01009__Y184W,-1.2000000476837158,-1.1884874105453491
cv,train,4,P00720__N55G,0.550000011920929,0.47933441400527954
cv,train,4,P01857__Q230A,1.100000023841858,1.048864722251892
cv,train,4,P05798__Y80F,1.5,1.381790280342102
cv,train,4,P00720__S44R,-0.2199999988079071,-0.2406376600265503
cv,train,4,1YYX_A__L76A,3.4000000953674316,3.3675432205200195
cv,train,4,3PG0_A__E90Y,0.6000000238418579,0.6234763860702515
cv,train,4,P00644__I221V,1.399999976158142,1.4383575916290283
cv,train,4,P01053__L52I,0.6000000238418579,0.6916928291320801
cv,train,4,P00644__M114G,2.4000000953674316,2.395352602005005
cv,train,4,P00268__I33L,-0.7599999904632568,-0.7487223148345947
cv,train,4,P00509__R254K,6.300000190734863,6.286771774291992
cv,train,4,P01625__P66L,1.7000000476837158,1.6298913955688477
cv,train,4,P02925__V75E,3.5,3.5980403423309326
cv,train,4,P00648__T146V,2.700000047683716,2.643470525741577
cv,train,4,P00720__C54T,-0.8500000238418579,-0.7989778518676758
cv,train,4,P04637__E339A,1.25,1.2942570447921753
cv,train,4,P03023__K84L,0.20000000298023224,0.12421774864196777
cv,train,4,P00720__T157L,1.7000000476837158,1.5555723905563354
cv,train,4,P00644__T202S,0.6000000238418579,0.5187503099441528
cv,train,4,P03958__W272F,-4.699999809265137,-4.788021564483643
cv,train,4,P00720__A98M,4.0,4.075497150421143
cv,train,4,P00974__C65A,6.099999904632568,6.083464622497559
cv,train,4,P04637__V157F,3.880000114440918,3.9204330444335938
cv,train,4,P00644__I221G,4.199999809265137,4.22407865524292
cv,train,4,P00940__K193A,-1.0,-0.9683915376663208
cv,train,4,P01006__V44G,9.800000190734863,9.711150169372559
cv,train,4,P02185__K78A,0.03500000014901161,0.09627437591552734
cv,train,4,P00648__Q78G,0.9900000095367432,0.8919364213943481
cv,train,4,P00698__D119N,-0.03999999910593033,-0.050635095685720444
cv,train,4,P00698__E53Q,-0.15000000596046448,-0.05907594785094261
cv,train,4,P00644__Y109R,2.9000000953674316,3.0041494369506836
cv,train,4,P03051__D30P,1.600000023841858,1.585883378982544
cv,train,4,P02185__H83Q,0.02500000037252903,0.04200470820069313
cv,train,4,P05825__S268C,-7.769999980926514,-7.731067180633545
cv,train,4,P00648__S85A,-0.25,-0.19649732112884521
cv,train,4,P00698__G120P,0.10000000149011612,0.09963595867156982
cv,train,4,P00644__K130Q,0.05000000074505806,0.0772356390953064
cv,train,4,P00818__T43A,1.7999999523162842,1.81168794631958
cv,train,4,P00044__N58I,-3.0,-3.089902639389038
cv,train,4,P00720__I29A,2.5999999046325684,2.6324989795684814
cv,train,4,P01009__A94G,-1.5,-1.5409575700759888
cv,train,4,P00720__N53A,0.800000011920929,0.7606081962585449
cv,train,4,P00644__K98G,0.699999988079071,0.5869630575180054
cv,train,4,P00720__M120K,1.7999999523162842,1.7839411497116089
cv,train,4,P00644__L207I,1.0,1.1051028966903687
cv,train,4,P00648__T73E,0.05000000074505806,0.02934444323182106
cv,train,4,P00171__F40Y,-0.7900000214576721,-0.7630575895309448
cv,train,4,P00644__K166E,0.0,0.09630769491195679
cv,train,4,P01053__V39A,0.46000000834465027,0.4965324401855469
cv,train,4,P00720__T157R,0.15000000596046448,0.39879095554351807
cv,train,4,P00720__K83H,0.4000000059604645,0.3749959468841553
cv,train,4,P00720__E11H,-0.4000000059604645,-0.37235093116760254
cv,train,4,P02185__L116A,1.2000000476837158,1.1598632335662842
cv,train,4,P00044__N58G,-0.8999999761581421,-1.0393275022506714
cv,train,4,P00720__T59D,1.149999976158142,1.1085602045059204
cv,train,4,P00818__W39F,0.0,-0.0840991735458374
cv,train,4,P06241__F87L,2.0,2.0858330726623535
cv,train,4,P00750__V280A,2.0,2.068694591522217
cv,train,4,P00648__W141F,0.800000011920929,0.7256218194961548
cv,train,4,P01009__F75C,-2.805000066757202,-2.849806308746338
cv,train,4,P01053__T23V,0.3199999928474426,0.24045288562774658
cv,train,4,P00974__G72A,2.700000047683716,2.7258851528167725
cv,train,4,P06241__E107P,1.7050000429153442,1.6596792936325073
cv,train,4,P01053__I77A,4.25,4.220239639282227
cv,train,4,P00644__K87A,-0.30000001192092896,-0.30444085597991943
cv,train,4,P00711__Y122A,2.494999885559082,2.4718101024627686
cv,train,4,P05230__L59F,0.04500000178813934,0.07832872867584229
cv,train,4,P00651__Y94F,1.3550000190734863,1.2839328050613403
cv,train,4,P02185__A131K,1.75,1.7686892747879028
cv,train,4,P00644__D159G,2.200000047683716,2.0527589321136475
cv,train,4,P00818__A31G,1.600000023841858,1.486356258392334
cv,train,4,P03050__E48A,-0.12999999523162842,-0.055308934301137924
cv,train,4,P00644__E211G,3.700000047683716,3.7437429428100586
cv,train,4,P00712__W79A,2.0,2.0324978828430176
cv,train,4,P00720__V131G,0.6800000071525574,0.6303762197494507
cv,train,4,P01006__V44I,0.8399999737739563,0.8709222078323364
cv,train,4,P00644__H90G,0.800000011920929,0.6997102499008179
cv,train,4,P00698__G135A,1.1299999952316284,1.1532396078109741
cv,train,4,P04637__F270L,4.099999904632568,4.247501373291016
cv,train,4,P00044__F16Y,0.699999988079071,0.6851032972335815
cv,train,4,P00644__L118V,3.5,3.4582643508911133
cv,train,4,P05413__R107T,3.1700000762939453,3.117854356765747
cv,train,4,P00720__Q105M,1.2000000476837158,1.2423710823059082
cv,train,4,P02185__L12A,0.5,0.5436331033706665
cv,train,4,P02751__L1530P,0.0,0.03991568461060524
cv,train,4,P02945__Y70A,3.700000047683716,3.5427932739257812
cv,train,4,P01009__V388L,0.30000001192092896,0.41677653789520264
cv,train,4,P00644__I100A,2.5,2.4753034114837646
cv,train,4,P00094__K33D,1.2000000476837158,1.1456154584884644
cv,train,4,P01009__A274I,0.3499999940395355,0.31733739376068115
cv,train,4,P00720__V149T,2.950000047683716,2.9744722843170166
cv,train,4,P00651__V104S,4.715000152587891,4.715538024902344
cv,train,4,P00698__D119K,-0.1899999976158142,-0.10194516181945801
cv,train,4,P04637__R273C,-0.4000000059604645,-0.4218943119049072
cv,train,4,P00644__L89G,1.5,1.4400157928466797
cv,train,4,P00929__E49Q,2.450000047683716,2.5814170837402344
cv,train,4,P00720__A82P,-0.44999998807907104,-0.4705389738082886
cv,train,4,P00648__T73Q,1.7200000286102295,1.7300947904586792
cv,train,4,P00648__Q62I,-1.2000000476837158,-1.249589443206787
cv,train,4,P03050__K6A,-0.4000000059604645,-0.36219489574432373
cv,train,4,P01051__V14A,1.0199999809265137,1.0080370903015137
cv,train,4,P04637__D148E,0.4300000071525574,0.40587472915649414
cv,train,4,P00698__K31D,7.34499979019165,7.381036281585693
cv,train,4,P02751__P1619A,0.41999998688697815,0.390544056892395
cv,train,4,P00720__T115E,0.10000000149011612,0.1411428451538086
cv,train,4,P02185__I31A,-0.45500001311302185,-0.4863485097885132
cv,train,4,O74035__L147A,2.4049999713897705,2.348013401031494
cv,train,4,P03040__Y26W,0.10000000149011612,0.07863473892211914
cv,train,4,P00720__I78M,1.5499999523162842,1.573663353919983
cv,train,4,P03034__G49N,-0.7900000214576721,-0.7806688547134399
cv,train,4,P00094__G55S,2.200000047683716,2.2112483978271484
cv,train,4,P00044__H39Y,0.44999998807907104,0.41760432720184326
cv,train,4,P01053__D43A,1.0,1.0118111371994019
cv,train,4,P00644__Q231G,0.4000000059604645,0.34718000888824463
cv,train,4,P01584__L126A,4.300000190734863,4.265740394592285
cv,train,4,P00644__A172S,2.0999999046325684,2.0655877590179443
cv,train,4,P01625__S103T,-0.10000000149011612,-0.0508342944085598
cv,train,4,P00171__F40L,1.8700000047683716,1.847415804862976
cv,train,4,P01053__T56A,-0.41499999165534973,-0.5642496347427368
cv,train,4,P00648__K155R,-0.800000011920929,-0.8141273260116577
cv,train,4,P00818__L90A,1.7000000476837158,1.6616073846817017
cv,train,4,P00712__Y122F,2.0999999046325684,2.0695388317108154
cv,train,4,P05798__Q94K,-0.5,-0.4779907464981079
cv,train,4,P02633__F70A,4.585000038146973,4.58390998840332
cv,train,4,P00648__T63G,1.5,1.4319144487380981
cv,train,4,P02185__G130A,-1.0,-1.0373834371566772
cv,train,4,P02751__I1607V,0.6100000143051147,0.6915630102157593
cv,train,4,P00644__Y197F,0.10000000149011612,0.13709676265716553
cv,train,4,P00644__E92G,1.7999999523162842,1.7910287380218506
cv,train,4,P00720__I3L,-0.8500000238418579,-0.8467725515365601
cv,train,4,P04637__V143A,3.5999999046325684,3.599578380584717
cv,train,4,P00644__A184V,1.7999999523162842,1.7760919332504272
cv,train,4,P00720__A129M,1.899999976158142,1.9751086235046387
cv,train,4,P00648__K74G,0.4000000059604645,0.2930638790130615
cv,train,4,P00720__R96F,4.199999809265137,4.153350830078125
cv,train,4,P00720__R119E,0.10000000149011612,0.12772274017333984
cv,train,4,P01009__V197I,-0.44999998807907104,-0.37522685527801514
cv,train,4,P00644__M147F,1.600000023841858,1.546774983406067
cv,train,4,P01053__L52A,2.369999885559082,2.314188241958618
cv,train,4,P02751__I1571V,0.30000001192092896,0.3643721342086792
cv,train,4,P00648__I143V,0.949999988079071,0.8967763185501099
cv,train,4,P00648__T73G,1.5,1.474415898323059
cv,train,4,P00282__W68A,3.375,3.328779935836792
cv,train,4,P01584__T125A,1.399999976158142,1.449449896812439
cv,train,4,P02185__A16L,-0.15000000596046448,-0.12271773815155029
cv,train,4,P00094__Y96F,-0.7099999785423279,-0.7450577020645142
cv,train,4,P00720__S38N,0.0,9.739771485328674e-05
cv,train,4,P03050__Q9A,0.10000000149011612,0.09628427028656006
cv,train,4,P00720__I27M,5.099999904632568,5.103160381317139
cv,train,4,P03050__L12A,2.009999990463257,1.9786218404769897
cv,train,4,P00720__V149G,4.900000095367432,4.907270908355713
cv,train,4,P00644__T202I,1.5,1.518675446510315
cv,train,4,P00644__V156L,1.100000023841858,1.0386556386947632
cv,train,4,P04637__F338A,4.599999904632568,4.639559745788574
cv,train,4,P00720__T59G,1.649999976158142,1.6755664348602295
cv,train,4,P00099__W78F,1.899999976158142,1.903950572013855
cv,train,4,P00698__N64D,0.33000001311302185,0.2738717794418335
cv,train,4,P00644__D101K,0.3499999940395355,0.43129783868789673
cv,train,4,P01053__P45A,1.6799999475479126,1.650699257850647
cv,train,4,P03050__N34G,-0.41999998688697815,-0.541778564453125
cv,train,4,P00720__A146V,4.005000114440918,3.953303098678589
cv,train,4,P01053__P81A,3.369999885559082,3.3236427307128906
cv,train,4,P00644__P124A,-0.10000000149011612,-0.052566882222890854
cv,train,4,P00720__E11F,-1.7000000476837158,-1.681660532951355
cv,train,4,P00044__C108S,-2.799999952316284,-2.7447879314422607
cv,train,4,P01006__M104G,0.20999999344348907,0.15128552913665771
cv,train,4,P00648__E120A,2.3499999046325684,2.2481749057769775
cv,train,4,P00818__F95L,4.300000190734863,4.231569290161133
cv,train,4,P00720__L133A,4.190000057220459,4.22113037109375
cv,train,4,P00711__Q136A,0.9800000190734863,0.917401909828186
cv,train,4,P06241__I111A,2.799999952316284,2.8489725589752197
cv,train,4,P01053__K22A,0.699999988079071,0.6767127513885498
cv,train,4,P05413__T41V,1.840000033378601,1.7937792539596558
cv,train,4,P03050__W14A,4.0,3.9759395122528076
cv,train,4,P00720__R119M,0.0,-0.056186314672231674
cv,train,4,P00044__N58Q,0.6700000166893005,0.5444110035896301
cv,train,4,P00720__T59V,1.649999976158142,1.541972279548645
cv,train,4,P00644__M180G,4.400000095367432,4.313200950622559
cv,train,4,P00509__T6A,1.2999999523162842,1.3171439170837402
cv,train,4,P00698__H33L,-0.7599999904632568,-0.8518792390823364
cv,train,4,P02640__H791Y,-1.149999976158142,-1.2152894735336304
cv,train,4,P00651__A47D,-0.26499998569488525,-0.28291594982147217
cv,train,4,P04168__Y12F,2.299999952316284,2.2237441539764404
cv,train,4,P02185__H94G,-0.019999999552965164,-0.07146894931793213
cv,train,4,P00648__Q78S,0.20000000298023224,0.14660847187042236
cv,train,4,P00974__Y56A,3.9000000953674316,3.937674045562744
cv,train,4,P00644__K179Q,0.30000001192092896,0.29022860527038574
cv,train,4,P01625__Q64N,1.350000023841858,1.429542899131775
cv,train,4,P00044__L100A,3.799999952316284,3.75262713432312
cv,train,4,P00644__E155K,2.0999999046325684,2.021806240081787
cv,train,4,P00644__T144A,2.299999952316284,2.2309951782226562
cv,train,4,P00974__R36A,0.5,0.4704667329788208
cv,train,4,P00720__V131S,0.05000000074505806,0.005688909441232681
cv,train,4,P01009__K355T,-0.36500000953674316,-0.32067549228668213
cv,train,4,P00171__V50H,1.4450000524520874,1.5349913835525513
cv,train,4,P00644__K209A,-0.20000000298023224,-0.17429852485656738
cv,train,4,P00644__M180A,4.400000095367432,4.295042991638184
cv,train,4,P00720__W138Y,2.4000000953674316,2.3777482509613037
cv,train,4,P01236__H208A,0.6000000238418579,0.5890117883682251
cv,train,4,P02754__W35Y,5.204999923706055,5.172849655151367
cv,train,4,P00720__V149A,3.0,2.9470741748809814
cv,train,4,P03050__K24G,1.8250000476837158,1.8023196458816528
cv,train,4,P00720__I3C,-0.25,-0.30529218912124634
cv,train,4,P00974__Y56L,3.4000000953674316,3.403388023376465
cv,train,4,P00648__A79P,3.799999952316284,3.7624356746673584
cv,train,4,P02945__T68A,0.10000000149011612,0.1475304365158081
cv,train,4,P01053__E27A,0.800000011920929,0.7963533401489258
cv,train,4,P00974__P48S,1.399999976158142,1.3922390937805176
cv,train,4,P00644__A151V,2.299999952316284,2.335758686065674
cv,train,4,P00720__V87T,1.399999976158142,1.4262751340866089
cv,train,4,P00644__Q205A,0.30000001192092896,0.2357708215713501
cv,train,4,P02417__K14M,-0.009999999776482582,0.0047113336622715
cv,train,4,P00644__V121E,4.949999809265137,4.906980037689209
cv,train,4,P01009__V169L,0.6499999761581421,0.654207706451416
cv,train,4,P00720__T59S,0.25,0.2411729097366333
cv,train,4,P02693__A105C,-1.7999999523162842,-1.7786448001861572
cv,train,4,P00044__F16I,0.8999999761581421,1.0074182748794556
cv,train,4,P00648__G112S,-0.75,-0.7854571342468262
cv,train,4,P00282__V51A,1.6699999570846558,1.7780483961105347
cv,train,4,P00593__F128A,1.0499999523162842,0.9823734760284424
cv,train,4,P00818__W65A,1.5,1.567757487297058
cv,train,4,P00004__P31A,5.599999904632568,5.497311592102051
cv,train,4,P03040__Y26L,-0.8500000238418579,-0.8512915372848511
cv,train,4,P01625__L35P,1.5,1.6059744358062744
cv,train,4,P00644__E139F,0.800000011920929,0.855676531791687
cv,train,4,P00282__F130S,4.75,4.746402263641357
cv,train,4,P00712__W137F,-0.23000000417232513,-0.25178253650665283
cv,train,4,P00644__G168A,0.5,0.5825042128562927
cv,train,4,P00929__E49V,-3.200000047683716,-3.2032809257507324
cv,train,4,P00720__S44Q,-0.2849999964237213,-0.31524407863616943
cv,train,4,P00644__E149A,1.0,0.9891207218170166
cv,train,4,P05798__T16V,-0.30000001192092896,-0.3110393285751343
cv,train,4,P00644__E211A,2.200000047683716,2.26238751411438
cv,train,4,P00644__Y109E,4.650000095367432,4.623873233795166
cv,train,4,P02417__V3A,2.549999952316284,2.586827278137207
cv,train,4,P00044__H32Y,2.0,1.8762422800064087
cv,train,4,P03040__Y26Q,-1.0499999523162842,-0.9644453525543213
cv,train,4,P00648__I156A,1.75,1.8629529476165771
cv,train,4,P00818__V40A,1.600000023841858,1.7019388675689697
cv,train,4,P00644__W222H,0.4000000059604645,0.47157251834869385
cv,train,4,P00648__I135A,4.050000190734863,3.937498092651367
cv,train,4,P00720__V149C,2.0999999046325684,2.0638554096221924
cv,train,4,P01053__V80A,1.5049999952316284,1.5812937021255493
cv,train,4,P00648__D122N,4.900000095367432,5.034102439880371
cv,train,4,P00644__Q213A,0.15000000596046448,0.09818899631500244
cv,train,4,P00509__N285R,5.199999809265137,5.236734390258789
cv,train,4,P00720__I27A,3.0999999046325684,3.0750892162323
cv,train,4,P01053__Q48M,-0.30000001192092896,-0.3329094648361206
cv,train,4,P00974__F68I,2.4000000953674316,2.4342825412750244
cv,train,4,P00644__V121L,0.8999999761581421,0.8723125457763672
cv,train,4,P00720__T157V,1.600000023841858,1.4762674570083618
cv,train,4,P00720__V131I,-0.1599999964237213,-0.13710474967956543
cv,train,4,P00644__A94G,2.4000000953674316,2.356060266494751
cv,train,4,P04637__E336A,-1.7000000476837158,-1.6886507272720337
cv,train,4,P02693__L90C,1.100000023841858,1.2336177825927734
cv,train,4,P01009__A55V,-0.6000000238418579,-0.5990337133407593
cv,train,4,P04925__T182A,4.309999942779541,4.16837739944458
cv,train,4,P00099__V100I,-1.024999976158142,-1.0301786661148071
cv,train,4,P01009__M398I,-2.1500000953674316,-2.096092462539673
cv,train,4,P00644__T104G,2.4000000953674316,2.32991361618042
cv,train,4,P05798__T56V,1.899999976158142,1.798795461654663
cv,train,4,P01009__A31L,-0.800000011920929,-0.7548315525054932
cv,train,4,P03040__Y26C,-2.200000047683716,-2.2119903564453125
cv,train,4,P00720__D20A,0.4000000059604645,0.4286383390426636
cv,train,4,P00648__R116K,3.1649999618530273,3.0479817390441895
cv,train,4,P01009__V345L,1.100000023841858,1.1373974084854126
cv,train,4,P01308__Y50T,0.30000001192092896,0.31302928924560547
cv,train,4,P02185__W8F,0.4000000059604645,0.35618460178375244
cv,train,4,P00644__E224G,0.30000001192092896,0.23760324716567993
cv,train,4,P03034__A82G,-0.800000011920929,-0.8845199346542358
cv,train,4,P00651__N70S,1.850000023841858,1.7810633182525635
cv,train,4,2IMM_A__K24R,0.20000000298023224,0.20034454762935638
cv,train,4,P00720__K48A,0.5299999713897705,0.5703167915344238
cv,train,4,P00651__D75A,-0.30000001192092896,-0.3838995695114136
cv,train,4,P05798__V57T,4.400000095367432,4.444924354553223
cv,train,4,P03069__E268Q,-0.20000000298023224,-0.17713475227355957
cv,train,4,P00720__T109D,0.30000001192092896,0.25213801860809326
cv,train,4,P01009__K355I,0.4000000059604645,0.3878142833709717
cv,train,4,P00644__T115C,1.100000023841858,0.9981380701065063
cv,train,4,P02185__L70A,1.2000000476837158,1.144665241241455
cv,train,4,P00648__V92T,2.319999933242798,2.3711087703704834
cv,train,4,P00720__A98T,3.565000057220459,3.5971829891204834
cv,train,4,P00644__K215A,1.2999999523162842,1.2225799560546875
cv,train,4,P00257__T112S,-0.10000000149011612,-0.05302548035979271
cv,train,4,P00644__L118G,5.300000190734863,5.315735816955566
cv,train,4,P00257__Y140L,0.4000000059604645,0.39305591583251953
cv,train,4,P00644__T115I,-0.6000000238418579,-0.6404436826705933
cv,train,4,P00644__T202A,1.100000023841858,0.986129879951477
cv,train,4,P00720__I3M,0.699999988079071,0.6282634139060974
cv,train,4,P00644__T95C,1.2999999523162842,1.26787531375885
cv,train,4,P00720__R96E,2.200000047683716,2.182603120803833
cv,train,4,P05413__R127K,3.9800000190734863,3.9918277263641357
cv,train,4,P00644__T144I,1.399999976158142,1.4299019575119019
cv,train,4,P01009__W218F,0.5,0.5208436250686646
cv,train,4,P00644__Y136F,0.44999998807907104,0.39992427825927734
cv,train,4,P02185__E5A,0.625,0.6285792589187622
cv,train,4,P00644__V121A,2.200000047683716,2.2225162982940674
cv,train,4,P00648__I143A,3.200000047683716,3.1805453300476074
cv,train,4,P00651__A47Y,0.38999998569488525,0.3988562822341919
cv,train,4,P02417__V3L,2.2100000381469727,2.24460768699646
cv,train,4,P00698__W126Y,1.3600000143051147,1.3870320320129395
cv,train,4,P01857__T249A,2.299999952316284,2.3046493530273438
cv,train,4,P00720__I17M,2.75,2.749148368835449
cv,train,4,P00644__Y175A,6.0,5.942056179046631
cv,train,4,P00644__Y109S,3.0,3.0479204654693604
cv,train,4,P02753__R139Q,2.5999999046325684,2.622925043106079
cv,train,4,P04637__R248Q,1.940000057220459,1.951844334602356
cv,train,4,P00644__P129G,0.10000000149011612,0.14020508527755737
cv,train,4,P00712__K112A,1.7000000476837158,1.739972710609436
cv,train,4,P02751__I1596A,3.299999952316284,3.305072069168091
cv,train,4,P00282__C132S,-1.5700000524520874,-1.667224645614624
cv,train,4,P01857__L234A,1.2999999523162842,1.4166415929794312
cv,train,4,P00644__E139A,0.15000000596046448,0.09250319004058838
cv,train,4,P00644__K145E,1.5,1.4855384826660156
cv,train,4,P00651__N107A,2.890000104904175,2.836308240890503
cv,train,4,P06241__F87V,0.5,0.5136613845825195
cv,train,4,P00648__F54L,4.199999809265137,4.22170352935791
cv,train,4,P00644__N200E,1.899999976158142,1.9585044384002686
cv,train,4,P03050__K47G,0.8799999952316284,0.827978253364563
cv,train,4,P00644__T126G,0.5,0.5769613981246948
cv,train,4,P00644__T123S,1.0,1.0382567644119263
cv,train,4,P06241__A122G,1.399999976158142,1.3092000484466553
cv,train,4,P00648__I123A,1.7000000476837158,1.6057547330856323
cv,train,4,P01857__L251A,2.200000047683716,2.164599657058716
cv,train,4,P00720__Q105E,0.8999999761581421,0.7689036130905151
cv,train,4,P03050__K24T,0.8999999761581421,0.970939040184021
cv,train,4,P00644__T123G,1.7999999523162842,1.8460912704467773
cv,train,4,P00974__C65G,8.699999809265137,8.718513488769531
cv,train,4,P00648__N70A,2.200000047683716,2.175429582595825
cv,train,4,P01584__K213G,1.600000023841858,1.5684796571731567
cv,train,4,P01053__K37G,2.0,1.9975110292434692
cv,train,4,P00509__K63M,5.0,5.00543737411499
cv,train,4,P03050__K2A,-0.10000000149011612,-0.14910948276519775
cv,train,4,P03034__A63G,-1.5,-1.2569748163223267
cv,train,4,P00720__A134S,0.15000000596046448,0.10342943668365479
cv,train,4,P03034__Y89C,-2.4000000953674316,-2.409236431121826
cv,train,4,P00651__D75W,0.8999999761581421,0.93159019947052
cv,train,4,P01053__I40L,1.9600000381469727,1.9336775541305542
cv,train,4,P00644__K131F,-0.10000000149011612,-0.1202160120010376
cv,train,4,P01584__K213R,1.7999999523162842,1.822342038154602
cv,train,4,P03050__S32A,3.7799999713897705,3.790175199508667
cv,train,4,P03050__R23A,1.100000023841858,1.0376371145248413
cv,train,4,P02693__L65A,2.0999999046325684,2.0384597778320312
cv,train,4,P01857__Y232A,0.699999988079071,0.6869775652885437
cv,train,4,P00644__G168F,2.0,1.9755891561508179
cv,train,4,P05825__L266C,-6.880000114440918,-6.893681526184082
cv,train,4,P00648__S104A,-0.15000000596046448,-0.1271582841873169
cv,train,4,P04637__Q167E,0.4300000071525574,0.4433990716934204
cv,train,4,P00644__D165A,3.799999952316284,3.840787649154663
cv,train,4,P00644__E217K,1.100000023841858,1.1863008737564087
cv,train,4,P03034__A16G,0.6000000238418579,0.41727006435394287
cv,train,4,P00918__H107F,8.600000381469727,8.705121994018555
cv,train,4,P03958__W161F,-7.300000190734863,-7.219413757324219
cv,train,4,P04179__I82T,2.8499999046325684,2.9212372303009033
cv,train,4,P00698__I76M,1.090000033378601,1.1464378833770752
cv,train,4,P00651__D102A,3.75,3.738013505935669
cv,train,4,P00644__K135G,0.20000000298023224,0.17470180988311768
cv,train,4,P02945__F67A,1.0,1.0102602243423462
cv,train,4,P05413__F17S,4.0,3.9290237426757812
cv,train,4,P01053__F70A,3.6500000953674316,3.6583340167999268
cv,train,4,P00644__H203G,4.099999904632568,3.9494240283966064
cv,train,4,P00929__G234K,-0.10000000149011612,-0.10488879680633545
cv,train,4,P00974__P43A,0.30000001192092896,0.31542670726776123
cv,train,4,P00712__W123F,2.134999990463257,2.1162221431732178
cv,train,4,P00720__N144E,-0.5,-0.44079554080963135
cv,train,4,P00644__P93A,0.3499999940395355,0.34971845149993896
cv,train,4,P00712__L124A,0.30000001192092896,0.3187781572341919
cv,train,4,P02945__L61A,0.10000000149011612,0.12537389993667603
cv,train,4,P02945__M73A,0.800000011920929,0.7510961294174194
cv,train,4,P00818__F23L,1.2999999523162842,1.2981829643249512
cv,train,4,P02417__D23A,-0.10000000149011612,-0.1204535961151123
cv,train,4,P00974__Y70F,0.6000000238418579,0.5280746221542358
cv,train,4,P00720__T152S,2.200000047683716,2.1648476123809814
cv,train,4,P00720__P37A,0.0,0.02241838350892067
cv,train,4,P00644__F116A,3.700000047683716,3.7254841327667236
cv,train,4,P02185__F107A,0.44999998807907104,0.3767029047012329
cv,train,4,P00648__I102A,1.2000000476837158,1.0942763090133667
cv,train,4,P00644__E149F,1.2999999523162842,1.2170544862747192
cv,train,4,P02417__L6I,0.12999999523162842,0.17701876163482666
cv,train,4,P04637__M340I,-0.550000011920929,-0.5256602764129639
cv,train,4,P00644__Y173F,2.3499999046325684,2.2273781299591064
cv,train,4,P00952__L105V,2.9600000381469727,2.9562935829162598
cv,train,4,P03034__K5Q,-0.4300000071525574,-0.42131221294403076
cv,train,4,P01053__R82A,0.6000000238418579,0.48689234256744385
cv,train,4,P00644__I174L,0.6000000238418579,0.6670366525650024
cv,train,4,P00509__C389A,-2.1500000953674316,-2.1558234691619873
cv,train,4,P00750__V280I,-0.30000001192092896,-0.25037968158721924
cv,train,4,3PG0_A__E90L,0.8999999761581421,0.8877137899398804
cv,train,4,P00044__N58F,0.05999999865889549,-0.19212210178375244
cv,train,4,P03051__D30C,-0.800000011920929,-0.7823020219802856
cv,train,4,P00974__R77A,0.5,0.4616204500198364
cv,train,4,P01053__K37A,0.5,0.49909794330596924
cv,train,4,P00282__V80G,3.109999895095825,3.052170753479004
cv,train,4,P00644__K146Q,0.0,0.03141391649842262
cv,train,4,P02185__L136A,1.25,1.3027671575546265
cv,train,4,P01053__V83T,1.149999976158142,1.2652467489242554
cv,train,4,P00720__I3A,0.800000011920929,0.789507269859314
cv,train,4,P05798__D79I,-2.8499999046325684,-2.8335893154144287
cv,train,4,P00651__P65A,4.900000095367432,4.82398796081543
cv,train,4,P00648__S138A,1.899999976158142,2.0190882682800293
cv,train,4,P05121__E350P,-0.30000001192092896,-0.22809135913848877
cv,train,4,P00651__D75F,0.15000000596046448,0.08256340026855469
cv,train,4,P00644__T95I,0.10000000149011612,0.06637942790985107
cv,train,4,P00698__F21Y,0.44999998807907104,0.39458417892456055
cv,train,4,O74035__E8Q,-0.6000000238418579,-0.632454514503479
cv,train,4,P00644__D103K,-1.0,-1.0717308521270752
cv,train,4,P06241__E107S,1.6200000047683716,1.6012846231460571
cv,train,4,P02625__A22P,0.48500001430511475,0.39572155475616455
cv,train,4,P04637__T329A,2.299999952316284,2.2393319606781006
cv,train,4,P00644__K198F,0.15000000596046448,0.09692394733428955
cv,train,4,P02945__S48A,0.30000001192092896,0.3809248208999634
cv,train,4,P00698__D119R,-0.27000001072883606,-0.26169538497924805
cv,train,4,P00720__V111A,1.100000023841858,1.1344910860061646
cv,train,4,P00644__G111A,1.25,1.2547264099121094
cv,train,4,P00644__T86G,0.20000000298023224,0.07807779312133789
cv,train,4,P00644__R187G,2.4000000953674316,2.313197374343872
cv,train,4,P02633__L27G,4.139999866485596,4.129952430725098
cv,train,4,P00644__Q213F,0.6000000238418579,0.6054033041000366
cv,train,4,P00171__S76L,-0.800000011920929,-0.8088997602462769
cv,train,4,P00644__I154E,6.650000095367432,6.695068359375
cv,train,4,P00974__C65S,8.0,7.986983299255371
cv,train,4,P00782__N325S,-1.0700000524520874,-1.1553858518600464
cv,train,4,P00644__F158A,4.050000190734863,3.9937479496002197
cv,train,4,P04637__R249S,1.934999942779541,1.9417632818222046
cv,train,4,P00720__G156D,2.9000000953674316,2.853816270828247
cv,train,4,P02185__A145L,-0.25,-0.3451327085494995
cv,train,4,P00644__A194G,0.0,-0.019295211881399155
cv,train,4,P00974__K50A,0.4000000059604645,0.34976714849472046
cv,train,4,P02417__V21A,2.3299999237060547,2.3863918781280518
cv,train,4,P00644__H206E,-0.3499999940395355,-0.3634895086288452
cv,train,4,P01009__A308L,0.800000011920929,0.822007417678833
cv,train,4,P00644__V148M,0.10000000149011612,0.05529821291565895
cv,train,4,P03050__S35G,0.33000001311302185,0.1600130796432495
cv,train,4,P00644__V105E,6.0,6.054094314575195
cv,train,4,P00644__P129A,0.550000011920929,0.5422239303588867
cv,train,4,P00720__N40D,-0.41999998688697815,-0.45414412021636963
cv,train,4,P00712__A49I,-1.600000023841858,-1.5210267305374146
cv,train,4,P03069__K275A,0.9100000262260437,0.9303668737411499
cv,train,4,P00282__H66G,10.899999618530273,10.89420223236084
cv,train,4,P01053__V80T,0.4000000059604645,0.497918963432312
cv,train,4,P02751__V1547A,1.2000000476837158,1.2301846742630005
cv,train,4,P00720__L7A,3.5999999046325684,3.6136252880096436
cv,train,4,P00698__E53A,-1.399999976158142,-1.3396373987197876
cv,train,4,P00644__L96I,1.5,1.5611757040023804
cv,train,4,P00644__L185E,5.550000190734863,5.6136860847473145
cv,train,4,P01009__A272V,-2.1500000953674316,-2.134645700454712
cv,train,4,P01009__A207L,-1.2999999523162842,-1.353243112564087
cv,train,4,P00711__Y122P,0.25999999046325684,0.2731274366378784
cv,train,4,P00644__V193L,0.8999999761581421,0.8944698572158813
cv,train,4,P00282__V25A,0.7300000190734863,0.722664475440979
cv,train,4,P00644__E134F,0.6000000238418579,0.5892060995101929
cv,train,4,P00509__C180W,2.200000047683716,2.255498170852661
cv,train,4,P05413__G68S,1.2000000476837158,1.1830216646194458
cv,train,4,P00648__N105A,2.1700000762939453,2.147080659866333
cv,train,4,P00044__N58S,0.30000001192092896,0.1391754150390625
cv,train,4,P00648__A79F,0.6000000238418579,0.6320348978042603
cv,train,4,P00818__I87V,1.7000000476837158,1.7006219625473022
cv,train,4,P03050__E43A,0.30000001192092896,0.3228813409805298
cv,train,4,P00509__E253Q,5.800000190734863,5.8387956619262695
cv,train,4,P00644__Y195L,-0.20000000298023224,-0.20443689823150635
cv,train,4,P03050__E48G,1.8450000286102295,1.853528618812561
cv,train,4,P00720__G30F,1.5,1.5067766904830933
cv,train,4,P00644__Y109L,1.5,1.46587073802948
cv,train,4,P01241__E100D,1.2999999523162842,1.217581868171692
cv,train,4,P00644__I154L,0.20000000298023224,0.17065083980560303
cv,train,4,P00651__A47Q,0.33000001311302185,0.3479783833026886
cv,train,4,P05413__T41E,3.2699999809265137,3.235067129135132
cv,train,4,P00648__H65N,1.6799999475479126,1.665206789970398
cv,train,4,P00044__K79W,1.5,1.545003056526184
cv,train,4,P00974__P37A,1.2999999523162842,1.3159122467041016
cv,train,4,1YYX_A__A87G,3.0,2.916271209716797
cv,train,4,P00644__A214V,4.699999809265137,4.746524810791016
cv,train,4,P01584__C124A,2.0999999046325684,2.127279043197632
cv,train,4,P00644__A191E,5.800000190734863,5.758913040161133
cv,train,4,P00974__N79G,4.699999809265137,4.6549882888793945
cv,train,4,P00648__D101N,2.4000000953674316,2.395070791244507
cv,train,4,P05798__T5V,0.0,-0.06244635209441185
cv,train,4,P05798__T72V,0.20000000298023224,0.20674479007720947
cv,train,4,P00044__C108T,-3.0999999046325684,-3.000072717666626
cv,train,4,P00698__E53H,2.299999952316284,2.3495070934295654
cv,train,4,P00929__Y175Q,1.600000023841858,1.5947684049606323
cv,train,4,P00974__N78G,5.699999809265137,5.681548118591309
cv,train,4,P01053__P53A,0.30000001192092896,0.3244837522506714
cv,train,4,P00651__A47L,0.12999999523162842,0.0698021650314331
cv,train,4,P00644__E155Q,0.6000000238418579,0.5887261629104614
cv,train,4,P00644__A184G,1.2999999523162842,1.368062138557434
cv,train,4,P04637__G245S,1.0049999952316284,1.0357033014297485
cv,train,4,P00644__L185I,1.100000023841858,1.0865683555603027
cv,train,4,P00282__V115T,0.11999999731779099,0.21643996238708496
cv,train,4,P00644__F116C,2.799999952316284,2.8791794776916504
cv,train,4,P00698__D119S,-0.8700000047683716,-0.8716648817062378
cv,train,4,P00648__V57A,3.4000000953674316,3.417119264602661
cv,train,4,P00282__V42T,2.5999999046325684,2.6501150131225586
cv,train,4,P00644__K160F,-0.10000000149011612,-0.07800579071044922
cv,train,4,P03034__A67G,-0.10000000149011612,-0.09286415576934814
cv,train,4,P00712__L71A,3.200000047683716,3.108656406402588
cv,train,4,P00818__T79S,1.399999976158142,1.38852059841156
cv,train,4,P00720__K124G,0.05000000074505806,-0.02228498086333275
cv,train,4,P02633__V74L,0.6449999809265137,0.6331450939178467
cv,train,4,P04637__P151S,4.489999771118164,4.428599834442139
cv,train,4,P01009__A55P,-2.5,-2.45554518699646
cv,train,4,P01053__V83G,3.5,3.5721750259399414
cv,train,4,P04637__R174K,0.2199999988079071,0.17808806896209717
cv,train,4,P00648__T73D,0.0,0.025182608515024185
cv,train,4,P00644__Q112G,0.8999999761581421,0.7893184423446655
cv,train,4,P00644__L120I,2.0999999046325684,2.073457956314087
cv,train,4,P02417__V3I,0.3100000023841858,0.3013498783111572
cv,train,4,P03034__A67T,2.990000009536743,3.0117228031158447
cv,train,4,P00644__K98A,0.20000000298023224,0.1651831865310669
cv,train,4,P01053__N76A,0.9150000214576721,0.866318941116333
cv,train,4,P04637__L201P,-0.3499999940395355,-0.3969036340713501
cv,train,4,P00720__I58A,3.200000047683716,3.2550926208496094
cv,train,4,P00644__P199T,-1.0,-1.0451205968856812
cv,train,4,P00592__H70Q,0.8149999976158142,0.7309646606445312
cv,train,4,P01009__A272L,0.30000001192092896,0.333699107170105
cv,train,4,P00720__F153L,-0.30000001192092896,-0.3063511848449707
cv,train,4,P06241__F103V,1.899999976158142,1.9643110036849976
cv,train,4,P00644__Q112A,0.25,0.1875842809677124
cv,train,4,P00720__M102K,6.449999809265137,6.411342144012451
cv,train,4,P00644__V186E,4.099999904632568,4.154143333435059
cv,train,4,P01053__I40V,1.2000000476837158,1.2085689306259155
cv,train,4,P02751__L1599A,2.9000000953674316,2.8725087642669678
cv,train,4,P00044__L100I,0.0,0.000140313059091568
cv,train,4,P00651__A47M,0.15000000596046448,0.13930296897888184
cv,train,4,P00698__I96M,0.8500000238418579,0.8263002634048462
cv,train,4,P00720__A42G,2.950000047683716,2.9157700538635254
cv,train,4,P03050__V33A,1.934999942779541,1.892426609992981
cv,train,4,P00720__T157D,2.049999952316284,1.9919449090957642
cv,train,4,P03051__D30H,-0.8999999761581421,-0.8635797500610352
cv,train,4,P00644__N200G,1.7000000476837158,1.7720118761062622
cv,train,4,P00644__N200A,1.9500000476837158,2.0324606895446777
cv,train,4,P04637__N239Y,-1.4900000095367432,-1.5434876680374146
cv,train,4,P00099__E92V,1.100000023841858,1.0841246843338013
cv,train,4,P00644__D103A,-0.699999988079071,-0.6437414884567261
cv,train,4,P02753__W42L,2.5999999046325684,2.694192886352539
cv,train,4,P02185__P89A,-0.6000000238418579,-0.5844125747680664
cv,train,4,P00644__V148G,4.400000095367432,4.421482563018799
cv,train,4,P00648__K74A,-0.4449999928474426,-0.6104871034622192
cv,train,4,P00644__V105T,3.200000047683716,3.271179437637329
cv,train,4,P01584__K213V,-1.100000023841858,-1.0691550970077515
cv,train,4,P02945__I65A,1.399999976158142,1.4127084016799927
cv,train,4,P00720__S44D,0.10499999672174454,0.09130275249481201
cv,train,4,P00644__E157K,2.200000047683716,2.213693618774414
cv,train,4,P00712__L31A,2.700000047683716,2.6907570362091064
cv,train,4,P00644__T164V,-0.20000000298023224,-0.22960960865020752
cv,train,4,P00720__A49S,0.44999998807907104,0.4396423101425171
cv,train,4,P00974__R74A,0.0,-0.010440107434988022
cv,train,4,P04925__M128V,0.2150000035762787,0.09748780727386475
cv,train,4,P00644__V193S,4.75,4.66969108581543
cv,train,4,P00720__V111M,0.550000011920929,0.5383338928222656
cv,train,4,P00644__L219A,2.200000047683716,2.204305410385132
cv,train,4,P00044__P77V,1.0,1.0364702939987183
cv,train,4,P04637__I255F,3.2899999618530273,3.2301337718963623
cv,train,4,P00644__E217A,0.699999988079071,0.7338622808456421
cv,train,4,P00593__H70N,2.4000000953674316,2.41614031791687
cv,train,4,P00044__C108A,-2.9000000953674316,-2.8236992359161377
cv,train,4,P05798__E74K,-0.800000011920929,-0.8115760087966919
cv,train,4,P02693__F69A,-1.2000000476837158,-1.1692603826522827
cv,train,4,P00644__S141G,0.8999999761581421,0.8130460977554321
cv,train,4,P00644__T144E,5.0,4.855645656585693
cv,train,4,P00509__C389S,1.7999999523162842,1.7597664594650269
cv,train,4,P05798__D79E,0.3499999940395355,0.3918266296386719
cv,train,4,P00560__Y49W,1.684999942779541,1.6491698026657104
cv,train,4,P04637__C242S,3.069999933242798,3.100672483444214
cv,train,4,P00711__Q73A,0.4050000011920929,0.2197819948196411
cv,train,4,P00644__A172G,1.899999976158142,1.82094144821167
cv,train,4,P00720__M6L,3.9000000953674316,3.8468868732452393
cv,train,4,P00720__R119H,0.29499998688697815,0.27738356590270996
cv,train,4,P00720__T157E,1.2999999523162842,1.2373403310775757
cv,train,4,P02751__Y1569A,4.199999809265137,4.186875820159912
cv,train,4,P04164__M69A,-5.0,-4.961936950683594
cv,train,4,P01053__F70L,2.055000066757202,2.0802152156829834
cv,train,4,P00651__V42T,3.8499999046325684,3.8980705738067627
cv,train,4,P05230__N121G,-0.28999999165534973,-0.28712189197540283
cv,train,4,P00644__Y109C,2.700000047683716,2.672248601913452
cv,train,4,P03034__G49A,-0.8700000047683716,-0.9084941148757935
cv,train,4,P04925__V179I,0.3499999940395355,0.40499794483184814
cv,train,4,P00644__V186T,2.5,2.437390089035034
cv,train,4,P05413__T41Q,4.369999885559082,4.408960342407227
cv,train,4,P00974__L64A,0.0,-0.016396518796682358
cv,train,4,P03050__S5A,-0.10000000149011612,-0.1465245485305786
cv,train,4,P03050__K46G,1.149999976158142,1.0909228324890137
cv,train,4,P00644__Y109W,0.6000000238418579,0.6148391962051392
cv,train,4,P00644__T126I,0.6000000238418579,0.6239615678787231
cv,train,4,P00818__Y26A,0.05000000074505806,0.08981549739837646
cv,train,4,P00644__A99V,1.899999976158142,1.8585079908370972
cv,train,4,P04637__D148S,-0.2199999988079071,-0.22424304485321045
cv,train,4,P00712__V27A,1.0,1.1012245416641235
cv,train,4,P00644__Y136G,1.75,1.8351753950119019
cv,train,4,P00720__Q122A,0.2199999988079071,0.1697835922241211
cv,train,4,P01053__V71A,1.9500000476837158,1.9742506742477417
cv,train,4,P00974__T67A,0.10000000149011612,0.09247314929962158
cv,train,4,P01053__D65A,0.8500000238418579,0.9066855907440186
cv,train,4,P05121__E350R,0.30000001192092896,0.3621419072151184
cv,train,4,P03050__K24A,0.6000000238418579,0.5999315977096558
cv,train,4,P00648__Q62G,1.600000023841858,1.533707857131958
cv,train,4,P01053__V54A,0.6349999904632568,0.6821430921554565
cv,train,4,P02417__I4V,0.5899999737739563,0.5890265703201294
cv,train,4,P00644__A99G,0.25,0.29759109020233154
cv,train,4,P00644__K135A,0.20000000298023224,0.13898932933807373
cv,train,4,O74035__D7N,-1.399999976158142,-1.4449065923690796
cv,train,4,P06241__S124K,-0.10499999672174454,-0.11766254901885986
cv,train,4,P00644__I174E,7.150000095367432,7.067819595336914
cv,train,4,P04637__A129D,0.699999988079071,0.6513396501541138
cv,train,4,P00720__Q69P,3.0,2.9749672412872314
cv,train,4,P00644__Y136A,2.049999952316284,2.0784175395965576
cv,train,4,P00644__Y173A,4.900000095367432,4.835994243621826
cv,train,4,P00648__A79I,0.699999988079071,0.7921278476715088
cv,train,4,P00720__S44C,0.10499999672174454,0.06762862205505371
cv,train,4,P00044__T75E,-1.399999976158142,-1.3689630031585693
cv,train,4,P01009__V345I,-0.550000011920929,-0.5020526647567749
cv,train,4,P05825__G274C,-7.929999828338623,-7.989455699920654
cv,train,4,P03050__K47A,1.7999999523162842,1.6986618041992188
cv,train,4,P02185__H82Q,0.0,-0.04847502335906029
cv,train,4,P01308__F49H,-1.0,-0.9652037620544434
cv,train,4,P00648__A79K,0.15000000596046448,0.19571208953857422
cv,train,4,2IMM_A__M21L,0.30000001192092896,0.28719592094421387
cv,train,4,P00644__S223A,0.25999999046325684,0.2862621545791626
cv,train,4,P00720__A93T,-0.07999999821186066,-0.07978880405426025
cv,train,4,P00974__Y58A,5.949999809265137,5.956884384155273
cv,train,4,P00593__H70A,1.899999976158142,1.842481255531311
cv,train,4,P00644__V196A,0.0,0.21127307415008545
cv,train,4,P00648__I72V,1.0499999523162842,0.9811674356460571
cv,train,4,P00720__I3S,1.7999999523162842,1.7414103746414185
cv,train,4,P04637__A129E,0.3799999952316284,0.42274683713912964
cv,train,4,P00644__K110G,0.75,0.6761124134063721
cv,train,4,P00171__V50G,1.899999976158142,1.9293500185012817
cv,train,4,P00045__P81T,0.800000011920929,0.9268823862075806
cv,train,4,P00929__G211R,0.75,0.9271082282066345
cv,train,4,P04166__P81A,1.100000023841858,1.0351029634475708
cv,train,4,P00644__E155G,2.700000047683716,2.6522295475006104
cv,train,4,P00929__E49K,-0.8500000238418579,-0.8776744604110718
cv,train,4,P03034__G47A,-0.6600000262260437,-0.6991981267929077
cv,train,4,P00644__K192A,1.2999999523162842,1.264865517616272
cv,train,4,P04637__T123A,0.12999999523162842,0.16384649276733398
cv,train,4,P00644__E157G,3.4000000953674316,3.4048898220062256
cv,train,4,P06241__F87A,1.2999999523162842,1.3568114042282104
cv,train,4,P02693__G66A,1.100000023841858,1.1756218671798706
cv,train,4,P05798__D79N,-1.2000000476837158,-1.1515668630599976
cv,train,4,P05798__D17K,1.100000023841858,1.0757278203964233
cv,train,4,P03069__E270Q,1.8300000429153442,1.778042197227478
cv,train,4,P00044__L100T,3.299999952316284,3.2539875507354736
cv,train,4,P02753__W109H,0.10000000149011612,0.12093985080718994
cv,train,4,P00720__A98V,4.650000095367432,4.532081604003906
cv,train,4,P05798__D79K,-2.299999952316284,-2.1773760318756104
cv,train,4,P05798__Y30F,-0.4000000059604645,-0.37872791290283203
cv,train,4,P00644__E204A,0.30000001192092896,0.2954801321029663
cv,train,4,P01009__T83A,-0.949999988079071,-0.9784358739852905
cv,train,4,P00648__D140N,4.054999828338623,4.141119003295898
cv,train,4,P00698__S109D,2.309999942779541,2.346039056777954
cv,train,4,P00648__T73S,0.5299999713897705,0.451820969581604
cv,train,4,P02633__V65G,3.9749999046325684,3.943420648574829
cv,train,4,P00644__G102E,3.700000047683716,3.6446452140808105
cv,train,4,P00644__K216A,-0.10000000149011612,-0.13955795764923096
cv,train,4,P00644__T104V,0.8500000238418579,0.7185484170913696
cv,train,4,P00257__D134E,-0.44999998807907104,-0.38845765590667725
cv,train,4,P00720__L99F,0.30000001192092896,0.26020872592926025
cv,train,4,P00644__N220G,-0.20000000298023224,-0.172920823097229
cv,train,4,P00720__T26S,-0.5849999785423279,-0.5934971570968628
cv,train,4,P00698__T58I,2.200000047683716,2.234501838684082
cv,train,4,P02625__K81S,0.28999999165534973,0.25027161836624146
cv,train,4,P00644__L207A,4.800000190734863,4.722499370574951
cv,train,4,P00720__T59N,1.0,0.9795623421669006
cv,train,4,P00929__P132A,1.0,1.075310230255127
cv,train,4,P01308__H34E,-1.440000057220459,-1.4446797370910645
cv,train,4,P00282__I101A,2.0999999046325684,2.0556352138519287
cv,train,4,P01051__V62A,1.0049999952316284,1.0214804410934448
cv,train,4,P02417__M1A,1.4600000381469727,1.3546621799468994
cv,train,4,P00648__T73V,2.2049999237060547,2.1437370777130127
cv,train,4,P00644__I221M,0.4000000059604645,0.4660196304321289
cv,train,4,P00648__G81A,2.799999952316284,2.8147060871124268
cv,train,4,P04166__R31H,-1.399999976158142,-1.4131159782409668
cv,train,4,P00720__D47A,0.824999988079071,0.8721705675125122
cv,train,4,P02185__L70I,0.0,0.014781836420297623
cv,train,4,P00711__L129E,0.19499999284744263,0.22472786903381348
cv,train,4,P00918__V68C,1.2000000476837158,1.2149972915649414
cv,train,4,P02633__L32A,2.450000047683716,2.422053575515747
cv,train,4,P00644__P199G,-1.100000023841858,-1.1223410367965698
cv,train,4,1YYX_A__F61A,5.5,5.42331600189209
cv,train,4,P00720__G77A,0.4000000059604645,0.42076385021209717
cv,train,4,P02417__D8N,0.30000001192092896,0.36888372898101807
cv,train,4,P00644__G170V,0.3499999940395355,0.2781496047973633
cv,train,4,P05798__D79F,0.699999988079071,0.6928638219833374
cv,train,4,P06241__E107R,3.390000104904175,3.3918168544769287
cv,train,4,P00644__Y175G,6.949999809265137,6.904721260070801
cv,train,4,P06241__E107Y,2.4000000953674316,2.3479855060577393
cv,train,4,P00720__A146T,2.2899999618530273,2.248826742172241
cv,train,4,P00644__L89V,1.2000000476837158,1.2112692594528198
cv,train,4,P01053__V54G,2.4000000953674316,2.3594000339508057
cv,train,4,P04637__N268D,-1.065000057220459,-1.1215027570724487
cv,train,4,3PG0_A__A92G,0.0,-0.03892767056822777
cv,train,4,P05798__H85Q,0.0,-0.010871406644582748
cv,train,4,P00644__K166G,0.3499999940395355,0.33096301555633545
cv,train,4,P00560__Y123W,2.0999999046325684,2.0287930965423584
cv,train,4,P03051__D30S,-1.0,-0.987820029258728
cv,train,4,P00648__L136G,7.0,6.944428443908691
cv,train,4,P00171__V66K,2.365000009536743,2.4414865970611572
cv,train,4,P00720__M102V,3.0,3.0056893825531006
cv,train,4,P00720__T157I,1.899999976158142,1.9387949705123901
cv,train,4,P00257__D73E,-0.5,-0.43034565448760986
cv,train,4,P00644__V186A,2.799999952316284,2.7895326614379883
cv,train,4,P00644__V121G,4.599999904632568,4.537290096282959
cv,train,4,P00644__V148W,3.009999990463257,2.9164299964904785
cv,train,4,P06241__I111L,0.8500000238418579,0.8102577924728394
cv,train,4,P02945__P63A,-0.10000000149011612,-0.09272241592407227
cv,train,4,P00720__M120L,-0.44999998807907104,-0.5564448833465576
cv,train,4,P00648__Y64G,4.164999961853027,4.12537145614624
cv,train,4,P00720__R96T,2.950000047683716,2.923022747039795
cv,train,4,P00644__V133I,-0.10000000149011612,-0.07736492156982422
cv,train,4,P02945__F55A,1.600000023841858,1.6131389141082764
cv,train,4,P00720__A42F,5.199999809265137,5.059793472290039
cv,train,4,P01053__I57A,0.36500000953674316,0.31744134426116943
cv,train,4,P00644__N220A,1.0,1.037732481956482
cv,train,4,P00698__G120A,-0.6100000143051147,-0.6429017782211304
cv,train,4,P02751__A1550G,0.9300000071525574,0.8807834386825562
cv,train,4,P00644__G161D,2.2799999713897705,2.2112019062042236
cv,train,4,P01857__T277A,0.6000000238418579,0.5942378044128418
cv,train,4,P03050__N34A,0.0,-0.08914840221405029
cv,train,4,P00711__H51A,2.115000009536743,2.004215955734253
cv,train,4,P01009__A31P,-2.0999999046325684,-2.1099331378936768
cv,train,4,P02751__I1627A,0.5249999761581421,0.519446611404419
cv,train,4,P00644__G111F,1.2000000476837158,1.225314974784851
cv,train,4,P04637__M237I,3.180000066757202,3.1484591960906982
cv,train,4,P00509__C180A,1.100000023841858,1.1017512083053589
cv,train,4,P04637__E346A,0.3499999940395355,0.423617959022522
cv,train,4,P00712__L115A,1.7999999523162842,1.875455617904663
cv,train,4,P02185__M132A,1.2999999523162842,1.2629176378250122
cv,train,4,P00720__T59A,1.649999976158142,1.6072584390640259
cv,train,4,P00593__F128Y,-0.3499999940395355,-0.35027778148651123
cv,train,4,P04637__M133L,-0.30000001192092896,-0.3345264196395874
cv,train,4,P00720__Q123A,0.20999999344348907,0.19080805778503418
cv,train,4,P00720__S38A,0.7699999809265137,0.7543760538101196
cv,train,4,P04166__P97A,0.699999988079071,0.7666686773300171
cv,train,4,P00644__Q162G,1.2000000476837158,1.1243427991867065
cv,train,4,P02751__P1624A,0.20999999344348907,0.1758195161819458
cv,train,4,P00044__N58M,-2.9000000953674316,-3.045538902282715
cv,train,4,P01053__L41A,1.2999999523162842,1.1071791648864746
cv,train,4,P00644__K198A,-0.699999988079071,-0.705044150352478
cv,train,4,P00974__F57A,1.2000000476837158,1.2718251943588257
cv,train,4,P00644__E183F,2.700000047683716,2.7585256099700928
cv,train,4,P00720__K60P,0.0,0.05926216021180153
cv,train,4,P00711__H126Y,0.19499999284744263,0.20871877670288086
cv,train,4,P00644__E134A,0.10000000149011612,0.07232725620269775
cv,train,4,P05413__F5S,3.700000047683716,3.6887099742889404
cv,train,4,P05798__Y49F,0.20000000298023224,0.08629977703094482
cv,train,4,P01625__Q115N,1.4500000476837158,1.4764307737350464
cv,train,4,P00818__L66V,5.349999904632568,5.245255470275879
cv,train,4,P00644__N226G,0.5,0.46637940406799316
cv,train,4,P04637__I332V,4.849999904632568,4.80843448638916
cv,train,4,P00644__L185A,4.599999904632568,4.5656890869140625
cv,train,4,P00644__G170A,0.15000000596046448,0.14123225212097168
cv,train,4,P00644__K145G,1.5,1.4868942499160767
cv,train,4,P00644__H206Q,-0.6000000238418579,-0.658511757850647
cv,train,4,P00560__W334Y,-1.100000023841858,-1.0806561708450317
cv,train,4,P00651__D102N,3.0999999046325684,3.1155872344970703
cv,train,4,P00720__G113E,-0.30000001192092896,-0.2900291681289673
cv,train,4,P00644__K215F,1.2999999523162842,1.2497512102127075
cv,train,4,P02185__L50I,0.800000011920929,0.8534369468688965
cv,train,4,P03050__Q9G,-0.4399999976158142,-0.5457698106765747
cv,train,4,P00720__N132M,-1.5,-1.4742684364318848
cv,train,4,P00818__M62A,4.0,3.9480843544006348
cv,train,4,P01857__P278A,3.200000047683716,3.1555778980255127
cv,train,4,P05798__T18V,1.399999976158142,1.4139777421951294
cv,train,4,P00698__A49L,-1.7999999523162842,-1.7688961029052734
cv,train,4,P00644__F158G,4.699999809265137,4.732909679412842
cv,train,4,P00929__E49G,1.7000000476837158,1.702785849571228
cv,train,4,P00644__L118A,3.549999952316284,3.6166036128997803
cv,train,4,P00720__S44E,0.0,0.0082477368414402
cv,train,4,P00648__A79D,0.5,0.4277613162994385
cv,train,4,P04637__K351A,-1.5499999523162842,-1.5327622890472412
cv,train,4,P00974__G91A,0.20000000298023224,0.2654866576194763
cv,train,4,P00644__D225K,0.30000001192092896,0.3975207805633545
cv,train,4,P00593__F44A,-0.3499999940395355,-0.39303505420684814
cv,train,4,P00720__R96S,2.700000047683716,2.6595749855041504
cv,train,4,P01308__H34T,0.2199999988079071,0.2397843599319458
cv,train,4,P02693__L73C,0.05000000074505806,0.10354346036911011
cv,train,4,P00644__A194V,1.2999999523162842,1.2373446226119995
cv,train,4,P00929__P28G,1.600000023841858,1.6581950187683105
cv,train,4,P00720__S38D,0.0,0.0032719410955905914
cv,train,4,P01006__V44A,6.78000020980835,6.731930255889893
cv,train,4,P01006__M134G,6.900000095367432,6.857913017272949
cv,train,4,P01236__H74A,0.6000000238418579,0.5112323760986328
cv,train,4,P00711__H126A,0.7950000166893005,0.7131310701370239
cv,train,4,P00644__T104A,1.600000023841858,1.5021902322769165
cv,train,4,P00651__S90A,1.5,1.5110052824020386
cv,train,4,P02417__M1G,2.359999895095825,2.309415102005005
cv,train,4,P00644__K152A,0.15000000596046448,0.12881529331207275
cv,train,4,P00648__Y60F,0.5,0.44186151027679443
cv,train,4,P00648__N131A,1.9500000476837158,2.0037519931793213
cv,train,4,P05825__E270C,-6.829999923706055,-6.931900978088379
cv,train,4,P00651__A47S,0.4449999928474426,0.4717484712600708
cv,train,4,P01009__A274V,0.3499999940395355,0.32740509510040283
cv,train,4,P06241__E107F,1.6150000095367432,1.5695112943649292
cv,train,4,P00720__C54Y,4.659999847412109,4.64613151550293
cv,train,4,P00648__E76G,1.7999999523162842,1.788129210472107
cv,train,4,P05230__H117Y,-0.3499999940395355,-0.43159425258636475
cv,train,4,P00720__V131A,-0.27000001072883606,-0.32893693447113037
cv,train,4,P00720__L121I,1.2999999523162842,1.3281224966049194
cv,train,4,P00720__D89A,0.6000000238418579,0.6551495790481567
cv,train,4,P00644__L96V,1.5,1.4195369482040405
cv,train,4,P01857__K292A,2.4000000953674316,2.4273698329925537
cv,train,4,P00782__N183D,-0.44999998807907104,-0.4235907793045044
cv,train,4,P00644__A172V,0.10000000149011612,0.0713125467300415
cv,train,4,P00929__E49A,0.30000001192092896,0.3563655614852905
cv,train,4,P02751__I1625A,0.5249999761581421,0.4731830358505249
cv,train,4,P00593__F44I,-2.049999952316284,-1.9774314165115356
cv,train,4,P01053__I49G,3.3499999046325684,3.3521173000335693
cv,train,4,P00644__N226A,0.10000000149011612,0.11616241931915283
cv,train,4,P00094__P56A,2.0,2.0428197383880615
cv,train,4,2IMM_A__T69S,-0.30000001192092896,-0.2515113353729248
cv,train,4,P00818__V48A,1.899999976158142,1.9708786010742188
cv,train,4,P00720__R14A,3.0,3.0291857719421387
cv,train,4,P00698__D119Q,0.07999999821186066,0.10145246982574463
cv,train,4,P00644__V105I,0.10000000149011612,0.17981421947479248
cv,train,4,P00644__W222F,0.6000000238418579,0.6588451862335205
cv,train,4,P00509__N282D,-0.6000000238418579,-0.7000249624252319
cv,train,4,P00651__G49A,1.2000000476837158,1.1795936822891235
cv,train,4,P03034__A50G,-1.2000000476837158,-1.263262152671814
cv,train,4,P00644__L190A,5.349999904632568,5.34705114364624
cv,train,4,P00918__W123C,0.0,-0.08394789695739746
cv,train,4,P04637__N345A,2.3499999046325684,2.3272929191589355
cv,train,4,P01053__K73N,0.6000000238418579,0.6110447645187378
cv,train,4,P03034__A38G,-0.6000000238418579,-0.6267329454421997
cv,train,4,P00720__L99A,4.300000190734863,4.325213432312012
cv,train,4,P00509__F2A,7.349999904632568,7.317903995513916
cv,train,4,P04925__R207H,1.2699999809265137,1.2569483518600464
cv,train,4,P03051__D30K,-0.8999999761581421,-0.8656251430511475
cv,train,4,P00651__D102S,3.200000047683716,3.1888556480407715
cv,train,4,P00720__G30A,-0.10000000149011612,-0.0013254843652248383
cv,train,4,P00644__T126V,-0.10000000149011612,-0.1319636106491089
cv,train,4,P02753__W42Y,2.200000047683716,2.184884786605835
cv,train,4,P04637__L350A,1.2999999523162842,1.1985089778900146
cv,train,4,P03958__W117F,-4.699999809265137,-4.690245628356934
cv,train,4,P00644__Y109M,1.899999976158142,1.9716851711273193
cv,train,4,P00720__L99G,6.5,6.470755100250244
cv,train,4,P00918__W16F,-3.0,-3.0759832859039307
cv,train,4,P00644__W222Y,1.100000023841858,1.1326805353164673
cv,train,4,P00651__W85Y,0.9300000071525574,0.8215676546096802
cv,train,4,P01009__S354R,-1.6100000143051147,-1.579673171043396
cv,train,4,P01053__A78G,1.8799999952316284,1.8040586709976196
cv,train,4,P04164__M69H,0.699999988079071,0.6084998250007629
cv,train,4,P01625__K65T,2.450000047683716,2.488495111465454
cv,train,4,P00711__W123Y,2.4200000762939453,2.407329559326172
cv,train,4,P00698__I73V,0.45500001311302185,0.4245063066482544
cv,train,4,P00644__L89I,0.8999999761581421,0.9364360570907593
cv,train,4,P00929__P28A,2.0,2.0268640518188477
cv,train,4,P00648__Y64F,0.44999998807907104,0.4788140058517456
cv,train,4,P00711__H126W,1.7100000381469727,1.6416202783584595
cv,train,4,P00720__I58Y,2.8550000190734863,2.81024432182312
cv,train,4,O74035__I102A,3.7200000286102295,3.75539231300354
cv,train,4,P00644__Y109H,1.600000023841858,1.637532353401184
cv,train,4,P00648__N105D,-0.44999998807907104,-0.3601270914077759
cv,train,4,P00644__L119E,2.9000000953674316,2.944239854812622
cv,train,4,P04637__E349A,2.5,2.5800492763519287
cv,train,4,3PG0_A__D49N,-0.20000000298023224,-0.14861738681793213
cv,train,4,P05230__H36Y,-0.7250000238418579,-0.8399490118026733
cv,train,4,P00025__K74M,1.0,0.8888853788375854
cv,train,4,P02751__W1559F,1.940000057220459,1.864650845527649
cv,train,4,P00644__H128G,0.30000001192092896,0.18338727951049805
cv,train,4,P00720__S44L,-0.39500001072883606,-0.42184603214263916
cv,train,4,P05825__Q278C,-2.2799999713897705,-2.3010385036468506
cv,train,4,P00644__T202G,1.899999976158142,1.8839739561080933
cv,train,4,P00711__K133Q,0.6000000238418579,0.5786776542663574
cv,train,4,P05825__E272C,-9.789999961853027,-9.738112449645996
cv,train,4,P00644__G178A,1.75,1.754693865776062
cv,train,4,P00644__P199A,-0.75,-0.6942735910415649
cv,train,4,P00644__E204Q,1.5,1.4314277172088623
cv,train,4,P05798__E41K,1.100000023841858,1.1304962635040283
cv,train,4,P00720__I3F,1.090000033378601,0.9847404956817627
cv,train,4,P00644__Y167G,1.0,1.042301058769226
cv,train,4,P01006__M104I,0.9399999976158142,0.9247229099273682
cv,train,4,P00712__D106N,1.100000023841858,1.1826914548873901
cv,train,4,P00644__Y109P,5.650000095367432,5.655584335327148
cv,train,4,P02633__Y17F,1.1449999809265137,1.1075481176376343
cv,train,4,P00644__K218F,1.0,1.0704987049102783
cv,train,4,P00099__Q59R,-0.5,-0.4181976318359375
cv,train,4,P05798__Y52F,3.5999999046325684,3.548839569091797
cv,train,4,P03050__G52A,-0.20000000298023224,-0.2075476050376892
cv,train,4,P00648__I156V,0.7799999713897705,0.8003069162368774
cv,train,4,P01625__T120H,-0.699999988079071,-0.6752758026123047
cv,train,4,P00974__K81A,-0.10000000149011612,-0.10565459728240967
cv,train,4,P00720__L118I,1.2000000476837158,1.2264429330825806
cv,train,4,P00720__T157G,1.100000023841858,1.0601649284362793
cv,train,4,P01241__S97T,0.20000000298023224,0.2502342462539673
cv,train,4,P00651__A47F,0.5699999928474426,0.5793222188949585
cv,train,4,P00560__W309F,3.630000114440918,3.5280299186706543
cv,train,4,P01053__E35Q,0.4699999988079071,0.4762321710586548
cv,train,4,P00720__T157N,1.0,1.0495718717575073
cv,train,4,P02185__L10A,0.4000000059604645,0.3823432922363281
cv,train,4,P00651__A47E,-0.17499999701976776,-0.14904862642288208
cv,train,4,P00644__T164S,0.699999988079071,0.6794370412826538
cv,train,4,P00644__D177A,3.3499999046325684,3.4253787994384766
cv,train,4,P02185__L30A,0.6000000238418579,0.7566373348236084
cv,train,4,P05798__Y81F,1.2000000476837158,1.101134181022644
cv,train,4,P01051__V54A,1.590000033378601,1.7071505784988403
cv,train,4,P00173__D65R,-0.10000000149011612,-0.03832482919096947
cv,train,4,P00644__A184F,1.7000000476837158,1.6543399095535278
cv,train,4,P00644__T202C,1.649999976158142,1.6662817001342773
cv,train,4,P00004__P31V,5.0,5.000514984130859
cv,train,4,P02417__K10M,-0.05000000074505806,-0.03835674747824669
cv,train,4,P02633__F70W,1.6200000047683716,1.5430859327316284
cv,train,4,P00720__L39P,2.799999952316284,2.7165098190307617
cv,train,4,P00648__G100V,7.800000190734863,7.832427024841309
cv,train,4,P01009__A207V,-3.5,-3.4204843044281006
cv,train,4,P00974__Y70N,3.700000047683716,3.7393264770507812
cv,train,4,P00974__Q66A,1.0,0.9342219829559326
cv,train,4,P00644__L107A,2.6500000953674316,2.707435369491577
cv,train,4,P00644__G168V,3.700000047683716,3.73477840423584
cv,train,4,P00644__A214G,3.5999999046325684,3.6085803508758545
cv,train,4,P00651__Y82F,0.7450000047683716,0.6480931043624878
cv,train,4,P00644__R169A,0.800000011920929,0.6574962139129639
cv,train,4,P00698__F52Y,-0.1899999976158142,-0.18849027156829834
cv,train,4,P00648__S75E,-0.5,-0.45704400539398193
cv,train,4,P00171__V66Y,1.315000057220459,1.3786579370498657
cv,train,4,P00644__A142C,1.149999976158142,1.154867172241211
cv,train,4,P00044__Y103F,-0.10000000149011612,-0.12456285953521729
cv,train,4,P00644__E139K,0.05000000074505806,0.13666319847106934
cv,train,4,P00818__V18A,1.7999999523162842,1.8899263143539429
cv,train,4,P05798__D79A,0.8999999761581421,0.9096883535385132
cv,train,4,P00644__L219I,0.800000011920929,0.9127898216247559
cv,train,4,P00644__I97G,3.299999952316284,3.2956840991973877
cv,train,4,P00171__V50T,1.0,1.093392014503479
cv,train,4,P00648__G99V,8.399999618530273,8.503540992736816
cv,train,4,P00644__A142V,2.75,2.796823501586914
cv,train,4,P02185__V14A,0.10000000149011612,0.12513792514801025
cv,train,4,P00648__A79M,0.20000000298023224,0.24948632717132568
cv,train,4,P00644__V186G,6.0,5.93387508392334
cv,train,4,P00720__A129F,1.899999976158142,1.8631178140640259
cv,train,4,P00648__L136T,2.5,2.4694840908050537
cv,train,4,P00720__R96M,2.5999999046325684,2.5485081672668457
cv,train,4,P00644__I154G,6.0,5.971015930175781
cv,train,4,P00644__A151G,2.0,1.9911705255508423
cv,train,4,P00720__R96Q,0.5,0.46875202655792236
cv,train,4,P03040__Q16L,-2.0999999046325684,-2.1633923053741455
cv,train,4,P00644__E157V,2.299999952316284,2.3170900344848633
cv,train,4,P00648__E76A,1.25,1.3091169595718384
cv,train,4,1YYX_A__M33A,3.5,3.5067882537841797
cv,train,4,P00720__T152V,-0.20000000298023224,-0.2659562826156616
cv,train,4,P00720__I78A,1.2000000476837158,1.1945267915725708
cv,train,4,P00644__L185V,2.0,1.9719115495681763
cv,train,4,P05798__Y86F,0.30000001192092896,0.32670772075653076
cv,train,4,P00644__Y109T,3.200000047683716,3.2455191612243652
cv,train,4,P00282__F117A,2.630000114440918,2.6567695140838623
cv,train,4,P00644__S210F,1.0,1.0684493780136108
cv,train,4,P00644__K91F,1.0,0.953328013420105
cv,train,4,P00720__T157A,1.0,1.048547625541687
cv,train,4,P00644__S141F,-0.30000001192092896,-0.3374990224838257
cv,train,4,P00720__N132F,-1.2999999523162842,-1.2591592073440552
cv,train,4,P03050__M1A,0.10000000149011612,0.12310564517974854
cv,train,4,P00282__L70A,1.7899999618530273,1.743228554725647
cv,train,4,P00648__N52A,1.850000023841858,1.8184946775436401
cv,train,4,P00720__T157H,2.0999999046325684,2.245220422744751
cv,train,4,P02185__I29A,-0.07999999821186066,0.0789252519607544
cv,train,4,P00648__A79Y,0.699999988079071,0.766336977481842
cv,train,4,P00648__A79L,0.10000000149011612,0.09388673305511475
cv,train,4,P02185__D45A,0.17499999701976776,0.14559507369995117
cv,train,4,P00698__G120V,0.03999999910593033,0.02753937616944313
cv,train,4,P00644__L171F,1.2000000476837158,1.2086057662963867
cv,train,4,P00644__A194C,0.800000011920929,0.8314335942268372
cv,train,4,P00974__Y45A,1.2000000476837158,1.1732150316238403
cv,train,4,P00644__T95G,1.100000023841858,1.0730243921279907
cv,train,4,P00171__V66E,1.0750000476837158,1.0975006818771362
cv,train,4,P00648__K66R,-0.6000000238418579,-0.5093633532524109
cv,train,4,P00698__M30F,-0.2800000011920929,-0.31935012340545654
cv,train,4,3PG0_A__Q102I,2.700000047683716,2.6733157634735107
cv,train,4,P00720__I3P,2.880000114440918,2.8319084644317627
cv,train,4,P01006__M134V,1.840000033378601,1.863156795501709
cv,train,4,P04637__F134L,4.78000020980835,4.794841766357422
cv,train,4,P00644__L89A,1.600000023841858,1.6172336339950562
cv,train,4,P02417__L30A,2.759999990463257,2.748222589492798
cv,train,4,P00644__T164A,0.8999999761581421,0.9534198045730591
cv,train,4,P00648__D55S,0.75,0.80705726146698
cv,train,4,P01308__F49D,-0.6000000238418579,-0.6247406601905823
cv,train,4,P00698__S109Y,3.069999933242798,2.9889743328094482
cv,train,4,P02417__E38Q,0.5600000023841858,0.5541379451751709
cv,train,4,P00720__R96P,5.75,5.706585884094238
cv,train,4,P00644__G161A,2.25,2.2027785778045654
cv,train,4,P00648__H65K,1.100000023841858,1.006441593170166
cv,train,4,P00974__G63A,1.0,0.9644035696983337
cv,train,4,P00712__T57A,1.2999999523162842,1.373887538909912
cv,train,4,P00811__Y166F,0.8999999761581421,0.8514539003372192
cv,train,4,P00974__E84A,0.20000000298023224,0.25100910663604736
cv,train,4,P02185__L70M,0.0,0.04579604044556618
cv,train,4,P00644__R187F,3.0999999046325684,3.0400571823120117
cv,train,4,3PG0_A__K77V,-0.800000011920929,-0.9332000017166138
cv,train,4,P00720__I100M,1.600000023841858,1.6785999536514282
cv,train,4,P01241__E100A,0.8999999761581421,0.9871817827224731
cv,train,4,P00044__N58V,-1.8600000143051147,-2.0360729694366455
cv,train,4,P00644__V156I,1.7999999523162842,1.7888344526290894
cv,train,4,P00698__G89A,1.2400000095367432,1.2997335195541382
cv,train,4,P01009__S405A,-0.949999988079071,-0.930819034576416
cv,train,4,P00593__H70Q,0.5,0.4079352617263794
cv,train,4,P00720__S90H,1.100000023841858,1.1471058130264282
cv,train,4,P00644__D177G,2.75,2.8398029804229736
cv,train,4,2IMM_A__Q85E,0.4000000059604645,0.3685864210128784
cv,train,4,P00929__F22L,1.0099999904632568,1.0314373970031738
cv,train,4,P00651__S38A,1.1549999713897705,1.153382658958435
cv,train,4,P00720__I3D,2.700000047683716,2.6251327991485596
cv,train,4,P01053__I49T,1.2000000476837158,1.2275384664535522
cv,train,4,P01625__Q115H,0.8500000238418579,0.8730575442314148
cv,train,4,P00644__L190I,3.299999952316284,3.305128574371338
cv,train,4,P00929__G211D,0.550000011920929,0.5276634693145752
cv,train,4,P02185__I29V,0.0,0.04109228029847145
cv,train,4,P00644__E157A,1.899999976158142,1.953943133354187
cv,train,4,P00644__D101G,0.4000000059604645,0.5229823589324951
cv,train,4,P00720__S44P,3.015000104904175,3.011155366897583
cv,train,4,P00099__F56Y,-1.3300000429153442,-1.3443249464035034
cv,train,4,P00974__C65V,6.0,6.023916244506836
cv,train,4,P00698__N95H,0.3799999952316284,0.45150065422058105
cv,train,4,P00644__V148K,4.800000190734863,4.7663960456848145
cv,train,4,P00720__W126R,5.320000171661377,5.225128650665283
cv,train,4,P00648__W141Y,1.149999976158142,1.132184386253357
cv,train,4,P00711__K133E,0.699999988079071,0.6685858964920044
cv,train,4,P00720__V131M,-0.11999999731779099,-0.13379108905792236
cv,train,4,P00720__R96N,3.1500000953674316,3.19122052192688
cv,train,4,P00720__L133F,0.30000001192092896,0.24252796173095703
cv,train,4,P00644__K146E,1.600000023841858,1.5828502178192139
cv,train,4,P03050__P15A,1.899999976158142,2.0097169876098633
cv,train,4,P00720__L133D,5.5,5.514897346496582
cv,train,4,P00648__A79H,0.699999988079071,0.7867392301559448
cv,train,4,P00644__Y195A,-0.05000000074505806,-0.004596587270498276
cv,train,4,P00651__A47T,0.5699999928474426,0.6063954830169678
cv,train,4,P01241__S97V,1.25,1.227211594581604
cv,train,4,P00974__R52A,0.30000001192092896,0.33154141902923584
cv,train,4,P02185__I143M,-0.8999999761581421,-0.9357525110244751
cv,train,4,P01053__E35N,1.0700000524520874,0.9795482158660889
cv,train,4,P00818__Y12I,2.200000047683716,2.2573482990264893
cv,train,4,P00099__E92Q,-0.20000000298023224,-0.2306147813796997
cv,train,4,P00644__T104S,0.6000000238418579,0.5407993793487549
cv,train,4,P03034__Q34Y,-1.3200000524520874,-1.3662879467010498
cv,train,4,P00644__K160C,0.3499999940395355,0.36658865213394165
cv,train,4,P00644__E217Q,0.699999988079071,0.6864973306655884
cv,train,4,P00720__S44W,-0.07500000298023224,-0.0547257624566555
cv,train,4,P02751__Y1629F,-0.10499999672174454,-0.16482675075531006
cv,train,4,P03050__I37V,1.3700000047683716,1.34734308719635
cv,train,4,P03051__D30I,0.800000011920929,0.8300248384475708
cv,train,4,P01006__M134L,0.02500000037252903,0.0044397152960300446
cv,train,4,P00593__F44Y,-1.149999976158142,-1.1361585855484009
cv,train,4,P00644__E92Q,1.100000023841858,1.0899702310562134
cv,train,4,P00720__A41S,0.699999988079071,0.6902389526367188
cv,train,4,P00644__Y195F,0.0,-0.041992541402578354
cv,train,4,P00698__D119F,-0.7200000286102295,-0.7608376741409302
cv,train,4,P00644__Y109I,2.299999952316284,2.3995988368988037
cv,train,4,P01006__M134A,2.200000047683716,2.2507200241088867
cv,train,4,P03051__D30E,-1.0,-0.9566407203674316
cv,train,4,P00644__L118I,3.0999999046325684,3.0483224391937256
cv,train,4,P00509__C180G,0.0,0.050516966730356216
cv,train,4,P00644__V196G,0.10000000149011612,0.1556134819984436
cv,train,4,P00282__M141A,2.869999885559082,2.960317373275757
cv,train,4,P00720__F153A,3.5,3.446856737136841
cv,train,4,P05230__C98S,1.7999999523162842,1.716408371925354
cv,train,4,P00648__V83A,1.2999999523162842,1.269793152809143
cv,train,4,P00720__A73S,0.3499999940395355,0.34036147594451904
cv,train,4,P00720__T152I,0.4000000059604645,0.34046614170074463
cv,train,4,P00720__A130S,0.8999999761581421,0.8974069356918335
cv,train,4,P02751__P1542A,-0.10999999940395355,-0.07517790794372559
cv,train,4,1YYX_A__L94A,1.7000000476837158,1.744017481803894
cv,train,4,P00720__A146I,4.005000114440918,3.9565980434417725
cv,train,4,P00720__S44G,0.5149999856948853,0.5321005582809448
cv,train,4,P04637__V203A,-0.49000000953674316,-0.5763477087020874
cv,train,4,P02631__P27A,0.699999988079071,0.7015379667282104
cv,train,4,P00560__W334F,1.0149999856948853,1.0272067785263062
cv,train,4,P00648__D101A,2.984999895095825,3.0001065731048584
cv,train,4,P03706__H48N,5.0,4.852007865905762
cv,train,4,P00644__V181A,3.200000047683716,3.141918420791626
cv,train,4,P05413__K22I,0.0,-0.0312725268304348
cv,train,4,P00644__H128A,0.5,0.42479538917541504
cv,train,4,P00644__V156G,6.099999904632568,6.1332268714904785
cv,train,4,P00720__S44V,-0.10000000149011612,-0.04677211865782738
cv,train,4,P05825__S276C,-5.940000057220459,-5.9095001220703125
cv,train,4,P00644__L107G,4.5,4.486574172973633
cv,train,4,P01009__A207F,-1.399999976158142,-1.4492243528366089
cv,train,4,P00644__L118E,5.849999904632568,5.870127201080322
cv,train,4,P00648__H65A,1.9249999523162842,1.8430753946304321
cv,train,4,P00720__L46A,2.4100000858306885,2.3864667415618896
cv,train,4,P00651__Y68F,-1.1449999809265137,-1.130321741104126
cv,train,4,P02693__L65G,2.5999999046325684,2.619643211364746
cv,train,4,P00044__A13Y,-0.30000001192092896,-0.28094685077667236
cv,train,4,P00698__I116M,0.8500000238418579,0.7815186977386475
cv,train,4,P00644__E92K,2.0,1.9878422021865845
cv,train,4,P02751__Y1610A,1.899999976158142,1.940961480140686
cv,train,4,P01009__A308V,-0.75,-0.708391547203064
cv,train,4,P00282__L70T,2.244999885559082,2.166269063949585
cv,train,4,P05413__E73S,3.700000047683716,3.6090896129608154
cv,train,4,P00720__N40A,-0.25999999046325684,-0.2188957929611206
cv,train,4,P01009__V79L,0.30000001192092896,0.23095130920410156
cv,train,4,P00644__A172E,7.75,7.685260772705078
cv,train,4,P00712__T52I,-0.18000000715255737,-0.14959466457366943
cv,train,4,P00651__A47V,0.6600000262260437,0.7176221609115601
cv,train,4,P03051__D30Q,-1.7999999523162842,-1.7641617059707642
cv,train,4,P00720__G113A,-0.44999998807907104,-0.4300805330276489
cv,train,4,2IMM_A__P49S,0.20000000298023224,0.23430263996124268
cv,train,4,P00644__M114L,0.800000011920929,0.7384506464004517
cv,train,4,P00720__R96Y,4.599999904632568,4.576367378234863
cv,train,4,P02185__I112A,1.7999999523162842,1.7746087312698364
cv,train,4,P00720__N116D,-0.3400000035762787,-0.38329362869262695
cv,train,4,P00929__E49D,-0.800000011920929,-0.668484091758728
cv,train,4,P00644__S223G,0.8999999761581421,0.9704287052154541
cv,train,4,P03051__D30F,0.10000000149011612,0.12620532512664795
cv,train,4,P00720__S117V,-2.0,-2.055638313293457
cv,train,4,P00712__I74V,2.700000047683716,2.6991946697235107
cv,train,4,P03034__I85S,2.25,2.227229356765747
cv,train,4,P01006__M104D,-1.25,-1.2862610816955566
cv,train,4,O74035__I20A,4.110000133514404,4.066537380218506
cv,train,4,P06241__A89S,1.2999999523162842,1.3068684339523315
cv,train,4,P02751__Y1569F,0.4099999964237213,0.43372642993927
cv,train,4,P02185__Q9G,0.5,0.43545806407928467
cv,train,4,P00720__I3W,2.799999952316284,2.692579984664917
cv,train,4,P03050__Y38A,3.4000000953674316,3.3311514854431152
cv,train,4,P00644__D225N,0.30000001192092896,0.3781190514564514
cv,train,4,2IMM_A__A106G,0.0,-0.05830490216612816
cv,train,4,P05798__T59V,1.7000000476837158,1.7662255764007568
cv,train,4,P00044__F16W,1.2999999523162842,1.240430474281311
cv,train,4,P01009__K355V,0.6499999761581421,0.6255849599838257
cv,train,4,P00644__I97M,0.20000000298023224,0.32829225063323975
cv,train,4,P04637__R333A,2.5,2.476287841796875
cv,train,4,P02751__I1607A,3.7200000286102295,3.648519277572632
cv,train,4,P00648__L61A,4.409999847412109,4.411949157714844
cv,train,4,P00644__K216G,0.699999988079071,0.6851078271865845
cv,train,4,P00711__H51Y,-0.08500000089406967,-0.1672888994216919
cv,train,4,P03051__D30M,-0.6000000238418579,-0.5486968755722046
cv,train,4,P00818__V21A,0.30000001192092896,0.38193976879119873
cv,train,4,P00929__P62A,0.30000001192092896,0.35391557216644287
cv,train,4,P00644__P199F,-0.30000001192092896,-0.40483444929122925
cv,train,4,P00593__F128I,-1.399999976158142,-1.3126200437545776
cv,train,4,P01584__L122A,2.5999999046325684,2.5568864345550537
cv,train,4,P06241__E107I,2.7049999237060547,2.730149269104004
cv,train,4,P04925__Q216R,2.015000104904175,2.0898830890655518
cv,train,4,P00929__P96A,1.850000023841858,1.8909107446670532
cv,train,4,P01009__A207I,-1.649999976158142,-1.7217611074447632
cv,train,4,P02751__V1609A,3.200000047683716,3.1196184158325195
cv,train,4,P00644__K218A,0.800000011920929,0.8384342789649963
cv,train,4,P00644__G189A,4.400000095367432,4.391685962677002
cv,train,4,O74035__L92A,2.634999990463257,2.6795084476470947
cv,train,4,P00698__W126Q,3.569999933242798,3.5323195457458496
cv,train,4,P00644__M108A,1.5,1.5453208684921265
cv,train,4,P00644__E125D,-0.20000000298023224,-0.1420154571533203
cv,train,4,P00644__K106F,0.5,0.45015835762023926
cv,train,4,P03050__R40A,4.599999904632568,4.655946731567383
cv,train,4,2IMM_A__A15L,-1.399999976158142,-1.488176941871643
cv,train,4,P01006__M134I,2.009999990463257,2.0344579219818115
cv,train,4,P02185__T52A,1.399999976158142,1.3706945180892944
cv,train,4,P00720__R14K,0.014999999664723873,0.06161082163453102
cv,train,4,P03034__V37I,-0.800000011920929,-0.6960779428482056
cv,train,4,P01009__V197L,0.550000011920929,0.5573102235794067
cv,train,4,P00648__T53G,1.149999976158142,1.177669882774353
cv,train,4,P02185__I143A,1.5499999523162842,1.419737458229065
cv,train,4,P02417__H134Q,1.2999999523162842,1.2482396364212036
cv,train,4,P00712__L129A,0.30000001192092896,0.34005945920944214
cv,train,4,P00644__K130A,-0.10000000149011612,-0.17398273944854736
cv,train,4,P01053__N76D,1.3049999475479126,1.287880778312683
cv,train,4,P00644__T104I,0.6000000238418579,0.5946916341781616
cv,train,4,P00818__V36A,2.5,2.5285351276397705
cv,train,4,P03040__Y26F,-0.30000001192092896,-0.30775773525238037
cv,train,4,P00044__K79A,0.44999998807907104,0.4799920320510864
cv,train,4,P02185__V67A,-0.5,-0.4415696859359741
cv,train,4,P00644__P138G,0.949999988079071,1.0058284997940063
cv,train,4,P04637__R282W,3.1500000953674316,3.157836437225342
cv,train,4,P03050__G49A,2.0,1.9525643587112427
cv,train,4,P00644__A140E,5.599999904632568,5.549104690551758
cv,train,4,P03050__P8L,-2.490000009536743,-2.4630093574523926
cv,train,4,P00720__T157S,0.6600000262260437,0.6261334419250488
cv,train,4,P00644__V105F,1.899999976158142,1.8828428983688354
cv,train,4,P00720__D20N,-1.2000000476837158,-1.1641634702682495
cv,train,4,P00644__K209F,0.30000001192092896,0.3154047727584839
cv,train,4,P00648__K113A,-0.20000000298023224,-0.2806253433227539
cv,train,4,P02417__I4A,2.2200000286102295,2.227159023284912
cv,train,4,P00644__K130E,-0.05000000074505806,-0.026969309896230698
cv,train,4,P00644__K152C,0.5,0.48499828577041626
cv,train,4,P00648__H65Q,1.4700000286102295,1.4386125802993774
cv,train,4,P00004__H34N,-1.0,-1.007081389427185
cv,train,4,P00025__K74Y,1.0499999523162842,1.0540059804916382
cv,train,4,3PG0_A__R114L,0.0,-0.04152333363890648
cv,train,4,P02945__L75A,-0.5,-0.4353623390197754
cv,train,4,P00644__Y173L,3.8499999046325684,3.7835724353790283
cv,train,4,P00644__D159A,3.0999999046325684,3.0134050846099854
cv,train,4,P00509__N282R,2.5999999046325684,2.607450008392334
cv,train,4,P00712__V109A,-0.8999999761581421,-0.9119337797164917
cv,train,4,P02185__H37Q,0.6000000238418579,0.5807206630706787
cv,train,4,P02751__L1545A,1.6399999856948853,1.5568276643753052
cv,train,4,P00698__G85A,-0.14499999582767487,-0.12857568264007568
cv,train,4,P00698__I73L,0.44999998807907104,0.4354029893875122
cv,train,4,P06241__S124I,1.4049999713897705,1.4496842622756958
cv,train,4,P01006__V44F,5.414999961853027,5.317065715789795
cv,train,4,P02185__G24A,0.8999999761581421,0.8902053833007812
cv,train,4,P03051__L41V,1.9149999618530273,1.9247461557388306
cv,train,4,P00651__A47K,0.5099999904632568,0.5198894739151001
cv,train,4,P00648__E120W,2.049999952316284,2.057260751724243
cv,train,4,P00044__L91A,2.799999952316284,2.839460849761963
cv,train,4,P00698__M30L,0.38499999046325684,0.343539834022522
cv,train,4,P04637__L344F,3.8499999046325684,3.740391969680786
cv,train,4,P00720__A42S,2.450000047683716,2.4136252403259277
cv,train,4,P01308__S33D,-0.10000000149011612,-0.14039552211761475
cv,train,4,P00257__H114R,1.2000000476837158,1.2447794675827026
cv,train,4,P00004__L95I,-0.20000000298023224,-0.18277132511138916
cv,train,4,P00648__L89V,0.3499999940395355,0.3221186399459839
cv,train,4,O74035__I15A,1.965000033378601,1.9454811811447144
cv,train,4,P00818__V14A,2.5999999046325684,2.6877386569976807
cv,train,4,P00720__Q123E,-0.30000001192092896,-0.3474169969558716
cv,train,4,P00644__V148L,0.20000000298023224,0.14561927318572998
cv,train,4,P00644__L190G,6.650000095367432,6.642469882965088
cv,train,4,P00720__K147E,-0.10000000149011612,-0.09773027896881104
cv,train,4,P03050__L21A,3.4000000953674316,3.3859989643096924
cv,train,4,P02751__I1596V,1.0,0.9193819761276245
cv,train,4,P00644__V181L,0.20000000298023224,0.19556939601898193
cv,train,4,P05230__A118G,0.45500001311302185,0.436820387840271
cv,train,4,P02185__W15F,0.6499999761581421,0.5522111654281616
cv,train,4,P00720__F153I,0.25,0.26414287090301514
cv,train,4,P00720__N101A,1.5,1.3552652597427368
cv,train,4,P04637__F270C,4.539999961853027,4.614760398864746
cv,train,4,P06241__S124F,1.899999976158142,1.8817051649093628
cv,train,4,P02633__E30Q,-0.04500000178813934,0.0053936876356601715
cv,train,4,P00560__F195W,-0.9200000166893005,-0.9588285684585571
cv,train,4,P00509__C77S,2.4000000953674316,2.3362948894500732
cv,train,4,P02693__W83Y,-0.24500000476837158,-0.20529115200042725
cv,train,4,P02693__F94A,2.4000000953674316,2.432363748550415
cv,train,4,P06241__E107K,0.9850000143051147,0.9849205017089844
cv,train,4,P00644__Y197L,0.30000001192092896,0.24699485301971436
cv,train,4,P00929__G211W,1.350000023841858,1.3608745336532593
cv,train,4,P00644__A142G,1.399999976158142,1.394982933998108
cv,train,4,P00644__F116E,6.5,6.462885856628418
cv,train,4,P01053__K22M,0.6700000166893005,0.6419157385826111
cv,train,4,P00720__M120A,0.20000000298023224,0.18128561973571777
cv,train,4,P00648__I72A,3.5,3.4657771587371826
cv,train,4,P00644__K87G,-0.30000001192092896,-0.3271535634994507
cv,train,4,P02417__K12M,-1.7300000190734863,-1.6853245496749878
cv,train,4,P00712__T48I,-2.799999952316284,-2.7550666332244873
cv,train,4,P00974__A51V,1.2999999523162842,1.3438546657562256
cv,train,4,P00644__V148S,3.0999999046325684,3.157824754714966
cv,train,4,P00045__N62I,-2.4000000953674316,-2.507387399673462
cv,train,4,P00648__L89T,3.049999952316284,2.950608015060425
cv,train,4,P01857__K253A,1.100000023841858,1.0861918926239014
cv,train,4,P04166__D76R,-0.15000000596046448,-0.12181231379508972
cv,train,4,P04637__Q165K,1.2699999809265137,1.1494327783584595
cv,train,4,P02185__L70V,0.10000000149011612,0.06642115116119385
cv,train,4,P00929__A18V,-0.20000000298023224,-0.19665658473968506
cv,train,4,P00644__E204K,2.5,2.4937899112701416
cv,train,4,P00644__Q162F,0.6000000238418579,0.5445271730422974
cv,train,4,P00720__L66A,3.9000000953674316,3.933168649673462
cv,train,4,1YYX_A__L48A,4.199999809265137,4.148057460784912
cv,train,4,P00560__L400W,3.0,2.949859857559204
cv,train,4,P01053__T59D,-0.03999999910593033,-0.0011407099664211273
cv,train,4,P00648__G81D,3.25,3.2529549598693848
cv,train,4,P00644__K179F,0.6000000238418579,0.6083674430847168
cv,train,4,P02693__S53C,-0.75,-0.7550903558731079
cv,train,4,P00644__H206G,0.5,0.4091966152191162
cv,train,4,P00644__K152F,0.05000000074505806,-0.007467504590749741
cv,train,4,P00644__G137A,0.5,0.5091736316680908
cv,train,4,P00929__P57A,0.5,0.6026322841644287
cv,train,4,P00644__L207G,6.5,6.414096355438232
cv,train,4,P00720__Q105G,2.25,2.194782257080078
cv,train,4,P02185__I112L,0.6000000238418579,0.5757097005844116
cv,train,4,P00644__T95A,0.699999988079071,0.6193113327026367
cv,train,4,P00698__G67A,0.20000000298023224,0.25902259349823
cv,train,4,P01053__E34Q,0.5,0.4779033660888672
cv,train,4,P02693__V61C,-0.6499999761581421,-0.618725597858429
cv,train,4,P00644__A140V,2.5999999046325684,2.692305326461792
cv,train,4,P00648__N124A,1.600000023841858,1.5691763162612915
cv,train,4,P00282__V115A,0.9599999785423279,0.9103528261184692
cv,train,4,P00720__A160T,3.5,3.507213830947876
cv,train,4,P00648__E120G,5.400000095367432,5.3412370681762695
cv,train,4,P06241__E107A,1.284999966621399,1.2643392086029053
cv,train,4,P00644__K146F,0.20000000298023224,0.2331935167312622
cv,train,4,P02945__K54A,1.600000023841858,1.5892454385757446
cv,train,4,P03034__M41A,2.0999999046325684,2.085646629333496
cv,train,4,P01241__S97Q,1.399999976158142,1.4501625299453735
cv,train,4,P00644__R163A,1.100000023841858,1.0739212036132812
cv,train,4,P00004__Y68F,2.200000047683716,2.135547637939453
cv,train,4,P00720__E128A,-0.1599999964237213,-0.16216552257537842
cv,train,4,P00974__Y45L,2.9000000953674316,2.8221595287323
cv,train,4,P00720__L118M,0.4000000059604645,0.4415198564529419
cv,train,4,P02633__V65A,3.3399999141693115,3.291940927505493
cv,train,4,P02925__A52T,3.299999952316284,3.2459633350372314
cv,train,4,P00644__A191G,1.0,1.0689789056777954
cv,train,4,P04637__R273H,0.22499999403953552,0.23187267780303955
cv,train,4,P01051__V18A,1.2000000476837158,1.3348662853240967
cv,train,4,P00720__V94A,1.7999999523162842,1.8003895282745361
cv,train,4,P00644__V148A,2.049999952316284,2.087475299835205
cv,train,4,P06241__I111V,0.4000000059604645,0.3794034719467163
cv,train,4,P00644__K127E,-0.05000000074505806,-0.06073182448744774
cv,train,4,P00044__P77I,1.7000000476837158,1.7131692171096802
cv,train,4,P00648__A79V,0.6000000238418579,0.623214602470398
cv,train,4,P00720__E128K,1.2300000190734863,1.1703670024871826
cv,train,4,P00720__R96V,2.450000047683716,2.372305393218994
cv,train,4,P03051__D30A,-0.30000001192092896,-0.31743323802948
cv,train,4,P00648__I102V,0.3499999940395355,0.25176775455474854
cv,train,4,P00171__V50E,2.4000000953674316,2.441453218460083
cv,train,4,P03040__Y26H,-1.399999976158142,-1.422092080116272
cv,train,4,P00644__D228G,0.20000000298023224,0.09929549694061279
cv,train,4,P00644__L107I,1.7000000476837158,1.660010814666748
cv,train,4,P00720__V87A,1.7000000476837158,1.66948664188385
cv,train,4,P01053__E27Q,0.6200000047683716,0.6512956023216248
cv,train,4,P00698__I73F,2.4600000381469727,2.3828513622283936
cv,train,4,P00929__G211V,-0.800000011920929,-0.740938127040863
cv,train,4,P01584__T125Q,2.700000047683716,2.757246732711792
cv,train,4,P00651__N62A,-0.029999999329447746,-0.0552138052880764
cv,train,4,P00044__K79R,0.029999999329447746,0.06889843940734863
cv,train,4,P01236__H125A,-0.699999988079071,-0.7951754331588745
cv,train,4,P03050__V41A,3.7100000381469727,3.605226516723633
cv,train,4,P02751__A1611G,1.3799999952316284,1.3866451978683472
cv,train,4,P03050__S35A,-0.20000000298023224,-0.29288995265960693
cv,train,4,P00720__V149S,4.400000095367432,4.349917411804199
cv,train,4,P00648__A79S,0.25,0.18864095211029053
cv,train,4,P00720__P143A,1.0,1.0073376893997192
cv,train,4,P02185__H120F,-0.029999999329447746,-0.07037973403930664
cv,train,4,P00644__G161S,2.0999999046325684,2.057154655456543
cv,train,4,P00974__K76A,0.4000000059604645,0.4197484254837036
cv,train,4,P01053__L28A,2.6500000953674316,2.6929726600646973
cv,train,4,P01625__K56T,1.2999999523162842,1.3112691640853882
cv,train,4,P00644__D225F,0.10000000149011612,0.09490019083023071
cv,train,4,P03050__E28A,0.5,0.5229753255844116
cv,train,4,P00720__E11M,-1.600000023841858,-1.6092623472213745
cv,train,4,P00282__L70V,0.30000001192092896,0.2793455123901367
cv,train,4,P00648__D55G,1.1699999570846558,1.320581078529358
cv,train,4,P00644__H206F,-0.4000000059604645,-0.3997875452041626
cv,train,4,P00644__A191V,2.799999952316284,2.8731446266174316
cv,train,4,P00974__R55A,1.7999999523162842,1.7599009275436401
cv,train,4,P01053__T23A,0.8500000238418579,0.8510578870773315
cv,train,4,P00651__H66T,0.25999999046325684,0.3756362199783325
cv,train,4,P00644__K152G,0.5,0.4202311038970947
cv,train,4,P00648__T53Q,1.8700000047683716,1.9896761178970337
cv,train,4,P00644__A142F,0.800000011920929,0.8455386161804199
cv,train,4,P00044__K79V,0.6399999856948853,0.6293419599533081
cv,train,4,P00045__P86G,1.2000000476837158,1.263464093208313
cv,train,4,P00644__G111C,1.100000023841858,1.1222249269485474
cv,train,4,P00644__K127F,0.20000000298023224,0.24014973640441895
cv,train,4,P00644__Y173S,5.300000190734863,5.203225612640381
cv,train,4,P00720__R96W,4.349999904632568,4.433948516845703
cv,train,4,P00644__V196L,1.100000023841858,1.040526270866394
cv,train,4,P00644__A194F,1.350000023841858,1.34373939037323
cv,train,4,P00651__D75H,-5.099999904632568,-5.074831485748291
cv,train,4,P00644__T144S,2.0999999046325684,2.078017473220825
cv,train,4,P00644__Y197G,0.6000000238418579,0.574057400226593
cv,train,4,P00818__Y12F,-0.699999988079071,-0.6856807470321655
cv,train,4,P00563__D122A,1.2400000095367432,1.1238964796066284
cv,train,4,P00698__N121D,-0.6200000047683716,-0.5941951274871826
cv,train,4,P01053__I50A,2.119999885559082,2.1091485023498535
cv,train,4,P00644__Q205G,0.5,0.43908679485321045
cv,train,4,P00644__G178F,2.5999999046325684,2.6026113033294678
cv,train,4,1YYX_A__A90G,2.9000000953674316,2.803863525390625
cv,train,4,P06241__E107D,-0.6899999976158142,-0.6618343591690063
cv,train,4,P03051__L41A,4.610000133514404,4.587043762207031
cv,train,4,P00644__L120A,1.5499999523162842,1.5059911012649536
cv,train,4,P02185__I112M,1.100000023841858,1.172815203666687
cv,train,4,P00644__V193A,4.300000190734863,4.0090179443359375
cv,train,4,P00720__R154E,-0.3499999940395355,-0.3742631673812866
cv,train,4,P00044__F16M,3.299999952316284,3.237468957901001
cv,train,4,P00648__K66A,-0.800000011920929,-0.7904654741287231
cv,train,4,P00720__G51D,2.4149999618530273,2.4066131114959717
cv,train,4,P01006__V44M,5.565000057220459,5.657413005828857
cv,train,4,P00648__T73N,1.2899999618530273,1.381665825843811
cv,train,4,P00644__L120G,0.5,0.4257075786590576
cv,train,4,P00720__V149M,2.5999999046325684,2.600748062133789
cv,train,4,P00025__K74W,1.4299999475479126,1.385774850845337
cv,train,4,P01053__E46Q,0.6000000238418579,0.6035286784172058
cv,train,4,P00974__N59A,2.200000047683716,2.1871531009674072
cv,train,4,P00648__I102G,3.0999999046325684,2.9315099716186523
cv,train,4,P02751__Y1610F,2.0999999046325684,2.0573811531066895
cv,train,4,P00099__W99F,1.2000000476837158,1.1294313669204712
cv,train,4,P00644__K110E,0.800000011920929,0.8030378222465515
cv,train,4,P00651__V104T,3.0999999046325684,3.2545881271362305
cv,train,4,P00720__T115A,0.11999999731779099,0.07225096225738525
cv,train,4,P00698__A49I,-1.399999976158142,-1.3504563570022583
cv,train,4,P00711__K133N,-2.5999999046325684,-2.596144914627075
cv,train,4,P00644__N150A,0.4000000059604645,0.37622904777526855
cv,train,4,P04179__Q167N,-1.4249999523162842,-1.4182358980178833
cv,train,4,P00644__I154A,4.699999809265137,4.638175964355469
cv,train,4,P02751__V1603A,0.6700000166893005,0.6250144243240356
cv,train,4,P03050__F10A,2.700000047683716,2.7157912254333496
cv,train,4,P00268__V24I,-0.36000001430511475,-0.30563104152679443
cv,train,4,P03069__K276A,0.05999999865889549,0.0417104996740818
cv,train,4,1YYX_A__L68A,4.0,3.9627254009246826
cv,train,4,P01236__H166A,-1.2999999523162842,-1.3252021074295044
cv,train,4,P00644__V133G,0.30000001192092896,0.3782902956008911
cv,train,4,P00651__A47C,0.7400000095367432,0.8332828283309937
cv,train,4,P00648__I51A,1.399999976158142,1.3598014116287231
cv,train,4,P00648__I135L,0.20000000298023224,0.056597236543893814
cv,train,4,P02185__A131L,0.8999999761581421,0.8618541955947876
cv,train,4,P00648__I123V,0.8100000023841858,0.7266212701797485
cv,train,4,P05798__V43T,0.5,0.6013437509536743
cv,train,4,P00044__V26C,1.100000023841858,1.2107315063476562
cv,train,4,P00974__Y70L,3.700000047683716,3.6517105102539062
cv,train,4,P00644__L171A,2.5999999046325684,2.626333236694336
cv,train,4,P05798__D79W,-2.25,-2.1060187816619873
cv,train,4,P04637__F341L,3.1500000953674316,3.0787429809570312
cv,train,4,P00974__E42A,1.5,1.4964228868484497
cv,train,4,P00282__I101T,2.9000000953674316,2.907172203063965
cv,train,4,P00644__F143A,2.299999952316284,2.1708297729492188
cv,train,4,P00592__H70N,1.9900000095367432,1.9663267135620117
cv,train,4,P00648__D69M,0.1850000023841858,0.2006971836090088
cv,train,4,P02753__W123F,0.4000000059604645,0.3857686519622803
cv,train,4,P00644__V148T,1.2999999523162842,1.356634497642517
cv,train,4,P00648__T63S,1.7000000476837158,1.62903892993927
cv,train,4,P00648__S75A,-0.45500001311302185,-0.5040675401687622
cv,train,4,P01236__H87A,1.0,0.9585552215576172
cv,train,4,P00720__S44A,0.30000001192092896,0.2453855276107788
cv,train,4,P01009__F75L,-1.9500000476837158,-1.8872754573822021
cv,train,4,P00644__V105G,5.199999809265137,5.227474212646484
cv,train,4,P02751__Y1569L,2.5999999046325684,2.625861167907715
cv,train,4,P00720__V103M,1.399999976158142,1.4084892272949219
cv,train,4,P00648__S75G,0.44999998807907104,0.4359484910964966
cv,train,4,P00044__F88Y,0.699999988079071,0.6454476118087769
cv,train,4,P00698__G120R,-0.3799999952316284,-0.27687495946884155
cv,train,4,P00720__R119A,0.1899999976158142,0.09791016578674316
cv,train,4,P00644__M147A,2.0,1.9447089433670044
cv,train,4,P02185__H114Q,-0.10000000149011612,-0.14475786685943604
cv,train,4,P01053__L52V,0.6000000238418579,0.5708738565444946
cv,train,4,P05230__V124I,0.009999999776482582,-0.012899991124868393
cv,train,4,P01857__L281A,0.10000000149011612,0.04318392649292946
cv,train,4,P00644__K215G,3.200000047683716,3.066981315612793
cv,train,4,P04637__F328A,4.800000190734863,4.824559211730957
cv,train,4,P01241__E100Q,0.699999988079071,0.7359834909439087
cv,train,4,P00720__E22K,-0.5849999785423279,-0.5978044271469116
cv,train,4,P00644__A227V,0.30000001192092896,0.3324615955352783
cv,train,4,P01009__K355F,1.1050000190734863,1.0800517797470093
cv,train,4,P00720__S117A,-1.2699999809265137,-1.2354949712753296
cv,train,4,P00974__I54A,2.0999999046325684,2.087787389755249
cv,train,4,P00044__N58T,-1.350000023841858,-1.4396436214447021
cv,train,4,P00720__P86A,0.4000000059604645,0.423606276512146
cv,train,4,P02185__F124K,1.399999976158142,1.4834978580474854
cv,train,4,P05798__V2T,0.8999999761581421,1.0217806100845337
cv,train,4,P00282__I27A,3.2750000953674316,3.2287280559539795
cv,train,4,P00648__Q78A,-0.10000000149011612,-0.14371848106384277
cv,train,4,P00648__I98V,1.7999999523162842,1.7539080381393433
cv,train,4,P02945__I58A,1.899999976158142,1.7751415967941284
cv,train,4,P00698__T58S,0.27000001072883606,0.2466440200805664
cv,train,4,P00648__L80Q,1.2999999523162842,1.304770827293396
cv,train,4,P00644__F116G,5.75,5.802489757537842
cv,train,4,P00644__T123I,-0.699999988079071,-0.6722434759140015
cv,train,4,P00648__Q151A,0.12999999523162842,0.15083181858062744
cv,train,4,P00651__Y71W,-0.7400000095367432,-0.7505797743797302
cv,train,4,P06241__A89G,1.600000023841858,1.4931824207305908
cv,train,4,P00644__L119G,3.799999952316284,3.7360780239105225
cv,train,4,P00651__A47H,0.3499999940395355,0.3800514340400696
cv,train,4,P00720__N144H,0.10000000149011612,0.1886197328567505
cv,train,4,P00720__R96I,2.8499999046325684,2.800258159637451
cv,train,4,P04637__Y236F,-0.27000001072883606,-0.3363136053085327
cv,train,4,P01053__S32G,-0.6499999761581421,-0.604587197303772
cv,train,4,P00974__P48A,1.399999976158142,1.409136414527893
cv,train,4,P02185__I29M,0.6000000238418579,0.6327837705612183
cv,train,4,P00644__W222L,4.5,4.421895980834961
cv,train,4,P00644__I174M,1.600000023841858,1.5981422662734985
cv,train,4,P00648__A79N,0.5,0.4136139154434204
cv,train,4,P02751__Y1605F,2.0299999713897705,1.9938925504684448
cv,train,4,P04179__Q143N,-1.2000000476837158,-1.153686285018921
cv,train,4,P01857__V280A,0.6000000238418579,0.5928441286087036
cv,train,4,P04271__F15A,4.460000038146973,4.449174404144287
cv,train,4,P00644__I221A,3.299999952316284,3.328051805496216
cv,train,4,P06241__F109L,0.800000011920929,0.7180763483047485
cv,train,4,P05230__C132V,0.30000001192092896,0.257266640663147
cv,train,4,P00644__L219V,1.399999976158142,1.4373228549957275
cv,train,4,P00644__L171V,1.399999976158142,1.361697793006897
cv,train,4,P02185__L136I,1.5,1.5190119743347168
cv,train,4,P03040__A36S,-0.30000001192092896,-0.2701072692871094
cv,train,4,P02633__D23N,-0.7400000095367432,-0.7529824376106262
cv,train,4,P00929__E49Y,0.0,-0.11866199970245361
cv,train,4,P00257__C153S,-0.9599999785423279,-0.9617315530776978
cv,train,4,P05413__T40E,2.4000000953674316,2.4070446491241455
cv,train,4,P00648__T152V,2.200000047683716,2.137772560119629
cv,train,4,P00644__L96A,2.299999952316284,2.2437665462493896
cv,train,4,P02185__G66A,0.10000000149011612,0.08140623569488525
cv,train,4,3PG0_A__D109P,-0.20000000298023224,-0.21701180934906006
cv,train,4,P06241__E107Q,0.7200000286102295,0.7392450571060181
cv,train,4,P04637__E343A,0.6499999761581421,0.6408289670944214
cv,train,4,P00644__T104C,0.8999999761581421,0.8385831713676453
cv,train,4,P00648__D91E,-0.20000000298023224,-0.18450915813446045
cv,train,4,P00282__F130A,5.019999980926514,5.022696018218994
cv,train,4,P00644__N182G,5.0,4.8703508377075195
cv,train,4,P00644__E139G,1.399999976158142,1.4170236587524414
cv,train,4,P00644__F143G,4.75,4.690606117248535
cv,train,4,P00720__T152A,1.5,1.424176573753357
cv,train,4,P00720__V131L,-0.09000000357627869,-0.17888987064361572
cv,train,4,P00644__K198G,-1.0,-1.0200053453445435
cv,train,4,P00644__T164G,2.0,1.9336377382278442
cv,train,4,P03050__V22A,3.0199999809265137,3.022006034851074
cv,train,4,P00099__E65Y,-0.6499999761581421,-0.6228548288345337
cv,train,4,P00025__K74F,1.149999976158142,1.1631861925125122
cv,train,4,P00644__R117G,2.200000047683716,2.18526554107666
cv,train,4,P00952__T51P,0.7699999809265137,0.7477566003799438
cv,train,4,P02751__V1587A,2.4200000762939453,2.3557186126708984
cv,train,4,P00644__T144G,3.450000047683716,3.4815638065338135
cv,train,4,P00644__Y197A,0.25,0.2156590223312378
cv,train,4,P00720__K43A,1.065000057220459,1.1008464097976685
cv,train,4,P00644__T164C,0.10000000149011612,0.047237757593393326
cv,train,4,P04637__I195T,4.119999885559082,4.102100849151611
cv,train,4,P03050__D20G,2.0950000286102295,2.073943853378296
cv,train,4,P00648__A79Q,0.4000000059604645,0.4222506284713745
cv,train,4,P00644__R169G,2.5,2.3876633644104004
cv,train,4,P00940__Q179A,-0.10000000149011612,-0.11016702651977539
cv,train,4,P06241__E107H,0.9950000047683716,0.9931342601776123
cv,train,4,P00648__D55A,0.8500000238418579,0.8923898935317993
cv,train,4,P00929__E49N,-0.3499999940395355,-0.41189634799957275
cv,train,4,P00644__V181E,6.75,6.754463195800781
cv,train,4,P00644__K166A,-0.15000000596046448,-0.1971660852432251
cv,train,4,P00644__N182A,4.800000190734863,4.730432510375977
cv,train,4,P00698__I73T,4.099999904632568,4.123302459716797
cv,train,4,P01051__L27A,0.18000000715255737,0.1332014799118042
cv,train,4,P00644__K160Q,0.10000000149011612,0.14878332614898682
cv,train,4,P01009__K411R,-0.949999988079071,-0.8028277158737183
cv,train,4,P00929__G211S,-0.20000000298023224,-0.1546018123626709
cv,train,4,P00651__V104A,4.090000152587891,4.049823760986328
cv,train,4,P05798__N39S,2.299999952316284,2.3086698055267334
cv,train,4,P00644__D122A,-0.30000001192092896,-0.18824589252471924
cv,train,4,P03050__Q39A,-0.10000000149011612,-0.14992845058441162
cv,train,4,P00648__E76S,1.2000000476837158,1.2237129211425781
cv,train,4,O74035__E8A,-2.450000047683716,-2.4667751789093018
cv,train,4,P01241__E100T,1.100000023841858,1.1610716581344604
cv,train,4,P01053__K44G,3.25,3.2316830158233643
cv,train,4,P00171__V50Y,1.5399999618530273,1.5890213251113892
cv,train,4,P00644__I174A,4.0,3.954495668411255
cv,train,4,P01053__K38A,-0.2199999988079071,-0.2261875867843628
cv,train,4,P00651__A47R,0.4099999964237213,0.5295692682266235
cv,train,4,P01053__E34D,0.5199999809265137,0.5058192014694214
cv,train,4,P03034__A21G,-0.8999999761581421,-0.9002586603164673
cv,train,4,P00644__K153F,0.0,0.02141142264008522
cv,train,4,P00644__K110Q,0.30000001192092896,0.29516708850860596
cv,train,4,P00720__D20S,-0.44999998807907104,-0.43503665924072266
cv,train,4,P00818__E84D,1.5,1.487135887145996
cv,train,4,P00509__C181A,1.2000000476837158,1.0892947912216187
cv,train,4,P00720__I3V,0.5,0.5055748224258423
cv,train,4,P00974__G47D,4.300000190734863,4.281585693359375
cv,train,4,P00644__D159N,2.700000047683716,2.583998918533325
cv,train,4,P00918__I255C,0.30000001192092896,0.2724189758300781
cv,train,4,P00644__Q162A,0.05000000074505806,-0.03182673081755638
cv,train,4,P00509__C258A,1.7000000476837158,1.6357933282852173
cv,train,4,P02185__K141A,-0.42500001192092896,-0.4249699115753174
cv,train,4,P02751__P1601A,0.35499998927116394,0.24592268466949463
cv,train,4,P03050__R13A,0.6000000238418579,0.578694224357605
cv,train,4,P04271__M8A,2.0,1.9885882139205933
cv,train,4,P01053__P26A,1.5700000524520874,1.6274733543395996
cv,train,4,P02185__A126L,-0.5,-0.5351978540420532
cv,train,4,P00974__C65T,7.800000190734863,7.836666107177734
cv,train,4,P00698__T136P,1.850000023841858,1.7607096433639526
cv,train,4,P00720__S117I,-1.5499999523162842,-1.6042128801345825
cv,train,4,P00644__Y109V,2.5999999046325684,2.5374653339385986
cv,train,4,P02185__L136V,2.200000047683716,2.0978572368621826
cv,train,4,P00644__K218G,0.0,-0.013763245195150375
cv,train,4,P00257__T112A,1.309999942779541,1.3891111612319946
cv,train,4,P00644__K145F,1.7999999523162842,1.8467904329299927
cv,train,4,P00644__K160E,0.699999988079071,0.7001137733459473
cv,train,4,P00698__M123T,0.6200000047683716,0.6479607820510864
cv,train,4,P00720__T157F,3.5999999046325684,3.628166675567627
cv,train,4,P01053__D72A,3.3499999046325684,3.4069793224334717
cv,train,4,P02417__K7M,-0.3499999940395355,-0.3007071018218994
cv,train,4,P00720__M106A,2.0,2.0080456733703613
cv,train,4,P00698__S109A,0.15000000596046448,0.19389736652374268
cv,train,4,P00644__H90A,0.4000000059604645,0.3275695741176605
cv,train,4,P00648__Y144G,6.599999904632568,6.742562294006348
cv,train,4,P00648__S132A,0.11999999731779099,0.25240135192871094
cv,train,4,P03034__Y23H,2.25,2.3646838665008545
cv,train,4,P03050__G3A,-0.30000001192092896,-0.2726888656616211
cv,train,4,P00644__V193I,0.699999988079071,0.7327739000320435
cv,train,4,P01053__S32A,-0.75,-0.7060133218765259
cv,train,4,P00644__V186I,-0.25,-0.22247934341430664
cv,train,4,P00644__I100L,0.15000000596046448,0.19125449657440186
cv,train,4,P05230__L59W,0.10000000149011612,0.07637357711791992
cv,train,4,P00644__V156S,5.400000095367432,5.369277477264404
cv,train,4,P00282__I27S,3.9000000953674316,3.8500475883483887
cv,train,4,P00644__D225A,0.10000000149011612,0.04886806383728981
cv,train,4,P00004__L95V,1.0,0.9517029523849487
cv,train,4,P00644__E139C,0.6499999761581421,0.705227255821228
cv,train,4,P01053__V80G,3.200000047683716,3.2132136821746826
cv,train,4,P00720__M102A,2.8499999046325684,2.861729383468628
cv,train,4,P00952__I52L,-0.05000000074505806,-0.03453147038817406
cv,train,4,P00644__P93F,0.550000011920929,0.4693520665168762
cv,train,4,P00644__V121T,1.2999999523162842,1.355873942375183
cv,train,4,P04637__F328L,2.450000047683716,2.4560093879699707
cv,train,4,P00509__E3A,3.4000000953674316,3.3839313983917236
cv,train,4,P00644__A212G,1.0,0.9343022108078003
cv,train,4,P00644__P138A,0.0,0.02458036318421364
cv,train,4,P00282__I40T,2.0999999046325684,2.1881234645843506
cv,train,4,P00644__V148I,0.8999999761581421,0.8701051473617554
cv,train,4,P00720__I50M,0.800000011920929,0.8088767528533936
cv,train,4,P00651__Q51K,-0.9300000071525574,-0.993452250957489
cv,train,4,P03050__N11A,-0.5,-0.49687302112579346
cv,train,4,P06241__E107G,2.2950000762939453,2.2688302993774414
cv,train,4,P00720__R96D,2.9000000953674316,2.905848741531372
cv,train,4,P03051__D30V,0.4000000059604645,0.42746829986572266
cv,train,4,P00929__E49C,-2.799999952316284,-2.8581082820892334
cv,train,4,P01236__H55A,-0.699999988079071,-0.7506229877471924
cv,train,4,P00644__T115G,2.5,2.439910650253296
cv,train,4,P01625__K71T,2.299999952316284,2.3480935096740723
cv,train,4,P00720__E45A,-0.25,-0.2370997667312622
cv,train,4,P00720__N116A,-0.1850000023841858,-0.26254284381866455
cv,train,4,P01053__K31A,-0.41999998688697815,-0.4965630769729614
cv,train,4,P00644__V196T,0.30000001192092896,0.37948524951934814
cv,train,4,P01308__T97H,-1.7599999904632568,-1.819238305091858
cv,train,4,P03040__Y26V,-0.699999988079071,-0.7904654741287231
cv,train,4,P06241__L101I,0.699999988079071,0.7157100439071655
cv,train,4,P06241__E107T,0.6000000238418579,0.6501249074935913
cv,train,4,P00644__G132A,-0.20000000298023224,-0.20204371213912964
cv,train,4,P00720__K60H,0.30000001192092896,0.3267539143562317
cv,train,4,P00698__R39Q,0.15000000596046448,0.1306445598602295
cv,train,4,P00644__E224A,0.30000001192092896,0.28015637397766113
cv,train,4,P00644__G102A,0.20000000298023224,0.19609904289245605
cv,train,4,P00644__H206L,-1.2999999523162842,-1.3721481561660767
cv,train,4,P00644__K127Q,-0.05000000074505806,-0.03495502099394798
cv,train,4,P00094__Y96C,1.5,1.5481499433517456
cv,train,4,P03050__R31A,3.4000000953674316,3.2905049324035645
cv,train,4,P01584__N123G,2.200000047683716,2.1431281566619873
cv,train,4,P04637__L344I,0.800000011920929,0.8151196241378784
cv,train,4,P00929__E49T,-0.949999988079071,-0.8743785619735718
cv,train,4,P00004__N53I,3.0999999046325684,3.082216501235962
cv,train,4,P04637__R175A,0.7300000190734863,0.7748082876205444
cv,train,4,P02751__S1622A,-0.10499999672174454,-0.1498638391494751
cv,train,4,P00720__T34A,0.20000000298023224,0.09031999111175537
cv,train,4,P00720__A82S,0.25,0.22766292095184326
cv,train,4,P00720__S44F,-0.07999999821186066,-0.09282815456390381
cv,train,4,P00644__V133S,0.10000000149011612,0.15299785137176514
cv,train,4,P00720__L91M,0.75,0.8720405101776123
cv,train,4,P00644__E217F,1.100000023841858,1.1116619110107422
cv,train,4,P00711__V61A,0.9150000214576721,0.929606556892395
cv,train,4,P00644__V121S,2.4000000953674316,2.3951759338378906
cv,train,4,P02633__I77V,1.4149999618530273,1.400922179222107
cv,train,4,P00648__T126V,-0.25,-0.26492559909820557
cv,train,4,P00644__L107E,7.800000190734863,7.857799530029297
cv,train,4,P00644__A94V,1.100000023841858,1.0086716413497925
cv,train,4,P05230__G77N,0.8949999809265137,0.9098988175392151
cv,train,4,P05798__Y51F,2.299999952316284,2.1935770511627197
cv,train,4,P03050__I51A,1.899999976158142,1.9044729471206665
cv,train,4,P00644__M108G,1.899999976158142,1.9296988248825073
cv,train,4,P02185__F124T,3.049999952316284,3.0231311321258545
cv,train,4,P05798__V36T,1.2999999523162842,1.3440278768539429
cv,train,4,P00929__E49H,-2.799999952316284,-2.7182188034057617
cv,train,4,P00648__G99A,5.300000190734863,5.235409736633301
cv,train,4,P00720__A74P,4.699999809265137,4.598957061767578
cv,train,4,P01009__A31I,-0.800000011920929,-0.7859095335006714
cv,train,4,P01053__V54T,1.0299999713897705,1.059118628501892
cv,train,4,P00648__H149A,0.23999999463558197,-0.034523364156484604
cv,train,4,P00644__N150G,0.4000000059604645,0.3534665107727051
cv,train,4,P03051__D30W,0.4000000059604645,0.4301525354385376
cv,train,4,P03051__D30R,-0.800000011920929,-0.7405329942703247
cv,train,4,P02751__I1571A,4.900000095367432,4.747803211212158
cv,train,4,P00711__I78W,0.9150000214576721,0.9222657680511475
cv,train,4,P00644__T126C,0.20000000298023224,0.22148644924163818
cv,train,4,P00720__M102L,0.8999999761581421,0.8458031415939331
cv,train,4,P03050__R16A,-0.20000000298023224,-0.1762906312942505
cv,train,4,P00648__G81N,2.700000047683716,2.7014260292053223
cv,train,4,P01053__K38G,0.9800000190734863,0.9074110984802246
cv,train,4,P00644__T144V,0.20000000298023224,0.18338310718536377
cv,train,4,P05230__V124L,0.6000000238418579,0.5734728574752808
cv,train,4,P05798__D25H,-0.8999999761581421,-0.9256386756896973
cv,train,4,P00648__I102T,1.100000023841858,1.0764857530593872
cv,train,4,P00720__L66M,1.0,1.0190284252166748
cv,train,4,P00648__E76Q,0.20000000298023224,0.28773975372314453
cv,train,4,P00651__Y83F,0.4699999988079071,0.4091172218322754
cv,train,4,P02185__L136M,0.800000011920929,0.8377820253372192
cv,train,4,P00644__G111V,3.0,3.0946009159088135
cv,train,4,P00720__D127A,-0.20000000298023224,-0.1531054973602295
cv,train,4,P00644__T95V,0.3499999940395355,0.23456227779388428
cv,train,4,P00648__V57T,2.4800000190734863,2.5149261951446533
cv,train,4,P00648__V92A,1.659999966621399,1.6634947061538696
cv,train,4,P02751__Y1629A,1.100000023841858,1.0708621740341187
cv,train,4,P00720__E11A,-1.100000023841858,-1.0800706148147583
cv,train,4,P02751__I1625V,0.32499998807907104,0.2845571041107178
cv,train,4,P00698__R91K,-0.23000000417232513,-0.28258419036865234
cv,train,4,P03034__P79A,1.600000023841858,1.5802816152572632
cv,train,4,P00698__D119A,-0.7599999904632568,-0.7977937459945679
cv,train,4,P00004__H34F,-0.699999988079071,-0.7169238328933716
cv,train,4,P00929__E49S,-0.800000011920929,-0.779217004776001
cv,train,4,P00720__L121M,0.5,0.5957419872283936
cv,train,4,P00720__L91A,2.5999999046325684,2.6228115558624268
cv,train,4,P02417__L6A,3.0999999046325684,3.0431101322174072
cv,train,4,P01009__A272I,-2.049999952316284,-2.0140745639801025
cv,train,4,P00644__Y136L,3.3499999046325684,3.298487901687622
cv,train,4,P00720__I3G,2.0,1.9488065242767334
cv,train,4,P00651__V104C,3.684999942779541,3.714432954788208
cv,train,4,P02185__T68A,0.30000001192092896,0.304904580116272
cv,train,4,P00648__T53S,0.25999999046325684,0.256527304649353
cv,train,4,P00644__K216F,0.3499999940395355,0.33574438095092773
cv,train,4,P00720__R96C,2.9000000953674316,2.9047818183898926
cv,train,4,P00563__D122N,1.190000057220459,1.108046293258667
cv,train,4,P00644__L89F,1.2000000476837158,1.224058747291565
cv,train,4,P00720__S44Y,-0.19499999284744263,-0.1271733045578003
cv,train,4,P01009__V79I,0.20000000298023224,0.20730817317962646
cv,train,4,P03051__D30T,0.4000000059604645,0.43808412551879883
cv,train,4,P01241__E100L,1.0,0.9746975898742676
cv,train,4,P00644__D101N,0.15000000596046448,0.27034270763397217
cv,train,4,P00651__P99V,-2.069999933242798,-2.0902674198150635
cv,train,4,P00044__P77T,1.7000000476837158,1.7600303888320923
cv,train,4,P00644__L185G,6.099999904632568,6.110264778137207
cv,train,4,P02185__D61A,0.125,0.18446123600006104
cv,train,4,P00712__I108V,0.8999999761581421,0.8238052129745483
cv,train,4,P02417__L6V,0.4099999964237213,0.3671373128890991
cv,train,4,P03050__V18A,0.6449999809265137,0.6252413988113403
cv,train,4,P00644__K146G,0.4000000059604645,0.4413774013519287
cv,train,4,P05413__F58S,3.015000104904175,3.006986379623413
cv,train,4,P01053__E34N,0.6000000238418579,0.5876021385192871
cv,train,4,P00974__G92A,0.20000000298023224,0.25759828090667725
cv,train,4,P00929__P132G,0.800000011920929,0.8620247840881348
cv,train,4,P00644__L171I,1.100000023841858,1.077685832977295
cv,train,4,P00644__D228A,0.20000000298023224,0.13615894317626953
cv,train,4,P05230__F147W,0.30000001192092896,0.351108193397522
cv,train,4,P00818__I76V,1.399999976158142,1.4317271709442139
cv,train,4,P00644__D225G,0.20000000298023224,0.19493019580841064
cv,train,4,P01857__F288A,2.5,2.51438307762146
cv,train,4,P00648__Y71F,-0.09000000357627869,-0.05626797303557396
cv,train,4,P00720__R96A,2.0,1.944749116897583
cv,train,4,P03069__R273A,1.659999966621399,1.6273781061172485
cv,train,4,P04637__S260P,0.3199999928474426,0.22061777114868164
cv,train,4,P02185__I29L,0.6000000238418579,0.5725224018096924
cv,train,4,P01053__V67A,4.90500020980835,4.831294536590576
cv,train,4,P03050__E27A,-0.4000000059604645,-0.3492804765701294
cv,train,4,P00648__R116M,2.450000047683716,2.4448907375335693
cv,train,4,P00644__L120V,0.15000000596046448,0.1340928077697754
cv,train,4,P03051__D30N,-0.800000011920929,-0.7924977540969849
cv,train,4,P00648__D59G,0.8999999761581421,0.8664969205856323
cv,train,4,P00644__T123A,0.0,0.11253881454467773
cv,train,4,P02751__Y1573A,2.0,1.9447524547576904
cv,train,4,P02185__L30M,-0.10000000149011612,-0.08257579803466797
cv,train,4,P00257__H114T,1.2000000476837158,1.272127389907837
cv,train,4,P00720__L66P,9.664999961853027,9.541288375854492
cv,train,4,P02945__Y56A,1.2999999523162842,1.309054970741272
cv,train,4,P00644__P129F,0.30000001192092896,0.26825571060180664
cv,train,4,P01053__A36G,1.149999976158142,1.204961895942688
cv,train,4,P00648__R116S,2.759999990463257,2.6942532062530518
cv,train,4,1YYX_A__I98A,3.799999952316284,3.7834701538085938
cv,train,4,P02185__Q9A,-0.949999988079071,-0.9375165700912476
cv,train,4,P00720__M6A,1.600000023841858,1.5173757076263428
cv,train,4,P00044__K79L,0.029999999329447746,0.0009359158575534821
cv,train,4,P00720__D20T,-0.75,-0.6869736909866333
cv,train,4,P00720__M106L,-0.25,-0.28198421001434326
cv,train,4,P00698__R132H,-0.6800000071525574,-0.6707435846328735
cv,train,4,P00720__H31N,4.0,3.9702866077423096
cv,train,4,P00720__V75T,0.8999999761581421,0.905605673789978
cv,train,4,P00720__N68A,0.05000000074505806,0.003516916185617447
cv,train,4,P00651__V115S,4.885000228881836,4.901418209075928
cv,train,4,P04637__E326A,1.0,0.9696555137634277
cv,train,4,P00651__A47G,1.0,0.9800951480865479
cv,train,4,P00918__C205S,-0.10000000149011612,-0.07246506214141846
cv,train,4,P00648__Q62A,0.20000000298023224,0.21712470054626465
cv,train,4,P00644__S210G,1.5,1.5774952173233032
cv,train,4,P02633__P24G,1.190000057220459,1.1641253232955933
cv,train,4,P00929__G234D,-1.7000000476837158,-1.7192386388778687
cv,train,4,P00720__V149I,0.10000000149011612,0.13093841075897217
cv,train,4,P02185__I143L,-0.6000000238418579,-0.6619387865066528
cv,train,4,P00648__T147G,2.799999952316284,2.8273282051086426
cv,train,4,P02185__L138A,0.30000001192092896,0.26498377323150635
cv,train,4,P00282__I40A,1.7999999523162842,1.8685548305511475
cv,train,4,P00720__S44H,-0.019999999552965164,-0.09402602910995483
cv,train,4,P04637__Q104H,-0.23999999463558197,-0.2374049425125122
cv,train,4,P00974__G71D,2.799999952316284,2.8005411624908447
cv,train,4,P00651__E84A,-0.4000000059604645,-0.39663875102996826
cv,train,4,P00720__I3Y,2.450000047683716,2.388317823410034
cv,train,4,P00648__A79E,0.20000000298023224,0.28858768939971924
cv,train,4,P04271__I12A,-1.2899999618530273,-1.199333667755127
cv,train,4,P00644__G137V,1.5,1.5494638681411743
cv,train,4,P00044__N58A,-2.484999895095825,-2.5820107460021973
cv,train,4,P00974__I53A,1.5,1.5004783868789673
cv,train,4,P00929__E49I,-6.550000190734863,-6.439960956573486
cv,train,4,P00929__F22I,4.190000057220459,4.23715877532959
cv,train,4,P00974__G47V,4.099999904632568,4.142636299133301
cv,train,4,P05798__D79H,-1.75,-1.5815579891204834
cv,train,4,P00651__Y68W,0.14000000059604645,0.20371639728546143
cv,train,4,P00818__G46A,1.7000000476837158,1.7236839532852173
cv,train,4,P00644__M147I,1.399999976158142,1.3938347101211548
cv,train,4,P00644__L107V,1.7999999523162842,1.7877041101455688
cv,train,4,P00044__K79H,1.4249999523162842,1.3667453527450562
cv,train,4,P00648__H65S,2.1500000953674316,2.0921823978424072
cv,train,4,P05230__C132I,-0.36000001430511475,-0.34994494915008545
cv,train,4,P00651__Y50W,-0.7699999809265137,-0.8380376100540161
cv,train,4,P00720__M106I,-0.10000000149011612,-0.09909117221832275
cv,train,4,P00648__Y60A,3.5,3.3385133743286133
cv,train,4,P00720__V131D,-0.07999999821186066,-0.16078221797943115
cv,train,4,P00644__K160G,1.100000023841858,1.0745351314544678
cv,train,4,P02945__P50A,0.20000000298023224,0.1617075800895691
cv,train,4,P00644__T115A,1.399999976158142,1.3480795621871948
cv,train,4,P00644__G132F,0.550000011920929,0.550834596157074
cv,train,4,P00644__G178V,3.700000047683716,3.714784860610962
cv,train,4,P00720__M120Y,0.4000000059604645,0.3376011848449707
cv,train,4,P00644__M180L,2.299999952316284,2.2037711143493652
cv,train,4,P02185__L30I,1.100000023841858,1.153713345527649
cv,train,4,P00044__N58L,-4.264999866485596,-4.316684722900391
cv,train,4,P00648__I51V,1.100000023841858,1.0214811563491821
cv,train,4,P00644__K130F,0.4000000059604645,0.34882450103759766
cv,train,4,P00720__L121A,2.700000047683716,2.689894914627075
cv,train,4,P00644__E134G,0.3499999940395355,0.32026350498199463
cv,train,4,P00974__K61A,0.0,-0.04470836743712425
cv,train,4,P00929__P207A,1.5,1.3961573839187622
cv,train,4,P00644__N200D,2.3499999046325684,2.3652472496032715
cv,train,4,P03050__R16G,1.0750000476837158,1.0309878587722778
cv,train,4,P00712__W45F,2.25,2.1766128540039062
cv,train,4,P00720__V131T,0.10999999940395355,0.15993773937225342
cv,train,4,P06241__W120V,1.0,0.9880779981613159
cv,train,4,P00644__I154M,1.7999999523162842,1.7919211387634277
cv,train,4,P00720__A129V,0.75,0.85750412940979
cv,train,4,P00044__T102A,-0.8999999761581421,-0.9828015565872192
cv,train,4,P04637__F341I,4.449999809265137,4.414066791534424
cv,train,4,P00720__V111I,0.800000011920929,0.8476084470748901
cv,train,4,P05413__F65S,3.799999952316284,3.7914397716522217
cv,train,4,P00648__W141L,0.8299999833106995,0.7758007049560547
cv,train,4,P05413__F17Y,3.0199999809265137,2.9227142333984375
cv,train,4,P02945__T59A,2.200000047683716,2.113157033920288
cv,train,4,P00644__Y109N,3.799999952316284,3.759974718093872
cv,train,4,P00648__Y125F,1.375,1.2685881853103638
cv,train,4,P00644__K152W,0.4000000059604645,0.399275541305542
cv,train,4,P03958__W264F,-8.640000343322754,-8.69272232055664
cv,train,4,P00644__H203A,2.9000000953674316,2.8410441875457764
cv,train,4,P00818__V52A,1.899999976158142,1.967712163925171
cv,train,4,1YYX_A__F65A,2.5,2.3793258666992188
cv,train,4,P00974__F68L,2.0,1.9981878995895386
cv,train,4,P00644__V133A,0.20000000298023224,0.20491790771484375
cv,train,4,P00720__V103A,1.7549999952316284,1.7712129354476929
cv,train,4,P00648__H65R,1.0499999523162842,1.1126660108566284
cv,train,4,P00720__A129W,3.200000047683716,3.212347984313965
cv,train,4,P00720__F104A,2.700000047683716,2.657188653945923
cv,train,4,P00720__L118A,3.3499999046325684,3.3622453212738037
cv,train,4,P00918__E117A,4.699999809265137,4.811700820922852
cv,train,4,P00720__R96L,3.200000047683716,3.1356537342071533
cv,train,4,P00720__I17A,2.700000047683716,2.6196746826171875
cv,train,4,P00648__Y64A,2.0999999046325684,2.0355312824249268
cv,train,4,P00644__D103N,-1.399999976158142,-1.3566337823867798
cv,train,4,P00974__Y70G,5.0,4.99363374710083
cv,train,4,P01053__E34A,-0.6000000238418579,-0.531119704246521
cv,train,4,P01236__H58A,-2.5999999046325684,-2.743018627166748
cv,train,4,P02751__I1557V,0.30000001192092896,0.30338239669799805
cv,train,4,P00044__G7A,1.2999999523162842,1.293039083480835
cv,train,4,P00929__A18G,2.0999999046325684,2.0274739265441895
cv,train,4,P00644__P199L,-0.20000000298023224,-0.24956010282039642
cv,train,4,P00974__Y70A,4.699999809265137,4.664504528045654
cv,train,4,P00720__S44N,0.11999999731779099,0.05304539576172829
cv,train,4,P00651__V42A,2.25,2.2356908321380615
cv,train,4,P02625__H27P,-1.25,-1.322222352027893
cv,train,4,P00818__E30D,3.5,3.516413450241089
cv,train,4,P00818__P55A,0.5,0.5615274906158447
cv,train,4,P05413__L67G,3.700000047683716,3.6962730884552
cv,train,4,P00644__I97V,0.800000011920929,0.8068302869796753
cv,train,4,P00644__I97L,0.6000000238418579,0.5652118921279907
cv,train,4,P00644__K110F,0.800000011920929,0.7667770385742188
cv,train,4,P02693__I24C,-1.100000023841858,-1.085485577583313
cv,train,4,P00720__L32A,3.0,2.884002447128296
cv,train,4,P00044__A13L,-0.30000001192092896,-0.24151575565338135
cv,train,4,P00004__H27V,3.799999952316284,3.7599847316741943
cv,train,4,P00644__E125A,-0.30000001192092896,-0.21957910060882568
cv,train,4,P00644__V193G,4.800000190734863,4.702688694000244
cv,train,4,P01006__M104K,-0.3499999940395355,-0.35283970832824707
cv,train,4,P03069__E259Q,0.7400000095367432,0.6913419961929321
cv,train,4,P00644__I154V,1.7999999523162842,1.7445048093795776
cv,train,4,P03050__R23G,1.5700000524520874,1.4534567594528198
cv,train,4,P00644__V186S,4.900000095367432,4.880429267883301
cv,train,4,P03034__Q45Y,0.019999999552965164,-0.08297348022460938
cv,train,4,P00644__E204F,0.699999988079071,0.7185542583465576
cv,train,4,P00918__H107A,8.300000190734863,8.232268333435059
cv,train,4,O74035__I56A,3.684999942779541,3.6195871829986572
cv,train,4,P01006__M104E,-0.5600000023841858,-0.49683839082717896
cv,train,4,P00282__V51T,2.5999999046325684,2.6554996967315674
cv,train,4,P05230__C132S,0.6000000238418579,0.5972524881362915
cv,train,4,P05230__L59P,-0.6899999976158142,-0.6801906824111938
cv,train,4,P00918__H107N,5.400000095367432,5.375254154205322
cv,train,4,P00644__K145Q,0.8999999761581421,0.9054964780807495
cv,train,4,P00644__M180I,4.400000095367432,4.367183208465576
cv,train,4,P00644__D101A,0.10000000149011612,0.22338354587554932
cv,train,4,P02417__H106Q,1.3350000381469727,1.2971432209014893
cv,train,4,P04637__A129S,0.1899999976158142,0.12067508697509766
cv,train,4,P00644__F158W,1.0,0.9943281412124634
cv,train,4,P00651__H118A,1.059999942779541,0.8899292945861816
cv,train,4,P05413__W9E,3.799999952316284,3.9059700965881348
cv,train,4,P00698__I73M,2.2699999809265137,2.1812610626220703
cv,train,4,P01236__H201A,-0.10000000149011612,-0.23933422565460205
cv,train,4,P00644__E155A,1.399999976158142,1.401213526725769
cv,train,4,P02185__I143V,0.10000000149011612,0.08864271640777588
cv,train,4,P00720__L84A,3.700000047683716,3.6965548992156982
cv,train,4,P00651__V78T,3.5999999046325684,3.6944973468780518
cv,train,4,P00918__H107Y,9.199999809265137,9.226080894470215
cv,train,4,P00648__T53P,3.140000104904175,3.0977389812469482
cv,train,4,P00712__I114V,1.7000000476837158,1.7172051668167114
cv,train,4,P01053__T23G,1.159999966621399,1.1963039636611938
cv,train,4,P04925__V209I,0.18000000715255737,0.2901376485824585
cv,train,4,P00651__A47N,-0.3400000035762787,-0.40215206146240234
cv,train,4,P00644__K153G,1.100000023841858,1.098455548286438
cv,train,4,P05230__L88V,1.4800000190734863,1.4447463750839233
cv,train,4,P00644__L207V,2.299999952316284,2.2568657398223877
cv,train,4,P00651__N35A,0.800000011920929,0.7163122296333313
cv,train,4,P00720__L39A,0.8999999761581421,0.9117859601974487
cv,train,4,P02945__K53A,0.30000001192092896,0.30792152881622314
cv,train,4,P00644__I100G,2.549999952316284,2.6023049354553223
cv,train,4,P00644__V105S,4.699999809265137,4.682638168334961
cv,train,4,P02631__P22A,0.699999988079071,0.6384203433990479
cv,train,4,P00644__Y109G,5.300000190734863,5.294186115264893
cv,train,4,P00282__Y128A,3.5899999141693115,3.6219663619995117
cv,train,4,P02945__L71A,-0.30000001192092896,-0.38185393810272217
cv,train,4,P03050__R13G,-0.33000001311302185,-0.3642284870147705
cv,train,4,P00644__K192G,2.700000047683716,2.6622583866119385
cv,train,4,O74035__L33A,4.21999979019165,4.179243087768555
cv,train,4,P00644__I97A,2.6500000953674316,2.6589207649230957
cv,train,4,P00644__Q188A,-0.15000000596046448,-0.2558668851852417
cv,train,4,P01625__K56R,0.800000011920929,0.8682510852813721
cv,train,4,P00711__L129R,-0.41499999165534973,-0.38381266593933105
cv,train,4,P00644__L207E,6.150000095367432,6.175047397613525
cv,train,4,P00648__A79W,1.0499999523162842,1.0749876499176025
cv,train,4,P00644__K131G,0.20000000298023224,0.14592599868774414
cv,train,4,P00644__K146A,-0.15000000596046448,-0.10991418361663818
cv,train,4,P00929__E49P,-0.699999988079071,-0.43691933155059814
cv,train,4,P03050__M42A,3.2850000858306885,3.2762768268585205
cv,train,4,P00644__V196S,0.0,0.06829619407653809
cv,train,4,P00929__I232V,1.5,1.5128017663955688
cv,train,4,P00974__G72D,1.7000000476837158,1.7249397039413452
cv,train,4,P01009__A31V,-0.5,-0.4582379162311554
cv,val,4,P00720__L133M,0.3499999940395355,1.8746141195297241
cv,val,4,P01053__Q42A,0.1599999964237213,0.2258843183517456
cv,val,4,P00720__A42L,5.099999904632568,2.0604960918426514
cv,val,4,P05798__D79L,-2.6500000953674316,-1.5934087038040161
cv,val,4,P00644__K98F,0.4000000059604645,0.11526477336883545
cv,val,4,P02185__H117A,-0.20000000298023224,-0.7831896543502808
cv,val,4,P05230__F123Y,-0.5,0.27676546573638916
cv,val,4,P00712__W79F,0.9850000143051147,0.5397990942001343
cv,val,4,P00644__L120E,3.299999952316284,3.7440345287323
cv,val,4,P01053__I50V,-0.07999999821186066,0.625594973564148
cv,val,4,P00644__T115S,1.2999999523162842,0.3799252510070801
cv,val,4,P03051__D30L,0.10000000149011612,-1.021089792251587
cv,val,4,P01009__A274L,0.949999988079071,-0.12586021423339844
cv,val,4,P00282__I101V,0.1550000011920929,0.708217978477478
cv,val,4,P02417__E54Q,-0.33000001311302185,1.2642589807510376
cv,val,4,P00644__D165G,2.6500000953674316,2.518073081970215
cv,val,4,P00644__V105A,2.5999999046325684,3.2211811542510986
cv,val,4,P01053__R68A,1.3049999475479126,2.745713472366333
cv,val,4,P00720__K135E,0.800000011920929,1.119472622871399
cv,val,4,P00644__K91A,1.399999976158142,0.7025653123855591
cv,val,4,P03050__S44A,-0.30000001192092896,-0.1462026834487915
cv,val,4,P00257__Y140F,0.009999999776482582,0.5336011648178101
cv,val,4,P01053__T56V,1.0,0.12741529941558838
cv,val,4,P00720__N163D,0.20999999344348907,-0.44881200790405273
cv,val,4,P00698__C112A,5.389999866485596,2.6321609020233154
cv,val,4,P00644__L190V,3.799999952316284,3.9519803524017334
cv,val,4,P00648__L142G,4.699999809265137,2.584960699081421
cv,val,4,P00644__V181S,5.099999904632568,4.094813346862793
cv,val,4,P04637__I232T,3.190000057220459,2.547776699066162
cv,val,4,P01053__I77V,-0.19499999284744263,1.5588513612747192
cv,val,4,P01241__S97A,1.0499999523162842,0.8980963230133057
cv,val,4,P00644__E149Q,0.5,1.0226386785507202
cv,val,4,P00648__G81S,2.950000047683716,2.310828924179077
cv,val,4,P02945__V62A,-0.699999988079071,3.726875066757202
cv,val,4,P00044__K79I,1.0950000286102295,0.5227340459823608
cv,val,4,P00720__I58T,3.4000000953674316,3.640430450439453
cv,val,4,P02417__K15M,0.3100000023841858,-0.3136231303215027
cv,val,4,P00644__Y173E,7.25,7.477714538574219
cv,val,4,P02751__I1557A,0.699999988079071,3.337692975997925
cv,val,4,P01584__T125G,3.200000047683716,1.2967184782028198
cv,val,4,P00720__S44K,-0.20000000298023224,-0.6672579050064087
cv,val,4,P00974__T46A,0.0,-0.07555115222930908
cv,val,4,P01053__L69A,3.7699999809265137,3.2807295322418213
cv,val,4,P00644__K88G,-0.25,0.11428141593933105
cv,val,4,P01053__R63A,0.800000011920929,2.1628477573394775
cv,val,4,P00720__Y25G,4.224999904632568,2.6414055824279785
cv,val,4,P00644__Y175L,4.5,4.754315376281738
cv,val,4,P00648__R130Q,1.690000057220459,1.8465789556503296
cv,val,4,P00644__A176G,2.4000000953674316,1.7731932401657104
cv,val,4,P03050__E17A,0.5,-0.6028414964675903
cv,val,4,P00644__E157Q,0.6000000238418579,0.8386155366897583
cv,val,4,P00720__I150V,1.9500000476837158,0.5557903051376343
cv,val,4,P01053__I49A,3.700000047683716,3.2440807819366455
cv,val,4,P00698__D119G,-0.44999998807907104,0.7160847187042236
cv,val,4,P00720__V71A,1.5,2.0787696838378906
cv,val,4,P00974__F80A,6.849999904632568,5.601871013641357
cv,val,4,P00720__I3E,1.6549999713897705,1.5257614850997925
cv,val,4,P00651__A47I,0.4399999976158142,0.43526768684387207
cv,val,4,P00644__T115V,-0.4000000059604645,-0.2273329496383667
cv,val,4,P00808__S277C,1.2999999523162842,-1.4591522216796875
cv,val,4,P00509__I5A,5.0,2.5579051971435547
cv,val,4,P01584__R120Q,0.8999999761581421,-0.6534458994865417
cv,val,4,P00918__W5F,-0.6499999761581421,0.7081923484802246
cv,val,4,P00644__I221L,0.10000000149011612,1.7696341276168823
cv,val,4,P00648__R119G,2.5,3.7760980129241943
cv,val,4,P05798__T67V,0.0,1.6555510759353638
cv,val,4,P00644__K215Q,0.4000000059604645,1.8780590295791626
cv,val,4,P00974__G47A,1.7999999523162842,2.008896589279175
cv,val,4,P00720__M6I,3.5999999046325684,1.3726741075515747
cv,val,4,P00918__L60C,0.10000000149011612,-2.9497766494750977
cv,val,4,P04925__T189V,0.17000000178813934,0.214849591255188
cv,val,4,P00720__R96G,2.9000000953674316,2.7058393955230713
cv,val,4,P00651__V42C,4.849999904632568,3.122847080230713
cv,val,4,P00648__I135G,7.400000095367432,6.051290512084961
cv,val,4,P03050__V25A,0.18000000715255737,0.4269677400588989
cv,val,4,P00648__I135V,1.399999976158142,0.5457049608230591
cv,val,4,P00644__E183A,1.600000023841858,0.8641051054000854
cv,val,4,P00644__L219G,4.400000095367432,5.161496639251709
cv,val,4,P00644__M114I,0.6000000238418579,1.0134621858596802
cv,val,4,P00644__K88A,-0.25,0.07491016387939453
cv,val,4,P00918__S56C,0.5,-2.083676338195801
cv,val,4,P00644__D159K,3.299999952316284,4.4016432762146
cv,val,4,P00720__T157C,1.2999999523162842,1.549988031387329
cv,val,4,P02417__V21I,0.4000000059604645,0.6186395883560181
cv,val,4,P00644__G189V,7.5,3.748011827468872
cv,val,4,P05798__R40E,-0.20000000298023224,1.111884593963623
cv,val,4,P00720__L84M,2.1500000953674316,1.7570172548294067
cv,val,4,P01006__M104V,0.5600000023841858,-1.1238502264022827
cv,val,4,P02417__E48Q,-0.029999999329447746,0.26374125480651855
cv,val,4,P00644__Y109K,3.799999952316284,2.3591599464416504
cv,val,4,P03050__R50A,1.899999976158142,0.21736907958984375
cv,val,4,P00644__K166Q,0.10000000149011612,0.17367303371429443
cv,val,4,2IMM_A__L112I,-0.4000000059604645,-0.06504857540130615
cv,val,4,P00750__V280M,2.200000047683716,0.7002378106117249
cv,val,4,P00644__K152Q,0.25,0.6930549144744873
cv,val,4,P01857__D282A,0.699999988079071,2.4977710247039795
cv,val,4,P00648__A79C,1.5,0.8389582633972168
cv,val,4,P02945__S72A,-0.10000000149011612,0.19723832607269287
cv,val,4,P00720__V111F,1.6449999809265137,1.4429696798324585
cv,val,4,P00644__R163G,2.0999999046325684,1.7390570640563965
cv,val,4,1YYX_A__I72A,4.699999809265137,1.8254040479660034
cv,val,4,P01053__T59A,0.6949999928474426,1.2127010822296143
cv,val,4,P00712__A49T,-0.800000011920929,1.3640276193618774
cv,val,4,P00644__A212V,1.100000023841858,0.605545163154602
cv,val,4,P00974__G71A,2.0999999046325684,0.5532200932502747
cv,val,4,P00929__F139W,0.6499999761581421,1.171435832977295
cv,val,4,P05798__D25K,0.8999999761581421,-1.4674983024597168
cv,val,4,O74035__I6A,2.7100000381469727,2.99395489692688
cv,val,4,P00648__E120F,1.9500000476837158,2.4355709552764893
cv,val,4,P00648__R130K,4.264999866485596,1.1718744039535522
cv,val,4,P01009__A272F,-1.649999976158142,-0.5778930187225342
cv,val,4,P00720__I100A,2.5,2.564847230911255
cv,val,4,P02185__V115A,0.8500000238418579,0.21916258335113525
cv,val,4,P00644__L171G,3.200000047683716,4.55204439163208
cv,val,4,P04637__L330F,3.5,3.084359884262085
cv,val,4,P05230__C31S,2.799999952316284,2.098205327987671
cv,val,4,P00720__A98S,2.299999952316284,3.3017842769622803
cv,val,4,P02751__L1555A,0.8700000047683716,1.6084814071655273
cv,val,4,P03050__D20A,0.800000011920929,0.7520641088485718
cv,val,4,P00720__A98C,1.100000023841858,1.5587166547775269
cv,val,4,P02693__W7Y,0.8999999761581421,3.3465328216552734
cv,val,4,P00720__F153V,1.7999999523162842,1.5010112524032593
cv,val,4,P00644__Y109A,3.5,4.032857894897461
cv,val,4,P00644__G102V,2.200000047683716,4.000308990478516
cv,val,4,P01584__R120P,0.3499999940395355,0.1208268404006958
cv,val,4,P05798__N39D,1.5,1.9731335639953613
cv,val,4,P02185__H98Q,0.054999999701976776,4.871463775634766
cv,val,4,P04271__L4A,-0.41499999165534973,2.380478858947754
cv,val,4,P02633__F14A,4.465000152587891,3.4957847595214844
cv,val,4,P00720__S44I,-0.3050000071525574,0.13624370098114014
cv,val,4,P00648__G81H,2.6500000953674316,2.7848570346832275
cv,val,4,P00929__F258W,1.2000000476837158,0.8320728540420532
cv,val,4,P00644__T123V,-0.800000011920929,2.1263577938079834
cv,val,4,P00644__K216C,0.699999988079071,-0.5498511791229248
cv,val,4,P00644__M108I,0.800000011920929,0.782193660736084
cv,val,4,P01053__E46A,0.550000011920929,-0.15078657865524292
cv,val,4,P03050__K46A,0.0,0.922324538230896
cv,val,4,P00644__Y195G,0.20000000298023224,1.7076971530914307
cv,val,4,2IMM_A__M21I,-0.20000000298023224,0.6372183561325073
cv,val,4,P00648__K109R,0.3499999940395355,-0.2628922760486603
cv,val,4,P00644__R187A,1.2999999523162842,1.5965842008590698
cv,val,4,P00644__R117A,1.399999976158142,1.6541653871536255
cv,val,4,P05230__V46I,1.0,0.5037335157394409
cv,val,4,P05798__N39A,2.200000047683716,3.4111292362213135
cv,val,4,P00644__V133T,-0.20000000298023224,0.8664054870605469
cv,val,4,P00711__V61N,0.2199999988079071,3.742133140563965
cv,val,4,P00651__D75Y,0.25,0.012090567499399185
cv,val,4,P00720__I3T,2.190000057220459,1.4926037788391113
cv,val,4,P00644__Y109F,0.4000000059604645,2.0264892578125
cv,val,4,P00509__C180R,1.7000000476837158,2.9563400745391846
cv,val,4,P00648__R106A,-0.5699999928474426,0.5502704381942749
cv,val,4,P00644__T144C,1.100000023841858,1.2864772081375122
cv,val,4,P00644__K179G,1.7000000476837158,1.1028634309768677
cv,val,4,P02417__E17Q,0.20999999344348907,0.5300205945968628
cv,val,4,P00974__G71S,0.699999988079071,0.20485448837280273
cv,val,4,P00974__N79A,3.299999952316284,3.8065545558929443
cv,val,4,P00644__K166F,0.800000011920929,0.4551805257797241
cv,val,4,P00648__A79G,0.8999999761581421,1.3523679971694946
cv,val,4,P00720__V87M,2.25,2.0211541652679443
cv,val,4,P02751__P1562A,0.4399999976158142,1.566729187965393
cv,val,4,P00560__H389Q,0.8399999737739563,2.621835470199585
cv,val,4,P04637__D228E,-0.05000000074505806,1.3798898458480835
cv,val,4,P03050__G30A,1.8949999809265137,2.145159959793091
cv,val,4,P00644__R187C,2.5999999046325684,1.6786359548568726
cv,val,4,P03050__Q39G,0.9599999785423279,1.0841423273086548
cv,val,4,P00648__L136V,0.30000001192092896,1.1681201457977295
cv,val,4,3PG0_A__A86V,-0.5,-0.78046715259552
cv,val,4,1YYX_A__M58A,3.5999999046325684,2.44522762298584
cv,val,4,P00698__D119E,0.0,-0.7250300645828247
cv,val,4,P02693__V61N,0.800000011920929,2.346126079559326
cv,val,4,P05798__Q38A,-0.699999988079071,0.7041647434234619
cv,val,4,P00720__R80K,0.1850000023841858,1.0269075632095337
cv,val,4,P00720__N132I,-1.2000000476837158,0.13294494152069092
cv,val,4,P00644__E92A,1.2999999523162842,0.9332444667816162
cv,val,4,P01584__C124S,4.099999904632568,3.6381943225860596
cv,val,4,P00644__T123E,3.299999952316284,2.6086585521698
cv,val,4,P00720__I78V,0.75,0.8031504154205322
cv,val,4,P00648__S139A,2.799999952316284,1.6795408725738525
cv,val,4,P05798__R65A,1.100000023841858,1.510769009590149
cv,val,4,P00720__I50A,2.25,3.6975581645965576
cv,val,4,P00720__A41D,-0.29499998688697815,2.6459834575653076
cv,val,4,P02185__H25V,-0.019999999552965164,0.7992156744003296
cv,val,4,P00929__G211E,-0.5,1.2430812120437622
cv,val,4,P00720__F153M,0.6000000238418579,1.7038365602493286
cv,val,4,P00509__C180S,1.399999976158142,0.036463622003793716
cv,val,4,P00644__M114A,1.7000000476837158,1.4206002950668335
cv,val,4,P00974__P44A,0.800000011920929,2.348809242248535
cv,val,4,P01053__V83A,1.4249999523162842,2.771332025527954
cv,val,4,P00648__E120Q,2.5,1.3187578916549683
cv,val,4,P00648__I143G,5.699999809265137,3.343069076538086
cv,val,4,P00648__A79T,0.6000000238418579,1.9891659021377563
cv,val,4,P00644__T202V,1.7000000476837158,0.3414815664291382
cv,val,4,P00720__E11N,0.75,-0.8582675457000732
cv,val,4,P01857__T233A,0.10000000149011612,0.2212294340133667
cv,val,4,P00644__K209G,0.699999988079071,1.4921199083328247
cv,val,4,P00720__T152C,0.5,0.9192183017730713
cv,val,4,P00644__M108L,0.4000000059604645,0.581314206123352
cv,val,4,P00644__V196I,0.10000000149011612,-0.4480009078979492
cv,val,4,P06241__E107L,3.0,1.5969706773757935
cv,val,4,P02753__W42F,2.5,0.6366784572601318
cv,val,4,P01009__V169I,-0.20000000298023224,1.204545021057129
cv,val,4,P00644__M147G,4.599999904632568,2.9210166931152344
cv,val,4,P01053__F70V,1.899999976158142,2.1993348598480225
cv,val,4,P01006__M104L,0.2750000059604645,-1.4677475690841675
cv,val,4,P00648__Y60G,6.400000095367432,4.843959808349609
cv,val,4,P00644__I174G,6.099999904632568,4.720733642578125
cv,val,4,P00644__A176V,1.2999999523162842,1.0495152473449707
cv,val,4,P00648__V83T,1.100000023841858,1.2534266710281372
cv,val,4,P00698__Q139H,0.44999998807907104,-0.8968074917793274
cv,val,4,P06241__F103L,1.100000023841858,1.8211102485656738
cv,val,4,P00044__N58H,1.600000023841858,-0.5754163265228271
cv,val,4,P04637__C182S,-0.1599999964237213,0.14106738567352295
cv,val,4,P00720__C54V,0.699999988079071,0.3953803777694702
cv,val,4,P05230__H108G,-1.2999999523162842,0.32221102714538574
cv,val,4,P00698__I73A,3.5999999046325684,2.4233622550964355
cv,val,4,P00720__L91P,9.699999809265137,2.4587576389312744
cv,val,4,P00644__H128Y,0.0,1.116318941116333
cv,val,4,P00974__V69A,1.2000000476837158,1.2125576734542847
cv,val,4,P00644__A151T,2.700000047683716,2.485661268234253
cv,val,4,P01053__E35D,0.7400000095367432,0.9473177194595337
cv,val,4,P06241__F109I,2.0,1.6758432388305664
cv,val,4,P01625__M24L,-1.0499999523162842,0.8053442239761353
cv,val,4,P01053__I50G,3.5199999809265137,2.49322772026062
cv,val,4,P00974__S82A,1.600000023841858,2.2509539127349854
cv,val,4,P00974__F39L,2.200000047683716,0.4667062759399414
cv,val,4,P00974__Y70D,3.799999952316284,3.625166177749634
cv,val,4,P00644__D165F,4.800000190734863,2.8037259578704834
cv,val,4,P02751__F1585A,2.0,1.0341769456863403
cv,val,4,P00509__D11A,5.699999809265137,2.4541547298431396
cv,val,4,P00044__G12A,3.5,1.220744013786316
cv,val,4,P00698__S109T,-0.9900000095367432,1.1495429277420044
cv,val,4,P00974__L41A,0.6000000238418579,1.8324110507965088
cv,val,4,P00644__L119A,1.600000023841858,2.8547916412353516
cv,val,4,P00720__D72P,2.700000047683716,3.347055673599243
cv,val,4,P04925__E199K,0.17000000178813934,0.8658688068389893
cv,val,4,P00648__T53N,1.2699999809265137,1.0739401578903198
cv,val,4,P00808__S140C,0.699999988079071,-0.05535673722624779
cv,val,4,P05230__H108A,0.5149999856948853,-0.5132905840873718
cv,val,4,1YYX_A__V84A,3.9000000953674316,1.3510562181472778
cv,val,4,P00720__T109N,-0.10000000149011612,-0.334705650806427
cv,val,4,P00648__N88D,2.5,3.054211378097534
cv,val,4,P00648__G81K,2.799999952316284,3.925222635269165
cv,val,4,P04637__T150P,0.07999999821186066,0.35314834117889404
cv,val,4,P00644__D103G,-0.30000001192092896,0.26029932498931885
cv,val,4,P00720__L99I,1.5,1.9362200498580933
cv,val,4,P00644__D177F,4.900000095367432,1.9712053537368774
cv,val,4,P00648__I123T,2.5999999046325684,1.0486894845962524
cv,val,4,P02945__L74A,-0.699999988079071,1.1076757907867432
cv,val,4,P00644__H206A,-0.4000000059604645,-0.17299067974090576
cv,val,4,P04637__L206S,0.10000000149011612,1.5380176305770874
cv,val,4,P03050__E28G,1.2450000047683716,1.1542850732803345
cv,val,4,P00711__W137H,0.6000000238418579,0.896449625492096
cv,val,4,P03034__A50V,1.2200000286102295,-0.12638115882873535
cv,val,4,P02417__D23N,0.5799999833106995,-1.1488049030303955
cv,val,4,P02185__E110A,-0.25,0.1337066888809204
cv,val,4,P03050__F45A,2.700000047683716,2.6139347553253174
cv,val,4,P00644__N201A,1.149999976158142,0.5552512407302856
cv,val,4,P06213__W1202F,-0.6000000238418579,-0.0748521089553833
cv,val,4,P00644__K106G,1.100000023841858,1.335478663444519
cv,val,4,P03051__D30G,-2.0,-1.0059112310409546
cv,val,4,P00651__N70D,1.399999976158142,0.3117246627807617
cv,val,4,P00720__L33A,3.5999999046325684,2.694695472717285
cv,val,4,P00644__L119I,1.7999999523162842,1.7285475730895996
cv,val,4,P00509__C180F,0.8999999761581421,2.2959935665130615
cv,val,4,P00644__A140G,2.5,1.803036093711853
cv,val,4,P00720__R96K,0.25,-0.21856415271759033
cv,val,4,P00648__H65D,2.299999952316284,0.9615429639816284
cv,val,4,P04637__Q104P,-0.10999999940395355,0.6319147348403931
cv,val,4,P00171__V66H,1.6150000095367432,-0.029532264918088913
cv,val,4,P01857__Y290A,2.0999999046325684,3.156890630722046
cv,val,4,P04637__R337A,5.849999904632568,1.2795616388320923
cv,val,4,P04637__H168R,2.9100000858306885,1.4238511323928833
cv,val,4,P00720__V103I,0.4000000059604645,0.3140000104904175
cv,val,4,P01857__K275A,0.4000000059604645,-0.08745121955871582
cv,val,4,P00818__P72A,1.600000023841858,1.428207516670227
cv,val,4,P00720__E108V,-1.0499999523162842,-0.5593352317810059
cv,val,4,P01009__T92A,-0.949999988079071,-0.4609776735305786
cv,val,4,P02751__I1627V,0.2800000011920929,-0.43006932735443115
cv,val,4,P00644__T95S,0.30000001192092896,0.1954585313796997
cv,val,4,P01006__M104A,-0.30000001192092896,-0.6648287773132324
cv,val,4,P01009__V388I,-0.3499999940395355,-1.0886844396591187
cv,val,4,P00720__P86G,1.7549999952316284,-0.1075063943862915
cv,val,4,P00720__T151S,-0.39500001072883606,0.2874718904495239
cv,val,4,P00644__G170W,0.800000011920929,-0.6345316171646118
cv,val,4,P00644__P113G,1.5,1.4505925178527832
cv,val,4,P03069__K263A,0.4099999964237213,0.7866872549057007
cv,val,4,P00720__V131E,-0.20000000298023224,-0.71156907081604
cv,val,4,P00644__P93G,0.949999988079071,-0.10411989688873291
cv,val,4,P00648__I98A,4.699999809265137,2.8301589488983154
cv,val,4,P03040__Y26D,-2.049999952316284,-0.826793909072876
cv,val,4,P00711__L129H,-1.3949999809265137,0.1382060945034027
cv,val,4,P00929__E49L,-6.75,-1.1566451787948608
cv,val,4,P02633__L27A,3.4649999141693115,3.824688673019409
cv,val,4,P00644__E211F,3.9000000953674316,2.9411351680755615
cv,val,4,P00651__V115C,3.5199999809265137,2.26900315284729
cv,val,4,P01053__L41G,1.899999976158142,2.1697542667388916
cv,val,4,P00720__L99M,0.5,3.7604284286499023
cv,val,4,P00651__A47W,0.30000001192092896,-0.006326552480459213
cv,val,4,P00644__L118C,2.9000000953674316,1.176909327507019
cv,val,4,P00644__E204G,2.0,1.746954083442688
cv,val,4,P00509__C181S,1.0,0.3634864091873169
cv,val,4,P05230__F100W,0.0,0.9416600465774536
cv,val,4,P00099__F29A,-1.100000023841858,2.706252336502075
cv,val,4,P00094__K53E,-0.30000001192092896,0.6577072739601135
cv,val,4,P00929__L209V,2.0,1.5269180536270142
cv,val,4,P00644__Y109Q,3.200000047683716,2.334195375442505
cv,val,4,P00644__A227G,0.4000000059604645,0.7633298635482788
cv,val,4,P00782__Y324K,-0.7200000286102295,2.0895187854766846
cv,val,4,P00644__K152E,0.30000001192092896,1.4777815341949463
cv,val,4,P02185__E110G,0.8999999761581421,0.6751244068145752
cv,val,4,P00644__G132V,1.0,-0.0632469654083252
cv,val,4,P04925__F197S,2.2799999713897705,3.139582633972168
cv,val,4,P02185__L33A,1.0499999523162842,3.091510057449341
cv,val,4,P00644__Q213G,2.299999952316284,0.47407400608062744
cv,val,4,P00720__A42K,3.700000047683716,1.819758653640747
cv,val,4,P00257__Y140W,0.20499999821186066,1.4349533319473267
cv,val,4,P02185__H65Q,0.2750000059604645,3.0401947498321533
cv,val,4,P03706__H31D,1.600000023841858,-0.5023698806762695
cv,val,4,P02185__H49Q,0.4050000011920929,-0.3721245527267456
cv,val,4,P02945__D51A,0.5,-0.23724472522735596
cv,val,4,P05230__H108N,-0.24500000476837158,-0.602462887763977
cv,val,4,P05798__D79Y,-2.9000000953674316,-0.03650796040892601
cv,val,4,P00644__S210A,-0.699999988079071,-1.1092690229415894
cv,val,4,P00648__R157A,0.3499999940395355,2.0399444103240967
cv,val,4,P00644__L96G,3.700000047683716,3.1528337001800537
cv,val,4,P03050__M4A,-0.20000000298023224,-0.1481514573097229
cv,val,4,P01241__E100S,1.0,1.8302280902862549
cv,val,4,P00648__D59S,0.800000011920929,0.7219027280807495
cv,val,4,P00644__V181T,3.299999952316284,2.8723700046539307
cv,val,4,P01053__I49V,1.0,0.534649133682251
cv,val,4,P00644__K179A,0.15000000596046448,0.9589229822158813
cv,val,4,P01053__I50T,1.340000033378601,0.7102253437042236
cv,val,4,P02625__A21P,0.0,0.20733487606048584
cv,val,4,P00720__A93P,-0.30000001192092896,-0.32092154026031494
cv,val,4,P03050__N29A,0.4000000059604645,1.1985652446746826
cv,val,4,P01308__H34D,-1.2999999523162842,-0.8947802782058716
cv,val,4,P00698__D119P,2.200000047683716,1.2355848550796509
cv,val,4,P00720__Q105A,0.699999988079071,1.2582563161849976
cv,val,4,P00720__A41V,-0.4099999964237213,0.0786508321762085
cv,val,4,P00929__F22V,-0.05999999865889549,3.3717103004455566
cv,val,4,P00509__R254M,3.5999999046325684,5.708913326263428
cv,val,4,P00711__A125S,1.0750000476837158,1.902390956878662
cv,val,4,P06241__L101V,1.600000023841858,1.3131753206253052
cv,val,4,P00648__T53A,2.125,1.1539791822433472
cv,val,4,P05798__D33A,6.050000190734863,0.9377182126045227
cv,val,4,P00644__K106A,0.25,0.4793527126312256
cv,val,4,P06241__L101F,1.2000000476837158,1.2431143522262573
cv,val,4,P00644__T126A,0.30000001192092896,1.2342673540115356
cv,val,4,P00644__G132C,0.800000011920929,-1.4574798345565796
cv,val,4,P00560__W309Y,1.3650000095367432,3.6648318767547607
cv,val,4,P00720__K16E,0.30000001192092896,1.0519505739212036
cv,val,4,P05413__Y129F,3.259999990463257,2.123689651489258
cv,val,4,P00720__D92N,1.25,0.06139707937836647
cv,val,4,P00648__Y150F,0.14000000059604645,2.747724771499634
cv,val,4,P00929__E49W,-0.949999988079071,0.03482962027192116
cv,val,4,P02417__H144Q,0.8399999737739563,0.3863891363143921
cv,val,4,P01584__T125L,1.899999976158142,-0.6903375387191772
cv,val,4,P00644__R208A,1.600000023841858,2.2332236766815186
cv,val,4,P03050__M7A,0.6000000238418579,0.7835938930511475
cv,val,4,P05413__R127Q,0.46000000834465027,0.9341357946395874
cv,val,4,P00711__W137Y,1.184999942779541,0.27433907985687256
cv,val,4,P00044__G29S,1.5,0.061521176248788834
cv,val,4,P00644__Y109D,5.0,3.948310613632202
cv,val,4,P02751__V1566A,1.399999976158142,1.9427013397216797
cv,val,4,P00644__D101F,1.2999999523162842,1.505630612373352
cv,val,4,P00644__A214E,7.050000190734863,5.616809368133545
cv,val,4,P00509__C77A,0.5,0.019593600183725357
cv,val,4,P00648__T63R,0.05000000074505806,1.646041750907898
cv,val,4,P01308__T97R,-1.25,0.7658964395523071
cv,val,4,P00651__V115T,3.0850000381469727,2.1930766105651855
cv,val,4,P01009__A308I,0.0,-0.12386131286621094
cv,val,4,P00648__T53H,2.0999999046325684,1.919158935546875
cv,val,4,P04637__R342A,0.8999999761581421,1.338753581047058
cv,val,4,P05230__V46W,-0.9599999785423279,2.889563798904419
cv,val,4,P05230__G77A,1.465000033378601,0.4872230291366577
cv,val,4,P00720__Y24A,5.5,1.6470158100128174
cv,val,4,P03706__H31N,-1.7999999523162842,0.44486308097839355
cv,val,4,P01006__V44L,2.299999952316284,5.383910179138184
cv,val,4,P01009__A55L,-0.8999999761581421,-0.45481979846954346
cv,val,4,P03069__K256A,0.38999998569488525,1.3984923362731934
cv,val,4,P00720__A42V,3.5,3.1147329807281494
cv,val,4,P00644__E149G,0.8999999761581421,1.7995198965072632
cv,val,4,P01053__E61A,0.699999988079071,-0.3027219772338867
cv,val,4,P00644__V186L,0.800000011920929,0.6725422143936157
cv,val,4,P00644__V156A,3.0999999046325684,3.304934024810791
cv,val,4,P00698__P88N,2.1500000953674316,1.3139216899871826
cv,val,4,P00651__V42S,4.699999809265137,5.221158027648926
cv,val,4,P04637__M340A,4.150000095367432,0.022459153085947037
cv,val,4,P00644__T86A,0.20000000298023224,-0.44796550273895264
cv,val,4,P00099__V35M,-0.4000000059604645,1.3129327297210693
cv,val,4,P03050__E17G,0.8949999809265137,0.19761204719543457
cv,val,4,P00644__I100M,0.6000000238418579,-0.3037894368171692
cv,val,4,P00044__H39P,0.800000011920929,2.4301774501800537
cv,val,4,P00644__Y167L,0.10000000149011612,1.0031732320785522
cv,val,4,3PG0_A__D117P,0.0,0.6380565166473389
cv,val,4,P00648__G100A,3.4000000953674316,2.7114861011505127
cv,val,4,P00720__A130G,1.9500000476837158,2.289194345474243
cv,val,4,P00644__G161V,2.200000047683716,1.5871446132659912
cv,val,4,P00720__K85A,0.25,0.24860155582427979
cv,val,4,P03050__L19A,1.3600000143051147,1.914681077003479
cv,val,4,2IMM_A__F38Y,-0.4000000059604645,-0.5428726673126221
cv,val,4,P00644__Y173G,6.199999809265137,5.865992546081543
cv,val,4,P00644__T123C,-0.6000000238418579,0.047849301248788834
cv,val,4,P00698__S109V,0.07999999821186066,3.0167553424835205
cv,val,4,P00044__L100V,0.699999988079071,0.7086868286132812
cv,val,4,P00644__Y167A,0.4000000059604645,0.11259448528289795
cv,val,4,P04179__Y58F,-6.349999904632568,3.0701019763946533
cv,val,4,P00651__S43A,-0.6200000047683716,-0.1938413381576538
cv,val,4,P05798__T82V,1.7000000476837158,3.6534557342529297
cv,val,4,P00648__A79R,0.15000000596046448,0.07794153690338135
cv,val,4,P00750__V280L,1.899999976158142,0.682650089263916
cv,val,4,P00720__F67A,1.899999976158142,2.7240986824035645
cv,val,4,P02633__E21Q,-0.3799999952316284,0.17188167572021484
cv,val,4,P00509__C180Y,1.100000023841858,2.3463776111602783
cv,val,4,P00782__G276A,-0.30000001192092896,-0.8174029588699341
cv,val,4,P00644__V181I,0.15000000596046448,0.5624653100967407
cv,val,4,P04637__Q331A,0.949999988079071,-0.00452398881316185
cv,val,4,P00044__K79G,0.7400000095367432,1.1656771898269653
cv,val,4,P02647__L165R,0.699999988079071,0.2467174530029297
cv,val,4,P00750__V280S,2.4000000953674316,3.8121836185455322
cv,val,4,P01053__D75N,0.0,-0.39152300357818604
cv,val,4,P02185__S118A,0.30000001192092896,-1.1261775493621826
cv,val,4,P04925__F174W,0.10000000149011612,1.7208129167556763
cv,val,4,P00282__V42A,1.5,2.2230403423309326
cv,val,4,P00644__V133L,0.15000000596046448,0.8257508277893066
cv,val,4,P01053__V58A,1.100000023841858,1.601771354675293
cv,val,4,P00644__Q205F,0.6000000238418579,-0.4256453514099121
cv,val,4,P00720__A129L,1.600000023841858,0.9112827777862549
cv,val,4,2IMM_A__N96Q,-1.100000023841858,0.4712221622467041
cv,val,4,P04637__D352A,1.399999976158142,1.8813345432281494
cv,val,4,O74035__L118A,4.880000114440918,3.334970474243164
cv,val,4,P00644__K160A,0.5,-0.07935106754302979
cv,val,4,P00509__E253K,7.300000190734863,3.1642560958862305
cv,val,4,P02945__T60A,1.0,0.9762264490127563
cv,val,4,P00592__H70K,2.6549999713897705,2.2714016437530518
cv,val,4,P00698__R86K,0.03999999910593033,-0.30987751483917236
cv,val,4,P00644__K179E,0.5,1.7282037734985352
cv,val,4,P00644__K91G,1.899999976158142,1.6777461767196655
cv,val,4,P00509__K63E,4.800000190734863,3.508631706237793
cv,val,4,P00648__G81R,2.5999999046325684,2.304260492324829
cv,val,4,P02417__F5V,3.990000009536743,2.7795164585113525
cv,val,4,P03051__D30Y,-0.20000000298023224,-0.0015019141137599945
cv,val,4,P00644__P124G,0.3499999940395355,1.4035309553146362
cv,val,4,P00698__A49V,-1.2000000476837158,0.3474017381668091
cv,val,4,P00282__I40V,0.3799999952316284,1.2313027381896973
cv,val,4,P00644__Y175F,1.899999976158142,0.3046959638595581
cv,val,4,P05798__E54Q,2.0,1.03067946434021
cv,val,4,P00257__Y140S,0.33000001311302185,1.241448163986206
cv,val,4,P01053__K44A,0.6499999761581421,0.46841275691986084
cv,val,4,P00644__T126S,0.0,-0.23490417003631592
cv,val,4,P00644__N201G,1.149999976158142,0.9743496179580688
cv,val,4,P00644__E217G,1.600000023841858,1.5911715030670166
cv,val,4,P00929__E49M,-3.5999999046325684,-2.1359212398529053
cv,val,4,P00004__L95A,3.5,3.6765928268432617
cv,val,4,P02185__L30V,1.7000000476837158,2.2544405460357666
cv,val,4,P00644__V181G,4.650000095367432,6.320578098297119
cv,val,4,P00644__R208G,2.9000000953674316,3.6328535079956055
cv,val,4,P01584__N123D,-0.26499998569488525,-0.017519112676382065
cv,val,4,P00648__H65G,0.5,2.3717188835144043
cv,val,4,P02633__L10V,1.9500000476837158,0.8835214376449585
cv,val,4,P01625__T100H,-0.699999988079071,1.6636390686035156
cv,val,4,P04271__L4S,-0.800000011920929,3.5144877433776855
cv,val,4,P00720__A93S,0.15000000596046448,0.16300642490386963
cv,val,4,P04637__Y220C,4.090000152587891,2.4389824867248535
cv,val,4,P00720__S44T,-0.004999999888241291,0.3629108667373657
cv,val,4,P02185__L150A,1.600000023841858,2.081709861755371
cv,val,4,P02417__V21L,1.2300000190734863,2.458711862564087
cv,val,4,P02185__F124A,0.699999988079071,4.0960259437561035
cv,val,4,P03034__G49S,-0.6800000071525574,0.14712220430374146
cv,val,4,P00974__D85A,0.4000000059604645,0.1813145875930786
cv,val,4,P00720__G28A,2.0999999046325684,1.0074492692947388
cv,val,4,P00720__I100V,0.4000000059604645,2.1215388774871826
cv,val,4,P05413__T40V,0.800000011920929,-0.03765356168150902
cv,val,4,P00698__N37K,1.059999942779541,-0.15245699882507324
cv,val,4,P01308__T97A,-0.1599999964237213,-0.23606503009796143
cv,val,4,P00644__L119V,2.799999952316284,1.944297194480896
cv,val,4,P00648__T73A,1.899999976158142,1.5442477464675903
cv,val,4,P06241__S124D,2.009999990463257,-0.637790322303772
cv,val,4,P00094__K35E,1.100000023841858,0.7635754346847534
cv,val,4,P04637__A347G,1.850000023841858,1.4062896966934204
cv,val,4,P00644__K153A,0.4000000059604645,0.3459888696670532
cv,val,4,P02751__A1594G,2.5,1.8137493133544922
cv,val,4,P04637__R335A,1.4500000476837158,0.0982205867767334
cv,val,4,P00282__L145A,1.434999942779541,3.1941986083984375
cv,val,4,P00648__G81T,3.25,2.3945326805114746
cv,val,4,P00644__K145A,0.4000000059604645,-0.1324704885482788
cv,val,4,P00651__Y37F,2.069999933242798,2.653305768966675
cv,val,4,P00644__Y167F,0.10000000149011612,-0.46322476863861084
cv,val,4,P00648__T53E,0.27000001072883606,1.329412579536438
cv,val,4,P00720__A42I,4.400000095367432,2.4845783710479736
cv,val,4,P01053__Q42G,0.699999988079071,1.3927191495895386
cv,val,4,P00974__F39A,3.0,0.8229782581329346
cv,val,4,P00974__M87A,1.7000000476837158,2.2091033458709717
cv,val,4,P00644__P113A,0.550000011920929,1.0504852533340454
cv,train,5,P00648__Y64S,2.299999952316284,2.351909875869751
cv,train,5,P00698__G67N,1.4800000190734863,1.5578083992004395
cv,train,5,P02945__M69A,-1.399999976158142,-1.2820913791656494
cv,train,5,P00720__F104M,0.75,0.8394004702568054
cv,train,5,P00644__K130G,-0.20000000298023224,-0.10177713632583618
cv,train,5,P00644__K110A,0.699999988079071,0.7887114882469177
cv,train,5,P00648__T73H,4.300000190734863,4.388111114501953
cv,train,5,P00782__M157F,-0.47999998927116394,-0.44870465993881226
cv,train,5,P00711__V61G,1.125,1.2492132186889648
cv,train,5,P00651__V78S,4.900000095367432,5.014713287353516
cv,train,5,P01053__T56S,0.25999999046325684,0.3831338882446289
cv,train,5,P00720__S44M,-0.3149999976158142,-0.21834146976470947
cv,train,5,P00644__Q188G,1.5,1.666528582572937
cv,train,5,O74035__D135A,-2.200000047683716,-2.0977885723114014
cv,train,5,P00648__T53D,-0.10999999940395355,-0.059728916734457016
cv,train,5,P01009__Y184A,0.20000000298023224,0.33795982599258423
cv,train,5,P00782__Q313C,-1.25,-1.150689721107483
cv,train,5,P02945__D49A,0.8999999761581421,1.026678442955017
cv,train,5,P00644__T164I,-0.5,-0.44609206914901733
cv,train,5,P00648__D59A,-0.05000000074505806,0.020175520330667496
cv,train,5,P00651__N70A,2.0,2.1837542057037354
cv,train,5,P00257__H114Q,1.7000000476837158,1.8107023239135742
cv,train,5,P01009__W262F,-1.0,-0.8758693337440491
cv,train,5,P00282__L53A,1.6699999570846558,1.793529748916626
cv,train,5,P00644__K127G,-0.20000000298023224,-0.06844216585159302
cv,train,5,P00171__F40H,3.109999895095825,3.259629249572754
cv,train,5,P00720__L99V,2.049999952316284,2.2337658405303955
cv,train,5,P00644__V156E,7.699999809265137,7.878283977508545
cv,train,5,P00644__D122G,0.4000000059604645,0.4867382049560547
cv,train,5,P00644__K131A,0.30000001192092896,0.37910300493240356
cv,train,5,P00929__E49F,-2.9000000953674316,-2.852208137512207
cv,train,5,P00974__D38A,-0.20000000298023224,-0.05918770655989647
cv,train,5,P00644__M147L,0.699999988079071,0.8642063140869141
cv,train,5,P00644__S141A,-0.30000001192092896,-0.1089821457862854
cv,train,5,O74035__D105A,-1.5800000429153442,-1.4279390573501587
cv,train,5,P00648__T63A,0.3499999940395355,0.4331616759300232
cv,train,5,P03050__E27G,0.574999988079071,0.6872945427894592
cv,train,5,P00644__V156T,3.799999952316284,3.981468915939331
cv,train,5,P04637__L145Q,2.9800000190734863,3.0940635204315186
cv,train,5,P00644__E155F,0.8999999761581421,0.94073086977005
cv,train,5,P00974__R88A,0.10000000149011612,0.23737388849258423
cv,train,5,P00644__V121I,-0.10000000149011612,0.05153793469071388
cv,train,5,P00644__V105L,0.05000000074505806,0.1843278408050537
cv,train,5,P03050__L19Q,1.350000023841858,1.43279230594635
cv,train,5,P00720__S117F,-1.100000023841858,-0.9868972897529602
cv,train,5,P00720__N144D,-0.4000000059604645,-0.2765417695045471
cv,train,5,P00644__F158V,0.0,0.09618353843688965
cv,train,5,P01236__H223A,0.0,0.06508475542068481
cv,train,5,P00720__F153C,2.8550000190734863,2.843770980834961
cv,train,5,P00720__M106K,3.450000047683716,3.5526883602142334
cv,train,5,P00974__T89A,0.10000000149011612,0.2845171093940735
cv,train,5,P00644__E183G,2.5999999046325684,2.7184083461761475
cv,train,5,P04637__R175H,3.255000114440918,3.304133176803589
cv,train,5,P02185__K57A,0.22499999403953552,0.3482969403266907
cv,train,5,P00720__L33M,2.299999952316284,2.438424825668335
cv,train,5,P00807__D170N,0.41499999165534973,0.5717047452926636
cv,train,5,P00644__I100V,1.0,1.145937442779541
cv,train,5,P00720__V87I,0.44999998807907104,0.5142287611961365
cv,train,5,P01625__N54F,2.75,2.8189311027526855
cv,train,5,P01009__A55I,-0.8999999761581421,-0.8985163569450378
cv,train,5,P03050__P8A,-2.9000000953674316,-2.7285096645355225
cv,train,5,P02417__L30V,3.619999885559082,3.7524325847625732
cv,train,5,P00750__V280T,1.0,1.0918209552764893
cv,train,5,P00644__I174V,0.5,0.5826247334480286
cv,train,5,P00282__A102G,2.0350000858306885,2.202746868133545
cv,train,5,P02185__V69T,0.4000000059604645,0.5065186619758606
cv,train,5,P00644__E125G,-0.5,-0.3785051703453064
cv,train,5,P00720__R96H,3.049999952316284,3.107489824295044
cv,train,5,P02185__E19A,0.6000000238418579,0.7032673954963684
cv,train,5,P00644__N182E,1.7999999523162842,1.86980140209198
cv,train,5,P05798__D79R,-2.700000047683716,-2.7524073123931885
cv,train,5,P05798__Y55F,0.6000000238418579,0.7438850998878479
cv,train,5,P00644__K127A,-0.25,-0.14408177137374878
cv,train,5,P00644__V193T,2.299999952316284,2.443159341812134
cv,train,5,P00974__A51T,1.7000000476837158,1.757714867591858
cv,train,5,P05413__T40Q,2.700000047683716,2.7354743480682373
cv,train,5,1YYX_A__A36G,2.700000047683716,2.725356340408325
cv,train,5,P00644__E139Q,0.15000000596046448,0.2124059796333313
cv,train,5,P00282__H137G,9.899999618530273,10.102907180786133
cv,train,5,P00712__T48V,-1.899999976158142,-1.811219334602356
cv,train,5,P01009__Y184W,-1.2000000476837158,-1.0259257555007935
cv,train,5,P00720__N55G,0.550000011920929,0.7262001633644104
cv,train,5,P01857__Q230A,1.100000023841858,1.142365574836731
cv,train,5,P05798__Y80F,1.5,1.6005486249923706
cv,train,5,P00720__S44R,-0.2199999988079071,-0.11932888627052307
cv,train,5,1YYX_A__L76A,3.4000000953674316,3.5801453590393066
cv,train,5,3PG0_A__E90Y,0.6000000238418579,0.6522576212882996
cv,train,5,P00644__I221V,1.399999976158142,1.5240356922149658
cv,train,5,P01053__L52I,0.6000000238418579,0.7167968153953552
cv,train,5,P00644__M114G,2.4000000953674316,2.5431129932403564
cv,train,5,P00268__I33L,-0.7599999904632568,-0.611784040927887
cv,train,5,P00509__R254K,6.300000190734863,6.44485330581665
cv,train,5,P01625__P66L,1.7000000476837158,1.7719889879226685
cv,train,5,P02925__V75E,3.5,3.582848072052002
cv,train,5,P00648__T146V,2.700000047683716,2.879373550415039
cv,train,5,P00720__C54T,-0.8500000238418579,-0.7188004851341248
cv,train,5,P04637__E339A,1.25,1.3584600687026978
cv,train,5,P03023__K84L,0.20000000298023224,0.2812355160713196
cv,train,5,P00720__T157L,1.7000000476837158,1.720877766609192
cv,train,5,P00644__T202S,0.6000000238418579,0.7641385793685913
cv,train,5,P03958__W272F,-4.699999809265137,-4.538072109222412
cv,train,5,P00720__A98M,4.0,4.031312942504883
cv,train,5,P00974__C65A,6.099999904632568,6.25056266784668
cv,train,5,P04637__V157F,3.880000114440918,3.954014301300049
cv,train,5,P00644__I221G,4.199999809265137,4.291079521179199
cv,train,5,P00940__K193A,-1.0,-0.8233920931816101
cv,train,5,P01006__V44G,9.800000190734863,10.042226791381836
cv,train,5,P02185__K78A,0.03500000014901161,0.1460288166999817
cv,train,5,P00648__Q78G,0.9900000095367432,1.039232611656189
cv,train,5,P00698__D119N,-0.03999999910593033,0.11937129497528076
cv,train,5,P00698__E53Q,-0.15000000596046448,-0.08733212947845459
cv,train,5,P00644__Y109R,2.9000000953674316,2.9749598503112793
cv,train,5,P03051__D30P,1.600000023841858,1.6784638166427612
cv,train,5,P02185__H83Q,0.02500000037252903,0.10158950090408325
cv,train,5,P05825__S268C,-7.769999980926514,-7.723999977111816
cv,train,5,P00648__S85A,-0.25,-0.13379055261611938
cv,train,5,P00698__G120P,0.10000000149011612,0.28095871210098267
cv,train,5,P00644__K130Q,0.05000000074505806,0.13502997159957886
cv,train,5,P00818__T43A,1.7999999523162842,1.9511644840240479
cv,train,5,P00044__N58I,-3.0,-2.8501088619232178
cv,train,5,P00720__I29A,2.5999999046325684,2.6948139667510986
cv,train,5,P01009__A94G,-1.5,-1.3742961883544922
cv,train,5,P00720__N53A,0.800000011920929,0.9564686417579651
cv,train,5,P00644__K98G,0.699999988079071,0.8735266327857971
cv,train,5,P00720__M120K,1.7999999523162842,1.914527416229248
cv,train,5,P00644__L207I,1.0,1.078921914100647
cv,train,5,P00648__T73E,0.05000000074505806,0.171430766582489
cv,train,5,P00171__F40Y,-0.7900000214576721,-0.6996081471443176
cv,train,5,P00644__K166E,0.0,0.0407525934278965
cv,train,5,P01053__V39A,0.46000000834465027,0.5466194152832031
cv,train,5,P00720__T157R,0.15000000596046448,0.20435911417007446
cv,train,5,P00720__K83H,0.4000000059604645,0.44764626026153564
cv,train,5,P00720__E11H,-0.4000000059604645,-0.43539971113204956
cv,train,5,P02185__L116A,1.2000000476837158,1.405197262763977
cv,train,5,P00044__N58G,-0.8999999761581421,-0.7736455798149109
cv,train,5,P00720__T59D,1.149999976158142,1.1853218078613281
cv,train,5,P00818__W39F,0.0,0.08679479360580444
cv,train,5,P06241__F87L,2.0,2.0793373584747314
cv,train,5,P00750__V280A,2.0,2.150566577911377
cv,train,5,P00648__W141F,0.800000011920929,0.8027209639549255
cv,train,5,P01009__F75C,-2.805000066757202,-2.710754632949829
cv,train,5,P01053__T23V,0.3199999928474426,0.43838101625442505
cv,train,5,P00974__G72A,2.700000047683716,2.80893874168396
cv,train,5,P06241__E107P,1.7050000429153442,1.8336480855941772
cv,train,5,P01053__I77A,4.25,4.337130069732666
cv,train,5,P00644__K87A,-0.30000001192092896,-0.1411464810371399
cv,train,5,P00711__Y122A,2.494999885559082,2.637166738510132
cv,train,5,P05230__L59F,0.04500000178813934,0.14394432306289673
cv,train,5,P00651__Y94F,1.3550000190734863,1.412441372871399
cv,train,5,P02185__A131K,1.75,1.817188024520874
cv,train,5,P00644__D159G,2.200000047683716,2.300950765609741
cv,train,5,P00818__A31G,1.600000023841858,1.707677960395813
cv,train,5,P03050__E48A,-0.12999999523162842,0.0014389194548130035
cv,train,5,P00644__E211G,3.700000047683716,3.899958372116089
cv,train,5,P00712__W79A,2.0,2.1626856327056885
cv,train,5,P00720__V131G,0.6800000071525574,0.823764979839325
cv,train,5,P01006__V44I,0.8399999737739563,0.9800634980201721
cv,train,5,P00644__H90G,0.800000011920929,0.877953827381134
cv,train,5,P00698__G135A,1.1299999952316284,1.0874539613723755
cv,train,5,P04637__F270L,4.099999904632568,4.199341773986816
cv,train,5,P00044__F16Y,0.699999988079071,0.8023117184638977
cv,train,5,P00644__L118V,3.5,3.5571248531341553
cv,train,5,P05413__R107T,3.1700000762939453,3.2773022651672363
cv,train,5,P00720__Q105M,1.2000000476837158,1.2587710618972778
cv,train,5,P02185__L12A,0.5,0.6296470761299133
cv,train,5,P02751__L1530P,0.0,0.078715980052948
cv,train,5,P02945__Y70A,3.700000047683716,3.909492254257202
cv,train,5,P01009__V388L,0.30000001192092896,0.45180028676986694
cv,train,5,P00644__I100A,2.5,2.6258089542388916
cv,train,5,P00094__K33D,1.2000000476837158,1.2557158470153809
cv,train,5,P01009__A274I,0.3499999940395355,0.43098801374435425
cv,train,5,P00720__V149T,2.950000047683716,3.114867925643921
cv,train,5,P00651__V104S,4.715000152587891,4.887048244476318
cv,train,5,P00698__D119K,-0.1899999976158142,-0.07729429006576538
cv,train,5,P04637__R273C,-0.4000000059604645,-0.36900514364242554
cv,train,5,P00644__L89G,1.5,1.6249569654464722
cv,train,5,P00929__E49Q,2.450000047683716,2.575728178024292
cv,train,5,P00720__A82P,-0.44999998807907104,-0.4074665904045105
cv,train,5,P00648__T73Q,1.7200000286102295,1.7906250953674316
cv,train,5,P00648__Q62I,-1.2000000476837158,-1.0875574350357056
cv,train,5,P03050__K6A,-0.4000000059604645,-0.2728878855705261
cv,train,5,P01051__V14A,1.0199999809265137,1.1643067598342896
cv,train,5,P04637__D148E,0.4300000071525574,0.4880838990211487
cv,train,5,P00698__K31D,7.34499979019165,7.456961631774902
cv,train,5,P02751__P1619A,0.41999998688697815,0.5265328288078308
cv,train,5,P00720__T115E,0.10000000149011612,0.19108301401138306
cv,train,5,P02185__I31A,-0.45500001311302185,-0.3403394818305969
cv,train,5,O74035__L147A,2.4049999713897705,2.514906406402588
cv,train,5,P03040__Y26W,0.10000000149011612,0.2079032063484192
cv,train,5,P00720__I78M,1.5499999523162842,1.5411025285720825
cv,train,5,P03034__G49N,-0.7900000214576721,-0.7046473026275635
cv,train,5,P00094__G55S,2.200000047683716,2.26973557472229
cv,train,5,P00044__H39Y,0.44999998807907104,0.477674663066864
cv,train,5,P01053__D43A,1.0,1.1738938093185425
cv,train,5,P00644__Q231G,0.4000000059604645,0.5291239023208618
cv,train,5,P01584__L126A,4.300000190734863,4.374007225036621
cv,train,5,P00644__A172S,2.0999999046325684,2.210860252380371
cv,train,5,P01625__S103T,-0.10000000149011612,-0.0164908729493618
cv,train,5,P00171__F40L,1.8700000047683716,1.951722264289856
cv,train,5,P01053__T56A,-0.41499999165534973,-0.3707898259162903
cv,train,5,P00648__K155R,-0.800000011920929,-0.7390817999839783
cv,train,5,P00818__L90A,1.7000000476837158,1.8499345779418945
cv,train,5,P00712__Y122F,2.0999999046325684,2.1539525985717773
cv,train,5,P05798__Q94K,-0.5,-0.3899412751197815
cv,train,5,P02633__F70A,4.585000038146973,4.703702926635742
cv,train,5,P00648__T63G,1.5,1.5694730281829834
cv,train,5,P02185__G130A,-1.0,-0.8674430251121521
cv,train,5,P02751__I1607V,0.6100000143051147,0.6590071320533752
cv,train,5,P00644__Y197F,0.10000000149011612,0.16703975200653076
cv,train,5,P00644__E92G,1.7999999523162842,1.9427865743637085
cv,train,5,P00720__I3L,-0.8500000238418579,-0.7918729186058044
cv,train,5,P04637__V143A,3.5999999046325684,3.638512372970581
cv,train,5,P00644__A184V,1.7999999523162842,1.9240294694900513
cv,train,5,P00720__A129M,1.899999976158142,2.0480072498321533
cv,train,5,P00648__K74G,0.4000000059604645,0.46796804666519165
cv,train,5,P00720__R96F,4.199999809265137,4.297821044921875
cv,train,5,P00720__R119E,0.10000000149011612,0.1782568097114563
cv,train,5,P01009__V197I,-0.44999998807907104,-0.32178133726119995
cv,train,5,P00644__M147F,1.600000023841858,1.7075167894363403
cv,train,5,P01053__L52A,2.369999885559082,2.472639799118042
cv,train,5,P02751__I1571V,0.30000001192092896,0.4114217162132263
cv,train,5,P00648__I143V,0.949999988079071,1.1025277376174927
cv,train,5,P00648__T73G,1.5,1.5449892282485962
cv,train,5,P00282__W68A,3.375,3.56390118598938
cv,train,5,P01584__T125A,1.399999976158142,1.4666625261306763
cv,train,5,P02185__A16L,-0.15000000596046448,-0.1258973479270935
cv,train,5,P00094__Y96F,-0.7099999785423279,-0.6011413931846619
cv,train,5,P00720__S38N,0.0,0.1270325779914856
cv,train,5,P03050__Q9A,0.10000000149011612,0.24868780374526978
cv,train,5,P00720__I27M,5.099999904632568,5.186607360839844
cv,train,5,P03050__L12A,2.009999990463257,2.0943238735198975
cv,train,5,P00720__V149G,4.900000095367432,5.042603015899658
cv,train,5,P00644__T202I,1.5,1.6197389364242554
cv,train,5,P00644__V156L,1.100000023841858,1.221100091934204
cv,train,5,P04637__F338A,4.599999904632568,4.776211261749268
cv,train,5,P00720__T59G,1.649999976158142,1.7790344953536987
cv,train,5,P00099__W78F,1.899999976158142,1.9449888467788696
cv,train,5,P00698__N64D,0.33000001311302185,0.43829232454299927
cv,train,5,P00644__D101K,0.3499999940395355,0.3754430413246155
cv,train,5,P01053__P45A,1.6799999475479126,1.8020751476287842
cv,train,5,P03050__N34G,-0.41999998688697815,-0.2757107615470886
cv,train,5,P00720__A146V,4.005000114440918,4.101898193359375
cv,train,5,P01053__P81A,3.369999885559082,3.5702929496765137
cv,train,5,P00644__P124A,-0.10000000149011612,0.08664822578430176
cv,train,5,P00720__E11F,-1.7000000476837158,-1.571644902229309
cv,train,5,P00044__C108S,-2.799999952316284,-2.6485607624053955
cv,train,5,P01006__M104G,0.20999999344348907,0.3235453963279724
cv,train,5,P00648__E120A,2.3499999046325684,2.4803099632263184
cv,train,5,P00818__F95L,4.300000190734863,4.3331499099731445
cv,train,5,P00720__L133A,4.190000057220459,4.323790550231934
cv,train,5,P00711__Q136A,0.9800000190734863,1.0520211458206177
cv,train,5,P06241__I111A,2.799999952316284,2.8497402667999268
cv,train,5,P01053__K22A,0.699999988079071,0.8034384846687317
cv,train,5,P05413__T41V,1.840000033378601,2.027432918548584
cv,train,5,P03050__W14A,4.0,4.162259101867676
cv,train,5,P00720__R119M,0.0,0.05987793579697609
cv,train,5,P00044__N58Q,0.6700000166893005,0.7638828158378601
cv,train,5,P00720__T59V,1.649999976158142,1.8582665920257568
cv,train,5,P00644__M180G,4.400000095367432,4.571714401245117
cv,train,5,P00509__T6A,1.2999999523162842,1.420026183128357
cv,train,5,P00698__H33L,-0.7599999904632568,-0.7008008360862732
cv,train,5,P02640__H791Y,-1.149999976158142,-1.0398186445236206
cv,train,5,P00651__A47D,-0.26499998569488525,-0.19070905447006226
cv,train,5,P04168__Y12F,2.299999952316284,2.3955912590026855
cv,train,5,P02185__H94G,-0.019999999552965164,0.15081053972244263
cv,train,5,P00648__Q78S,0.20000000298023224,0.2494332194328308
cv,train,5,P00974__Y56A,3.9000000953674316,3.9810330867767334
cv,train,5,P00644__K179Q,0.30000001192092896,0.3206327557563782
cv,train,5,P01625__Q64N,1.350000023841858,1.4959408044815063
cv,train,5,P00044__L100A,3.799999952316284,3.9743363857269287
cv,train,5,P00644__E155K,2.0999999046325684,2.193006753921509
cv,train,5,P00644__T144A,2.299999952316284,2.4793338775634766
cv,train,5,P00974__R36A,0.5,0.6334128975868225
cv,train,5,P00720__V131S,0.05000000074505806,0.07768350839614868
cv,train,5,P01009__K355T,-0.36500000953674316,-0.2817012667655945
cv,train,5,P00171__V50H,1.4450000524520874,1.5572923421859741
cv,train,5,P00644__K209A,-0.20000000298023224,-0.07697403430938721
cv,train,5,P00644__M180A,4.400000095367432,4.597806453704834
cv,train,5,P00720__W138Y,2.4000000953674316,2.506274700164795
cv,train,5,P01236__H208A,0.6000000238418579,0.7154951691627502
cv,train,5,P02754__W35Y,5.204999923706055,5.280231952667236
cv,train,5,P00720__V149A,3.0,3.0885519981384277
cv,train,5,P03050__K24G,1.8250000476837158,1.898476004600525
cv,train,5,P00720__I3C,-0.25,-0.24450966715812683
cv,train,5,P00974__Y56L,3.4000000953674316,3.4818623065948486
cv,train,5,P00648__A79P,3.799999952316284,3.93992280960083
cv,train,5,P02945__T68A,0.10000000149011612,0.23626703023910522
cv,train,5,P01053__E27A,0.800000011920929,0.9761659502983093
cv,train,5,P00974__P48S,1.399999976158142,1.4112669229507446
cv,train,5,P00644__A151V,2.299999952316284,2.319467306137085
cv,train,5,P00720__V87T,1.399999976158142,1.5371073484420776
cv,train,5,P00644__Q205A,0.30000001192092896,0.40217047929763794
cv,train,5,P02417__K14M,-0.009999999776482582,0.07536429166793823
cv,train,5,P00644__V121E,4.949999809265137,5.08790922164917
cv,train,5,P01009__V169L,0.6499999761581421,0.8003184795379639
cv,train,5,P00720__T59S,0.25,0.34396177530288696
cv,train,5,P02693__A105C,-1.7999999523162842,-1.724461555480957
cv,train,5,P00044__F16I,0.8999999761581421,1.0766078233718872
cv,train,5,P00648__G112S,-0.75,-0.7014830112457275
cv,train,5,P00282__V51A,1.6699999570846558,1.8555718660354614
cv,train,5,P00593__F128A,1.0499999523162842,1.0926860570907593
cv,train,5,P00818__W65A,1.5,1.67225182056427
cv,train,5,P00004__P31A,5.599999904632568,5.690738201141357
cv,train,5,P03040__Y26L,-0.8500000238418579,-0.769465446472168
cv,train,5,P01625__L35P,1.5,1.5673507452011108
cv,train,5,P00644__E139F,0.800000011920929,0.898899257183075
cv,train,5,P00282__F130S,4.75,4.902331352233887
cv,train,5,P00712__W137F,-0.23000000417232513,-0.17717725038528442
cv,train,5,P00644__G168A,0.5,0.7960893511772156
cv,train,5,P00929__E49V,-3.200000047683716,-3.0565414428710938
cv,train,5,P00720__S44Q,-0.2849999964237213,-0.17831391096115112
cv,train,5,P00644__E149A,1.0,1.062861680984497
cv,train,5,P05798__T16V,-0.30000001192092896,-0.25486522912979126
cv,train,5,P00644__E211A,2.200000047683716,2.4161148071289062
cv,train,5,P00644__Y109E,4.650000095367432,4.783501625061035
cv,train,5,P02417__V3A,2.549999952316284,2.6724748611450195
cv,train,5,P00044__H32Y,2.0,2.1065046787261963
cv,train,5,P03040__Y26Q,-1.0499999523162842,-0.9848380088806152
cv,train,5,P00648__I156A,1.75,1.9393516778945923
cv,train,5,P00818__V40A,1.600000023841858,1.818108081817627
cv,train,5,P00644__W222H,0.4000000059604645,0.4814196228981018
cv,train,5,P00648__I135A,4.050000190734863,4.225869178771973
cv,train,5,P00720__V149C,2.0999999046325684,2.1188154220581055
cv,train,5,P01053__V80A,1.5049999952316284,1.667758822441101
cv,train,5,P00648__D122N,4.900000095367432,4.917985439300537
cv,train,5,P00644__Q213A,0.15000000596046448,0.23957139253616333
cv,train,5,P00509__N285R,5.199999809265137,5.2343597412109375
cv,train,5,P00720__I27A,3.0999999046325684,3.279073476791382
cv,train,5,P01053__Q48M,-0.30000001192092896,-0.20964759588241577
cv,train,5,P00974__F68I,2.4000000953674316,2.536160707473755
cv,train,5,P00644__V121L,0.8999999761581421,1.12042236328125
cv,train,5,P00720__T157V,1.600000023841858,1.7045783996582031
cv,train,5,P00720__V131I,-0.1599999964237213,-0.02581321820616722
cv,train,5,P00644__A94G,2.4000000953674316,2.5321829319000244
cv,train,5,P04637__E336A,-1.7000000476837158,-1.5852605104446411
cv,train,5,P02693__L90C,1.100000023841858,1.1450368165969849
cv,train,5,P01009__A55V,-0.6000000238418579,-0.5468748211860657
cv,train,5,P04925__T182A,4.309999942779541,4.398226737976074
cv,train,5,P00099__V100I,-1.024999976158142,-0.9447872042655945
cv,train,5,P01009__M398I,-2.1500000953674316,-2.078591823577881
cv,train,5,P00644__T104G,2.4000000953674316,2.472424268722534
cv,train,5,P05798__T56V,1.899999976158142,2.0316214561462402
cv,train,5,P01009__A31L,-0.800000011920929,-0.7775939702987671
cv,train,5,P03040__Y26C,-2.200000047683716,-2.134984016418457
cv,train,5,P00720__D20A,0.4000000059604645,0.5768450498580933
cv,train,5,P00648__R116K,3.1649999618530273,3.2897894382476807
cv,train,5,P01009__V345L,1.100000023841858,1.188427209854126
cv,train,5,P01308__Y50T,0.30000001192092896,0.3870798945426941
cv,train,5,P02185__W8F,0.4000000059604645,0.45478910207748413
cv,train,5,P00644__E224G,0.30000001192092896,0.45982736349105835
cv,train,5,P03034__A82G,-0.800000011920929,-0.7123644948005676
cv,train,5,P00651__N70S,1.850000023841858,1.9991072416305542
cv,train,5,2IMM_A__K24R,0.20000000298023224,0.2325112223625183
cv,train,5,P00720__K48A,0.5299999713897705,0.6353203654289246
cv,train,5,P00651__D75A,-0.30000001192092896,-0.15745729207992554
cv,train,5,P05798__V57T,4.400000095367432,4.557905673980713
cv,train,5,P03069__E268Q,-0.20000000298023224,-0.14189505577087402
cv,train,5,P00720__T109D,0.30000001192092896,0.4037961959838867
cv,train,5,P01009__K355I,0.4000000059604645,0.5666342377662659
cv,train,5,P00644__T115C,1.100000023841858,1.1079738140106201
cv,train,5,P02185__L70A,1.2000000476837158,1.2492493391036987
cv,train,5,P00648__V92T,2.319999933242798,2.4713804721832275
cv,train,5,P00720__A98T,3.565000057220459,3.69061541557312
cv,train,5,P00644__K215A,1.2999999523162842,1.443550944328308
cv,train,5,P00257__T112S,-0.10000000149011612,-0.060351546853780746
cv,train,5,P00644__L118G,5.300000190734863,5.403745651245117
cv,train,5,P00257__Y140L,0.4000000059604645,0.45181751251220703
cv,train,5,P00644__T115I,-0.6000000238418579,-0.4810120463371277
cv,train,5,P00644__T202A,1.100000023841858,1.182778239250183
cv,train,5,P00720__I3M,0.699999988079071,0.732124924659729
cv,train,5,P00644__T95C,1.2999999523162842,1.3391735553741455
cv,train,5,P00720__R96E,2.200000047683716,2.3395612239837646
cv,train,5,P05413__R127K,3.9800000190734863,4.096194267272949
cv,train,5,P00644__T144I,1.399999976158142,1.4704018831253052
cv,train,5,P01009__W218F,0.5,0.5491284132003784
cv,train,5,P00644__Y136F,0.44999998807907104,0.543334424495697
cv,train,5,P02185__E5A,0.625,0.7275424599647522
cv,train,5,P00644__V121A,2.200000047683716,2.391779661178589
cv,train,5,P00648__I143A,3.200000047683716,3.2234857082366943
cv,train,5,P00651__A47Y,0.38999998569488525,0.4638713002204895
cv,train,5,P02417__V3L,2.2100000381469727,2.240516424179077
cv,train,5,P00698__W126Y,1.3600000143051147,1.48222815990448
cv,train,5,P01857__T249A,2.299999952316284,2.3879318237304688
cv,train,5,P00720__I17M,2.75,2.9215283393859863
cv,train,5,P00644__Y175A,6.0,6.087495803833008
cv,train,5,P00644__Y109S,3.0,3.0436506271362305
cv,train,5,P02753__R139Q,2.5999999046325684,2.636913537979126
cv,train,5,P04637__R248Q,1.940000057220459,2.032994270324707
cv,train,5,P00644__P129G,0.10000000149011612,0.2243700623512268
cv,train,5,P00712__K112A,1.7000000476837158,1.7877346277236938
cv,train,5,P02751__I1596A,3.299999952316284,3.4218909740448
cv,train,5,P00282__C132S,-1.5700000524520874,-1.432832956314087
cv,train,5,P01857__L234A,1.2999999523162842,1.4582005739212036
cv,train,5,P00644__E139A,0.15000000596046448,0.2616322636604309
cv,train,5,P00644__K145E,1.5,1.6216238737106323
cv,train,5,P00651__N107A,2.890000104904175,3.034287214279175
cv,train,5,P06241__F87V,0.5,0.5680462718009949
cv,train,5,P00648__F54L,4.199999809265137,4.195919036865234
cv,train,5,P00644__N200E,1.899999976158142,1.9364720582962036
cv,train,5,P03050__K47G,0.8799999952316284,1.0886865854263306
cv,train,5,P00644__T126G,0.5,0.6405269503593445
cv,train,5,P00644__T123S,1.0,1.1193090677261353
cv,train,5,P06241__A122G,1.399999976158142,1.4426326751708984
cv,train,5,P00648__I123A,1.7000000476837158,1.7812153100967407
cv,train,5,P01857__L251A,2.200000047683716,2.3100922107696533
cv,train,5,P00720__Q105E,0.8999999761581421,0.9595208764076233
cv,train,5,P03050__K24T,0.8999999761581421,0.9472792744636536
cv,train,5,P00644__T123G,1.7999999523162842,1.8950607776641846
cv,train,5,P00974__C65G,8.699999809265137,8.772165298461914
cv,train,5,P00648__N70A,2.200000047683716,2.300891637802124
cv,train,5,P01584__K213G,1.600000023841858,1.6736739873886108
cv,train,5,P01053__K37G,2.0,2.133929967880249
cv,train,5,P00509__K63M,5.0,5.109475612640381
cv,train,5,P03050__K2A,-0.10000000149011612,0.012651387602090836
cv,train,5,P03034__A63G,-1.5,-0.785213053226471
cv,train,5,P00720__A134S,0.15000000596046448,0.21248489618301392
cv,train,5,P03034__Y89C,-2.4000000953674316,-2.3366098403930664
cv,train,5,P00651__D75W,0.8999999761581421,0.9969866871833801
cv,train,5,P01053__I40L,1.9600000381469727,2.025477409362793
cv,train,5,P00644__K131F,-0.10000000149011612,-0.026269372552633286
cv,train,5,P01584__K213R,1.7999999523162842,1.821463942527771
cv,train,5,P03050__S32A,3.7799999713897705,3.9179129600524902
cv,train,5,P03050__R23A,1.100000023841858,1.172340989112854
cv,train,5,P02693__L65A,2.0999999046325684,2.2171151638031006
cv,train,5,P01857__Y232A,0.699999988079071,0.7104496359825134
cv,train,5,P00644__G168F,2.0,2.0854556560516357
cv,train,5,P05825__L266C,-6.880000114440918,-6.829272270202637
cv,train,5,P00648__S104A,-0.15000000596046448,0.07873570919036865
cv,train,5,P04637__Q167E,0.4300000071525574,0.5464562773704529
cv,train,5,P00644__D165A,3.799999952316284,3.928941011428833
cv,train,5,P00644__E217K,1.100000023841858,1.2345271110534668
cv,train,5,P03034__A16G,0.6000000238418579,0.46762484312057495
cv,train,5,P00918__H107F,8.600000381469727,8.614684104919434
cv,train,5,P03958__W161F,-7.300000190734863,-7.137792110443115
cv,train,5,P04179__I82T,2.8499999046325684,2.9224698543548584
cv,train,5,P00698__I76M,1.090000033378601,1.239026427268982
cv,train,5,P00651__D102A,3.75,3.921639919281006
cv,train,5,P00644__K135G,0.20000000298023224,0.30367380380630493
cv,train,5,P02945__F67A,1.0,1.1226767301559448
cv,train,5,P05413__F17S,4.0,4.088135719299316
cv,train,5,P01053__F70A,3.6500000953674316,3.7943170070648193
cv,train,5,P00644__H203G,4.099999904632568,4.144176483154297
cv,train,5,P00929__G234K,-0.10000000149011612,0.03460675850510597
cv,train,5,P00974__P43A,0.30000001192092896,0.4312703013420105
cv,train,5,P00712__W123F,2.134999990463257,2.2468271255493164
cv,train,5,P00720__N144E,-0.5,-0.40252524614334106
cv,train,5,P00644__P93A,0.3499999940395355,0.5176628232002258
cv,train,5,P00712__L124A,0.30000001192092896,0.3972483277320862
cv,train,5,P02945__L61A,0.10000000149011612,0.2745397686958313
cv,train,5,P02945__M73A,0.800000011920929,0.9265177845954895
cv,train,5,P00818__F23L,1.2999999523162842,1.375984787940979
cv,train,5,P02417__D23A,-0.10000000149011612,0.082669198513031
cv,train,5,P00974__Y70F,0.6000000238418579,0.7053570747375488
cv,train,5,P00720__T152S,2.200000047683716,2.3658242225646973
cv,train,5,P00720__P37A,0.0,0.14585697650909424
cv,train,5,P00644__F116A,3.700000047683716,3.8498919010162354
cv,train,5,P02185__F107A,0.44999998807907104,0.5331495404243469
cv,train,5,P00648__I102A,1.2000000476837158,1.3450208902359009
cv,train,5,P00644__E149F,1.2999999523162842,1.3797107934951782
cv,train,5,P02417__L6I,0.12999999523162842,0.22669416666030884
cv,train,5,P04637__M340I,-0.550000011920929,-0.4578222632408142
cv,train,5,P00644__Y173F,2.3499999046325684,2.481868267059326
cv,train,5,P00952__L105V,2.9600000381469727,3.1145546436309814
cv,train,5,P03034__K5Q,-0.4300000071525574,-0.3335427939891815
cv,train,5,P01053__R82A,0.6000000238418579,0.6679254174232483
cv,train,5,P00644__I174L,0.6000000238418579,0.706188440322876
cv,train,5,P00509__C389A,-2.1500000953674316,-2.0140697956085205
cv,train,5,P00750__V280I,-0.30000001192092896,-0.24162572622299194
cv,train,5,3PG0_A__E90L,0.8999999761581421,0.9921497702598572
cv,train,5,P00044__N58F,0.05999999865889549,0.13282066583633423
cv,train,5,P03051__D30C,-0.800000011920929,-0.7674754858016968
cv,train,5,P00974__R77A,0.5,0.591204822063446
cv,train,5,P01053__K37A,0.5,0.6027722954750061
cv,train,5,P00282__V80G,3.109999895095825,3.237018346786499
cv,train,5,P00644__K146Q,0.0,0.05795908346772194
cv,train,5,P02185__L136A,1.25,1.4262930154800415
cv,train,5,P01053__V83T,1.149999976158142,1.2409751415252686
cv,train,5,P00720__I3A,0.800000011920929,0.9502385258674622
cv,train,5,P05798__D79I,-2.8499999046325684,-2.771446466445923
cv,train,5,P00651__P65A,4.900000095367432,5.111212730407715
cv,train,5,P00648__S138A,1.899999976158142,2.0875399112701416
cv,train,5,P05121__E350P,-0.30000001192092896,-0.207838237285614
cv,train,5,P00651__D75F,0.15000000596046448,0.20390135049819946
cv,train,5,P00644__T95I,0.10000000149011612,0.2114211916923523
cv,train,5,P00698__F21Y,0.44999998807907104,0.500988781452179
cv,train,5,O74035__E8Q,-0.6000000238418579,-0.42444461584091187
cv,train,5,P00644__D103K,-1.0,-0.8865861296653748
cv,train,5,P06241__E107S,1.6200000047683716,1.7182797193527222
cv,train,5,P02625__A22P,0.48500001430511475,0.5421110987663269
cv,train,5,P04637__T329A,2.299999952316284,2.4832260608673096
cv,train,5,P00644__K198F,0.15000000596046448,0.20910537242889404
cv,train,5,P02945__S48A,0.30000001192092896,0.43901902437210083
cv,train,5,P00698__D119R,-0.27000001072883606,-0.20387262105941772
cv,train,5,P00720__V111A,1.100000023841858,1.352293610572815
cv,train,5,P00644__G111A,1.25,1.4047390222549438
cv,train,5,P00644__T86G,0.20000000298023224,0.26249855756759644
cv,train,5,P00644__R187G,2.4000000953674316,2.5012881755828857
cv,train,5,P02633__L27G,4.139999866485596,4.18754768371582
cv,train,5,P00644__Q213F,0.6000000238418579,0.6042178273200989
cv,train,5,P00171__S76L,-0.800000011920929,-0.7404357194900513
cv,train,5,P00644__I154E,6.650000095367432,6.61558198928833
cv,train,5,P00974__C65S,8.0,8.084811210632324
cv,train,5,P00782__N325S,-1.0700000524520874,-0.9593728184700012
cv,train,5,P00644__F158A,4.050000190734863,4.104180812835693
cv,train,5,P04637__R249S,1.934999942779541,2.0243306159973145
cv,train,5,P00720__G156D,2.9000000953674316,2.9401261806488037
cv,train,5,P02185__A145L,-0.25,-0.19788700342178345
cv,train,5,P00644__A194G,0.0,0.2102300524711609
cv,train,5,P00974__K50A,0.4000000059604645,0.4496534466743469
cv,train,5,P02417__V21A,2.3299999237060547,2.4635393619537354
cv,train,5,P00644__H206E,-0.3499999940395355,-0.27235686779022217
cv,train,5,P01009__A308L,0.800000011920929,0.8361361622810364
cv,train,5,P00644__V148M,0.10000000149011612,0.21252912282943726
cv,train,5,P03050__S35G,0.33000001311302185,0.38643401861190796
cv,train,5,P00644__V105E,6.0,6.16986608505249
cv,train,5,P00644__P129A,0.550000011920929,0.7276014685630798
cv,train,5,P00720__N40D,-0.41999998688697815,-0.2901400327682495
cv,train,5,P00712__A49I,-1.600000023841858,-1.4836900234222412
cv,train,5,P03069__K275A,0.9100000262260437,1.0525565147399902
cv,train,5,P00282__H66G,10.899999618530273,11.035859107971191
cv,train,5,P01053__V80T,0.4000000059604645,0.5020528435707092
cv,train,5,P02751__V1547A,1.2000000476837158,1.3826309442520142
cv,train,5,P00720__L7A,3.5999999046325684,3.7812540531158447
cv,train,5,P00698__E53A,-1.399999976158142,-1.198870301246643
cv,train,5,P00644__L96I,1.5,1.689188838005066
cv,train,5,P00644__L185E,5.550000190734863,5.688317775726318
cv,train,5,P01009__A272V,-2.1500000953674316,-1.9819759130477905
cv,train,5,P01009__A207L,-1.2999999523162842,-1.2360420227050781
cv,train,5,P00711__Y122P,0.25999999046325684,0.4543789029121399
cv,train,5,P00644__V193L,0.8999999761581421,1.0514932870864868
cv,train,5,P00282__V25A,0.7300000190734863,0.8487136960029602
cv,train,5,P00644__E134F,0.6000000238418579,0.6910132765769958
cv,train,5,P00509__C180W,2.200000047683716,2.3512659072875977
cv,train,5,P05413__G68S,1.2000000476837158,1.2884947061538696
cv,train,5,P00648__N105A,2.1700000762939453,2.3374369144439697
cv,train,5,P00044__N58S,0.30000001192092896,0.38778430223464966
cv,train,5,P00648__A79F,0.6000000238418579,0.6996241211891174
cv,train,5,P00818__I87V,1.7000000476837158,1.7855972051620483
cv,train,5,P03050__E43A,0.30000001192092896,0.4036639332771301
cv,train,5,P00509__E253Q,5.800000190734863,5.978997230529785
cv,train,5,P00644__Y195L,-0.20000000298023224,-0.12616807222366333
cv,train,5,P03050__E48G,1.8450000286102295,1.9881752729415894
cv,train,5,P00720__G30F,1.5,1.5185400247573853
cv,train,5,P00644__Y109L,1.5,1.597488284111023
cv,train,5,P01241__E100D,1.2999999523162842,1.392713189125061
cv,train,5,P00644__I154L,0.20000000298023224,0.3358181118965149
cv,train,5,P00651__A47Q,0.33000001311302185,0.41751617193222046
cv,train,5,P05413__T41E,3.2699999809265137,3.393860340118408
cv,train,5,P00648__H65N,1.6799999475479126,1.704882025718689
cv,train,5,P00044__K79W,1.5,1.5842231512069702
cv,train,5,P00974__P37A,1.2999999523162842,1.4245525598526
cv,train,5,1YYX_A__A87G,3.0,2.9814412593841553
cv,train,5,P00644__A214V,4.699999809265137,4.821765422821045
cv,train,5,P01584__C124A,2.0999999046325684,2.260195732116699
cv,train,5,P00644__A191E,5.800000190734863,5.893857479095459
cv,train,5,P00974__N79G,4.699999809265137,4.853635787963867
cv,train,5,P00648__D101N,2.4000000953674316,2.542987823486328
cv,train,5,P05798__T5V,0.0,0.10224646329879761
cv,train,5,P05798__T72V,0.20000000298023224,0.37261784076690674
cv,train,5,P00044__C108T,-3.0999999046325684,-2.9843883514404297
cv,train,5,P00698__E53H,2.299999952316284,2.2809174060821533
cv,train,5,P00929__Y175Q,1.600000023841858,1.676992654800415
cv,train,5,P00974__N78G,5.699999809265137,5.819962501525879
cv,train,5,P01053__P53A,0.30000001192092896,0.4659530520439148
cv,train,5,P00651__A47L,0.12999999523162842,0.23354262113571167
cv,train,5,P00644__E155Q,0.6000000238418579,0.7303853631019592
cv,train,5,P00644__A184G,1.2999999523162842,1.4785395860671997
cv,train,5,P04637__G245S,1.0049999952316284,1.075701355934143
cv,train,5,P00644__L185I,1.100000023841858,1.2151161432266235
cv,train,5,P00282__V115T,0.11999999731779099,0.31088942289352417
cv,train,5,P00644__F116C,2.799999952316284,2.828754186630249
cv,train,5,P00698__D119S,-0.8700000047683716,-0.7087025046348572
cv,train,5,P00648__V57A,3.4000000953674316,3.514849901199341
cv,train,5,P00282__V42T,2.5999999046325684,2.702082395553589
cv,train,5,P00644__K160F,-0.10000000149011612,-0.012857969850301743
cv,train,5,P03034__A67G,-0.10000000149011612,0.013503257185220718
cv,train,5,P00712__L71A,3.200000047683716,3.2995903491973877
cv,train,5,P00818__T79S,1.399999976158142,1.52399742603302
cv,train,5,P00720__K124G,0.05000000074505806,0.09474819898605347
cv,train,5,P02633__V74L,0.6449999809265137,0.7740564942359924
cv,train,5,P04637__P151S,4.489999771118164,4.607269763946533
cv,train,5,P01009__A55P,-2.5,-2.3914623260498047
cv,train,5,P01053__V83G,3.5,3.5544967651367188
cv,train,5,P04637__R174K,0.2199999988079071,0.27195602655410767
cv,train,5,P00648__T73D,0.0,0.06881493330001831
cv,train,5,P00644__Q112G,0.8999999761581421,1.095770239830017
cv,train,5,P00644__L120I,2.0999999046325684,2.1968367099761963
cv,train,5,P02417__V3I,0.3100000023841858,0.34710007905960083
cv,train,5,P03034__A67T,2.990000009536743,3.0514771938323975
cv,train,5,P00644__K98A,0.20000000298023224,0.281515896320343
cv,train,5,P01053__N76A,0.9150000214576721,1.011476755142212
cv,train,5,P04637__L201P,-0.3499999940395355,-0.2797909379005432
cv,train,5,P00720__I58A,3.200000047683716,3.4217119216918945
cv,train,5,P00644__P199T,-1.0,-0.9003852009773254
cv,train,5,P00592__H70Q,0.8149999976158142,0.8616714477539062
cv,train,5,P01009__A272L,0.30000001192092896,0.43352824449539185
cv,train,5,P00720__F153L,-0.30000001192092896,-0.27525418996810913
cv,train,5,P06241__F103V,1.899999976158142,2.016279697418213
cv,train,5,P00644__Q112A,0.25,0.38196462392807007
cv,train,5,P00720__M102K,6.449999809265137,6.511216163635254
cv,train,5,P00644__V186E,4.099999904632568,4.232995986938477
cv,train,5,P01053__I40V,1.2000000476837158,1.330742597579956
cv,train,5,P02751__L1599A,2.9000000953674316,3.025146245956421
cv,train,5,P00044__L100I,0.0,0.192854106426239
cv,train,5,P00651__A47M,0.15000000596046448,0.24235278367996216
cv,train,5,P00698__I96M,0.8500000238418579,0.8750594258308411
cv,train,5,P00720__A42G,2.950000047683716,3.1301989555358887
cv,train,5,P03050__V33A,1.934999942779541,2.0396132469177246
cv,train,5,P00720__T157D,2.049999952316284,2.094656229019165
cv,train,5,P03051__D30H,-0.8999999761581421,-0.9001579880714417
cv,train,5,P00644__N200G,1.7000000476837158,1.8330554962158203
cv,train,5,P00644__N200A,1.9500000476837158,2.049145460128784
cv,train,5,P04637__N239Y,-1.4900000095367432,-1.4459389448165894
cv,train,5,P00099__E92V,1.100000023841858,1.2123688459396362
cv,train,5,P00644__D103A,-0.699999988079071,-0.5139011740684509
cv,train,5,P02753__W42L,2.5999999046325684,2.6204333305358887
cv,train,5,P02185__P89A,-0.6000000238418579,-0.4004395604133606
cv,train,5,P00644__V148G,4.400000095367432,4.556781768798828
cv,train,5,P00648__K74A,-0.4449999928474426,-0.3725869059562683
cv,train,5,P00644__V105T,3.200000047683716,3.365614175796509
cv,train,5,P01584__K213V,-1.100000023841858,-1.0003669261932373
cv,train,5,P02945__I65A,1.399999976158142,1.5621806383132935
cv,train,5,P00720__S44D,0.10499999672174454,0.2519179582595825
cv,train,5,P00644__E157K,2.200000047683716,2.3065083026885986
cv,train,5,P00712__L31A,2.700000047683716,2.7853567600250244
cv,train,5,P00644__T164V,-0.20000000298023224,-0.0758787989616394
cv,train,5,P00720__A49S,0.44999998807907104,0.49499982595443726
cv,train,5,P00974__R74A,0.0,0.10075265169143677
cv,train,5,P04925__M128V,0.2150000035762787,0.3468249440193176
cv,train,5,P00644__V193S,4.75,4.830813407897949
cv,train,5,P00720__V111M,0.550000011920929,0.6465705037117004
cv,train,5,P00644__L219A,2.200000047683716,2.3880367279052734
cv,train,5,P00044__P77V,1.0,1.1126548051834106
cv,train,5,P04637__I255F,3.2899999618530273,3.3311984539031982
cv,train,5,P00644__E217A,0.699999988079071,0.8395286202430725
cv,train,5,P00593__H70N,2.4000000953674316,2.5340373516082764
cv,train,5,P00044__C108A,-2.9000000953674316,-2.774672746658325
cv,train,5,P05798__E74K,-0.800000011920929,-0.6885042786598206
cv,train,5,P02693__F69A,-1.2000000476837158,-1.061456322669983
cv,train,5,P00644__S141G,0.8999999761581421,1.0892280340194702
cv,train,5,P00644__T144E,5.0,5.177135944366455
cv,train,5,P00509__C389S,1.7999999523162842,2.000659227371216
cv,train,5,P05798__D79E,0.3499999940395355,0.3892284631729126
cv,train,5,P00560__Y49W,1.684999942779541,1.8702548742294312
cv,train,5,P04637__C242S,3.069999933242798,3.1950085163116455
cv,train,5,P00711__Q73A,0.4050000011920929,0.6365638375282288
cv,train,5,P00644__A172G,1.899999976158142,2.05389142036438
cv,train,5,P00720__M6L,3.9000000953674316,4.021938800811768
cv,train,5,P00720__R119H,0.29499998688697815,0.40369588136672974
cv,train,5,P00720__T157E,1.2999999523162842,1.3318238258361816
cv,train,5,P02751__Y1569A,4.199999809265137,4.26680850982666
cv,train,5,P04164__M69A,-5.0,-4.988274574279785
cv,train,5,P01053__F70L,2.055000066757202,2.1034421920776367
cv,train,5,P00651__V42T,3.8499999046325684,3.904287815093994
cv,train,5,P05230__N121G,-0.28999999165534973,-0.20761340856552124
cv,train,5,P00644__Y109C,2.700000047683716,2.7448999881744385
cv,train,5,P03034__G49A,-0.8700000047683716,-0.7882896065711975
cv,train,5,P04925__V179I,0.3499999940395355,0.4122564196586609
cv,train,5,P00644__V186T,2.5,2.6283490657806396
cv,train,5,P05413__T41Q,4.369999885559082,4.525899887084961
cv,train,5,P00974__L64A,0.0,0.11295479536056519
cv,train,5,P03050__S5A,-0.10000000149011612,0.019491497427225113
cv,train,5,P03050__K46G,1.149999976158142,1.210519552230835
cv,train,5,P00644__Y109W,0.6000000238418579,0.7425374388694763
cv,train,5,P00644__T126I,0.6000000238418579,0.591183602809906
cv,train,5,P00818__Y26A,0.05000000074505806,0.2824329733848572
cv,train,5,P00644__A99V,1.899999976158142,1.9926353693008423
cv,train,5,P04637__D148S,-0.2199999988079071,-0.06414830684661865
cv,train,5,P00712__V27A,1.0,1.2099779844284058
cv,train,5,P00644__Y136G,1.75,1.8004684448242188
cv,train,5,P00720__Q122A,0.2199999988079071,0.32637864351272583
cv,train,5,P01053__V71A,1.9500000476837158,2.1233932971954346
cv,train,5,P00974__T67A,0.10000000149011612,0.28609806299209595
cv,train,5,P01053__D65A,0.8500000238418579,0.9226177334785461
cv,train,5,P05121__E350R,0.30000001192092896,0.4278199076652527
cv,train,5,P03050__K24A,0.6000000238418579,0.711243212223053
cv,train,5,P00648__Q62G,1.600000023841858,1.7490168809890747
cv,train,5,P01053__V54A,0.6349999904632568,0.8548279404640198
cv,train,5,P02417__I4V,0.5899999737739563,0.7308962941169739
cv,train,5,P00644__A99G,0.25,0.3925040364265442
cv,train,5,P00644__K135A,0.20000000298023224,0.28692179918289185
cv,train,5,O74035__D7N,-1.399999976158142,-1.2646145820617676
cv,train,5,P06241__S124K,-0.10499999672174454,0.04267210140824318
cv,train,5,P00644__I174E,7.150000095367432,7.2386980056762695
cv,train,5,P04637__A129D,0.699999988079071,0.733011782169342
cv,train,5,P00720__Q69P,3.0,3.053968906402588
cv,train,5,P00644__Y136A,2.049999952316284,2.071296453475952
cv,train,5,P00644__Y173A,4.900000095367432,4.9676971435546875
cv,train,5,P00648__A79I,0.699999988079071,0.7598896622657776
cv,train,5,P00720__S44C,0.10499999672174454,0.16203564405441284
cv,train,5,P00044__T75E,-1.399999976158142,-1.3647689819335938
cv,train,5,P01009__V345I,-0.550000011920929,-0.44891124963760376
cv,train,5,P05825__G274C,-7.929999828338623,-7.8564300537109375
cv,train,5,P03050__K47A,1.7999999523162842,1.8045775890350342
cv,train,5,P02185__H82Q,0.0,0.08034831285476685
cv,train,5,P01308__F49H,-1.0,-0.9682623147964478
cv,train,5,P00648__A79K,0.15000000596046448,0.16486209630966187
cv,train,5,2IMM_A__M21L,0.30000001192092896,0.39115577936172485
cv,train,5,P00644__S223A,0.25999999046325684,0.4152722954750061
cv,train,5,P00720__A93T,-0.07999999821186066,-0.020606692880392075
cv,train,5,P00974__Y58A,5.949999809265137,6.007462978363037
cv,train,5,P00593__H70A,1.899999976158142,2.084519386291504
cv,train,5,P00644__V196A,0.0,0.5211271643638611
cv,train,5,P00648__I72V,1.0499999523162842,1.1775177717208862
cv,train,5,P00720__I3S,1.7999999523162842,1.845294713973999
cv,train,5,P04637__A129E,0.3799999952316284,0.39256197214126587
cv,train,5,P00644__K110G,0.75,0.8642287850379944
cv,train,5,P00171__V50G,1.899999976158142,2.0037572383880615
cv,train,5,P00045__P81T,0.800000011920929,0.8509300947189331
cv,train,5,P00929__G211R,0.75,0.8066344857215881
cv,train,5,P04166__P81A,1.100000023841858,1.246496558189392
cv,train,5,P00644__E155G,2.700000047683716,2.761415958404541
cv,train,5,P00929__E49K,-0.8500000238418579,-0.7782174944877625
cv,train,5,P03034__G47A,-0.6600000262260437,-0.5809465050697327
cv,train,5,P00644__K192A,1.2999999523162842,1.4061611890792847
cv,train,5,P04637__T123A,0.12999999523162842,0.31171971559524536
cv,train,5,P00644__E157G,3.4000000953674316,3.556727886199951
cv,train,5,P06241__F87A,1.2999999523162842,1.435280442237854
cv,train,5,P02693__G66A,1.100000023841858,1.2656283378601074
cv,train,5,P05798__D79N,-1.2000000476837158,-1.1214567422866821
cv,train,5,P05798__D17K,1.100000023841858,1.1851139068603516
cv,train,5,P03069__E270Q,1.8300000429153442,1.8977417945861816
cv,train,5,P00044__L100T,3.299999952316284,3.4466946125030518
cv,train,5,P02753__W109H,0.10000000149011612,0.14582842588424683
cv,train,5,P00720__A98V,4.650000095367432,4.682100296020508
cv,train,5,P05798__D79K,-2.299999952316284,-2.3041415214538574
cv,train,5,P05798__Y30F,-0.4000000059604645,-0.24527233839035034
cv,train,5,P00644__E204A,0.30000001192092896,0.5023875832557678
cv,train,5,P01009__T83A,-0.949999988079071,-0.8560667634010315
cv,train,5,P00648__D140N,4.054999828338623,4.210798263549805
cv,train,5,P00698__S109D,2.309999942779541,2.3818752765655518
cv,train,5,P00648__T73S,0.5299999713897705,0.6883986592292786
cv,train,5,P02633__V65G,3.9749999046325684,4.070456504821777
cv,train,5,P00644__G102E,3.700000047683716,3.7509853839874268
cv,train,5,P00644__K216A,-0.10000000149011612,0.05356258526444435
cv,train,5,P00644__T104V,0.8500000238418579,0.9255797266960144
cv,train,5,P00257__D134E,-0.44999998807907104,-0.39557546377182007
cv,train,5,P00720__L99F,0.30000001192092896,0.46108442544937134
cv,train,5,P00644__N220G,-0.20000000298023224,-0.049594637006521225
cv,train,5,P00720__T26S,-0.5849999785423279,-0.4390074610710144
cv,train,5,P00698__T58I,2.200000047683716,2.201824903488159
cv,train,5,P02625__K81S,0.28999999165534973,0.34433692693710327
cv,train,5,P00644__L207A,4.800000190734863,4.788341522216797
cv,train,5,P00720__T59N,1.0,1.0262306928634644
cv,train,5,P00929__P132A,1.0,1.1749423742294312
cv,train,5,P01308__H34E,-1.440000057220459,-1.4559470415115356
cv,train,5,P00282__I101A,2.0999999046325684,2.1714699268341064
cv,train,5,P01051__V62A,1.0049999952316284,1.2161515951156616
cv,train,5,P02417__M1A,1.4600000381469727,1.5876315832138062
cv,train,5,P00648__T73V,2.2049999237060547,2.313261032104492
cv,train,5,P00644__I221M,0.4000000059604645,0.4164411425590515
cv,train,5,P00648__G81A,2.799999952316284,2.889064073562622
cv,train,5,P04166__R31H,-1.399999976158142,-1.302635669708252
cv,train,5,P00720__D47A,0.824999988079071,0.965250551700592
cv,train,5,P02185__L70I,0.0,0.09088677167892456
cv,train,5,P00711__L129E,0.19499999284744263,0.23527449369430542
cv,train,5,P00918__V68C,1.2000000476837158,1.2496334314346313
cv,train,5,P02633__L32A,2.450000047683716,2.5921614170074463
cv,train,5,P00644__P199G,-1.100000023841858,-0.9282994866371155
cv,train,5,1YYX_A__F61A,5.5,5.631152153015137
cv,train,5,P00720__G77A,0.4000000059604645,0.5263044238090515
cv,train,5,P02417__D8N,0.30000001192092896,0.33266276121139526
cv,train,5,P00644__G170V,0.3499999940395355,0.5273138880729675
cv,train,5,P05798__D79F,0.699999988079071,0.8526758551597595
cv,train,5,P06241__E107R,3.390000104904175,3.4834330081939697
cv,train,5,P00644__Y175G,6.949999809265137,7.100891590118408
cv,train,5,P06241__E107Y,2.4000000953674316,2.4793035984039307
cv,train,5,P00720__A146T,2.2899999618530273,2.3656370639801025
cv,train,5,P00644__L89V,1.2000000476837158,1.3374857902526855
cv,train,5,P01053__V54G,2.4000000953674316,2.5101499557495117
cv,train,5,P04637__N268D,-1.065000057220459,-1.1200109720230103
cv,train,5,3PG0_A__A92G,0.0,0.1624111533164978
cv,train,5,P05798__H85Q,0.0,0.13142961263656616
cv,train,5,P00644__K166G,0.3499999940395355,0.4206152558326721
cv,train,5,P00560__Y123W,2.0999999046325684,2.2316319942474365
cv,train,5,P03051__D30S,-1.0,-0.8900955319404602
cv,train,5,P00648__L136G,7.0,7.0933427810668945
cv,train,5,P00171__V66K,2.365000009536743,2.5031304359436035
cv,train,5,P00720__M102V,3.0,3.172107219696045
cv,train,5,P00720__T157I,1.899999976158142,1.9256454706192017
cv,train,5,P00257__D73E,-0.5,-0.44101691246032715
cv,train,5,P00644__V186A,2.799999952316284,2.9776647090911865
cv,train,5,P00644__V121G,4.599999904632568,4.693963050842285
cv,train,5,P00644__V148W,3.009999990463257,3.140820264816284
cv,train,5,P06241__I111L,0.8500000238418579,0.9173639416694641
cv,train,5,P02945__P63A,-0.10000000149011612,0.08913230895996094
cv,train,5,P00720__M120L,-0.44999998807907104,-0.4210488200187683
cv,train,5,P00648__Y64G,4.164999961853027,4.204583644866943
cv,train,5,P00720__R96T,2.950000047683716,3.0753514766693115
cv,train,5,P00644__V133I,-0.10000000149011612,-0.08078604936599731
cv,train,5,P02945__F55A,1.600000023841858,1.6883009672164917
cv,train,5,P00720__A42F,5.199999809265137,5.184164047241211
cv,train,5,P01053__I57A,0.36500000953674316,0.48208147287368774
cv,train,5,P00644__N220A,1.0,1.111616611480713
cv,train,5,P00698__G120A,-0.6100000143051147,-0.4026091694831848
cv,train,5,P02751__A1550G,0.9300000071525574,0.9602786898612976
cv,train,5,P00644__G161D,2.2799999713897705,2.399653434753418
cv,train,5,P01857__T277A,0.6000000238418579,0.7290307879447937
cv,train,5,P03050__N34A,0.0,0.13777607679367065
cv,train,5,P00711__H51A,2.115000009536743,2.221306800842285
cv,train,5,P01009__A31P,-2.0999999046325684,-2.0281360149383545
cv,train,5,P02751__I1627A,0.5249999761581421,0.6653775572776794
cv,train,5,P00644__G111F,1.2000000476837158,1.2809978723526
cv,train,5,P04637__M237I,3.180000066757202,3.315690279006958
cv,train,5,P00509__C180A,1.100000023841858,1.2526681423187256
cv,train,5,P04637__E346A,0.3499999940395355,0.4619984030723572
cv,train,5,P00712__L115A,1.7999999523162842,1.9499396085739136
cv,train,5,P02185__M132A,1.2999999523162842,1.4226844310760498
cv,train,5,P00720__T59A,1.649999976158142,1.824289321899414
cv,train,5,P00593__F128Y,-0.3499999940395355,-0.22827914357185364
cv,train,5,P04637__M133L,-0.30000001192092896,-0.2106398344039917
cv,train,5,P00720__Q123A,0.20999999344348907,0.2547469735145569
cv,train,5,P00720__S38A,0.7699999809265137,0.9590093493461609
cv,train,5,P04166__P97A,0.699999988079071,0.8923389315605164
cv,train,5,P00644__Q162G,1.2000000476837158,1.2952743768692017
cv,train,5,P02751__P1624A,0.20999999344348907,0.3209154009819031
cv,train,5,P00044__N58M,-2.9000000953674316,-2.7668731212615967
cv,train,5,P01053__L41A,1.2999999523162842,1.3685938119888306
cv,train,5,P00644__K198A,-0.699999988079071,-0.5701760053634644
cv,train,5,P00974__F57A,1.2000000476837158,1.3707996606826782
cv,train,5,P00644__E183F,2.700000047683716,2.764259099960327
cv,train,5,P00720__K60P,0.0,0.09524017572402954
cv,train,5,P00711__H126Y,0.19499999284744263,0.27539974451065063
cv,train,5,P00644__E134A,0.10000000149011612,0.1968281865119934
cv,train,5,P05413__F5S,3.700000047683716,3.8127522468566895
cv,train,5,P05798__Y49F,0.20000000298023224,0.3837379813194275
cv,train,5,P01625__Q115N,1.4500000476837158,1.6063624620437622
cv,train,5,P00818__L66V,5.349999904632568,5.319633483886719
cv,train,5,P00644__N226G,0.5,0.6100471019744873
cv,train,5,P04637__I332V,4.849999904632568,4.985287666320801
cv,train,5,P00644__L185A,4.599999904632568,4.743287086486816
cv,train,5,P00644__G170A,0.15000000596046448,0.31406182050704956
cv,train,5,P00644__K145G,1.5,1.5718516111373901
cv,train,5,P00644__H206Q,-0.6000000238418579,-0.48045623302459717
cv,train,5,P00560__W334Y,-1.100000023841858,-0.9576641321182251
cv,train,5,P00651__D102N,3.0999999046325684,3.2253286838531494
cv,train,5,P00720__G113E,-0.30000001192092896,-0.2902485728263855
cv,train,5,P00644__K215F,1.2999999523162842,1.3644136190414429
cv,train,5,P02185__L50I,0.800000011920929,1.0520917177200317
cv,train,5,P03050__Q9G,-0.4399999976158142,-0.3233563303947449
cv,train,5,P00720__N132M,-1.5,-1.3435207605361938
cv,train,5,P00818__M62A,4.0,4.08303165435791
cv,train,5,P01857__P278A,3.200000047683716,3.2877509593963623
cv,train,5,P05798__T18V,1.399999976158142,1.5378050804138184
cv,train,5,P00698__A49L,-1.7999999523162842,-1.7393521070480347
cv,train,5,P00644__F158G,4.699999809265137,4.777523517608643
cv,train,5,P00929__E49G,1.7000000476837158,1.8550065755844116
cv,train,5,P00644__L118A,3.549999952316284,3.697331190109253
cv,train,5,P00720__S44E,0.0,0.15142041444778442
cv,train,5,P00648__A79D,0.5,0.5994139313697815
cv,train,5,P04637__K351A,-1.5499999523162842,-1.424776315689087
cv,train,5,P00974__G91A,0.20000000298023224,0.3965901732444763
cv,train,5,P00644__D225K,0.30000001192092896,0.37963753938674927
cv,train,5,P00593__F44A,-0.3499999940395355,-0.2767842411994934
cv,train,5,P00720__R96S,2.700000047683716,2.7727301120758057
cv,train,5,P01308__H34T,0.2199999988079071,0.30230021476745605
cv,train,5,P02693__L73C,0.05000000074505806,0.0709717869758606
cv,train,5,P00644__A194V,1.2999999523162842,1.359021544456482
cv,train,5,P00929__P28G,1.600000023841858,1.7888202667236328
cv,train,5,P00720__S38D,0.0,0.09820789098739624
cv,train,5,P01006__V44A,6.78000020980835,6.890047550201416
cv,train,5,P01006__M134G,6.900000095367432,6.951037883758545
cv,train,5,P01236__H74A,0.6000000238418579,0.673538863658905
cv,train,5,P00711__H126A,0.7950000166893005,0.8539968132972717
cv,train,5,P00644__T104A,1.600000023841858,1.679455041885376
cv,train,5,P00651__S90A,1.5,1.5727393627166748
cv,train,5,P02417__M1G,2.359999895095825,2.495936632156372
cv,train,5,P00644__K152A,0.15000000596046448,0.24216872453689575
cv,train,5,P00648__Y60F,0.5,0.6046925187110901
cv,train,5,P00648__N131A,1.9500000476837158,2.0775530338287354
cv,train,5,P05825__E270C,-6.829999923706055,-6.780167579650879
cv,train,5,P00651__A47S,0.4449999928474426,0.4715436100959778
cv,train,5,P01009__A274V,0.3499999940395355,0.4233289957046509
cv,train,5,P06241__E107F,1.6150000095367432,1.6561357975006104
cv,train,5,P00720__C54Y,4.659999847412109,4.7153167724609375
cv,train,5,P00648__E76G,1.7999999523162842,1.9282957315444946
cv,train,5,P05230__H117Y,-0.3499999940395355,-0.23953157663345337
cv,train,5,P00720__V131A,-0.27000001072883606,-0.10248816013336182
cv,train,5,P00720__L121I,1.2999999523162842,1.409469485282898
cv,train,5,P00720__D89A,0.6000000238418579,0.7716742753982544
cv,train,5,P00644__L96V,1.5,1.651140809059143
cv,train,5,P01857__K292A,2.4000000953674316,2.412654399871826
cv,train,5,P00782__N183D,-0.44999998807907104,-0.3783864378929138
cv,train,5,P00644__A172V,0.10000000149011612,0.20335537195205688
cv,train,5,P00929__E49A,0.30000001192092896,0.3817752003669739
cv,train,5,P02751__I1625A,0.5249999761581421,0.6882799863815308
cv,train,5,P00593__F44I,-2.049999952316284,-2.00742506980896
cv,train,5,P01053__I49G,3.3499999046325684,3.475346326828003
cv,train,5,P00644__N226A,0.10000000149011612,0.15299487113952637
cv,train,5,P00094__P56A,2.0,2.183781623840332
cv,train,5,2IMM_A__T69S,-0.30000001192092896,-0.20514744520187378
cv,train,5,P00818__V48A,1.899999976158142,2.1042306423187256
cv,train,5,P00720__R14A,3.0,3.124633550643921
cv,train,5,P00698__D119Q,0.07999999821186066,0.1651242971420288
cv,train,5,P00644__V105I,0.10000000149011612,0.2420709729194641
cv,train,5,P00644__W222F,0.6000000238418579,0.6402856707572937
cv,train,5,P00509__N282D,-0.6000000238418579,-0.5739826560020447
cv,train,5,P00651__G49A,1.2000000476837158,1.3396668434143066
cv,train,5,P03034__A50G,-1.2000000476837158,-1.0686261653900146
cv,train,5,P00644__L190A,5.349999904632568,5.501779556274414
cv,train,5,P00918__W123C,0.0,0.10879570245742798
cv,train,5,P04637__N345A,2.3499999046325684,2.481933355331421
cv,train,5,P01053__K73N,0.6000000238418579,0.6785407662391663
cv,train,5,P03034__A38G,-0.6000000238418579,-0.42105191946029663
cv,train,5,P00720__L99A,4.300000190734863,4.449864387512207
cv,train,5,P00509__F2A,7.349999904632568,7.354133129119873
cv,train,5,P04925__R207H,1.2699999809265137,1.358119249343872
cv,train,5,P03051__D30K,-0.8999999761581421,-0.8519117832183838
cv,train,5,P00651__D102S,3.200000047683716,3.3746917247772217
cv,train,5,P00720__G30A,-0.10000000149011612,0.15205484628677368
cv,train,5,P00644__T126V,-0.10000000149011612,0.02269548550248146
cv,train,5,P02753__W42Y,2.200000047683716,2.2205965518951416
cv,train,5,P04637__L350A,1.2999999523162842,1.4102236032485962
cv,train,5,P03958__W117F,-4.699999809265137,-4.590188980102539
cv,train,5,P00644__Y109M,1.899999976158142,1.9896818399429321
cv,train,5,P00720__L99G,6.5,6.6874542236328125
cv,train,5,P00918__W16F,-3.0,-2.8966078758239746
cv,train,5,P00644__W222Y,1.100000023841858,1.0737489461898804
cv,train,5,P00651__W85Y,0.9300000071525574,1.058843731880188
cv,train,5,P01009__S354R,-1.6100000143051147,-1.5533586740493774
cv,train,5,P01053__A78G,1.8799999952316284,1.9984468221664429
cv,train,5,P04164__M69H,0.699999988079071,0.8194767832756042
cv,train,5,P01625__K65T,2.450000047683716,2.527168035507202
cv,train,5,P00711__W123Y,2.4200000762939453,2.525836706161499
cv,train,5,P00698__I73V,0.45500001311302185,0.5938981175422668
cv,train,5,P00644__L89I,0.8999999761581421,1.025667428970337
cv,train,5,P00929__P28A,2.0,2.159688711166382
cv,train,5,P00648__Y64F,0.44999998807907104,0.5147002935409546
cv,train,5,P00711__H126W,1.7100000381469727,1.8313605785369873
cv,train,5,P00720__I58Y,2.8550000190734863,2.9009130001068115
cv,train,5,O74035__I102A,3.7200000286102295,3.8535759449005127
cv,train,5,P00644__Y109H,1.600000023841858,1.712666392326355
cv,train,5,P00648__N105D,-0.44999998807907104,-0.3534037470817566
cv,train,5,P00644__L119E,2.9000000953674316,2.940281629562378
cv,train,5,P04637__E349A,2.5,2.6097168922424316
cv,train,5,3PG0_A__D49N,-0.20000000298023224,-0.16351300477981567
cv,train,5,P05230__H36Y,-0.7250000238418579,-0.6836695075035095
cv,train,5,P00025__K74M,1.0,1.1007105112075806
cv,train,5,P02751__W1559F,1.940000057220459,2.0362398624420166
cv,train,5,P00644__H128G,0.30000001192092896,0.43202078342437744
cv,train,5,P00720__S44L,-0.39500001072883606,-0.3462051749229431
cv,train,5,P05825__Q278C,-2.2799999713897705,-2.15960955619812
cv,train,5,P00644__T202G,1.899999976158142,2.027311325073242
cv,train,5,P00711__K133Q,0.6000000238418579,0.5637457966804504
cv,train,5,P05825__E272C,-9.789999961853027,-9.683310508728027
cv,train,5,P00644__G178A,1.75,1.8960331678390503
cv,train,5,P00644__P199A,-0.75,-0.5645596385002136
cv,train,5,P00644__E204Q,1.5,1.6287921667099
cv,train,5,P05798__E41K,1.100000023841858,1.1634386777877808
cv,train,5,P00720__I3F,1.090000033378601,1.1446285247802734
cv,train,5,P00644__Y167G,1.0,1.0924180746078491
cv,train,5,P01006__M104I,0.9399999976158142,1.0083787441253662
cv,train,5,P00712__D106N,1.100000023841858,1.215651512145996
cv,train,5,P00644__Y109P,5.650000095367432,5.748045921325684
cv,train,5,P02633__Y17F,1.1449999809265137,1.1747640371322632
cv,train,5,P00644__K218F,1.0,1.0687081813812256
cv,train,5,P00099__Q59R,-0.5,-0.40680402517318726
cv,train,5,P05798__Y52F,3.5999999046325684,3.6895205974578857
cv,train,5,P03050__G52A,-0.20000000298023224,-0.10957318544387817
cv,train,5,P00648__I156V,0.7799999713897705,0.9693470597267151
cv,train,5,P01625__T120H,-0.699999988079071,-0.638845682144165
cv,train,5,P00974__K81A,-0.10000000149011612,0.039119068533182144
cv,train,5,P00720__L118I,1.2000000476837158,1.352994680404663
cv,train,5,P00720__T157G,1.100000023841858,1.2331784963607788
cv,train,5,P01241__S97T,0.20000000298023224,0.3444088101387024
cv,train,5,P00651__A47F,0.5699999928474426,0.6905549168586731
cv,train,5,P00560__W309F,3.630000114440918,3.702781915664673
cv,train,5,P01053__E35Q,0.4699999988079071,0.5754901766777039
cv,train,5,P00720__T157N,1.0,1.047091007232666
cv,train,5,P02185__L10A,0.4000000059604645,0.5362359881401062
cv,train,5,P00651__A47E,-0.17499999701976776,-0.1243944764137268
cv,train,5,P00644__T164S,0.699999988079071,0.7634164690971375
cv,train,5,P00644__D177A,3.3499999046325684,3.4057462215423584
cv,train,5,P02185__L30A,0.6000000238418579,0.8127525448799133
cv,train,5,P05798__Y81F,1.2000000476837158,1.348889708518982
cv,train,5,P01051__V54A,1.590000033378601,1.818616509437561
cv,train,5,P00173__D65R,-0.10000000149011612,0.0005578435957431793
cv,train,5,P00644__A184F,1.7000000476837158,1.717826247215271
cv,train,5,P00644__T202C,1.649999976158142,1.6647576093673706
cv,train,5,P00004__P31V,5.0,5.0294575691223145
cv,train,5,P02417__K10M,-0.05000000074505806,-0.030185040086507797
cv,train,5,P02633__F70W,1.6200000047683716,1.762864351272583
cv,train,5,P00720__L39P,2.799999952316284,2.907639265060425
cv,train,5,P00648__G100V,7.800000190734863,7.88005256652832
cv,train,5,P01009__A207V,-3.5,-3.3508031368255615
cv,train,5,P00974__Y70N,3.700000047683716,3.7934720516204834
cv,train,5,P00974__Q66A,1.0,1.061637282371521
cv,train,5,P00644__L107A,2.6500000953674316,2.794067621231079
cv,train,5,P00644__G168V,3.700000047683716,3.883199691772461
cv,train,5,P00644__A214G,3.5999999046325684,3.76684308052063
cv,train,5,P00651__Y82F,0.7450000047683716,0.8925747275352478
cv,train,5,P00644__R169A,0.800000011920929,0.8504698872566223
cv,train,5,P00698__F52Y,-0.1899999976158142,-0.08967167139053345
cv,train,5,P00648__S75E,-0.5,-0.4953911304473877
cv,train,5,P00171__V66Y,1.315000057220459,1.3839325904846191
cv,train,5,P00644__A142C,1.149999976158142,1.203964352607727
cv,train,5,P00044__Y103F,-0.10000000149011612,0.07704579830169678
cv,train,5,P00644__E139K,0.05000000074505806,0.12023407220840454
cv,train,5,P00818__V18A,1.7999999523162842,2.0059211254119873
cv,train,5,P05798__D79A,0.8999999761581421,0.9393557906150818
cv,train,5,P00644__L219I,0.800000011920929,0.8334124684333801
cv,train,5,P00644__I97G,3.299999952316284,3.3807120323181152
cv,train,5,P00171__V50T,1.0,1.1145087480545044
cv,train,5,P00648__G99V,8.399999618530273,8.499117851257324
cv,train,5,P00644__A142V,2.75,2.799198627471924
cv,train,5,P02185__V14A,0.10000000149011612,0.2537688612937927
cv,train,5,P00648__A79M,0.20000000298023224,0.2863371968269348
cv,train,5,P00644__V186G,6.0,6.107527732849121
cv,train,5,P00720__A129F,1.899999976158142,2.0043632984161377
cv,train,5,P00648__L136T,2.5,2.6298539638519287
cv,train,5,P00720__R96M,2.5999999046325684,2.6796252727508545
cv,train,5,P00644__I154G,6.0,6.100755214691162
cv,train,5,P00644__A151G,2.0,2.21667218208313
cv,train,5,P00720__R96Q,0.5,0.6187081933021545
cv,train,5,P03040__Q16L,-2.0999999046325684,-2.0010159015655518
cv,train,5,P00644__E157V,2.299999952316284,2.410593032836914
cv,train,5,P00648__E76A,1.25,1.3883007764816284
cv,train,5,1YYX_A__M33A,3.5,3.7028963565826416
cv,train,5,P00720__T152V,-0.20000000298023224,-0.05176239833235741
cv,train,5,P00720__I78A,1.2000000476837158,1.402776837348938
cv,train,5,P00644__L185V,2.0,2.204213857650757
cv,train,5,P05798__Y86F,0.30000001192092896,0.38777977228164673
cv,train,5,P00644__Y109T,3.200000047683716,3.3003084659576416
cv,train,5,P00282__F117A,2.630000114440918,2.746358633041382
cv,train,5,P00644__S210F,1.0,1.163797378540039
cv,train,5,P00644__K91F,1.0,1.0215517282485962
cv,train,5,P00720__T157A,1.0,1.1714001893997192
cv,train,5,P00644__S141F,-0.30000001192092896,-0.23611903190612793
cv,train,5,P00720__N132F,-1.2999999523162842,-1.2386515140533447
cv,train,5,P03050__M1A,0.10000000149011612,0.20945829153060913
cv,train,5,P00282__L70A,1.7899999618530273,1.9575575590133667
cv,train,5,P00648__N52A,1.850000023841858,2.014681816101074
cv,train,5,P00720__T157H,2.0999999046325684,2.11460280418396
cv,train,5,P02185__I29A,-0.07999999821186066,0.10135108232498169
cv,train,5,P00648__A79Y,0.699999988079071,0.8077777028083801
cv,train,5,P00648__A79L,0.10000000149011612,0.17071682214736938
cv,train,5,P02185__D45A,0.17499999701976776,0.3376568555831909
cv,train,5,P00698__G120V,0.03999999910593033,0.09936821460723877
cv,train,5,P00644__L171F,1.2000000476837158,1.299622893333435
cv,train,5,P00644__A194C,0.800000011920929,0.8654394745826721
cv,train,5,P00974__Y45A,1.2000000476837158,1.458872675895691
cv,train,5,P00644__T95G,1.100000023841858,1.1530284881591797
cv,train,5,P00171__V66E,1.0750000476837158,1.1913648843765259
cv,train,5,P00648__K66R,-0.6000000238418579,-0.6056448817253113
cv,train,5,P00698__M30F,-0.2800000011920929,-0.25159400701522827
cv,train,5,3PG0_A__Q102I,2.700000047683716,2.8026132583618164
cv,train,5,P00720__I3P,2.880000114440918,2.91398549079895
cv,train,5,P01006__M134V,1.840000033378601,1.8991111516952515
cv,train,5,P04637__F134L,4.78000020980835,4.833878040313721
cv,train,5,P00644__L89A,1.600000023841858,1.7324402332305908
cv,train,5,P02417__L30A,2.759999990463257,2.902109146118164
cv,train,5,P00644__T164A,0.8999999761581421,1.0240591764450073
cv,train,5,P00648__D55S,0.75,0.8084458112716675
cv,train,5,P01308__F49D,-0.6000000238418579,-0.5900899171829224
cv,train,5,P00698__S109Y,3.069999933242798,3.143127202987671
cv,train,5,P02417__E38Q,0.5600000023841858,0.6096890568733215
cv,train,5,P00720__R96P,5.75,5.882999420166016
cv,train,5,P00644__G161A,2.25,2.3795769214630127
cv,train,5,P00648__H65K,1.100000023841858,1.1809793710708618
cv,train,5,P00974__G63A,1.0,1.1118708848953247
cv,train,5,P00712__T57A,1.2999999523162842,1.455552577972412
cv,train,5,P00811__Y166F,0.8999999761581421,0.9346786141395569
cv,train,5,P00974__E84A,0.20000000298023224,0.2523713707923889
cv,train,5,P02185__L70M,0.0,0.09400326013565063
cv,train,5,P00644__R187F,3.0999999046325684,3.1845271587371826
cv,train,5,3PG0_A__K77V,-0.800000011920929,-0.7013377547264099
cv,train,5,P00720__I100M,1.600000023841858,1.7137027978897095
cv,train,5,P01241__E100A,0.8999999761581421,1.0209916830062866
cv,train,5,P00044__N58V,-1.8600000143051147,-1.661481261253357
cv,train,5,P00644__V156I,1.7999999523162842,1.871216893196106
cv,train,5,P00698__G89A,1.2400000095367432,1.304742693901062
cv,train,5,P01009__S405A,-0.949999988079071,-0.8495044708251953
cv,train,5,P00593__H70Q,0.5,0.5273665189743042
cv,train,5,P00720__S90H,1.100000023841858,1.168797254562378
cv,train,5,P00644__D177G,2.75,2.8818070888519287
cv,train,5,2IMM_A__Q85E,0.4000000059604645,0.4847347140312195
cv,train,5,P00929__F22L,1.0099999904632568,1.1245648860931396
cv,train,5,P00651__S38A,1.1549999713897705,1.285630464553833
cv,train,5,P00720__I3D,2.700000047683716,2.7437236309051514
cv,train,5,P01053__I49T,1.2000000476837158,1.2792741060256958
cv,train,5,P01625__Q115H,0.8500000238418579,0.9568870663642883
cv,train,5,P00644__L190I,3.299999952316284,3.450408697128296
cv,train,5,P00929__G211D,0.550000011920929,0.5853487849235535
cv,train,5,P02185__I29V,0.0,0.08455967903137207
cv,train,5,P00644__E157A,1.899999976158142,2.0751490592956543
cv,train,5,P00644__D101G,0.4000000059604645,0.5405160188674927
cv,train,5,P00720__S44P,3.015000104904175,3.189763069152832
cv,train,5,P00099__F56Y,-1.3300000429153442,-1.1991758346557617
cv,train,5,P00974__C65V,6.0,6.03371524810791
cv,train,5,P00698__N95H,0.3799999952316284,0.42905211448669434
cv,train,5,P00644__V148K,4.800000190734863,4.8630828857421875
cv,train,5,P00720__W126R,5.320000171661377,5.425919532775879
cv,train,5,P00648__W141Y,1.149999976158142,1.1667081117630005
cv,train,5,P00711__K133E,0.699999988079071,0.771967887878418
cv,train,5,P00720__V131M,-0.11999999731779099,-0.1526661515235901
cv,train,5,P00720__R96N,3.1500000953674316,3.271138906478882
cv,train,5,P00720__L133F,0.30000001192092896,0.4249311089515686
cv,train,5,P00644__K146E,1.600000023841858,1.6806015968322754
cv,train,5,P03050__P15A,1.899999976158142,2.0497772693634033
cv,train,5,P00720__L133D,5.5,5.6433820724487305
cv,train,5,P00648__A79H,0.699999988079071,0.8067942261695862
cv,train,5,P00644__Y195A,-0.05000000074505806,0.10762268304824829
cv,train,5,P00651__A47T,0.5699999928474426,0.6178231835365295
cv,train,5,P01241__S97V,1.25,1.4180008172988892
cv,train,5,P00974__R52A,0.30000001192092896,0.39651745557785034
cv,train,5,P02185__I143M,-0.8999999761581421,-0.8541936278343201
cv,train,5,P01053__E35N,1.0700000524520874,1.1708892583847046
cv,train,5,P00818__Y12I,2.200000047683716,2.3166887760162354
cv,train,5,P00099__E92Q,-0.20000000298023224,-0.09526342153549194
cv,train,5,P00644__T104S,0.6000000238418579,0.6875587105751038
cv,train,5,P03034__Q34Y,-1.3200000524520874,-1.2990957498550415
cv,train,5,P00644__K160C,0.3499999940395355,0.38404589891433716
cv,train,5,P00644__E217Q,0.699999988079071,0.8236733078956604
cv,train,5,P00720__S44W,-0.07500000298023224,0.058059606701135635
cv,train,5,P02751__Y1629F,-0.10499999672174454,-0.0362241230905056
cv,train,5,P03050__I37V,1.3700000047683716,1.5098931789398193
cv,train,5,P03051__D30I,0.800000011920929,0.8574540019035339
cv,train,5,P01006__M134L,0.02500000037252903,0.12450516223907471
cv,train,5,P00593__F44Y,-1.149999976158142,-1.026947259902954
cv,train,5,P00644__E92Q,1.100000023841858,1.2367780208587646
cv,train,5,P00720__A41S,0.699999988079071,0.7468541264533997
cv,train,5,P00644__Y195F,0.0,0.13122588396072388
cv,train,5,P00698__D119F,-0.7200000286102295,-0.631881058216095
cv,train,5,P00644__Y109I,2.299999952316284,2.4003806114196777
cv,train,5,P01006__M134A,2.200000047683716,2.330958366394043
cv,train,5,P03051__D30E,-1.0,-0.9165589213371277
cv,train,5,P00644__L118I,3.0999999046325684,3.1228902339935303
cv,train,5,P00509__C180G,0.0,0.23399096727371216
cv,train,5,P00644__V196G,0.10000000149011612,0.2649884819984436
cv,train,5,P00282__M141A,2.869999885559082,2.96451473236084
cv,train,5,P00720__F153A,3.5,3.5703632831573486
cv,train,5,P05230__C98S,1.7999999523162842,1.8999695777893066
cv,train,5,P00648__V83A,1.2999999523162842,1.4564388990402222
cv,train,5,P00720__A73S,0.3499999940395355,0.32857781648635864
cv,train,5,P00720__T152I,0.4000000059604645,0.4800899624824524
cv,train,5,P00720__A130S,0.8999999761581421,0.8942170739173889
cv,train,5,P02751__P1542A,-0.10999999940395355,0.08437734842300415
cv,train,5,1YYX_A__L94A,1.7000000476837158,1.9256588220596313
cv,train,5,P00720__A146I,4.005000114440918,4.145044803619385
cv,train,5,P00720__S44G,0.5149999856948853,0.6624981760978699
cv,train,5,P04637__V203A,-0.49000000953674316,-0.39472371339797974
cv,train,5,P02631__P27A,0.699999988079071,0.8171515464782715
cv,train,5,P00560__W334F,1.0149999856948853,1.2030984163284302
cv,train,5,P00648__D101A,2.984999895095825,3.111177921295166
cv,train,5,P03706__H48N,5.0,5.189446449279785
cv,train,5,P00644__V181A,3.200000047683716,3.313096761703491
cv,train,5,P05413__K22I,0.0,0.1057923436164856
cv,train,5,P00644__H128A,0.5,0.605114758014679
cv,train,5,P00644__V156G,6.099999904632568,6.276448726654053
cv,train,5,P00720__S44V,-0.10000000149011612,-0.00605439767241478
cv,train,5,P05825__S276C,-5.940000057220459,-5.895623207092285
cv,train,5,P00644__L107G,4.5,4.681488037109375
cv,train,5,P01009__A207F,-1.399999976158142,-1.3190436363220215
cv,train,5,P00644__L118E,5.849999904632568,5.894505500793457
cv,train,5,P00648__H65A,1.9249999523162842,1.9071000814437866
cv,train,5,P00720__L46A,2.4100000858306885,2.5786473751068115
cv,train,5,P00651__Y68F,-1.1449999809265137,-1.0324982404708862
cv,train,5,P02693__L65G,2.5999999046325684,2.7036774158477783
cv,train,5,P00044__A13Y,-0.30000001192092896,-0.2516323924064636
cv,train,5,P00698__I116M,0.8500000238418579,0.8937959671020508
cv,train,5,P00644__E92K,2.0,2.1255581378936768
cv,train,5,P02751__Y1610A,1.899999976158142,1.9935201406478882
cv,train,5,P01009__A308V,-0.75,-0.6479106545448303
cv,train,5,P00282__L70T,2.244999885559082,2.4002575874328613
cv,train,5,P05413__E73S,3.700000047683716,3.779153347015381
cv,train,5,P00720__N40A,-0.25999999046325684,-0.1003957986831665
cv,train,5,P01009__V79L,0.30000001192092896,0.4655437469482422
cv,train,5,P00644__A172E,7.75,7.8756561279296875
cv,train,5,P00712__T52I,-0.18000000715255737,-0.05796676501631737
cv,train,5,P00651__A47V,0.6600000262260437,0.813467800617218
cv,train,5,P03051__D30Q,-1.7999999523162842,-1.769952654838562
cv,train,5,P00720__G113A,-0.44999998807907104,-0.2545969486236572
cv,train,5,2IMM_A__P49S,0.20000000298023224,0.275784432888031
cv,train,5,P00644__M114L,0.800000011920929,0.9047940373420715
cv,train,5,P00720__R96Y,4.599999904632568,4.651126861572266
cv,train,5,P02185__I112A,1.7999999523162842,1.8528636693954468
cv,train,5,P00720__N116D,-0.3400000035762787,-0.2524403929710388
cv,train,5,P00929__E49D,-0.800000011920929,-0.6834141612052917
cv,train,5,P00644__S223G,0.8999999761581421,1.038706660270691
cv,train,5,P03051__D30F,0.10000000149011612,0.10560768842697144
cv,train,5,P00720__S117V,-2.0,-1.8670378923416138
cv,train,5,P00712__I74V,2.700000047683716,2.8039772510528564
cv,train,5,P03034__I85S,2.25,2.2358927726745605
cv,train,5,P01006__M104D,-1.25,-1.2240475416183472
cv,train,5,O74035__I20A,4.110000133514404,4.167935371398926
cv,train,5,P06241__A89S,1.2999999523162842,1.367075800895691
cv,train,5,P02751__Y1569F,0.4099999964237213,0.5843689441680908
cv,train,5,P02185__Q9G,0.5,0.6712082028388977
cv,train,5,P00720__I3W,2.799999952316284,2.870760440826416
cv,train,5,P03050__Y38A,3.4000000953674316,3.524982213973999
cv,train,5,P00644__D225N,0.30000001192092896,0.36408495903015137
cv,train,5,2IMM_A__A106G,0.0,0.12348943948745728
cv,train,5,P05798__T59V,1.7000000476837158,1.7723662853240967
cv,train,5,P00044__F16W,1.2999999523162842,1.4325460195541382
cv,train,5,P01009__K355V,0.6499999761581421,0.7024680972099304
cv,train,5,P00644__I97M,0.20000000298023224,0.3297814726829529
cv,train,5,P04637__R333A,2.5,2.674434185028076
cv,train,5,P02751__I1607A,3.7200000286102295,3.79282808303833
cv,train,5,P00648__L61A,4.409999847412109,4.600096225738525
cv,train,5,P00644__K216G,0.699999988079071,0.8520655035972595
cv,train,5,P00711__H51Y,-0.08500000089406967,-0.0614427886903286
cv,train,5,P03051__D30M,-0.6000000238418579,-0.570342481136322
cv,train,5,P00818__V21A,0.30000001192092896,0.4129717946052551
cv,train,5,P00929__P62A,0.30000001192092896,0.42563819885253906
cv,train,5,P00644__P199F,-0.30000001192092896,-0.23115646839141846
cv,train,5,P00593__F128I,-1.399999976158142,-1.3290530443191528
cv,train,5,P01584__L122A,2.5999999046325684,2.687445878982544
cv,train,5,P06241__E107I,2.7049999237060547,2.810236692428589
cv,train,5,P04925__Q216R,2.015000104904175,2.119011878967285
cv,train,5,P00929__P96A,1.850000023841858,2.0491855144500732
cv,train,5,P01009__A207I,-1.649999976158142,-1.5630863904953003
cv,train,5,P02751__V1609A,3.200000047683716,3.2905538082122803
cv,train,5,P00644__K218A,0.800000011920929,0.878261148929596
cv,train,5,P00644__G189A,4.400000095367432,4.520376682281494
cv,train,5,O74035__L92A,2.634999990463257,2.803875207901001
cv,train,5,P00698__W126Q,3.569999933242798,3.650444269180298
cv,train,5,P00644__M108A,1.5,1.6635626554489136
cv,train,5,P00644__E125D,-0.20000000298023224,-0.1306135058403015
cv,train,5,P00644__K106F,0.5,0.5774391293525696
cv,train,5,P03050__R40A,4.599999904632568,4.703546524047852
cv,train,5,2IMM_A__A15L,-1.399999976158142,-1.3319460153579712
cv,train,5,P01006__M134I,2.009999990463257,2.0980818271636963
cv,train,5,P02185__T52A,1.399999976158142,1.5429389476776123
cv,train,5,P00720__R14K,0.014999999664723873,0.18834728002548218
cv,train,5,P03034__V37I,-0.800000011920929,-0.7168886065483093
cv,train,5,P01009__V197L,0.550000011920929,0.6690599322319031
cv,train,5,P00648__T53G,1.149999976158142,1.3667515516281128
cv,train,5,P02185__I143A,1.5499999523162842,1.6459962129592896
cv,train,5,P02417__H134Q,1.2999999523162842,1.3369033336639404
cv,train,5,P00712__L129A,0.30000001192092896,0.37449032068252563
cv,train,5,P00644__K130A,-0.10000000149011612,-0.04498070105910301
cv,train,5,P01053__N76D,1.3049999475479126,1.4439069032669067
cv,train,5,P00644__T104I,0.6000000238418579,0.6766770482063293
cv,train,5,P00818__V36A,2.5,2.647221803665161
cv,train,5,P03040__Y26F,-0.30000001192092896,-0.21052485704421997
cv,train,5,P00044__K79A,0.44999998807907104,0.5941302180290222
cv,train,5,P02185__V67A,-0.5,-0.4004421830177307
cv,train,5,P00644__P138G,0.949999988079071,1.0201916694641113
cv,train,5,P04637__R282W,3.1500000953674316,3.2820560932159424
cv,train,5,P03050__G49A,2.0,1.935990810394287
cv,train,5,P00644__A140E,5.599999904632568,5.684106349945068
cv,train,5,P03050__P8L,-2.490000009536743,-2.443424701690674
cv,train,5,P00720__T157S,0.6600000262260437,0.7261040806770325
cv,train,5,P00644__V105F,1.899999976158142,1.9495848417282104
cv,train,5,P00720__D20N,-1.2000000476837158,-1.0447808504104614
cv,train,5,P00644__K209F,0.30000001192092896,0.3692667484283447
cv,train,5,P00648__K113A,-0.20000000298023224,-0.05810314044356346
cv,train,5,P02417__I4A,2.2200000286102295,2.4134085178375244
cv,train,5,P00644__K130E,-0.05000000074505806,0.001578155905008316
cv,train,5,P00644__K152C,0.5,0.5677617788314819
cv,train,5,P00648__H65Q,1.4700000286102295,1.5623008012771606
cv,train,5,P00004__H34N,-1.0,-0.937427818775177
cv,train,5,P00025__K74Y,1.0499999523162842,1.0609796047210693
cv,train,5,3PG0_A__R114L,0.0,0.16618281602859497
cv,train,5,P02945__L75A,-0.5,-0.3858582377433777
cv,train,5,P00644__Y173L,3.8499999046325684,4.004975318908691
cv,train,5,P00644__D159A,3.0999999046325684,3.2004168033599854
cv,train,5,P00509__N282R,2.5999999046325684,2.6626203060150146
cv,train,5,P00712__V109A,-0.8999999761581421,-0.7329123020172119
cv,train,5,P02185__H37Q,0.6000000238418579,0.6671552062034607
cv,train,5,P02751__L1545A,1.6399999856948853,1.8205634355545044
cv,train,5,P00698__G85A,-0.14499999582767487,0.03908497467637062
cv,train,5,P00698__I73L,0.44999998807907104,0.527836799621582
cv,train,5,P06241__S124I,1.4049999713897705,1.5024539232254028
cv,train,5,P01006__V44F,5.414999961853027,5.535107612609863
cv,train,5,P02185__G24A,0.8999999761581421,1.0191056728363037
cv,train,5,P03051__L41V,1.9149999618530273,2.039092779159546
cv,train,5,P00651__A47K,0.5099999904632568,0.610834538936615
cv,train,5,P00648__E120W,2.049999952316284,2.203331232070923
cv,train,5,P00044__L91A,2.799999952316284,2.8623945713043213
cv,train,5,P00698__M30L,0.38499999046325684,0.5089308619499207
cv,train,5,P04637__L344F,3.8499999046325684,3.8696811199188232
cv,train,5,P00720__A42S,2.450000047683716,2.476881742477417
cv,train,5,P01308__S33D,-0.10000000149011612,-0.07151192426681519
cv,train,5,P00257__H114R,1.2000000476837158,1.2425230741500854
cv,train,5,P00004__L95I,-0.20000000298023224,-0.04152541980147362
cv,train,5,P00648__L89V,0.3499999940395355,0.5075437426567078
cv,train,5,O74035__I15A,1.965000033378601,2.117304563522339
cv,train,5,P00818__V14A,2.5999999046325684,2.7467691898345947
cv,train,5,P00720__Q123E,-0.30000001192092896,-0.20663946866989136
cv,train,5,P00644__V148L,0.20000000298023224,0.2607353925704956
cv,train,5,P00644__L190G,6.650000095367432,6.78062105178833
cv,train,5,P00720__K147E,-0.10000000149011612,-0.07238656282424927
cv,train,5,P03050__L21A,3.4000000953674316,3.498471736907959
cv,train,5,P02751__I1596V,1.0,1.0589154958724976
cv,train,5,P00644__V181L,0.20000000298023224,0.36785149574279785
cv,train,5,P05230__A118G,0.45500001311302185,0.518383800983429
cv,train,5,P02185__W15F,0.6499999761581421,0.7612825036048889
cv,train,5,P00720__F153I,0.25,0.2880778908729553
cv,train,5,P00720__N101A,1.5,1.719628930091858
cv,train,5,P04637__F270C,4.539999961853027,4.580521583557129
cv,train,5,P06241__S124F,1.899999976158142,2.018773078918457
cv,train,5,P02633__E30Q,-0.04500000178813934,-0.03287666663527489
cv,train,5,P00560__F195W,-0.9200000166893005,-0.8007180094718933
cv,train,5,P00509__C77S,2.4000000953674316,2.606071710586548
cv,train,5,P02693__W83Y,-0.24500000476837158,-0.1345013976097107
cv,train,5,P02693__F94A,2.4000000953674316,2.545022487640381
cv,train,5,P06241__E107K,0.9850000143051147,1.1572459936141968
cv,train,5,P00644__Y197L,0.30000001192092896,0.3057863712310791
cv,train,5,P00929__G211W,1.350000023841858,1.4775151014328003
cv,train,5,P00644__A142G,1.399999976158142,1.5247732400894165
cv,train,5,P00644__F116E,6.5,6.5282063484191895
cv,train,5,P01053__K22M,0.6700000166893005,0.7595917582511902
cv,train,5,P00720__M120A,0.20000000298023224,0.3084036707878113
cv,train,5,P00648__I72A,3.5,3.6541268825531006
cv,train,5,P00644__K87G,-0.30000001192092896,-0.13479799032211304
cv,train,5,P02417__K12M,-1.7300000190734863,-1.7091196775436401
cv,train,5,P00712__T48I,-2.799999952316284,-2.6489336490631104
cv,train,5,P00974__A51V,1.2999999523162842,1.3844168186187744
cv,train,5,P00644__V148S,3.0999999046325684,3.296353816986084
cv,train,5,P00045__N62I,-2.4000000953674316,-2.293471097946167
cv,train,5,P00648__L89T,3.049999952316284,3.207948684692383
cv,train,5,P01857__K253A,1.100000023841858,1.195692539215088
cv,train,5,P04166__D76R,-0.15000000596046448,-0.061140235513448715
cv,train,5,P04637__Q165K,1.2699999809265137,1.3846863508224487
cv,train,5,P02185__L70V,0.10000000149011612,0.28874415159225464
cv,train,5,P00929__A18V,-0.20000000298023224,-0.045425232499837875
cv,train,5,P00644__E204K,2.5,2.5822019577026367
cv,train,5,P00644__Q162F,0.6000000238418579,0.6285765767097473
cv,train,5,P00720__L66A,3.9000000953674316,4.023650169372559
cv,train,5,1YYX_A__L48A,4.199999809265137,4.356005668640137
cv,train,5,P00560__L400W,3.0,3.1502463817596436
cv,train,5,P01053__T59D,-0.03999999910593033,0.036192718893289566
cv,train,5,P00648__G81D,3.25,3.30208158493042
cv,train,5,P00644__K179F,0.6000000238418579,0.6802120804786682
cv,train,5,P02693__S53C,-0.75,-0.6930728554725647
cv,train,5,P00644__H206G,0.5,0.6441680192947388
cv,train,5,P00644__K152F,0.05000000074505806,0.09356170892715454
cv,train,5,P00644__G137A,0.5,0.6188661456108093
cv,train,5,P00929__P57A,0.5,0.6629390120506287
cv,train,5,P00644__L207G,6.5,6.602574825286865
cv,train,5,P00720__Q105G,2.25,2.316265821456909
cv,train,5,P02185__I112L,0.6000000238418579,0.7046737670898438
cv,train,5,P00644__T95A,0.699999988079071,0.8186022639274597
cv,train,5,P00698__G67A,0.20000000298023224,0.32456737756729126
cv,train,5,P01053__E34Q,0.5,0.5761535167694092
cv,train,5,P02693__V61C,-0.6499999761581421,-0.590509831905365
cv,train,5,P00644__A140V,2.5999999046325684,2.6109068393707275
cv,train,5,P00648__N124A,1.600000023841858,1.7381163835525513
cv,train,5,P00282__V115A,0.9599999785423279,1.1903842687606812
cv,train,5,P00720__A160T,3.5,3.5794453620910645
cv,train,5,P00648__E120G,5.400000095367432,5.476527214050293
cv,train,5,P06241__E107A,1.284999966621399,1.3627337217330933
cv,train,5,P00644__K146F,0.20000000298023224,0.1985737681388855
cv,train,5,P02945__K54A,1.600000023841858,1.7340158224105835
cv,train,5,P03034__M41A,2.0999999046325684,2.3004367351531982
cv,train,5,P01241__S97Q,1.399999976158142,1.4631177186965942
cv,train,5,P00644__R163A,1.100000023841858,1.2294834852218628
cv,train,5,P00004__Y68F,2.200000047683716,2.300081491470337
cv,train,5,P00720__E128A,-0.1599999964237213,-0.12498456239700317
cv,train,5,P00974__Y45L,2.9000000953674316,3.004697322845459
cv,train,5,P00720__L118M,0.4000000059604645,0.5415486693382263
cv,train,5,P02633__V65A,3.3399999141693115,3.4237027168273926
cv,train,5,P02925__A52T,3.299999952316284,3.368166446685791
cv,train,5,P00644__A191G,1.0,1.376529574394226
cv,train,5,P04637__R273H,0.22499999403953552,0.26916390657424927
cv,train,5,P01051__V18A,1.2000000476837158,1.3845982551574707
cv,train,5,P00720__V94A,1.7999999523162842,1.9332104921340942
cv,train,5,P00644__V148A,2.049999952316284,2.1954567432403564
cv,train,5,P06241__I111V,0.4000000059604645,0.5061279535293579
cv,train,5,P00644__K127E,-0.05000000074505806,0.05164641514420509
cv,train,5,P00044__P77I,1.7000000476837158,1.7705594301223755
cv,train,5,P00648__A79V,0.6000000238418579,0.7685722708702087
cv,train,5,P00720__E128K,1.2300000190734863,1.3232929706573486
cv,train,5,P00720__R96V,2.450000047683716,2.5497491359710693
cv,train,5,P03051__D30A,-0.30000001192092896,-0.23030930757522583
cv,train,5,P00648__I102V,0.3499999940395355,0.5014296770095825
cv,train,5,P00171__V50E,2.4000000953674316,2.4671268463134766
cv,train,5,P03040__Y26H,-1.399999976158142,-1.3075257539749146
cv,train,5,P00644__D228G,0.20000000298023224,0.3276224732398987
cv,train,5,P00644__L107I,1.7000000476837158,1.7889944314956665
cv,train,5,P00720__V87A,1.7000000476837158,1.921777367591858
cv,train,5,P01053__E27Q,0.6200000047683716,0.7479223608970642
cv,train,5,P00698__I73F,2.4600000381469727,2.487919807434082
cv,train,5,P00929__G211V,-0.800000011920929,-0.758014976978302
cv,train,5,P01584__T125Q,2.700000047683716,2.7366249561309814
cv,train,5,P00651__N62A,-0.029999999329447746,0.059311214834451675
cv,train,5,P00044__K79R,0.029999999329447746,0.15124982595443726
cv,train,5,P01236__H125A,-0.699999988079071,-0.5542567372322083
cv,train,5,P03050__V41A,3.7100000381469727,3.7837488651275635
cv,train,5,P02751__A1611G,1.3799999952316284,1.4705685377120972
cv,train,5,P03050__S35A,-0.20000000298023224,-0.08167499303817749
cv,train,5,P00720__V149S,4.400000095367432,4.4678955078125
cv,train,5,P00648__A79S,0.25,0.2832525372505188
cv,train,5,P00720__P143A,1.0,1.2147938013076782
cv,train,5,P02185__H120F,-0.029999999329447746,0.01731223240494728
cv,train,5,P00644__G161S,2.0999999046325684,2.224318265914917
cv,train,5,P00974__K76A,0.4000000059604645,0.449256956577301
cv,train,5,P01053__L28A,2.6500000953674316,2.811030626296997
cv,train,5,P01625__K56T,1.2999999523162842,1.3924814462661743
cv,train,5,P00644__D225F,0.10000000149011612,0.15263116359710693
cv,train,5,P03050__E28A,0.5,0.5999330878257751
cv,train,5,P00720__E11M,-1.600000023841858,-1.634539246559143
cv,train,5,P00282__L70V,0.30000001192092896,0.4329978823661804
cv,train,5,P00648__D55G,1.1699999570846558,1.3451646566390991
cv,train,5,P00644__H206F,-0.4000000059604645,-0.3157477378845215
cv,train,5,P00644__A191V,2.799999952316284,2.9256200790405273
cv,train,5,P00974__R55A,1.7999999523162842,1.9253700971603394
cv,train,5,P01053__T23A,0.8500000238418579,0.9788914322853088
cv,train,5,P00651__H66T,0.25999999046325684,0.3963068127632141
cv,train,5,P00644__K152G,0.5,0.6100823283195496
cv,train,5,P00648__T53Q,1.8700000047683716,1.8752883672714233
cv,train,5,P00644__A142F,0.800000011920929,0.8381579518318176
cv,train,5,P00044__K79V,0.6399999856948853,0.70564204454422
cv,train,5,P00045__P86G,1.2000000476837158,1.3196557760238647
cv,train,5,P00644__G111C,1.100000023841858,1.1682616472244263
cv,train,5,P00644__K127F,0.20000000298023224,0.2368202805519104
cv,train,5,P00644__Y173S,5.300000190734863,5.320738792419434
cv,train,5,P00720__R96W,4.349999904632568,4.451356887817383
cv,train,5,P00644__V196L,1.100000023841858,1.1386027336120605
cv,train,5,P00644__A194F,1.350000023841858,1.4163762331008911
cv,train,5,P00651__D75H,-5.099999904632568,-5.040234088897705
cv,train,5,P00644__T144S,2.0999999046325684,2.223345994949341
cv,train,5,P00644__Y197G,0.6000000238418579,0.7516605257987976
cv,train,5,P00818__Y12F,-0.699999988079071,-0.6059218049049377
cv,train,5,P00563__D122A,1.2400000095367432,1.4060018062591553
cv,train,5,P00698__N121D,-0.6200000047683716,-0.5283603668212891
cv,train,5,P01053__I50A,2.119999885559082,2.276268720626831
cv,train,5,P00644__Q205G,0.5,0.6613186001777649
cv,train,5,P00644__G178F,2.5999999046325684,2.747016191482544
cv,train,5,1YYX_A__A90G,2.9000000953674316,3.052037477493286
cv,train,5,P06241__E107D,-0.6899999976158142,-0.5832855105400085
cv,train,5,P03051__L41A,4.610000133514404,4.76256799697876
cv,train,5,P00644__L120A,1.5499999523162842,1.7021936178207397
cv,train,5,P02185__I112M,1.100000023841858,1.1843304634094238
cv,train,5,P00644__V193A,4.300000190734863,3.551482915878296
cv,train,5,P00720__R154E,-0.3499999940395355,-0.2883579134941101
cv,train,5,P00044__F16M,3.299999952316284,3.3777785301208496
cv,train,5,P00648__K66A,-0.800000011920929,-0.6697074770927429
cv,train,5,P00720__G51D,2.4149999618530273,2.4343230724334717
cv,train,5,P01006__V44M,5.565000057220459,5.737993240356445
cv,train,5,P00648__T73N,1.2899999618530273,1.294850468635559
cv,train,5,P00644__L120G,0.5,0.6302710175514221
cv,train,5,P00720__V149M,2.5999999046325684,2.7674648761749268
cv,train,5,P00025__K74W,1.4299999475479126,1.5273903608322144
cv,train,5,P01053__E46Q,0.6000000238418579,0.677418053150177
cv,train,5,P00974__N59A,2.200000047683716,2.2596750259399414
cv,train,5,P00648__I102G,3.0999999046325684,3.260842800140381
cv,train,5,P02751__Y1610F,2.0999999046325684,2.173124313354492
cv,train,5,P00099__W99F,1.2000000476837158,1.3564517498016357
cv,train,5,P00644__K110E,0.800000011920929,0.8813489079475403
cv,train,5,P00651__V104T,3.0999999046325684,3.238415241241455
cv,train,5,P00720__T115A,0.11999999731779099,0.24131089448928833
cv,train,5,P00698__A49I,-1.399999976158142,-1.2796412706375122
cv,train,5,P00711__K133N,-2.5999999046325684,-2.5518410205841064
cv,train,5,P00644__N150A,0.4000000059604645,0.4872679114341736
cv,train,5,P04179__Q167N,-1.4249999523162842,-1.2312990427017212
cv,train,5,P00644__I154A,4.699999809265137,4.73129415512085
cv,train,5,P02751__V1603A,0.6700000166893005,0.7889662384986877
cv,train,5,P03050__F10A,2.700000047683716,2.781050682067871
cv,train,5,P00268__V24I,-0.36000001430511475,-0.21572571992874146
cv,train,5,P03069__K276A,0.05999999865889549,0.2027340531349182
cv,train,5,1YYX_A__L68A,4.0,4.1106343269348145
cv,train,5,P01236__H166A,-1.2999999523162842,-1.2117303609848022
cv,train,5,P00644__V133G,0.30000001192092896,0.503795325756073
cv,train,5,P00651__A47C,0.7400000095367432,0.7442365288734436
cv,train,5,P00648__I51A,1.399999976158142,1.4784797430038452
cv,train,5,P00648__I135L,0.20000000298023224,0.2882724404335022
cv,train,5,P02185__A131L,0.8999999761581421,0.9936659932136536
cv,train,5,P00648__I123V,0.8100000023841858,0.9398706555366516
cv,train,5,P05798__V43T,0.5,0.5571678280830383
cv,train,5,P00044__V26C,1.100000023841858,1.258192539215088
cv,train,5,P00974__Y70L,3.700000047683716,3.750767707824707
cv,train,5,P00644__L171A,2.5999999046325684,2.7794368267059326
cv,train,5,P05798__D79W,-2.25,-2.2111761569976807
cv,train,5,P04637__F341L,3.1500000953674316,3.2528250217437744
cv,train,5,P00974__E42A,1.5,1.5853557586669922
cv,train,5,P00282__I101T,2.9000000953674316,2.9829251766204834
cv,train,5,P00644__F143A,2.299999952316284,2.4500224590301514
cv,train,5,P00592__H70N,1.9900000095367432,2.1462554931640625
cv,train,5,P00648__D69M,0.1850000023841858,0.2754167914390564
cv,train,5,P02753__W123F,0.4000000059604645,0.534151017665863
cv,train,5,P00644__V148T,1.2999999523162842,1.4941555261611938
cv,train,5,P00648__T63S,1.7000000476837158,1.7159708738327026
cv,train,5,P00648__S75A,-0.45500001311302185,-0.33672094345092773
cv,train,5,P01236__H87A,1.0,1.166214942932129
cv,train,5,P00720__S44A,0.30000001192092896,0.4384276270866394
cv,train,5,P01009__F75L,-1.9500000476837158,-1.7881675958633423
cv,train,5,P00644__V105G,5.199999809265137,5.389028072357178
cv,train,5,P02751__Y1569L,2.5999999046325684,2.637906312942505
cv,train,5,P00720__V103M,1.399999976158142,1.6074544191360474
cv,train,5,P00648__S75G,0.44999998807907104,0.5526680946350098
cv,train,5,P00044__F88Y,0.699999988079071,0.7792747616767883
cv,train,5,P00698__G120R,-0.3799999952316284,-0.3175908923149109
cv,train,5,P00720__R119A,0.1899999976158142,0.33878225088119507
cv,train,5,P00720__L133M,0.3499999940395355,0.5023874640464783
cv,train,5,P01053__Q42A,0.1599999964237213,0.22061342000961304
cv,train,5,P00720__A42L,5.099999904632568,5.13829231262207
cv,train,5,P05798__D79L,-2.6500000953674316,-2.590409517288208
cv,train,5,P00644__K98F,0.4000000059604645,0.4257887005805969
cv,train,5,P02185__H117A,-0.20000000298023224,-0.11551374197006226
cv,train,5,P05230__F123Y,-0.5,-0.3599298596382141
cv,train,5,P00712__W79F,0.9850000143051147,1.076729416847229
cv,train,5,P00644__L120E,3.299999952316284,3.398733615875244
cv,train,5,P01053__I50V,-0.07999999821186066,0.046414438635110855
cv,train,5,P00644__T115S,1.2999999523162842,1.3968043327331543
cv,train,5,P03051__D30L,0.10000000149011612,0.1833985447883606
cv,train,5,P01009__A274L,0.949999988079071,1.0463200807571411
cv,train,5,P00282__I101V,0.1550000011920929,0.3539808392524719
cv,train,5,P02417__E54Q,-0.33000001311302185,-0.19221287965774536
cv,train,5,P00644__D165G,2.6500000953674316,2.7465431690216064
cv,train,5,P00644__V105A,2.5999999046325684,2.7228639125823975
cv,train,5,P01053__R68A,1.3049999475479126,1.4302619695663452
cv,train,5,P00720__K135E,0.800000011920929,0.861050546169281
cv,train,5,P00644__K91A,1.399999976158142,1.5067722797393799
cv,train,5,P03050__S44A,-0.30000001192092896,-0.10942834615707397
cv,train,5,P00257__Y140F,0.009999999776482582,0.08327227830886841
cv,train,5,P01053__T56V,1.0,1.0721023082733154
cv,train,5,P00720__N163D,0.20999999344348907,0.2597683072090149
cv,train,5,P00698__C112A,5.389999866485596,5.658243179321289
cv,train,5,P00644__L190V,3.799999952316284,3.9691388607025146
cv,train,5,P00648__L142G,4.699999809265137,4.812792778015137
cv,train,5,P00644__V181S,5.099999904632568,5.223119735717773
cv,train,5,P04637__I232T,3.190000057220459,3.2452871799468994
cv,train,5,P01053__I77V,-0.19499999284744263,-0.06639629602432251
cv,train,5,P01241__S97A,1.0499999523162842,1.226000428199768
cv,train,5,P00644__E149Q,0.5,0.6164386868476868
cv,train,5,P00648__G81S,2.950000047683716,3.023376941680908
cv,train,5,P02945__V62A,-0.699999988079071,-0.481240451335907
cv,train,5,P00044__K79I,1.0950000286102295,1.1824440956115723
cv,train,5,P00720__I58T,3.4000000953674316,3.497283458709717
cv,train,5,P02417__K15M,0.3100000023841858,0.3812994360923767
cv,train,5,P00644__Y173E,7.25,7.3009443283081055
cv,train,5,P02751__I1557A,0.699999988079071,0.8998637795448303
cv,train,5,P01584__T125G,3.200000047683716,3.260331630706787
cv,train,5,P00720__S44K,-0.20000000298023224,-0.07663071155548096
cv,train,5,P00974__T46A,0.0,0.13992983102798462
cv,train,5,P01053__L69A,3.7699999809265137,3.89239239692688
cv,train,5,P00644__K88G,-0.25,-0.09761965274810791
cv,train,5,P01053__R63A,0.800000011920929,0.855403482913971
cv,train,5,P00720__Y25G,4.224999904632568,4.337158203125
cv,train,5,P00644__Y175L,4.5,4.594621181488037
cv,train,5,P00648__R130Q,1.690000057220459,1.6902669668197632
cv,train,5,P00644__A176G,2.4000000953674316,2.4212915897369385
cv,train,5,P03050__E17A,0.5,0.5812912583351135
cv,train,5,P00644__E157Q,0.6000000238418579,0.6730440258979797
cv,train,5,P00720__I150V,1.9500000476837158,1.9763520956039429
cv,train,5,P01053__I49A,3.700000047683716,3.778635263442993
cv,train,5,P00698__D119G,-0.44999998807907104,-0.2662624716758728
cv,train,5,P00720__V71A,1.5,1.6350468397140503
cv,train,5,P00974__F80A,6.849999904632568,6.987555980682373
cv,train,5,P00720__I3E,1.6549999713897705,1.7353076934814453
cv,train,5,P00651__A47I,0.4399999976158142,0.5191896557807922
cv,train,5,P00644__T115V,-0.4000000059604645,-0.2327938675880432
cv,train,5,P00808__S277C,1.2999999523162842,1.3734220266342163
cv,train,5,P00509__I5A,5.0,4.982259750366211
cv,train,5,P01584__R120Q,0.8999999761581421,0.9289168119430542
cv,train,5,P00918__W5F,-0.6499999761581421,-0.5346732139587402
cv,train,5,P00644__I221L,0.10000000149011612,0.1747998595237732
cv,train,5,P00648__R119G,2.5,2.5823886394500732
cv,train,5,P05798__T67V,0.0,0.10789448022842407
cv,train,5,P00644__K215Q,0.4000000059604645,0.4649660587310791
cv,train,5,P00974__G47A,1.7999999523162842,1.8969197273254395
cv,train,5,P00720__M6I,3.5999999046325684,3.7827975749969482
cv,train,5,P00918__L60C,0.10000000149011612,0.2641640305519104
cv,train,5,P04925__T189V,0.17000000178813934,0.33522480726242065
cv,train,5,P00720__R96G,2.9000000953674316,2.9364469051361084
cv,train,5,P00651__V42C,4.849999904632568,4.821238994598389
cv,train,5,P00648__I135G,7.400000095367432,7.512195110321045
cv,train,5,P03050__V25A,0.18000000715255737,0.2855823040008545
cv,train,5,P00648__I135V,1.399999976158142,1.533831000328064
cv,train,5,P00644__E183A,1.600000023841858,1.7753429412841797
cv,train,5,P00644__L219G,4.400000095367432,4.466490745544434
cv,train,5,P00644__M114I,0.6000000238418579,0.7259698510169983
cv,train,5,P00644__K88A,-0.25,-0.14729183912277222
cv,train,5,P00918__S56C,0.5,0.6459348797798157
cv,train,5,P00644__D159K,3.299999952316284,3.3157739639282227
cv,train,5,P00720__T157C,1.2999999523162842,1.2136114835739136
cv,train,5,P02417__V21I,0.4000000059604645,0.4709399342536926
cv,train,5,P00644__G189V,7.5,7.594608306884766
cv,train,5,P05798__R40E,-0.20000000298023224,-0.13865751028060913
cv,train,5,P00720__L84M,2.1500000953674316,2.2456932067871094
cv,train,5,P01006__M104V,0.5600000023841858,0.6933802962303162
cv,train,5,P02417__E48Q,-0.029999999329447746,0.08798956871032715
cv,train,5,P00644__Y109K,3.799999952316284,3.864253282546997
cv,train,5,P03050__R50A,1.899999976158142,2.0148744583129883
cv,train,5,P00644__K166Q,0.10000000149011612,0.2247357964515686
cv,train,5,2IMM_A__L112I,-0.4000000059604645,-0.3227958083152771
cv,train,5,P00750__V280M,2.200000047683716,2.4403083324432373
cv,train,5,P00644__K152Q,0.25,0.32510942220687866
cv,train,5,P01857__D282A,0.699999988079071,0.7724838852882385
cv,train,5,P00648__A79C,1.5,1.6294666528701782
cv,train,5,P02945__S72A,-0.10000000149011612,0.07850593328475952
cv,train,5,P00720__V111F,1.6449999809265137,1.767889142036438
cv,train,5,P00644__R163G,2.0999999046325684,2.1818182468414307
cv,train,5,1YYX_A__I72A,4.699999809265137,4.767073631286621
cv,train,5,P01053__T59A,0.6949999928474426,0.880827009677887
cv,train,5,P00712__A49T,-0.800000011920929,-0.6907708048820496
cv,train,5,P00644__A212V,1.100000023841858,1.1978908777236938
cv,train,5,P00974__G71A,2.0999999046325684,2.1513400077819824
cv,train,5,P00929__F139W,0.6499999761581421,0.8356364369392395
cv,train,5,P05798__D25K,0.8999999761581421,1.0142897367477417
cv,train,5,O74035__I6A,2.7100000381469727,2.9018752574920654
cv,train,5,P00648__E120F,1.9500000476837158,2.037954330444336
cv,train,5,P00648__R130K,4.264999866485596,4.280093669891357
cv,train,5,P01009__A272F,-1.649999976158142,-1.5227751731872559
cv,train,5,P00720__I100A,2.5,2.6696383953094482
cv,train,5,P02185__V115A,0.8500000238418579,0.9998130202293396
cv,train,5,P00644__L171G,3.200000047683716,3.352411985397339
cv,train,5,P04637__L330F,3.5,3.5669214725494385
cv,train,5,P05230__C31S,2.799999952316284,2.9354782104492188
cv,train,5,P00720__A98S,2.299999952316284,2.3451335430145264
cv,train,5,P02751__L1555A,0.8700000047683716,1.0303406715393066
cv,train,5,P03050__D20A,0.800000011920929,0.9290844798088074
cv,train,5,P00720__A98C,1.100000023841858,1.1644951105117798
cv,train,5,P02693__W7Y,0.8999999761581421,0.9717138409614563
cv,train,5,P00720__F153V,1.7999999523162842,1.8099040985107422
cv,train,5,P00644__Y109A,3.5,3.6385929584503174
cv,train,5,P00644__G102V,2.200000047683716,2.281752586364746
cv,train,5,P01584__R120P,0.3499999940395355,0.5134676098823547
cv,train,5,P05798__N39D,1.5,1.543433427810669
cv,train,5,P02185__H98Q,0.054999999701976776,0.10238093137741089
cv,train,5,P04271__L4A,-0.41499999165534973,-0.273762047290802
cv,train,5,P02633__F14A,4.465000152587891,4.5324931144714355
cv,train,5,P00720__S44I,-0.3050000071525574,-0.16935551166534424
cv,train,5,P00648__G81H,2.6500000953674316,2.6981875896453857
cv,train,5,P00929__F258W,1.2000000476837158,1.3295328617095947
cv,train,5,P00644__T123V,-0.800000011920929,-0.6703388690948486
cv,train,5,P00644__K216C,0.699999988079071,0.7286822199821472
cv,train,5,P00644__M108I,0.800000011920929,0.9643942713737488
cv,train,5,P01053__E46A,0.550000011920929,0.5900341868400574
cv,train,5,P03050__K46A,0.0,0.2446940541267395
cv,train,5,P00644__Y195G,0.20000000298023224,0.35221582651138306
cv,train,5,2IMM_A__M21I,-0.20000000298023224,-0.16962844133377075
cv,train,5,P00648__K109R,0.3499999940395355,0.40285593271255493
cv,train,5,P00644__R187A,1.2999999523162842,1.4455620050430298
cv,train,5,P00644__R117A,1.399999976158142,1.5196255445480347
cv,train,5,P05230__V46I,1.0,1.1054823398590088
cv,train,5,P05798__N39A,2.200000047683716,2.3956034183502197
cv,train,5,P00644__V133T,-0.20000000298023224,-0.11448174715042114
cv,train,5,P00711__V61N,0.2199999988079071,0.2976401448249817
cv,train,5,P00651__D75Y,0.25,0.35480886697769165
cv,train,5,P00720__I3T,2.190000057220459,2.271580457687378
cv,train,5,P00644__Y109F,0.4000000059604645,0.5093802213668823
cv,train,5,P00509__C180R,1.7000000476837158,1.8159983158111572
cv,train,5,P00648__R106A,-0.5699999928474426,-0.43348807096481323
cv,train,5,P00644__T144C,1.100000023841858,1.1446017026901245
cv,train,5,P00644__K179G,1.7000000476837158,1.7530714273452759
cv,train,5,P02417__E17Q,0.20999999344348907,0.31394726037979126
cv,train,5,P00974__G71S,0.699999988079071,0.7540372014045715
cv,train,5,P00974__N79A,3.299999952316284,3.508193016052246
cv,train,5,P00644__K166F,0.800000011920929,0.873419463634491
cv,train,5,P00648__A79G,0.8999999761581421,1.1022671461105347
cv,train,5,P00720__V87M,2.25,2.4223732948303223
cv,train,5,P02751__P1562A,0.4399999976158142,0.5724784731864929
cv,train,5,P00560__H389Q,0.8399999737739563,0.9807921051979065
cv,train,5,P04637__D228E,-0.05000000074505806,0.02049202099442482
cv,train,5,P03050__G30A,1.8949999809265137,2.0515480041503906
cv,train,5,P00644__R187C,2.5999999046325684,2.6200156211853027
cv,train,5,P03050__Q39G,0.9599999785423279,1.1257888078689575
cv,train,5,P00648__L136V,0.30000001192092896,0.5150423645973206
cv,train,5,3PG0_A__A86V,-0.5,-0.3790895342826843
cv,train,5,1YYX_A__M58A,3.5999999046325684,3.770925998687744
cv,train,5,P00698__D119E,0.0,0.15158545970916748
cv,train,5,P02693__V61N,0.800000011920929,0.8861594796180725
cv,train,5,P05798__Q38A,-0.699999988079071,-0.6001843810081482
cv,train,5,P00720__R80K,0.1850000023841858,0.3334837555885315
cv,train,5,P00720__N132I,-1.2000000476837158,-1.130541443824768
cv,train,5,P00644__E92A,1.2999999523162842,1.4055496454238892
cv,train,5,P01584__C124S,4.099999904632568,4.1573076248168945
cv,train,5,P00644__T123E,3.299999952316284,3.495620012283325
cv,train,5,P00720__I78V,0.75,0.9984844326972961
cv,train,5,P00648__S139A,2.799999952316284,2.9306235313415527
cv,train,5,P05798__R65A,1.100000023841858,1.182590365409851
cv,train,5,P00720__I50A,2.25,2.3238840103149414
cv,train,5,P00720__A41D,-0.29499998688697815,-0.20930075645446777
cv,train,5,P02185__H25V,-0.019999999552965164,0.1655614972114563
cv,train,5,P00929__G211E,-0.5,-0.31872934103012085
cv,train,5,P00720__F153M,0.6000000238418579,0.6714295744895935
cv,train,5,P00509__C180S,1.399999976158142,1.5270248651504517
cv,train,5,P00644__M114A,1.7000000476837158,1.8655411005020142
cv,train,5,P00974__P44A,0.800000011920929,0.9705691933631897
cv,train,5,P01053__V83A,1.4249999523162842,1.6161710023880005
cv,train,5,P00648__E120Q,2.5,2.6584835052490234
cv,train,5,P00648__I143G,5.699999809265137,5.78212308883667
cv,train,5,P00648__A79T,0.6000000238418579,0.6884662508964539
cv,train,5,P00644__T202V,1.7000000476837158,1.826565146446228
cv,train,5,P00720__E11N,0.75,0.8543931841850281
cv,train,5,P01857__T233A,0.10000000149011612,0.21757501363754272
cv,train,5,P00644__K209G,0.699999988079071,0.8463084697723389
cv,train,5,P00720__T152C,0.5,0.5414265394210815
cv,train,5,P00644__M108L,0.4000000059604645,0.5660627484321594
cv,train,5,P00644__V196I,0.10000000149011612,0.1773889660835266
cv,train,5,P06241__E107L,3.0,3.049964189529419
cv,train,5,P02753__W42F,2.5,2.549971580505371
cv,train,5,P01009__V169I,-0.20000000298023224,-0.04466157779097557
cv,train,5,P00644__M147G,4.599999904632568,4.8169264793396
cv,train,5,P01053__F70V,1.899999976158142,2.0994713306427
cv,train,5,P01006__M104L,0.2750000059604645,0.3773494362831116
cv,train,5,P00648__Y60G,6.400000095367432,6.611050605773926
cv,train,5,P00644__I174G,6.099999904632568,6.157339096069336
cv,train,5,P00644__A176V,1.2999999523162842,1.349095344543457
cv,train,5,P00648__V83T,1.100000023841858,1.170892596244812
cv,train,5,P00698__Q139H,0.44999998807907104,0.5896138548851013
cv,train,5,P06241__F103L,1.100000023841858,1.1841251850128174
cv,train,5,P00044__N58H,1.600000023841858,1.7247157096862793
cv,train,5,P04637__C182S,-0.1599999964237213,-0.03749978169798851
cv,train,5,P00720__C54V,0.699999988079071,0.8501712679862976
cv,train,5,P05230__H108G,-1.2999999523162842,-1.1866399049758911
cv,train,5,P00698__I73A,3.5999999046325684,3.749884605407715
cv,train,5,P00720__L91P,9.699999809265137,9.784843444824219
cv,train,5,P00644__H128Y,0.0,0.10163885354995728
cv,train,5,P00974__V69A,1.2000000476837158,1.3228228092193604
cv,train,5,P00644__A151T,2.700000047683716,2.7665998935699463
cv,train,5,P01053__E35D,0.7400000095367432,0.7788739800453186
cv,train,5,P06241__F109I,2.0,2.1413753032684326
cv,train,5,P01625__M24L,-1.0499999523162842,-0.9215803146362305
cv,train,5,P01053__I50G,3.5199999809265137,3.6149654388427734
cv,train,5,P00974__S82A,1.600000023841858,1.7303855419158936
cv,train,5,P00974__F39L,2.200000047683716,2.276942014694214
cv,train,5,P00974__Y70D,3.799999952316284,3.8885302543640137
cv,train,5,P00644__D165F,4.800000190734863,4.807797908782959
cv,train,5,P02751__F1585A,2.0,2.0989573001861572
cv,train,5,P00509__D11A,5.699999809265137,5.8551435470581055
cv,train,5,P00044__G12A,3.5,3.479598045349121
cv,train,5,P00698__S109T,-0.9900000095367432,-0.8078280091285706
cv,train,5,P00974__L41A,0.6000000238418579,0.7263621687889099
cv,train,5,P00644__L119A,1.600000023841858,1.8611795902252197
cv,train,5,P00720__D72P,2.700000047683716,2.8780596256256104
cv,train,5,P04925__E199K,0.17000000178813934,0.283672034740448
cv,train,5,P00648__T53N,1.2699999809265137,1.266378402709961
cv,train,5,P00808__S140C,0.699999988079071,0.9000067710876465
cv,train,5,P05230__H108A,0.5149999856948853,0.6008151173591614
cv,train,5,1YYX_A__V84A,3.9000000953674316,3.939649820327759
cv,train,5,P00720__T109N,-0.10000000149011612,0.021683815866708755
cv,train,5,P00648__N88D,2.5,2.580157995223999
cv,train,5,P00648__G81K,2.799999952316284,2.7724239826202393
cv,train,5,P04637__T150P,0.07999999821186066,0.16711479425430298
cv,train,5,P00644__D103G,-0.30000001192092896,-0.12867462635040283
cv,train,5,P00720__L99I,1.5,1.6422231197357178
cv,train,5,P00644__D177F,4.900000095367432,4.943324089050293
cv,train,5,P00648__I123T,2.5999999046325684,2.6905970573425293
cv,train,5,P02945__L74A,-0.699999988079071,-0.4707435965538025
cv,train,5,P00644__H206A,-0.4000000059604645,-0.26004528999328613
cv,train,5,P04637__L206S,0.10000000149011612,0.16056817770004272
cv,train,5,P03050__E28G,1.2450000047683716,1.4110831022262573
cv,train,5,P00711__W137H,0.6000000238418579,0.6527670621871948
cv,train,5,P03034__A50V,1.2200000286102295,1.313151478767395
cv,train,5,P02417__D23N,0.5799999833106995,0.6699459552764893
cv,train,5,P02185__E110A,-0.25,-0.09543389081954956
cv,train,5,P03050__F45A,2.700000047683716,2.8167171478271484
cv,train,5,P00644__N201A,1.149999976158142,1.2801967859268188
cv,train,5,P06213__W1202F,-0.6000000238418579,-0.5679466128349304
cv,train,5,P00644__K106G,1.100000023841858,1.2362089157104492
cv,train,5,P03051__D30G,-2.0,-1.8215770721435547
cv,train,5,P00651__N70D,1.399999976158142,1.4940539598464966
cv,train,5,P00720__L33A,3.5999999046325684,3.7470829486846924
cv,train,5,P00644__L119I,1.7999999523162842,1.925357699394226
cv,train,5,P00509__C180F,0.8999999761581421,1.0142401456832886
cv,train,5,P00644__A140G,2.5,2.5235655307769775
cv,train,5,P00720__R96K,0.25,0.3355007767677307
cv,train,5,P00648__H65D,2.299999952316284,2.3365345001220703
cv,train,5,P04637__Q104P,-0.10999999940395355,-0.00799601897597313
cv,train,5,P00171__V66H,1.6150000095367432,1.747578740119934
cv,train,5,P01857__Y290A,2.0999999046325684,2.165477991104126
cv,train,5,P04637__R337A,5.849999904632568,5.999744415283203
cv,train,5,P04637__H168R,2.9100000858306885,2.9835243225097656
cv,train,5,P00720__V103I,0.4000000059604645,0.5450060963630676
cv,train,5,P01857__K275A,0.4000000059604645,0.522059977054596
cv,train,5,P00818__P72A,1.600000023841858,1.7452888488769531
cv,train,5,P00720__E108V,-1.0499999523162842,-0.9662733674049377
cv,train,5,P01009__T92A,-0.949999988079071,-0.8538926243782043
cv,train,5,P02751__I1627V,0.2800000011920929,0.4209255576133728
cv,train,5,P00644__T95S,0.30000001192092896,0.38970011472702026
cv,train,5,P01006__M104A,-0.30000001192092896,-0.18581074476242065
cv,train,5,P01009__V388I,-0.3499999940395355,-0.24383586645126343
cv,train,5,P00720__P86G,1.7549999952316284,1.9622608423233032
cv,train,5,P00720__T151S,-0.39500001072883606,-0.29962778091430664
cv,train,5,P00644__G170W,0.800000011920929,0.9457910656929016
cv,train,5,P00644__P113G,1.5,1.6541554927825928
cv,train,5,P03069__K263A,0.4099999964237213,0.44297128915786743
cv,train,5,P00720__V131E,-0.20000000298023224,-0.22824323177337646
cv,train,5,P00644__P93G,0.949999988079071,1.1363176107406616
cv,train,5,P00648__I98A,4.699999809265137,4.748022556304932
cv,train,5,P03040__Y26D,-2.049999952316284,-1.942724585533142
cv,train,5,P00711__L129H,-1.3949999809265137,-1.3416696786880493
cv,train,5,P00929__E49L,-6.75,-6.635715484619141
cv,train,5,P02633__L27A,3.4649999141693115,3.572521686553955
cv,train,5,P00644__E211F,3.9000000953674316,4.049165725708008
cv,train,5,P00651__V115C,3.5199999809265137,3.5247573852539062
cv,train,5,P01053__L41G,1.899999976158142,2.0252954959869385
cv,train,5,P00720__L99M,0.5,0.5713767409324646
cv,train,5,P00651__A47W,0.30000001192092896,0.42911964654922485
cv,train,5,P00644__L118C,2.9000000953674316,2.9394443035125732
cv,train,5,P00644__E204G,2.0,2.1592795848846436
cv,train,5,P00509__C181S,1.0,1.1693354845046997
cv,train,5,P05230__F100W,0.0,0.1611045002937317
cv,train,5,P00099__F29A,-1.100000023841858,-0.8681948781013489
cv,train,5,P00094__K53E,-0.30000001192092896,-0.20894306898117065
cv,train,5,P00929__L209V,2.0,2.1594207286834717
cv,train,5,P00644__Y109Q,3.200000047683716,3.2767083644866943
cv,train,5,P00644__A227G,0.4000000059604645,0.5319474339485168
cv,train,5,P00782__Y324K,-0.7200000286102295,-0.583230197429657
cv,train,5,P00644__K152E,0.30000001192092896,0.38387638330459595
cv,train,5,P02185__E110G,0.8999999761581421,1.0636835098266602
cv,train,5,P00644__G132V,1.0,1.0811219215393066
cv,train,5,P04925__F197S,2.2799999713897705,2.3226287364959717
cv,train,5,P02185__L33A,1.0499999523162842,1.230465292930603
cv,train,5,P00644__Q213G,2.299999952316284,2.4633233547210693
cv,train,5,P00720__A42K,3.700000047683716,3.760723829269409
cv,train,5,P00257__Y140W,0.20499999821186066,0.268177330493927
cv,train,5,P02185__H65Q,0.2750000059604645,0.3486354351043701
cv,train,5,P03706__H31D,1.600000023841858,1.6618857383728027
cv,train,5,P02185__H49Q,0.4050000011920929,0.5025700926780701
cv,train,5,P02945__D51A,0.5,0.605161726474762
cv,train,5,P05230__H108N,-0.24500000476837158,-0.18376165628433228
cv,train,5,P05798__D79Y,-2.9000000953674316,-2.7709038257598877
cv,train,5,P00644__S210A,-0.699999988079071,-0.6023889183998108
cv,train,5,P00648__R157A,0.3499999940395355,0.4080873131752014
cv,train,5,P00644__L96G,3.700000047683716,3.855459690093994
cv,train,5,P03050__M4A,-0.20000000298023224,-0.10695606470108032
cv,train,5,P01241__E100S,1.0,1.1543667316436768
cv,train,5,P00648__D59S,0.800000011920929,0.88615483045578
cv,train,5,P00644__V181T,3.299999952316284,3.4695851802825928
cv,train,5,P01053__I49V,1.0,1.1108766794204712
cv,train,5,P00644__K179A,0.15000000596046448,0.2994428277015686
cv,train,5,P01053__I50T,1.340000033378601,1.4409419298171997
cv,train,5,P02625__A21P,0.0,0.048805538564920425
cv,train,5,P00720__A93P,-0.30000001192092896,-0.26190632581710815
cv,train,5,P03050__N29A,0.4000000059604645,0.5163998007774353
cv,train,5,P01308__H34D,-1.2999999523162842,-1.26722252368927
cv,train,5,P00698__D119P,2.200000047683716,2.285510301589966
cv,train,5,P00720__Q105A,0.699999988079071,0.8745043873786926
cv,train,5,P00720__A41V,-0.4099999964237213,-0.24087727069854736
cv,train,5,P00929__F22V,-0.05999999865889549,0.00010621920228004456
cv,train,5,P00509__R254M,3.5999999046325684,3.7403719425201416
cv,train,5,P00711__A125S,1.0750000476837158,1.1347614526748657
cv,train,5,P06241__L101V,1.600000023841858,1.7392438650131226
cv,train,5,P00648__T53A,2.125,2.291914701461792
cv,train,5,P05798__D33A,6.050000190734863,6.20265531539917
cv,train,5,P00644__K106A,0.25,0.38618308305740356
cv,train,5,P06241__L101F,1.2000000476837158,1.2848577499389648
cv,train,5,P00644__T126A,0.30000001192092896,0.5233533978462219
cv,train,5,P00644__G132C,0.800000011920929,0.7568824887275696
cv,train,5,P00560__W309Y,1.3650000095367432,1.4810856580734253
cv,train,5,P00720__K16E,0.30000001192092896,0.4132094979286194
cv,train,5,P05413__Y129F,3.259999990463257,3.3638484477996826
cv,train,5,P00720__D92N,1.25,1.388833999633789
cv,train,5,P00648__Y150F,0.14000000059604645,0.33644503355026245
cv,train,5,P00929__E49W,-0.949999988079071,-0.8385397791862488
cv,train,5,P02417__H144Q,0.8399999737739563,0.9782208800315857
cv,train,5,P01584__T125L,1.899999976158142,1.942111611366272
cv,train,5,P00644__R208A,1.600000023841858,1.7405271530151367
cv,train,5,P03050__M7A,0.6000000238418579,0.7494494318962097
cv,train,5,P05413__R127Q,0.46000000834465027,0.48082345724105835
cv,train,5,P00711__W137Y,1.184999942779541,1.2495986223220825
cv,train,5,P00044__G29S,1.5,1.5816820859909058
cv,train,5,P00644__Y109D,5.0,5.12580680847168
cv,train,5,P02751__V1566A,1.399999976158142,1.5539695024490356
cv,train,5,P00644__D101F,1.2999999523162842,1.3434044122695923
cv,train,5,P00644__A214E,7.050000190734863,7.161941051483154
cv,train,5,P00509__C77A,0.5,0.6873010396957397
cv,train,5,P00648__T63R,0.05000000074505806,0.007358971983194351
cv,train,5,P01308__T97R,-1.25,-1.2541712522506714
cv,train,5,P00651__V115T,3.0850000381469727,3.184022903442383
cv,train,5,P01009__A308I,0.0,0.0522959865629673
cv,train,5,P00648__T53H,2.0999999046325684,2.1846001148223877
cv,train,5,P04637__R342A,0.8999999761581421,1.1068493127822876
cv,train,5,P05230__V46W,-0.9599999785423279,-0.856054961681366
cv,train,5,P05230__G77A,1.465000033378601,1.5556620359420776
cv,train,5,P00720__Y24A,5.5,5.563445091247559
cv,train,5,P03706__H31N,-1.7999999523162842,-1.731680989265442
cv,train,5,P01006__V44L,2.299999952316284,2.4183380603790283
cv,train,5,P01009__A55L,-0.8999999761581421,-0.879671573638916
cv,train,5,P03069__K256A,0.38999998569488525,0.4943147301673889
cv,train,5,P00720__A42V,3.5,3.604761838912964
cv,train,5,P00644__E149G,0.8999999761581421,0.9819238781929016
cv,train,5,P01053__E61A,0.699999988079071,0.8243433833122253
cv,train,5,P00644__V186L,0.800000011920929,0.8569285869598389
cv,train,5,P00644__V156A,3.0999999046325684,3.3060860633850098
cv,train,5,P00698__P88N,2.1500000953674316,2.230692148208618
cv,train,5,P00651__V42S,4.699999809265137,4.824000835418701
cv,train,5,P04637__M340A,4.150000095367432,4.343633651733398
cv,train,5,P00644__T86A,0.20000000298023224,0.23963004350662231
cv,train,5,P00099__V35M,-0.4000000059604645,-0.26712721586227417
cv,train,5,P03050__E17G,0.8949999809265137,0.9852204918861389
cv,train,5,P00644__I100M,0.6000000238418579,0.6713247895240784
cv,train,5,P00044__H39P,0.800000011920929,0.8995078206062317
cv,train,5,P00644__Y167L,0.10000000149011612,0.1843063235282898
cv,train,5,3PG0_A__D117P,0.0,0.08231133222579956
cv,train,5,P00648__G100A,3.4000000953674316,3.530738115310669
cv,train,5,P00720__A130G,1.9500000476837158,2.0672905445098877
cv,train,5,P00644__G161V,2.200000047683716,2.352525472640991
cv,train,5,P00720__K85A,0.25,0.3144906163215637
cv,train,5,P03050__L19A,1.3600000143051147,1.503552794456482
cv,train,5,2IMM_A__F38Y,-0.4000000059604645,-0.30337750911712646
cv,train,5,P00644__Y173G,6.199999809265137,6.315114974975586
cv,train,5,P00644__T123C,-0.6000000238418579,-0.508273184299469
cv,train,5,P00698__S109V,0.07999999821186066,0.22965943813323975
cv,train,5,P00044__L100V,0.699999988079071,0.8636488318443298
cv,train,5,P00644__Y167A,0.4000000059604645,0.4958406686782837
cv,train,5,P04179__Y58F,-6.349999904632568,-6.17917537689209
cv,train,5,P00651__S43A,-0.6200000047683716,-0.533814013004303
cv,train,5,P05798__T82V,1.7000000476837158,1.823021411895752
cv,train,5,P00648__A79R,0.15000000596046448,0.2761765122413635
cv,train,5,P00750__V280L,1.899999976158142,1.9879053831100464
cv,train,5,P00720__F67A,1.899999976158142,2.0481510162353516
cv,train,5,P02633__E21Q,-0.3799999952316284,-0.33675283193588257
cv,train,5,P00509__C180Y,1.100000023841858,1.1805757284164429
cv,train,5,P00782__G276A,-0.30000001192092896,-0.21402734518051147
cv,train,5,P00644__V181I,0.15000000596046448,0.25967663526535034
cv,train,5,P04637__Q331A,0.949999988079071,1.0573168992996216
cv,train,5,P00044__K79G,0.7400000095367432,0.9013206362724304
cv,train,5,P02647__L165R,0.699999988079071,0.7702228426933289
cv,train,5,P00750__V280S,2.4000000953674316,2.45186185836792
cv,train,5,P01053__D75N,0.0,0.024973038583993912
cv,train,5,P02185__S118A,0.30000001192092896,0.4310029149055481
cv,train,5,P04925__F174W,0.10000000149011612,0.302668035030365
cv,train,5,P00282__V42A,1.5,1.7860338687896729
cv,train,5,P00644__V133L,0.15000000596046448,0.23278242349624634
cv,train,5,P01053__V58A,1.100000023841858,1.255419373512268
cv,train,5,P00644__Q205F,0.6000000238418579,0.730900228023529
cv,train,5,P00720__A129L,1.600000023841858,1.6817371845245361
cv,train,5,2IMM_A__N96Q,-1.100000023841858,-1.0555425882339478
cv,train,5,P04637__D352A,1.399999976158142,1.5097198486328125
cv,train,5,O74035__L118A,4.880000114440918,4.952716827392578
cv,train,5,P00644__K160A,0.5,0.5490435361862183
cv,train,5,P00509__E253K,7.300000190734863,7.402911186218262
cv,train,5,P02945__T60A,1.0,1.1278201341629028
cv,train,5,P00592__H70K,2.6549999713897705,2.7216274738311768
cv,train,5,P00698__R86K,0.03999999910593033,0.08801943063735962
cv,train,5,P00644__K179E,0.5,0.572376012802124
cv,train,5,P00644__K91G,1.899999976158142,1.9693471193313599
cv,train,5,P00509__K63E,4.800000190734863,4.8888702392578125
cv,train,5,P00648__G81R,2.5999999046325684,2.6762337684631348
cv,train,5,P02417__F5V,3.990000009536743,4.061263561248779
cv,train,5,P03051__D30Y,-0.20000000298023224,-0.1412401795387268
cv,train,5,P00644__P124G,0.3499999940395355,0.4540681838989258
cv,train,5,P00698__A49V,-1.2000000476837158,-1.0317641496658325
cv,train,5,P00282__I40V,0.3799999952316284,0.5291614532470703
cv,train,5,P00644__Y175F,1.899999976158142,2.018876314163208
cv,train,5,P05798__E54Q,2.0,2.0759479999542236
cv,train,5,P00257__Y140S,0.33000001311302185,0.3959651589393616
cv,train,5,P01053__K44A,0.6499999761581421,0.7272096276283264
cv,train,5,P00644__T126S,0.0,0.05072743073105812
cv,train,5,P00644__N201G,1.149999976158142,1.3609610795974731
cv,train,5,P00644__E217G,1.600000023841858,1.7263356447219849
cv,train,5,P00929__E49M,-3.5999999046325684,-3.4884514808654785
cv,train,5,P00004__L95A,3.5,3.6698427200317383
cv,train,5,P02185__L30V,1.7000000476837158,1.86874258518219
cv,train,5,P00644__V181G,4.650000095367432,4.835818290710449
cv,train,5,P00644__R208G,2.9000000953674316,3.0357468128204346
cv,train,5,P01584__N123D,-0.26499998569488525,-0.19851142168045044
cv,train,5,P00648__H65G,0.5,0.5550339818000793
cv,train,5,P02633__L10V,1.9500000476837158,2.069096326828003
cv,train,5,P01625__T100H,-0.699999988079071,-0.6389877200126648
cv,train,5,P04271__L4S,-0.800000011920929,-0.794767439365387
cv,train,5,P00720__A93S,0.15000000596046448,0.16211539506912231
cv,train,5,P04637__Y220C,4.090000152587891,4.158114433288574
cv,train,5,P00720__S44T,-0.004999999888241291,0.12850326299667358
cv,train,5,P02185__L150A,1.600000023841858,1.7507686614990234
cv,train,5,P02417__V21L,1.2300000190734863,1.3066779375076294
cv,train,5,P02185__F124A,0.699999988079071,0.8062326312065125
cv,train,5,P03034__G49S,-0.6800000071525574,-0.5912907719612122
cv,train,5,P00974__D85A,0.4000000059604645,0.5365114808082581
cv,train,5,P00720__G28A,2.0999999046325684,2.2206618785858154
cv,train,5,P00720__I100V,0.4000000059604645,0.5299119353294373
cv,train,5,P05413__T40V,0.800000011920929,0.8918053507804871
cv,train,5,P00698__N37K,1.059999942779541,1.14518141746521
cv,train,5,P01308__T97A,-0.1599999964237213,-0.019462760537862778
cv,train,5,P00644__L119V,2.799999952316284,2.9290378093719482
cv,train,5,P00648__T73A,1.899999976158142,2.049638509750366
cv,train,5,P06241__S124D,2.009999990463257,2.122750759124756
cv,train,5,P00094__K35E,1.100000023841858,1.2249428033828735
cv,train,5,P04637__A347G,1.850000023841858,1.9687892198562622
cv,train,5,P00644__K153A,0.4000000059604645,0.5163255333900452
cv,train,5,P02751__A1594G,2.5,2.695387125015259
cv,train,5,P04637__R335A,1.4500000476837158,1.5879604816436768
cv,train,5,P00282__L145A,1.434999942779541,1.5480376482009888
cv,train,5,P00648__G81T,3.25,3.364022970199585
cv,train,5,P00644__K145A,0.4000000059604645,0.5146437287330627
cv,train,5,P00651__Y37F,2.069999933242798,2.109630823135376
cv,train,5,P00644__Y167F,0.10000000149011612,0.12707239389419556
cv,train,5,P00648__T53E,0.27000001072883606,0.3601004481315613
cv,train,5,P00720__A42I,4.400000095367432,4.48597526550293
cv,train,5,P01053__Q42G,0.699999988079071,0.7201833128929138
cv,train,5,P00974__F39A,3.0,3.137730360031128
cv,train,5,P00974__M87A,1.7000000476837158,1.7846497297286987
cv,train,5,P00644__P113A,0.550000011920929,0.7234348654747009
cv,val,5,P00644__M147A,2.0,3.09005069732666
cv,val,5,P02185__H114Q,-0.10000000149011612,-0.4581673741340637
cv,val,5,P01053__L52V,0.6000000238418579,2.305570125579834
cv,val,5,P05230__V124I,0.009999999776482582,0.4706832766532898
cv,val,5,P01857__L281A,0.10000000149011612,2.140501022338867
cv,val,5,P00644__K215G,3.200000047683716,2.732077121734619
cv,val,5,P04637__F328A,4.800000190734863,4.330860614776611
cv,val,5,P01241__E100Q,0.699999988079071,0.012983385473489761
cv,val,5,P00720__E22K,-0.5849999785423279,-0.16631799936294556
cv,val,5,P00644__A227V,0.30000001192092896,-0.4023681879043579
cv,val,5,P01009__K355F,1.1050000190734863,1.2086375951766968
cv,val,5,P00720__S117A,-1.2699999809265137,-0.05892324075102806
cv,val,5,P00974__I54A,2.0999999046325684,1.694623589515686
cv,val,5,P00044__N58T,-1.350000023841858,-0.07885271310806274
cv,val,5,P00720__P86A,0.4000000059604645,0.38453209400177
cv,val,5,P02185__F124K,1.399999976158142,2.7302772998809814
cv,val,5,P05798__V2T,0.8999999761581421,2.6847400665283203
cv,val,5,P00282__I27A,3.2750000953674316,3.931593656539917
cv,val,5,P00648__Q78A,-0.10000000149011612,0.5394389033317566
cv,val,5,P00648__I98V,1.7999999523162842,2.623509168624878
cv,val,5,P02945__I58A,1.899999976158142,0.8336935639381409
cv,val,5,P00698__T58S,0.27000001072883606,1.785405158996582
cv,val,5,P00648__L80Q,1.2999999523162842,2.018380880355835
cv,val,5,P00644__F116G,5.75,5.029508113861084
cv,val,5,P00644__T123I,-0.699999988079071,0.27583402395248413
cv,val,5,P00648__Q151A,0.12999999523162842,1.405408263206482
cv,val,5,P00651__Y71W,-0.7400000095367432,-0.4441274106502533
cv,val,5,P06241__A89G,1.600000023841858,1.7898284196853638
cv,val,5,P00644__L119G,3.799999952316284,3.683549642562866
cv,val,5,P00651__A47H,0.3499999940395355,1.5413411855697632
cv,val,5,P00720__N144H,0.10000000149011612,0.30277055501937866
cv,val,5,P00720__R96I,2.8499999046325684,2.577846050262451
cv,val,5,P04637__Y236F,-0.27000001072883606,0.6200631260871887
cv,val,5,P01053__S32G,-0.6499999761581421,2.869138479232788
cv,val,5,P00974__P48A,1.399999976158142,1.5043543577194214
cv,val,5,P02185__I29M,0.6000000238418579,1.128517508506775
cv,val,5,P00644__W222L,4.5,2.1057465076446533
cv,val,5,P00644__I174M,1.600000023841858,0.4946504235267639
cv,val,5,P00648__A79N,0.5,0.7021443247795105
cv,val,5,P02751__Y1605F,2.0299999713897705,2.4896609783172607
cv,val,5,P04179__Q143N,-1.2000000476837158,0.5109136700630188
cv,val,5,P01857__V280A,0.6000000238418579,1.0326851606369019
cv,val,5,P04271__F15A,4.460000038146973,3.3821725845336914
cv,val,5,P00644__I221A,3.299999952316284,2.9290719032287598
cv,val,5,P06241__F109L,0.800000011920929,1.2693547010421753
cv,val,5,P05230__C132V,0.30000001192092896,1.0635005235671997
cv,val,5,P00644__L219V,1.399999976158142,1.9023226499557495
cv,val,5,P00644__L171V,1.399999976158142,1.7373751401901245
cv,val,5,P02185__L136I,1.5,0.8779014945030212
cv,val,5,P03040__A36S,-0.30000001192092896,-0.04293602332472801
cv,val,5,P02633__D23N,-0.7400000095367432,-0.5179511308670044
cv,val,5,P00929__E49Y,0.0,-2.525845527648926
cv,val,5,P00257__C153S,-0.9599999785423279,1.056855320930481
cv,val,5,P05413__T40E,2.4000000953674316,1.7237552404403687
cv,val,5,P00648__T152V,2.200000047683716,2.3011908531188965
cv,val,5,P00644__L96A,2.299999952316284,2.370619058609009
cv,val,5,P02185__G66A,0.10000000149011612,0.43404871225357056
cv,val,5,3PG0_A__D109P,-0.20000000298023224,1.9389547109603882
cv,val,5,P06241__E107Q,0.7200000286102295,0.8309081196784973
cv,val,5,P04637__E343A,0.6499999761581421,1.093807578086853
cv,val,5,P00644__T104C,0.8999999761581421,1.440830945968628
cv,val,5,P00648__D91E,-0.20000000298023224,-0.08371186256408691
cv,val,5,P00282__F130A,5.019999980926514,3.767634391784668
cv,val,5,P00644__N182G,5.0,1.983538031578064
cv,val,5,P00644__E139G,1.399999976158142,0.6814598441123962
cv,val,5,P00644__F143G,4.75,2.9095568656921387
cv,val,5,P00720__T152A,1.5,2.1535093784332275
cv,val,5,P00720__V131L,-0.09000000357627869,-1.186804175376892
cv,val,5,P00644__K198G,-1.0,-0.0941770076751709
cv,val,5,P00644__T164G,2.0,1.1840059757232666
cv,val,5,P03050__V22A,3.0199999809265137,2.614128828048706
cv,val,5,P00099__E65Y,-0.6499999761581421,0.9698665738105774
cv,val,5,P00025__K74F,1.149999976158142,1.1947745084762573
cv,val,5,P00644__R117G,2.200000047683716,2.386413812637329
cv,val,5,P00952__T51P,0.7699999809265137,-0.09549069404602051
cv,val,5,P02751__V1587A,2.4200000762939453,1.7753702402114868
cv,val,5,P00644__T144G,3.450000047683716,3.5347378253936768
cv,val,5,P00644__Y197A,0.25,0.28256523609161377
cv,val,5,P00720__K43A,1.065000057220459,2.131974697113037
cv,val,5,P00644__T164C,0.10000000149011612,-1.2257295846939087
cv,val,5,P04637__I195T,4.119999885559082,3.4200265407562256
cv,val,5,P03050__D20G,2.0950000286102295,0.6531796455383301
cv,val,5,P00648__A79Q,0.4000000059604645,1.1170440912246704
cv,val,5,P00644__R169G,2.5,2.870399236679077
cv,val,5,P00940__Q179A,-0.10000000149011612,0.5099171996116638
cv,val,5,P06241__E107H,0.9950000047683716,0.436736524105072
cv,val,5,P00648__D55A,0.8500000238418579,0.7911211252212524
cv,val,5,P00929__E49N,-0.3499999940395355,-2.1234285831451416
cv,val,5,P00644__V181E,6.75,5.664554595947266
cv,val,5,P00644__K166A,-0.15000000596046448,0.28212839365005493
cv,val,5,P00644__N182A,4.800000190734863,1.5049188137054443
cv,val,5,P00698__I73T,4.099999904632568,2.4224417209625244
cv,val,5,P01051__L27A,0.18000000715255737,2.316565752029419
cv,val,5,P00644__K160Q,0.10000000149011612,0.6359777450561523
cv,val,5,P01009__K411R,-0.949999988079071,-0.4239789843559265
cv,val,5,P00929__G211S,-0.20000000298023224,0.30499833822250366
cv,val,5,P00651__V104A,4.090000152587891,2.9088332653045654
cv,val,5,P05798__N39S,2.299999952316284,2.25693416595459
cv,val,5,P00644__D122A,-0.30000001192092896,1.0979360342025757
cv,val,5,P03050__Q39A,-0.10000000149011612,1.0023576021194458
cv,val,5,P00648__E76S,1.2000000476837158,1.4831024408340454
cv,val,5,O74035__E8A,-2.450000047683716,0.7530315518379211
cv,val,5,P01241__E100T,1.100000023841858,0.5763218402862549
cv,val,5,P01053__K44G,3.25,2.17071270942688
cv,val,5,P00171__V50Y,1.5399999618530273,0.9932124018669128
cv,val,5,P00644__I174A,4.0,3.465289354324341
cv,val,5,P01053__K38A,-0.2199999988079071,-0.11472088098526001
cv,val,5,P00651__A47R,0.4099999964237213,0.5931156277656555
cv,val,5,P01053__E34D,0.5199999809265137,1.260336995124817
cv,val,5,P03034__A21G,-0.8999999761581421,-0.4025522470474243
cv,val,5,P00644__K153F,0.0,0.039486709982156754
cv,val,5,P00644__K110Q,0.30000001192092896,-0.43727368116378784
cv,val,5,P00720__D20S,-0.44999998807907104,1.2558578252792358
cv,val,5,P00818__E84D,1.5,1.9672068357467651
cv,val,5,P00509__C181A,1.2000000476837158,-0.10383623838424683
cv,val,5,P00720__I3V,0.5,0.6015916466712952
cv,val,5,P00974__G47D,4.300000190734863,3.4191644191741943
cv,val,5,P00644__D159N,2.700000047683716,3.56658673286438
cv,val,5,P00918__I255C,0.30000001192092896,1.6219147443771362
cv,val,5,P00644__Q162A,0.05000000074505806,0.8902004361152649
cv,val,5,P00509__C258A,1.7000000476837158,1.3473771810531616
cv,val,5,P02185__K141A,-0.42500001192092896,-1.1834545135498047
cv,val,5,P02751__P1601A,0.35499998927116394,0.1866474747657776
cv,val,5,P03050__R13A,0.6000000238418579,0.2722211480140686
cv,val,5,P04271__M8A,2.0,1.3003226518630981
cv,val,5,P01053__P26A,1.5700000524520874,1.0097378492355347
cv,val,5,P02185__A126L,-0.5,0.21121245622634888
cv,val,5,P00974__C65T,7.800000190734863,6.043098449707031
cv,val,5,P00698__T136P,1.850000023841858,0.8320785164833069
cv,val,5,P00720__S117I,-1.5499999523162842,-0.8714128136634827
cv,val,5,P00644__Y109V,2.5999999046325684,0.6079923510551453
cv,val,5,P02185__L136V,2.200000047683716,1.985831379890442
cv,val,5,P00644__K218G,0.0,0.18377560377120972
cv,val,5,P00257__T112A,1.309999942779541,0.7895991206169128
cv,val,5,P00644__K145F,1.7999999523162842,1.6912769079208374
cv,val,5,P00644__K160E,0.699999988079071,0.7660557627677917
cv,val,5,P00698__M123T,0.6200000047683716,2.547257423400879
cv,val,5,P00720__T157F,3.5999999046325684,2.0100631713867188
cv,val,5,P01053__D72A,3.3499999046325684,1.418087124824524
cv,val,5,P02417__K7M,-0.3499999940395355,-0.6553695797920227
cv,val,5,P00720__M106A,2.0,1.9052605628967285
cv,val,5,P00698__S109A,0.15000000596046448,-0.19582468271255493
cv,val,5,P00644__H90A,0.4000000059604645,0.4648746848106384
cv,val,5,P00648__Y144G,6.599999904632568,4.187010288238525
cv,val,5,P00648__S132A,0.11999999731779099,-0.16019898653030396
cv,val,5,P03034__Y23H,2.25,0.10846692323684692
cv,val,5,P03050__G3A,-0.30000001192092896,0.6847801804542542
cv,val,5,P00644__V193I,0.699999988079071,1.1014938354492188
cv,val,5,P01053__S32A,-0.75,2.9668703079223633
cv,val,5,P00644__V186I,-0.25,0.32340437173843384
cv,val,5,P00644__I100L,0.15000000596046448,1.9482322931289673
cv,val,5,P05230__L59W,0.10000000149011612,0.7358551621437073
cv,val,5,P00644__V156S,5.400000095367432,4.222506523132324
cv,val,5,P00282__I27S,3.9000000953674316,4.044490814208984
cv,val,5,P00644__D225A,0.10000000149011612,0.31921178102493286
cv,val,5,P00004__L95V,1.0,1.7343670129776
cv,val,5,P00644__E139C,0.6499999761581421,0.057474199682474136
cv,val,5,P01053__V80G,3.200000047683716,1.5594745874404907
cv,val,5,P00720__M102A,2.8499999046325684,3.3921165466308594
cv,val,5,P00952__I52L,-0.05000000074505806,0.2739589214324951
cv,val,5,P00644__P93F,0.550000011920929,1.522365689277649
cv,val,5,P00644__V121T,1.2999999523162842,2.657005548477173
cv,val,5,P04637__F328L,2.450000047683716,4.074300289154053
cv,val,5,P00509__E3A,3.4000000953674316,-0.42313510179519653
cv,val,5,P00644__A212G,1.0,1.1285395622253418
cv,val,5,P00644__P138A,0.0,1.5312620401382446
cv,val,5,P00282__I40T,2.0999999046325684,2.9307267665863037
cv,val,5,P00644__V148I,0.8999999761581421,0.24628740549087524
cv,val,5,P00720__I50M,0.800000011920929,0.3629797101020813
cv,val,5,P00651__Q51K,-0.9300000071525574,3.8797366619110107
cv,val,5,P03050__N11A,-0.5,1.3313848972320557
cv,val,5,P06241__E107G,2.2950000762939453,2.468285322189331
cv,val,5,P00720__R96D,2.9000000953674316,4.825529098510742
cv,val,5,P03051__D30V,0.4000000059604645,0.5590448379516602
cv,val,5,P00929__E49C,-2.799999952316284,-2.910166025161743
cv,val,5,P01236__H55A,-0.699999988079071,0.5499611496925354
cv,val,5,P00644__T115G,2.5,1.7391360998153687
cv,val,5,P01625__K71T,2.299999952316284,0.9882857203483582
cv,val,5,P00720__E45A,-0.25,-0.5032059550285339
cv,val,5,P00720__N116A,-0.1850000023841858,1.8859182596206665
cv,val,5,P01053__K31A,-0.41999998688697815,-0.3064987063407898
cv,val,5,P00644__V196T,0.30000001192092896,0.6587304472923279
cv,val,5,P01308__T97H,-1.7599999904632568,-0.22495287656784058
cv,val,5,P03040__Y26V,-0.699999988079071,0.3035348057746887
cv,val,5,P06241__L101I,0.699999988079071,1.5631215572357178
cv,val,5,P06241__E107T,0.6000000238418579,1.7165013551712036
cv,val,5,P00644__G132A,-0.20000000298023224,0.636972963809967
cv,val,5,P00720__K60H,0.30000001192092896,0.6481989026069641
cv,val,5,P00698__R39Q,0.15000000596046448,0.5880451202392578
cv,val,5,P00644__E224A,0.30000001192092896,0.11218482255935669
cv,val,5,P00644__G102A,0.20000000298023224,2.308330535888672
cv,val,5,P00644__H206L,-1.2999999523162842,0.5497118234634399
cv,val,5,P00644__K127Q,-0.05000000074505806,-0.3972683846950531
cv,val,5,P00094__Y96C,1.5,0.13557523488998413
cv,val,5,P03050__R31A,3.4000000953674316,0.7293282151222229
cv,val,5,P01584__N123G,2.200000047683716,1.8182452917099
cv,val,5,P04637__L344I,0.800000011920929,1.2438647747039795
cv,val,5,P00929__E49T,-0.949999988079071,-0.8441010117530823
cv,val,5,P00004__N53I,3.0999999046325684,-1.0718437433242798
cv,val,5,P04637__R175A,0.7300000190734863,2.822523593902588
cv,val,5,P02751__S1622A,-0.10499999672174454,1.3764266967773438
cv,val,5,P00720__T34A,0.20000000298023224,1.6780294179916382
cv,val,5,P00720__A82S,0.25,-0.6041685938835144
cv,val,5,P00720__S44F,-0.07999999821186066,-0.3686867356300354
cv,val,5,P00644__V133S,0.10000000149011612,2.091818332672119
cv,val,5,P00720__L91M,0.75,3.9749209880828857
cv,val,5,P00644__E217F,1.100000023841858,0.2912619709968567
cv,val,5,P00711__V61A,0.9150000214576721,0.6510253548622131
cv,val,5,P00644__V121S,2.4000000953674316,3.956536293029785
cv,val,5,P02633__I77V,1.4149999618530273,1.385847806930542
cv,val,5,P00648__T126V,-0.25,1.4006963968276978
cv,val,5,P00644__L107E,7.800000190734863,5.242664337158203
cv,val,5,P00644__A94V,1.100000023841858,-0.515925943851471
cv,val,5,P05230__G77N,0.8949999809265137,0.2796112895011902
cv,val,5,P05798__Y51F,2.299999952316284,1.4342292547225952
cv,val,5,P03050__I51A,1.899999976158142,2.3214595317840576
cv,val,5,P00644__M108G,1.899999976158142,1.6245588064193726
cv,val,5,P02185__F124T,3.049999952316284,1.4728864431381226
cv,val,5,P05798__V36T,1.2999999523162842,0.11876314878463745
cv,val,5,P00929__E49H,-2.799999952316284,-0.33284395933151245
cv,val,5,P00648__G99A,5.300000190734863,2.7400333881378174
cv,val,5,P00720__A74P,4.699999809265137,2.893526077270508
cv,val,5,P01009__A31I,-0.800000011920929,-0.7562727332115173
cv,val,5,P01053__V54T,1.0299999713897705,0.6518719792366028
cv,val,5,P00648__H149A,0.23999999463558197,0.9209880232810974
cv,val,5,P00644__N150G,0.4000000059604645,0.16220134496688843
cv,val,5,P03051__D30W,0.4000000059604645,1.1907864809036255
cv,val,5,P03051__D30R,-0.800000011920929,-1.1545729637145996
cv,val,5,P02751__I1571A,4.900000095367432,3.6428723335266113
cv,val,5,P00711__I78W,0.9150000214576721,0.3824617266654968
cv,val,5,P00644__T126C,0.20000000298023224,-0.9692806601524353
cv,val,5,P00720__M102L,0.8999999761581421,2.2017083168029785
cv,val,5,P03050__R16A,-0.20000000298023224,1.2191425561904907
cv,val,5,P00648__G81N,2.700000047683716,3.542811155319214
cv,val,5,P01053__K38G,0.9800000190734863,0.46583348512649536
cv,val,5,P00644__T144V,0.20000000298023224,0.8554983139038086
cv,val,5,P05230__V124L,0.6000000238418579,1.462436318397522
cv,val,5,P05798__D25H,-0.8999999761581421,-0.906049907207489
cv,val,5,P00648__I102T,1.100000023841858,0.3325934410095215
cv,val,5,P00720__L66M,1.0,0.7315525412559509
cv,val,5,P00648__E76Q,0.20000000298023224,0.8522431254386902
cv,val,5,P00651__Y83F,0.4699999988079071,1.048150658607483
cv,val,5,P02185__L136M,0.800000011920929,1.9097267389297485
cv,val,5,P00644__G111V,3.0,2.502124547958374
cv,val,5,P00720__D127A,-0.20000000298023224,0.931647539138794
cv,val,5,P00644__T95V,0.3499999940395355,-0.38802748918533325
cv,val,5,P00648__V57T,2.4800000190734863,3.0200207233428955
cv,val,5,P00648__V92A,1.659999966621399,2.854729413986206
cv,val,5,P02751__Y1629A,1.100000023841858,1.486092448234558
cv,val,5,P00720__E11A,-1.100000023841858,0.6731147170066833
cv,val,5,P02751__I1625V,0.32499998807907104,0.04973447695374489
cv,val,5,P00698__R91K,-0.23000000417232513,2.006260633468628
cv,val,5,P03034__P79A,1.600000023841858,-0.8832263350486755
cv,val,5,P00698__D119A,-0.7599999904632568,0.3709467053413391
cv,val,5,P00004__H34F,-0.699999988079071,-0.9912505745887756
cv,val,5,P00929__E49S,-0.800000011920929,-0.6034745573997498
cv,val,5,P00720__L121M,0.5,1.0507022142410278
cv,val,5,P00720__L91A,2.5999999046325684,2.8878722190856934
cv,val,5,P02417__L6A,3.0999999046325684,1.2543971538543701
cv,val,5,P01009__A272I,-2.049999952316284,0.7750137448310852
cv,val,5,P00644__Y136L,3.3499999046325684,-0.024203654378652573
cv,val,5,P00720__I3G,2.0,3.652435541152954
cv,val,5,P00651__V104C,3.684999942779541,2.3789098262786865
cv,val,5,P02185__T68A,0.30000001192092896,0.7430341839790344
cv,val,5,P00648__T53S,0.25999999046325684,1.0682965517044067
cv,val,5,P00644__K216F,0.3499999940395355,-0.16166061162948608
cv,val,5,P00720__R96C,2.9000000953674316,3.049119710922241
cv,val,5,P00563__D122N,1.190000057220459,0.48240602016448975
cv,val,5,P00644__L89F,1.2000000476837158,2.1193149089813232
cv,val,5,P00720__S44Y,-0.19499999284744263,0.3772146701812744
cv,val,5,P01009__V79I,0.20000000298023224,0.49886900186538696
cv,val,5,P03051__D30T,0.4000000059604645,-0.15391391515731812
cv,val,5,P01241__E100L,1.0,-1.3700834512710571
cv,val,5,P00644__D101N,0.15000000596046448,1.1004565954208374
cv,val,5,P00651__P99V,-2.069999933242798,1.8929895162582397
cv,val,5,P00044__P77T,1.7000000476837158,0.7090821266174316
cv,val,5,P00644__L185G,6.099999904632568,5.973656177520752
cv,val,5,P02185__D61A,0.125,0.7500309348106384
cv,val,5,P00712__I108V,0.8999999761581421,0.1901218295097351
cv,val,5,P02417__L6V,0.4099999964237213,1.4652255773544312
cv,val,5,P03050__V18A,0.6449999809265137,1.2285765409469604
cv,val,5,P00644__K146G,0.4000000059604645,1.0960272550582886
cv,val,5,P05413__F58S,3.015000104904175,2.8946056365966797
cv,val,5,P01053__E34N,0.6000000238418579,0.22078371047973633
cv,val,5,P00974__G92A,0.20000000298023224,1.0094287395477295
cv,val,5,P00929__P132G,0.800000011920929,2.1094396114349365
cv,val,5,P00644__L171I,1.100000023841858,1.6239087581634521
cv,val,5,P00644__D228A,0.20000000298023224,-0.33901137113571167
cv,val,5,P05230__F147W,0.30000001192092896,0.9291736483573914
cv,val,5,P00818__I76V,1.399999976158142,0.23116761445999146
cv,val,5,P00644__D225G,0.20000000298023224,-0.2484998106956482
cv,val,5,P01857__F288A,2.5,1.1922045946121216
cv,val,5,P00648__Y71F,-0.09000000357627869,0.327308714389801
cv,val,5,P00720__R96A,2.0,2.3736679553985596
cv,val,5,P03069__R273A,1.659999966621399,1.9007025957107544
cv,val,5,P04637__S260P,0.3199999928474426,0.866852879524231
cv,val,5,P02185__I29L,0.6000000238418579,0.4886103868484497
cv,val,5,P01053__V67A,4.90500020980835,2.722073554992676
cv,val,5,P03050__E27A,-0.4000000059604645,0.5094080567359924
cv,val,5,P00648__R116M,2.450000047683716,1.7952207326889038
cv,val,5,P00644__L120V,0.15000000596046448,2.2352793216705322
cv,val,5,P03051__D30N,-0.800000011920929,-0.13955408334732056
cv,val,5,P00648__D59G,0.8999999761581421,0.009523216634988785
cv,val,5,P00644__T123A,0.0,0.6062844395637512
cv,val,5,P02751__Y1573A,2.0,2.3330116271972656
cv,val,5,P02185__L30M,-0.10000000149011612,1.1647268533706665
cv,val,5,P00257__H114T,1.2000000476837158,1.2573658227920532
cv,val,5,P00720__L66P,9.664999961853027,3.069719076156616
cv,val,5,P02945__Y56A,1.2999999523162842,3.2768189907073975
cv,val,5,P00644__P129F,0.30000001192092896,2.6169209480285645
cv,val,5,P01053__A36G,1.149999976158142,3.057422161102295
cv,val,5,P00648__R116S,2.759999990463257,3.1300277709960938
cv,val,5,1YYX_A__I98A,3.799999952316284,0.4684445261955261
cv,val,5,P02185__Q9A,-0.949999988079071,-0.17787164449691772
cv,val,5,P00720__M6A,1.600000023841858,3.79883074760437
cv,val,5,P00044__K79L,0.029999999329447746,0.3011471629142761
cv,val,5,P00720__D20T,-0.75,0.09998512268066406
cv,val,5,P00720__M106L,-0.25,0.6498191356658936
cv,val,5,P00698__R132H,-0.6800000071525574,-0.12825274467468262
cv,val,5,P00720__H31N,4.0,1.499008059501648
cv,val,5,P00720__V75T,0.8999999761581421,0.144351065158844
cv,val,5,P00720__N68A,0.05000000074505806,0.13264960050582886
cv,val,5,P00651__V115S,4.885000228881836,5.709038257598877
cv,val,5,P04637__E326A,1.0,0.10247784852981567
cv,val,5,P00651__A47G,1.0,0.9375911355018616
cv,val,5,P00918__C205S,-0.10000000149011612,1.2173508405685425
cv,val,5,P00648__Q62A,0.20000000298023224,0.8504171967506409
cv,val,5,P00644__S210G,1.5,1.279117226600647
cv,val,5,P02633__P24G,1.190000057220459,0.3527382016181946
cv,val,5,P00929__G234D,-1.7000000476837158,0.8273141980171204
cv,val,5,P00720__V149I,0.10000000149011612,0.03947848454117775
cv,val,5,P02185__I143L,-0.6000000238418579,-0.6254889369010925
cv,val,5,P00648__T147G,2.799999952316284,0.7088751196861267
cv,val,5,P02185__L138A,0.30000001192092896,1.1185023784637451
cv,val,5,P00282__I40A,1.7999999523162842,3.307158946990967
cv,val,5,P00720__S44H,-0.019999999552965164,-0.007599111646413803
cv,val,5,P04637__Q104H,-0.23999999463558197,0.146784245967865
cv,val,5,P00974__G71D,2.799999952316284,1.6875370740890503
cv,val,5,P00651__E84A,-0.4000000059604645,3.252917766571045
cv,val,5,P00720__I3Y,2.450000047683716,1.7171939611434937
cv,val,5,P00648__A79E,0.20000000298023224,0.6122556328773499
cv,val,5,P04271__I12A,-1.2899999618530273,1.1042834520339966
cv,val,5,P00644__G137V,1.5,5.113916397094727
cv,val,5,P00044__N58A,-2.484999895095825,0.7667825818061829
cv,val,5,P00974__I53A,1.5,2.108006238937378
cv,val,5,P00929__E49I,-6.550000190734863,-1.527462363243103
cv,val,5,P00929__F22I,4.190000057220459,1.2142550945281982
cv,val,5,P00974__G47V,4.099999904632568,4.136237144470215
cv,val,5,P05798__D79H,-1.75,-1.3078397512435913
cv,val,5,P00651__Y68W,0.14000000059604645,1.0838474035263062
cv,val,5,P00818__G46A,1.7000000476837158,1.0450630187988281
cv,val,5,P00644__M147I,1.399999976158142,1.8748481273651123
cv,val,5,P00644__L107V,1.7999999523162842,2.076838731765747
cv,val,5,P00044__K79H,1.4249999523162842,-0.6212437152862549
cv,val,5,P00648__H65S,2.1500000953674316,2.0820696353912354
cv,val,5,P05230__C132I,-0.36000001430511475,-0.10652536153793335
cv,val,5,P00651__Y50W,-0.7699999809265137,2.0149614810943604
cv,val,5,P00720__M106I,-0.10000000149011612,1.2833949327468872
cv,val,5,P00648__Y60A,3.5,4.397430896759033
cv,val,5,P00720__V131D,-0.07999999821186066,-0.28747135400772095
cv,val,5,P00644__K160G,1.100000023841858,0.6705453991889954
cv,val,5,P02945__P50A,0.20000000298023224,0.4546281695365906
cv,val,5,P00644__T115A,1.399999976158142,1.7269355058670044
cv,val,5,P00644__G132F,0.550000011920929,1.7740696668624878
cv,val,5,P00644__G178V,3.700000047683716,4.494171142578125
cv,val,5,P00720__M120Y,0.4000000059604645,-0.4686949849128723
cv,val,5,P00644__M180L,2.299999952316284,1.3026866912841797
cv,val,5,P02185__L30I,1.100000023841858,0.2923133969306946
cv,val,5,P00044__N58L,-4.264999866485596,-1.8311394453048706
cv,val,5,P00648__I51V,1.100000023841858,0.8108450770378113
cv,val,5,P00644__K130F,0.4000000059604645,0.7724165320396423
cv,val,5,P00720__L121A,2.700000047683716,3.171996831893921
cv,val,5,P00644__E134G,0.3499999940395355,0.8766782879829407
cv,val,5,P00974__K61A,0.0,1.314565658569336
cv,val,5,P00929__P207A,1.5,2.969334840774536
cv,val,5,P00644__N200D,2.3499999046325684,0.9941597580909729
cv,val,5,P03050__R16G,1.0750000476837158,1.7930151224136353
cv,val,5,P00712__W45F,2.25,0.13303470611572266
cv,val,5,P00720__V131T,0.10999999940395355,0.7119593620300293
cv,val,5,P06241__W120V,1.0,2.011343240737915
cv,val,5,P00644__I154M,1.7999999523162842,2.571436882019043
cv,val,5,P00720__A129V,0.75,3.4482007026672363
cv,val,5,P00044__T102A,-0.8999999761581421,-0.3117285966873169
cv,val,5,P04637__F341I,4.449999809265137,0.44490206241607666
cv,val,5,P00720__V111I,0.800000011920929,0.38908249139785767
cv,val,5,P05413__F65S,3.799999952316284,4.629816055297852
cv,val,5,P00648__W141L,0.8299999833106995,2.1757307052612305
cv,val,5,P05413__F17Y,3.0199999809265137,-0.8859420418739319
cv,val,5,P02945__T59A,2.200000047683716,-0.5261581540107727
cv,val,5,P00644__Y109N,3.799999952316284,4.5605058670043945
cv,val,5,P00648__Y125F,1.375,-0.07169687747955322
cv,val,5,P00644__K152W,0.4000000059604645,1.9913595914840698
cv,val,5,P03958__W264F,-8.640000343322754,-0.6975483298301697
cv,val,5,P00644__H203A,2.9000000953674316,2.880568504333496
cv,val,5,P00818__V52A,1.899999976158142,2.7097115516662598
cv,val,5,1YYX_A__F65A,2.5,2.7655129432678223
cv,val,5,P00974__F68L,2.0,3.318491220474243
cv,val,5,P00644__V133A,0.20000000298023224,0.9704131484031677
cv,val,5,P00720__V103A,1.7549999952316284,1.395782709121704
cv,val,5,P00648__H65R,1.0499999523162842,1.8098019361495972
cv,val,5,P00720__A129W,3.200000047683716,3.213036298751831
cv,val,5,P00720__F104A,2.700000047683716,3.026700973510742
cv,val,5,P00720__L118A,3.3499999046325684,2.4568989276885986
cv,val,5,P00918__E117A,4.699999809265137,1.416711688041687
cv,val,5,P00720__R96L,3.200000047683716,4.12013578414917
cv,val,5,P00720__I17A,2.700000047683716,1.7703396081924438
cv,val,5,P00648__Y64A,2.0999999046325684,2.5497090816497803
cv,val,5,P00644__D103N,-1.399999976158142,0.08587104082107544
cv,val,5,P00974__Y70G,5.0,4.5749382972717285
cv,val,5,P01053__E34A,-0.6000000238418579,-0.09357494115829468
cv,val,5,P01236__H58A,-2.5999999046325684,-0.24075525999069214
cv,val,5,P02751__I1557V,0.30000001192092896,0.3762032985687256
cv,val,5,P00044__G7A,1.2999999523162842,2.1777031421661377
cv,val,5,P00929__A18G,2.0999999046325684,1.482503056526184
cv,val,5,P00644__P199L,-0.20000000298023224,1.3913899660110474
cv,val,5,P00974__Y70A,4.699999809265137,3.7142438888549805
cv,val,5,P00720__S44N,0.11999999731779099,-0.19261956214904785
cv,val,5,P00651__V42A,2.25,1.86198890209198
cv,val,5,P02625__H27P,-1.25,1.4293406009674072
cv,val,5,P00818__E30D,3.5,3.7171473503112793
cv,val,5,P00818__P55A,0.5,1.4176478385925293
cv,val,5,P05413__L67G,3.700000047683716,4.067595481872559
cv,val,5,P00644__I97V,0.800000011920929,1.1749969720840454
cv,val,5,P00644__I97L,0.6000000238418579,1.1254043579101562
cv,val,5,P00644__K110F,0.800000011920929,0.8252859711647034
cv,val,5,P02693__I24C,-1.100000023841858,0.27824634313583374
cv,val,5,P00720__L32A,3.0,1.7172874212265015
cv,val,5,P00044__A13L,-0.30000001192092896,-0.5044099688529968
cv,val,5,P00004__H27V,3.799999952316284,2.5117197036743164
cv,val,5,P00644__E125A,-0.30000001192092896,0.08772248029708862
cv,val,5,P00644__V193G,4.800000190734863,3.8363029956817627
cv,val,5,P01006__M104K,-0.3499999940395355,0.48014599084854126
cv,val,5,P03069__E259Q,0.7400000095367432,-1.1385897397994995
cv,val,5,P00644__I154V,1.7999999523162842,1.1083827018737793
cv,val,5,P03050__R23G,1.5700000524520874,1.8590232133865356
cv,val,5,P00644__V186S,4.900000095367432,4.371098518371582
cv,val,5,P03034__Q45Y,0.019999999552965164,-0.3641321063041687
cv,val,5,P00644__E204F,0.699999988079071,1.9702693223953247
cv,val,5,P00918__H107A,8.300000190734863,2.7755393981933594
cv,val,5,O74035__I56A,3.684999942779541,2.181143283843994
cv,val,5,P01006__M104E,-0.5600000023841858,0.13827210664749146
cv,val,5,P00282__V51T,2.5999999046325684,3.048909902572632
cv,val,5,P05230__C132S,0.6000000238418579,1.6934740543365479
cv,val,5,P05230__L59P,-0.6899999976158142,5.076498508453369
cv,val,5,P00918__H107N,5.400000095367432,3.616199254989624
cv,val,5,P00644__K145Q,0.8999999761581421,0.5927636027336121
cv,val,5,P00644__M180I,4.400000095367432,2.014094829559326
cv,val,5,P00644__D101A,0.10000000149011612,1.4181243181228638
cv,val,5,P02417__H106Q,1.3350000381469727,0.04113924875855446
cv,val,5,P04637__A129S,0.1899999976158142,-0.9163143038749695
cv,val,5,P00644__F158W,1.0,-0.178544282913208
cv,val,5,P00651__H118A,1.059999942779541,2.708906412124634
cv,val,5,P05413__W9E,3.799999952316284,6.09545373916626
cv,val,5,P00698__I73M,2.2699999809265137,0.3425188660621643
cv,val,5,P01236__H201A,-0.10000000149011612,-0.8580197691917419
cv,val,5,P00644__E155A,1.399999976158142,1.4735726118087769
cv,val,5,P02185__I143V,0.10000000149011612,0.13278698921203613
cv,val,5,P00720__L84A,3.700000047683716,3.293567180633545
cv,val,5,P00651__V78T,3.5999999046325684,3.5219757556915283
cv,val,5,P00918__H107Y,9.199999809265137,2.112675905227661
cv,val,5,P00648__T53P,3.140000104904175,2.2108588218688965
cv,val,5,P00712__I114V,1.7000000476837158,1.4584739208221436
cv,val,5,P01053__T23G,1.159999966621399,0.9263214468955994
cv,val,5,P04925__V209I,0.18000000715255737,0.3847135901451111
cv,val,5,P00651__A47N,-0.3400000035762787,-0.10453104972839355
cv,val,5,P00644__K153G,1.100000023841858,1.558694839477539
cv,val,5,P05230__L88V,1.4800000190734863,1.8107805252075195
cv,val,5,P00644__L207V,2.299999952316284,2.948455572128296
cv,val,5,P00651__N35A,0.800000011920929,1.7664215564727783
cv,val,5,P00720__L39A,0.8999999761581421,2.525242567062378
cv,val,5,P02945__K53A,0.30000001192092896,2.1035449504852295
cv,val,5,P00644__I100G,2.549999952316284,2.983741521835327
cv,val,5,P00644__V105S,4.699999809265137,5.715587615966797
cv,val,5,P02631__P22A,0.699999988079071,0.47300082445144653
cv,val,5,P00644__Y109G,5.300000190734863,4.987368583679199
cv,val,5,P00282__Y128A,3.5899999141693115,4.295626163482666
cv,val,5,P02945__L71A,-0.30000001192092896,2.4752752780914307
cv,val,5,P03050__R13G,-0.33000001311302185,0.39330190420150757
cv,val,5,P00644__K192G,2.700000047683716,2.473179578781128
cv,val,5,O74035__L33A,4.21999979019165,4.025089263916016
cv,val,5,P00644__I97A,2.6500000953674316,2.549818277359009
cv,val,5,P00644__Q188A,-0.15000000596046448,1.287490963935852
cv,val,5,P01625__K56R,0.800000011920929,0.04594475403428078
cv,val,5,P00711__L129R,-0.41499999165534973,-0.7138951420783997
cv,val,5,P00644__L207E,6.150000095367432,4.60613489151001
cv,val,5,P00648__A79W,1.0499999523162842,0.8629463315010071
cv,val,5,P00644__K131G,0.20000000298023224,0.7813740372657776
cv,val,5,P00644__K146A,-0.15000000596046448,0.23451775312423706
cv,val,5,P00929__E49P,-0.699999988079071,-2.102858066558838
cv,val,5,P03050__M42A,3.2850000858306885,2.735888719558716
cv,val,5,P00644__V196S,0.0,2.409174680709839
cv,val,5,P00929__I232V,1.5,1.940878987312317
cv,val,5,P00974__G72D,1.7000000476837158,2.311722993850708
cv,val,5,P01009__A31V,-0.5,0.22312498092651367
